labor_id,wo_id,project_id,craft,worker_ref,hours,hourly_rate,labor_cost,post_date,origin_system
WOL-0000001,WO-900001,PRJ-001,Welder,WKR-2778,10.95,116.74,1278.3,2026-07-25,GCP-BigQuery
WOL-0000002,WO-900001,PRJ-001,Laborer,WKR-5743,5.72,115.88,662.83,2026-07-25,GCP-BigQuery
WOL-0000003,WO-000001,PRJ-007,Electrician,WKR-9382,5.96,102.46,610.66,2026-07-04,GCP-BigQuery
WOL-0000004,WO-000001,PRJ-007,Carpenter,WKR-5913,8.62,49.41,425.91,2026-07-04,GCP-BigQuery
WOL-0000005,WO-000003,PRJ-009,Pipefitter,WKR-4454,4.51,123.01,554.78,2026-06-21,GCP-BigQuery
WOL-0000006,WO-000003,PRJ-009,Instrument Tech,WKR-3296,4.0,88.71,354.84,2026-06-21,GCP-BigQuery
WOL-0000007,WO-000003,PRJ-009,Pipefitter,WKR-7905,4.36,97.87,426.71,2026-06-21,GCP-BigQuery
WOL-0000008,WO-000004,PRJ-007,Laborer,WKR-5420,5.98,53.81,321.78,2025-06-20,GCP-BigQuery
WOL-0000009,WO-000004,PRJ-007,Boilermaker,WKR-9019,6.34,65.14,412.99,2025-06-20,GCP-BigQuery
WOL-0000010,WO-000004,PRJ-007,Laborer,WKR-4582,11.74,52.5,616.35,2025-06-20,GCP-BigQuery
WOL-0000011,WO-000005,PRJ-001,Laborer,WKR-6715,8.46,70.74,598.46,2025-07-10,GCP-BigQuery
WOL-0000012,WO-000005,PRJ-001,Welder,WKR-9940,3.29,54.04,177.79,2025-07-10,GCP-BigQuery
WOL-0000013,WO-000005,PRJ-001,Instrument Tech,WKR-5049,8.36,70.03,585.45,2025-07-10,GCP-BigQuery
WOL-0000014,WO-000005,PRJ-001,Laborer,WKR-9103,11.5,86.17,990.96,2025-07-10,GCP-BigQuery
WOL-0000015,WO-000006,PRJ-009,Laborer,WKR-8227,5.44,108.55,590.51,2026-03-20,GCP-BigQuery
WOL-0000016,WO-000006,PRJ-009,Instrument Tech,WKR-7362,9.71,79.84,775.25,2026-03-20,GCP-BigQuery
WOL-0000017,WO-000006,PRJ-009,Pipefitter,WKR-8627,3.71,101.64,377.08,2026-03-20,GCP-BigQuery
WOL-0000018,WO-000006,PRJ-009,Operator,WKR-9234,9.56,98.78,944.34,2026-03-20,GCP-BigQuery
WOL-0000019,WO-000007,PRJ-004,Pipefitter,WKR-5943,2.17,116.05,251.83,2026-03-14,GCP-BigQuery
WOL-0000020,WO-000009,PRJ-005,Operator,WKR-5387,3.63,83.45,302.92,2025-04-15,GCP-BigQuery
WOL-0000021,WO-000009,PRJ-005,Carpenter,WKR-4107,3.72,53.35,198.46,2025-04-15,GCP-BigQuery
WOL-0000022,WO-000010,PRJ-003,Welder,WKR-9157,7.95,130.83,1040.1,2025-11-16,GCP-BigQuery
WOL-0000023,WO-000010,PRJ-003,Operator,WKR-5323,9.49,49.67,471.37,2025-11-16,GCP-BigQuery
WOL-0000024,WO-000010,PRJ-003,Operator,WKR-9658,10.96,85.73,939.6,2025-11-16,GCP-BigQuery
WOL-0000025,WO-000011,PRJ-001,Instrument Tech,WKR-2197,3.09,92.31,285.24,2025-06-30,GCP-BigQuery
WOL-0000026,WO-000011,PRJ-001,Instrument Tech,WKR-4579,2.65,77.98,206.65,2025-06-30,GCP-BigQuery
WOL-0000027,WO-000011,PRJ-001,Operator,WKR-2526,3.57,78.31,279.57,2025-06-30,GCP-BigQuery
WOL-0000028,WO-000011,PRJ-001,Instrument Tech,WKR-4626,9.76,93.11,908.75,2025-06-30,GCP-BigQuery
WOL-0000029,WO-000012,PRJ-010,Laborer,WKR-2442,11.25,89.19,1003.39,2025-12-05,GCP-BigQuery
WOL-0000030,WO-000012,PRJ-010,Laborer,WKR-8584,9.73,69.15,672.83,2025-12-05,GCP-BigQuery
WOL-0000031,WO-000012,PRJ-010,Electrician,WKR-6006,7.87,82.29,647.62,2025-12-05,GCP-BigQuery
WOL-0000032,WO-000012,PRJ-010,Electrician,WKR-2929,7.33,128.45,941.54,2025-12-05,GCP-BigQuery
WOL-0000033,WO-000013,PRJ-007,Carpenter,WKR-6216,2.31,114.92,265.47,2025-07-29,GCP-BigQuery
WOL-0000034,WO-000016,PRJ-001,Carpenter,WKR-8241,5.94,54.36,322.9,2025-04-23,GCP-BigQuery
WOL-0000035,WO-000016,PRJ-001,Carpenter,WKR-5666,10.43,77.25,805.72,2025-04-23,GCP-BigQuery
WOL-0000036,WO-000016,PRJ-001,Instrument Tech,WKR-6660,10.09,64.71,652.92,2025-04-23,GCP-BigQuery
WOL-0000037,WO-000016,PRJ-001,Operator,WKR-8482,6.31,63.17,398.6,2025-04-23,GCP-BigQuery
WOL-0000038,WO-000017,PRJ-012,Millwright,WKR-5616,11.34,97.5,1105.65,2025-07-25,GCP-BigQuery
WOL-0000039,WO-000017,PRJ-012,Ironworker,WKR-6906,6.23,82.86,516.22,2025-07-25,GCP-BigQuery
WOL-0000040,WO-000017,PRJ-012,Laborer,WKR-4543,8.78,115.31,1012.42,2025-07-25,GCP-BigQuery
WOL-0000041,WO-000017,PRJ-012,Boilermaker,WKR-3015,4.61,55.56,256.13,2025-07-25,GCP-BigQuery
WOL-0000042,WO-000018,PRJ-009,Operator,WKR-5223,6.15,92.3,567.64,2025-06-26,GCP-BigQuery
WOL-0000043,WO-000018,PRJ-009,Electrician,WKR-6477,6.31,107.5,678.32,2025-06-26,GCP-BigQuery
WOL-0000044,WO-000018,PRJ-009,Carpenter,WKR-6161,11.72,60.08,704.14,2025-06-26,GCP-BigQuery
WOL-0000045,WO-000018,PRJ-009,Boilermaker,WKR-6546,2.63,118.29,311.1,2025-06-26,GCP-BigQuery
WOL-0000046,WO-000019,PRJ-010,Boilermaker,WKR-8692,10.02,87.59,877.65,2025-03-09,GCP-BigQuery
WOL-0000047,WO-000019,PRJ-010,Welder,WKR-3262,6.73,54.16,364.5,2025-03-09,GCP-BigQuery
WOL-0000048,WO-000019,PRJ-010,Laborer,WKR-3971,9.31,114.15,1062.74,2025-03-09,GCP-BigQuery
WOL-0000049,WO-000019,PRJ-010,Laborer,WKR-7001,9.92,85.57,848.85,2025-03-09,GCP-BigQuery
WOL-0000050,WO-000020,PRJ-006,Operator,WKR-9540,5.73,129.27,740.72,2026-04-06,GCP-BigQuery
WOL-0000051,WO-000021,PRJ-007,Operator,WKR-2666,4.04,64.92,262.28,2026-06-30,GCP-BigQuery
WOL-0000052,WO-000021,PRJ-007,Laborer,WKR-1410,3.42,98.82,337.96,2026-06-30,GCP-BigQuery
WOL-0000053,WO-000021,PRJ-007,Millwright,WKR-5256,5.02,106.93,536.79,2026-06-30,GCP-BigQuery
WOL-0000054,WO-000021,PRJ-007,Carpenter,WKR-7293,9.78,90.3,883.13,2026-06-30,GCP-BigQuery
WOL-0000055,WO-000022,PRJ-001,Carpenter,WKR-5469,11.08,98.3,1089.16,2025-10-05,GCP-BigQuery
WOL-0000056,WO-000022,PRJ-001,Operator,WKR-1573,8.83,68.63,606.0,2025-10-05,GCP-BigQuery
WOL-0000057,WO-000024,PRJ-006,Laborer,WKR-9650,8.07,62.34,503.08,2025-12-18,GCP-BigQuery
WOL-0000058,WO-000024,PRJ-006,Welder,WKR-1380,11.9,103.19,1227.96,2025-12-18,GCP-BigQuery
WOL-0000059,WO-000026,PRJ-008,Pipefitter,WKR-9034,2.72,132.3,359.86,2026-01-13,GCP-BigQuery
WOL-0000060,WO-000026,PRJ-008,Operator,WKR-7281,7.48,74.92,560.4,2026-01-13,GCP-BigQuery
WOL-0000061,WO-000026,PRJ-008,Ironworker,WKR-9792,10.33,116.39,1202.31,2026-01-13,GCP-BigQuery
WOL-0000062,WO-000028,PRJ-011,Instrument Tech,WKR-5600,5.21,91.32,475.78,2026-01-28,GCP-BigQuery
WOL-0000063,WO-000028,PRJ-011,Laborer,WKR-5608,4.65,68.13,316.8,2026-01-28,GCP-BigQuery
WOL-0000064,WO-000028,PRJ-011,Operator,WKR-5723,6.44,119.04,766.62,2026-01-28,GCP-BigQuery
WOL-0000065,WO-000029,PRJ-006,Laborer,WKR-7280,5.36,71.32,382.28,2025-07-08,GCP-BigQuery
WOL-0000066,WO-000032,PRJ-009,Operator,WKR-6476,6.56,89.59,587.71,2026-06-10,GCP-BigQuery
WOL-0000067,WO-000033,PRJ-001,Welder,WKR-8000,9.02,134.33,1211.66,2025-10-02,GCP-BigQuery
WOL-0000068,WO-000034,PRJ-005,Welder,WKR-8932,8.23,73.66,606.22,2026-05-13,GCP-BigQuery
WOL-0000069,WO-000034,PRJ-005,Pipefitter,WKR-8173,3.8,56.93,216.33,2026-05-13,GCP-BigQuery
WOL-0000070,WO-000035,PRJ-003,Pipefitter,WKR-7812,9.96,73.48,731.86,2026-02-14,GCP-BigQuery
WOL-0000071,WO-000036,PRJ-009,Carpenter,WKR-1009,7.74,90.23,698.38,2025-12-24,GCP-BigQuery
WOL-0000072,WO-000036,PRJ-009,Operator,WKR-7062,2.97,85.25,253.19,2025-12-24,GCP-BigQuery
WOL-0000073,WO-000038,PRJ-001,Laborer,WKR-8633,10.31,118.84,1225.24,2026-01-23,GCP-BigQuery
WOL-0000074,WO-000038,PRJ-001,Welder,WKR-8450,8.98,94.16,845.56,2026-01-23,GCP-BigQuery
WOL-0000075,WO-000039,PRJ-003,Laborer,WKR-7601,6.8,133.75,909.5,2026-03-17,GCP-BigQuery
WOL-0000076,WO-000039,PRJ-003,Laborer,WKR-7360,7.1,54.03,383.61,2026-03-17,GCP-BigQuery
WOL-0000077,WO-000039,PRJ-003,Welder,WKR-5498,9.76,57.67,562.86,2026-03-17,GCP-BigQuery
WOL-0000078,WO-000040,PRJ-002,Electrician,WKR-8623,8.05,124.42,1001.58,2025-05-08,GCP-BigQuery
WOL-0000079,WO-000040,PRJ-002,Welder,WKR-2280,9.64,83.47,804.65,2025-05-08,GCP-BigQuery
WOL-0000080,WO-000041,PRJ-003,Instrument Tech,WKR-6226,3.81,96.83,368.92,2025-05-01,GCP-BigQuery
WOL-0000081,WO-000041,PRJ-003,Carpenter,WKR-5065,7.5,104.16,781.2,2025-05-01,GCP-BigQuery
WOL-0000082,WO-000042,PRJ-003,Boilermaker,WKR-5477,10.3,85.84,884.15,2026-08-07,GCP-BigQuery
WOL-0000083,WO-000042,PRJ-003,Instrument Tech,WKR-3661,3.76,101.48,381.56,2026-08-07,GCP-BigQuery
WOL-0000084,WO-000042,PRJ-003,Pipefitter,WKR-1158,7.08,114.69,812.01,2026-08-07,GCP-BigQuery
WOL-0000085,WO-000043,PRJ-008,Ironworker,WKR-7394,3.73,72.31,269.72,2025-09-11,GCP-BigQuery
WOL-0000086,WO-000043,PRJ-008,Pipefitter,WKR-6963,3.69,133.84,493.87,2025-09-11,GCP-BigQuery
WOL-0000087,WO-000044,PRJ-006,Millwright,WKR-7992,9.2,101.23,931.32,2025-09-01,GCP-BigQuery
WOL-0000088,WO-000044,PRJ-006,Ironworker,WKR-1317,10.97,93.18,1022.18,2025-09-01,GCP-BigQuery
WOL-0000089,WO-000044,PRJ-006,Ironworker,WKR-3322,9.09,133.66,1214.97,2025-09-01,GCP-BigQuery
WOL-0000090,WO-000044,PRJ-006,Laborer,WKR-4513,6.63,79.43,526.62,2025-09-01,GCP-BigQuery
WOL-0000091,WO-000045,PRJ-003,Operator,WKR-9318,5.78,129.87,750.65,2026-01-21,GCP-BigQuery
WOL-0000092,WO-000049,PRJ-009,Laborer,WKR-7954,2.28,119.21,271.8,2026-07-01,GCP-BigQuery
WOL-0000093,WO-000049,PRJ-009,Millwright,WKR-8518,7.16,91.22,653.14,2026-07-01,GCP-BigQuery
WOL-0000094,WO-000049,PRJ-009,Pipefitter,WKR-3815,6.25,61.87,386.69,2026-07-01,GCP-BigQuery
WOL-0000095,WO-000049,PRJ-009,Ironworker,WKR-2609,4.65,107.25,498.71,2026-07-01,GCP-BigQuery
WOL-0000096,WO-000050,PRJ-004,Instrument Tech,WKR-7480,6.66,121.05,806.19,2026-01-13,GCP-BigQuery
WOL-0000097,WO-000050,PRJ-004,Boilermaker,WKR-6460,11.3,126.34,1427.64,2026-01-13,GCP-BigQuery
WOL-0000098,WO-000050,PRJ-004,Electrician,WKR-9241,8.86,66.67,590.7,2026-01-13,GCP-BigQuery
WOL-0000099,WO-000050,PRJ-004,Laborer,WKR-6111,8.36,73.59,615.21,2026-01-13,GCP-BigQuery
WOL-0000100,WO-000051,PRJ-004,Electrician,WKR-8164,6.3,117.66,741.26,2026-03-18,GCP-BigQuery
WOL-0000101,WO-000052,PRJ-007,Pipefitter,WKR-8818,5.02,84.79,425.65,2026-01-24,GCP-BigQuery
WOL-0000102,WO-000053,PRJ-008,Operator,WKR-8969,3.5,77.17,270.1,2026-04-06,GCP-BigQuery
WOL-0000103,WO-000053,PRJ-008,Welder,WKR-5362,6.77,112.74,763.25,2026-04-06,GCP-BigQuery
WOL-0000104,WO-000053,PRJ-008,Ironworker,WKR-3334,6.65,102.11,679.03,2026-04-06,GCP-BigQuery
WOL-0000105,WO-000054,PRJ-002,Welder,WKR-7435,11.89,123.6,1469.6,2026-05-15,GCP-BigQuery
WOL-0000106,WO-000054,PRJ-002,Operator,WKR-8522,3.37,50.63,170.62,2026-05-15,GCP-BigQuery
WOL-0000107,WO-000054,PRJ-002,Electrician,WKR-9643,11.38,119.02,1354.45,2026-05-15,GCP-BigQuery
WOL-0000108,WO-000054,PRJ-002,Ironworker,WKR-4329,11.69,60.75,710.17,2026-05-15,GCP-BigQuery
WOL-0000109,WO-000055,PRJ-001,Welder,WKR-9460,3.83,74.66,285.95,2025-03-05,GCP-BigQuery
WOL-0000110,WO-000055,PRJ-001,Laborer,WKR-3245,10.68,56.86,607.26,2025-03-05,GCP-BigQuery
WOL-0000111,WO-000055,PRJ-001,Boilermaker,WKR-5950,7.95,53.34,424.05,2025-03-05,GCP-BigQuery
WOL-0000112,WO-000056,PRJ-009,Ironworker,WKR-6030,4.91,73.5,360.88,2026-05-26,GCP-BigQuery
WOL-0000113,WO-000056,PRJ-009,Welder,WKR-4912,11.36,81.83,929.59,2026-05-26,GCP-BigQuery
WOL-0000114,WO-000056,PRJ-009,Ironworker,WKR-6953,5.02,109.13,547.83,2026-05-26,GCP-BigQuery
WOL-0000115,WO-000057,PRJ-009,Pipefitter,WKR-7539,2.72,112.75,306.68,2025-07-23,GCP-BigQuery
WOL-0000116,WO-000058,PRJ-005,Welder,WKR-9881,5.55,131.28,728.6,2025-07-11,GCP-BigQuery
WOL-0000117,WO-000059,PRJ-003,Operator,WKR-3538,3.83,85.41,327.12,2025-09-16,GCP-BigQuery
WOL-0000118,WO-000060,PRJ-007,Instrument Tech,WKR-9354,8.91,93.8,835.76,2025-04-10,GCP-BigQuery
WOL-0000119,WO-000061,PRJ-004,Boilermaker,WKR-1378,6.33,114.15,722.57,2026-08-14,GCP-BigQuery
WOL-0000120,WO-000061,PRJ-004,Instrument Tech,WKR-3966,5.13,107.55,551.73,2026-08-14,GCP-BigQuery
WOL-0000121,WO-000061,PRJ-004,Electrician,WKR-7402,2.79,78.02,217.68,2026-08-14,GCP-BigQuery
WOL-0000122,WO-000062,PRJ-011,Electrician,WKR-4779,9.25,115.46,1068.0,2026-02-25,GCP-BigQuery
WOL-0000123,WO-000062,PRJ-011,Instrument Tech,WKR-1098,4.44,118.06,524.19,2026-02-25,GCP-BigQuery
WOL-0000124,WO-000062,PRJ-011,Welder,WKR-4497,11.06,109.48,1210.85,2026-02-25,GCP-BigQuery
WOL-0000125,WO-000062,PRJ-011,Pipefitter,WKR-3115,9.99,92.06,919.68,2026-02-25,GCP-BigQuery
WOL-0000126,WO-000063,PRJ-002,Welder,WKR-7520,6.21,100.78,625.84,2026-04-30,GCP-BigQuery
WOL-0000127,WO-000063,PRJ-002,Welder,WKR-6676,10.96,71.75,786.38,2026-04-30,GCP-BigQuery
WOL-0000128,WO-000065,PRJ-006,Instrument Tech,WKR-5800,8.75,90.89,795.29,2025-09-09,GCP-BigQuery
WOL-0000129,WO-000066,PRJ-001,Millwright,WKR-2872,9.62,74.1,712.84,2025-04-05,GCP-BigQuery
WOL-0000130,WO-000066,PRJ-001,Welder,WKR-1299,7.46,71.28,531.75,2025-04-05,GCP-BigQuery
WOL-0000131,WO-000068,PRJ-003,Pipefitter,WKR-5905,8.95,132.66,1187.31,2026-04-12,GCP-BigQuery
WOL-0000132,WO-000071,PRJ-002,Ironworker,WKR-3352,3.47,119.17,413.52,2025-06-15,GCP-BigQuery
WOL-0000133,WO-000071,PRJ-002,Pipefitter,WKR-3093,11.96,97.0,1160.12,2025-06-15,GCP-BigQuery
WOL-0000134,WO-000072,PRJ-001,Boilermaker,WKR-9484,5.35,115.81,619.58,2025-12-05,GCP-BigQuery
WOL-0000135,WO-000072,PRJ-001,Electrician,WKR-7434,10.57,114.76,1213.01,2025-12-05,GCP-BigQuery
WOL-0000136,WO-000072,PRJ-001,Laborer,WKR-1656,10.95,67.99,744.49,2025-12-05,GCP-BigQuery
WOL-0000137,WO-000072,PRJ-001,Ironworker,WKR-7909,10.5,80.83,848.72,2025-12-05,GCP-BigQuery
WOL-0000138,WO-000073,PRJ-002,Operator,WKR-8829,4.92,69.05,339.73,2025-12-03,GCP-BigQuery
WOL-0000139,WO-000075,PRJ-002,Boilermaker,WKR-4193,8.84,131.7,1164.23,2025-07-13,GCP-BigQuery
WOL-0000140,WO-000076,PRJ-010,Carpenter,WKR-1936,9.61,49.98,480.31,2026-04-22,GCP-BigQuery
WOL-0000141,WO-000076,PRJ-010,Instrument Tech,WKR-4626,3.62,75.18,272.15,2026-04-22,GCP-BigQuery
WOL-0000142,WO-000077,PRJ-003,Boilermaker,WKR-7647,4.45,53.76,239.23,2025-03-09,GCP-BigQuery
WOL-0000143,WO-000077,PRJ-003,Instrument Tech,WKR-9504,2.24,118.42,265.26,2025-03-09,GCP-BigQuery
WOL-0000144,WO-000078,PRJ-008,Millwright,WKR-6912,9.1,99.85,908.63,2026-05-04,GCP-BigQuery
WOL-0000145,WO-000078,PRJ-008,Electrician,WKR-9677,8.52,129.06,1099.59,2026-05-04,GCP-BigQuery
WOL-0000146,WO-000078,PRJ-008,Operator,WKR-8224,6.27,101.69,637.6,2026-05-04,GCP-BigQuery
WOL-0000147,WO-000078,PRJ-008,Laborer,WKR-6875,2.01,93.85,188.64,2026-05-04,GCP-BigQuery
WOL-0000148,WO-000080,PRJ-009,Operator,WKR-6567,5.69,73.72,419.47,2026-02-16,GCP-BigQuery
WOL-0000149,WO-000081,PRJ-006,Welder,WKR-9062,7.58,127.98,970.09,2025-09-07,GCP-BigQuery
WOL-0000150,WO-000083,PRJ-002,Millwright,WKR-6509,4.58,116.63,534.17,2025-03-24,GCP-BigQuery
WOL-0000151,WO-000083,PRJ-002,Operator,WKR-9089,7.05,81.85,577.04,2025-03-24,GCP-BigQuery
WOL-0000152,WO-000083,PRJ-002,Electrician,WKR-9426,9.85,101.72,1001.94,2025-03-24,GCP-BigQuery
WOL-0000153,WO-000083,PRJ-002,Millwright,WKR-3393,11.19,105.39,1179.31,2025-03-24,GCP-BigQuery
WOL-0000154,WO-000084,PRJ-012,Boilermaker,WKR-9434,6.74,87.55,590.09,2025-06-03,GCP-BigQuery
WOL-0000155,WO-000084,PRJ-012,Instrument Tech,WKR-8369,11.6,131.59,1526.44,2025-06-03,GCP-BigQuery
WOL-0000156,WO-000084,PRJ-012,Pipefitter,WKR-4450,6.62,66.3,438.91,2025-06-03,GCP-BigQuery
WOL-0000157,WO-000084,PRJ-012,Ironworker,WKR-7809,11.38,79.63,906.19,2025-06-03,GCP-BigQuery
WOL-0000158,WO-000088,PRJ-003,Carpenter,WKR-6520,11.7,130.45,1526.26,2025-11-21,GCP-BigQuery
WOL-0000159,WO-000089,PRJ-010,Millwright,WKR-2963,6.92,133.92,926.73,2026-06-25,GCP-BigQuery
WOL-0000160,WO-000089,PRJ-010,Millwright,WKR-7202,3.88,131.8,511.38,2026-06-25,GCP-BigQuery
WOL-0000161,WO-000089,PRJ-010,Ironworker,WKR-5618,7.36,59.49,437.85,2026-06-25,GCP-BigQuery
WOL-0000162,WO-000090,PRJ-005,Carpenter,WKR-1181,8.03,83.2,668.1,2025-05-20,GCP-BigQuery
WOL-0000163,WO-000090,PRJ-005,Ironworker,WKR-9961,10.86,127.42,1383.78,2025-05-20,GCP-BigQuery
WOL-0000164,WO-000090,PRJ-005,Boilermaker,WKR-7363,8.08,72.29,584.1,2025-05-20,GCP-BigQuery
WOL-0000165,WO-000092,PRJ-007,Carpenter,WKR-6203,4.2,94.24,395.81,2026-07-26,GCP-BigQuery
WOL-0000166,WO-000092,PRJ-007,Millwright,WKR-2359,5.38,71.67,385.58,2026-07-26,GCP-BigQuery
WOL-0000167,WO-000093,PRJ-003,Electrician,WKR-3989,9.11,67.28,612.92,2025-06-11,GCP-BigQuery
WOL-0000168,WO-000093,PRJ-003,Electrician,WKR-4597,11.99,70.61,846.61,2025-06-11,GCP-BigQuery
WOL-0000169,WO-000093,PRJ-003,Laborer,WKR-6389,8.09,110.21,891.6,2025-06-11,GCP-BigQuery
WOL-0000170,WO-000094,PRJ-007,Pipefitter,WKR-8450,3.81,121.69,463.64,2025-09-22,GCP-BigQuery
WOL-0000171,WO-000094,PRJ-007,Pipefitter,WKR-5886,5.5,114.46,629.53,2025-09-22,GCP-BigQuery
WOL-0000172,WO-000094,PRJ-007,Ironworker,WKR-1368,11.09,117.85,1306.96,2025-09-22,GCP-BigQuery
WOL-0000173,WO-000095,PRJ-011,Laborer,WKR-4024,11.69,112.57,1315.94,2025-09-19,GCP-BigQuery
WOL-0000174,WO-000095,PRJ-011,Electrician,WKR-8028,10.07,104.33,1050.6,2025-09-19,GCP-BigQuery
WOL-0000175,WO-000095,PRJ-011,Millwright,WKR-6158,10.84,97.2,1053.65,2025-09-19,GCP-BigQuery
WOL-0000176,WO-000096,PRJ-001,Operator,WKR-9774,8.7,73.1,635.97,2025-04-23,GCP-BigQuery
WOL-0000177,WO-000096,PRJ-001,Carpenter,WKR-4631,7.71,92.96,716.72,2025-04-23,GCP-BigQuery
WOL-0000178,WO-000096,PRJ-001,Ironworker,WKR-4876,3.36,107.7,361.87,2025-04-23,GCP-BigQuery
WOL-0000179,WO-000096,PRJ-001,Laborer,WKR-7908,11.35,131.96,1497.75,2025-04-23,GCP-BigQuery
WOL-0000180,WO-000097,PRJ-006,Welder,WKR-9639,9.16,49.78,455.98,2025-11-22,GCP-BigQuery
WOL-0000181,WO-000097,PRJ-006,Laborer,WKR-3075,6.94,129.5,898.73,2025-11-22,GCP-BigQuery
WOL-0000182,WO-000097,PRJ-006,Millwright,WKR-8696,4.63,134.57,623.06,2025-11-22,GCP-BigQuery
WOL-0000183,WO-000098,PRJ-009,Millwright,WKR-5665,10.63,127.26,1352.77,2025-11-27,GCP-BigQuery
WOL-0000184,WO-000098,PRJ-009,Boilermaker,WKR-8628,6.56,96.1,630.42,2025-11-27,GCP-BigQuery
WOL-0000185,WO-000098,PRJ-009,Pipefitter,WKR-7646,11.65,76.56,891.92,2025-11-27,GCP-BigQuery
WOL-0000186,WO-000101,PRJ-008,Welder,WKR-7942,8.11,118.02,957.14,2026-05-18,GCP-BigQuery
WOL-0000187,WO-000102,PRJ-012,Operator,WKR-3280,6.49,80.17,520.3,2025-05-13,GCP-BigQuery
WOL-0000188,WO-000102,PRJ-012,Welder,WKR-8846,3.33,79.75,265.57,2025-05-13,GCP-BigQuery
WOL-0000189,WO-000102,PRJ-012,Carpenter,WKR-7651,6.19,75.6,467.96,2025-05-13,GCP-BigQuery
WOL-0000190,WO-000102,PRJ-012,Instrument Tech,WKR-9422,4.16,70.3,292.45,2025-05-13,GCP-BigQuery
WOL-0000191,WO-000104,PRJ-001,Pipefitter,WKR-2064,6.15,98.18,603.81,2025-11-18,GCP-BigQuery
WOL-0000192,WO-000104,PRJ-001,Welder,WKR-1463,4.81,67.3,323.71,2025-11-18,GCP-BigQuery
WOL-0000193,WO-000105,PRJ-005,Welder,WKR-4760,10.99,85.55,940.19,2026-03-28,GCP-BigQuery
WOL-0000194,WO-000105,PRJ-005,Boilermaker,WKR-2055,5.87,131.88,774.14,2026-03-28,GCP-BigQuery
WOL-0000195,WO-000106,PRJ-011,Laborer,WKR-4821,5.27,131.22,691.53,2026-04-15,GCP-BigQuery
WOL-0000196,WO-000107,PRJ-009,Pipefitter,WKR-3050,2.83,93.24,263.87,2025-09-21,GCP-BigQuery
WOL-0000197,WO-000107,PRJ-009,Carpenter,WKR-7177,9.53,105.19,1002.46,2025-09-21,GCP-BigQuery
WOL-0000198,WO-000108,PRJ-004,Electrician,WKR-8942,9.09,75.09,682.57,2025-06-05,GCP-BigQuery
WOL-0000199,WO-000108,PRJ-004,Carpenter,WKR-5597,9.32,99.37,926.13,2025-06-05,GCP-BigQuery
WOL-0000200,WO-000108,PRJ-004,Laborer,WKR-8915,7.89,96.09,758.15,2025-06-05,GCP-BigQuery
WOL-0000201,WO-000109,PRJ-006,Boilermaker,WKR-1387,8.78,80.59,707.58,2025-12-14,GCP-BigQuery
WOL-0000202,WO-000110,PRJ-009,Laborer,WKR-5748,2.52,106.49,268.35,2026-06-03,GCP-BigQuery
WOL-0000203,WO-000110,PRJ-009,Electrician,WKR-5934,6.33,122.74,776.94,2026-06-03,GCP-BigQuery
WOL-0000204,WO-000110,PRJ-009,Pipefitter,WKR-9166,8.67,101.3,878.27,2026-06-03,GCP-BigQuery
WOL-0000205,WO-000110,PRJ-009,Laborer,WKR-3163,3.73,117.58,438.57,2026-06-03,GCP-BigQuery
WOL-0000206,WO-000111,PRJ-009,Pipefitter,WKR-4469,6.29,79.48,499.93,2026-04-03,GCP-BigQuery
WOL-0000207,WO-000111,PRJ-009,Operator,WKR-4825,7.2,57.29,412.49,2026-04-03,GCP-BigQuery
WOL-0000208,WO-000112,PRJ-012,Instrument Tech,WKR-9568,6.98,62.43,435.76,2026-05-14,GCP-BigQuery
WOL-0000209,WO-000112,PRJ-012,Millwright,WKR-6730,6.43,106.19,682.8,2026-05-14,GCP-BigQuery
WOL-0000210,WO-000115,PRJ-009,Laborer,WKR-1694,7.5,106.84,801.3,2026-01-23,GCP-BigQuery
WOL-0000211,WO-000115,PRJ-009,Electrician,WKR-4188,11.54,75.42,870.35,2026-01-23,GCP-BigQuery
WOL-0000212,WO-000115,PRJ-009,Carpenter,WKR-8109,4.23,55.37,234.22,2026-01-23,GCP-BigQuery
WOL-0000213,WO-000115,PRJ-009,Ironworker,WKR-2635,4.4,72.59,319.4,2026-01-23,GCP-BigQuery
WOL-0000214,WO-000116,PRJ-010,Carpenter,WKR-7243,9.81,128.9,1264.51,2026-07-07,GCP-BigQuery
WOL-0000215,WO-000117,PRJ-007,Pipefitter,WKR-2534,11.06,89.68,991.86,2025-12-12,GCP-BigQuery
WOL-0000216,WO-000117,PRJ-007,Millwright,WKR-7453,5.27,73.44,387.03,2025-12-12,GCP-BigQuery
WOL-0000217,WO-000117,PRJ-007,Boilermaker,WKR-7145,2.26,60.36,136.41,2025-12-12,GCP-BigQuery
WOL-0000218,WO-000117,PRJ-007,Welder,WKR-1982,3.23,52.2,168.61,2025-12-12,GCP-BigQuery
WOL-0000219,WO-000118,PRJ-002,Instrument Tech,WKR-4083,3.39,60.73,205.87,2025-04-12,GCP-BigQuery
WOL-0000220,WO-000118,PRJ-002,Welder,WKR-1121,9.51,65.43,622.24,2025-04-12,GCP-BigQuery
WOL-0000221,WO-000118,PRJ-002,Pipefitter,WKR-5767,11.06,124.24,1374.09,2025-04-12,GCP-BigQuery
WOL-0000222,WO-000119,PRJ-003,Electrician,WKR-7475,4.65,64.4,299.46,2026-01-09,GCP-BigQuery
WOL-0000223,WO-000120,PRJ-007,Welder,WKR-8570,11.31,120.0,1357.2,2025-08-23,GCP-BigQuery
WOL-0000224,WO-000120,PRJ-007,Ironworker,WKR-2263,2.09,124.88,261.0,2025-08-23,GCP-BigQuery
WOL-0000225,WO-000121,PRJ-002,Millwright,WKR-7376,9.88,54.25,535.99,2026-05-13,GCP-BigQuery
WOL-0000226,WO-000121,PRJ-002,Laborer,WKR-6223,10.05,131.23,1318.86,2026-05-13,GCP-BigQuery
WOL-0000227,WO-000121,PRJ-002,Laborer,WKR-7310,7.08,85.01,601.87,2026-05-13,GCP-BigQuery
WOL-0000228,WO-000124,PRJ-002,Carpenter,WKR-8554,8.0,67.77,542.16,2026-07-02,GCP-BigQuery
WOL-0000229,WO-000125,PRJ-005,Ironworker,WKR-1593,8.19,123.22,1009.17,2025-12-14,GCP-BigQuery
WOL-0000230,WO-000126,PRJ-007,Millwright,WKR-5816,11.4,91.65,1044.81,2026-02-17,GCP-BigQuery
WOL-0000231,WO-000126,PRJ-007,Welder,WKR-6254,5.54,83.51,462.65,2026-02-17,GCP-BigQuery
WOL-0000232,WO-000127,PRJ-004,Millwright,WKR-6828,8.61,99.52,856.87,2026-08-01,GCP-BigQuery
WOL-0000233,WO-000128,PRJ-007,Instrument Tech,WKR-5415,2.17,63.18,137.1,2025-10-25,GCP-BigQuery
WOL-0000234,WO-000129,PRJ-010,Welder,WKR-2081,2.98,111.99,333.73,2025-03-14,GCP-BigQuery
WOL-0000235,WO-000131,PRJ-011,Instrument Tech,WKR-4809,3.78,58.29,220.34,2025-06-04,GCP-BigQuery
WOL-0000236,WO-000131,PRJ-011,Electrician,WKR-7811,7.08,104.16,737.45,2025-06-04,GCP-BigQuery
WOL-0000237,WO-000131,PRJ-011,Laborer,WKR-8388,3.29,101.61,334.3,2025-06-04,GCP-BigQuery
WOL-0000238,WO-000131,PRJ-011,Operator,WKR-3824,5.12,54.94,281.29,2025-06-04,GCP-BigQuery
WOL-0000239,WO-000133,PRJ-004,Carpenter,WKR-4389,2.92,125.19,365.55,2025-07-19,GCP-BigQuery
WOL-0000240,WO-000134,PRJ-008,Ironworker,WKR-4351,9.69,80.32,778.3,2026-06-20,GCP-BigQuery
WOL-0000241,WO-000134,PRJ-008,Instrument Tech,WKR-2306,2.77,89.84,248.86,2026-06-20,GCP-BigQuery
WOL-0000242,WO-000135,PRJ-003,Laborer,WKR-7457,4.48,73.52,329.37,2025-05-03,GCP-BigQuery
WOL-0000243,WO-000136,PRJ-004,Instrument Tech,WKR-3815,9.47,53.37,505.41,2026-07-29,GCP-BigQuery
WOL-0000244,WO-000137,PRJ-010,Ironworker,WKR-7661,2.54,119.84,304.39,2025-04-14,GCP-BigQuery
WOL-0000245,WO-000137,PRJ-010,Pipefitter,WKR-7813,7.92,86.18,682.55,2025-04-14,GCP-BigQuery
WOL-0000246,WO-000137,PRJ-010,Electrician,WKR-8132,9.4,59.93,563.34,2025-04-14,GCP-BigQuery
WOL-0000247,WO-000137,PRJ-010,Millwright,WKR-6805,2.79,91.55,255.42,2025-04-14,GCP-BigQuery
WOL-0000248,WO-000139,PRJ-002,Laborer,WKR-8685,6.63,68.61,454.88,2026-02-14,GCP-BigQuery
WOL-0000249,WO-000139,PRJ-002,Boilermaker,WKR-6173,4.5,94.0,423.0,2026-02-14,GCP-BigQuery
WOL-0000250,WO-000139,PRJ-002,Boilermaker,WKR-8037,9.81,68.89,675.81,2026-02-14,GCP-BigQuery
WOL-0000251,WO-000139,PRJ-002,Electrician,WKR-7970,6.74,52.39,353.11,2026-02-14,GCP-BigQuery
WOL-0000252,WO-000140,PRJ-007,Pipefitter,WKR-3424,5.54,90.42,500.93,2026-08-04,GCP-BigQuery
WOL-0000253,WO-000141,PRJ-008,Ironworker,WKR-1524,10.78,95.3,1027.33,2025-09-20,GCP-BigQuery
WOL-0000254,WO-000141,PRJ-008,Welder,WKR-8715,2.62,59.89,156.91,2025-09-20,GCP-BigQuery
WOL-0000255,WO-000141,PRJ-008,Ironworker,WKR-4579,8.84,52.32,462.51,2025-09-20,GCP-BigQuery
WOL-0000256,WO-000142,PRJ-006,Electrician,WKR-9624,5.19,75.82,393.51,2026-06-30,GCP-BigQuery
WOL-0000257,WO-000143,PRJ-011,Welder,WKR-8039,2.63,78.71,207.01,2025-09-11,GCP-BigQuery
WOL-0000258,WO-000144,PRJ-008,Laborer,WKR-3757,3.27,83.45,272.88,2025-06-23,GCP-BigQuery
WOL-0000259,WO-000146,PRJ-008,Pipefitter,WKR-7103,8.04,91.65,736.87,2026-03-31,GCP-BigQuery
WOL-0000260,WO-000146,PRJ-008,Pipefitter,WKR-4158,10.63,72.77,773.55,2026-03-31,GCP-BigQuery
WOL-0000261,WO-000146,PRJ-008,Carpenter,WKR-2164,11.32,85.77,970.92,2026-03-31,GCP-BigQuery
WOL-0000262,WO-000146,PRJ-008,Welder,WKR-8660,10.35,79.43,822.1,2026-03-31,GCP-BigQuery
WOL-0000263,WO-000147,PRJ-012,Ironworker,WKR-8649,7.52,90.58,681.16,2026-04-15,GCP-BigQuery
WOL-0000264,WO-000148,PRJ-006,Operator,WKR-3631,10.76,111.92,1204.26,2026-04-21,GCP-BigQuery
WOL-0000265,WO-000148,PRJ-006,Instrument Tech,WKR-5988,7.0,133.92,937.44,2026-04-21,GCP-BigQuery
WOL-0000266,WO-000148,PRJ-006,Carpenter,WKR-3263,10.49,115.45,1211.07,2026-04-21,GCP-BigQuery
WOL-0000267,WO-000148,PRJ-006,Ironworker,WKR-6167,4.6,124.16,571.14,2026-04-21,GCP-BigQuery
WOL-0000268,WO-000150,PRJ-004,Pipefitter,WKR-6274,4.27,83.12,354.92,2026-04-08,GCP-BigQuery
WOL-0000269,WO-000151,PRJ-002,Ironworker,WKR-9400,3.76,57.12,214.77,2025-08-28,GCP-BigQuery
WOL-0000270,WO-000151,PRJ-002,Welder,WKR-2678,5.49,49.22,270.22,2025-08-28,GCP-BigQuery
WOL-0000271,WO-000151,PRJ-002,Instrument Tech,WKR-4896,4.48,78.57,351.99,2025-08-28,GCP-BigQuery
WOL-0000272,WO-000151,PRJ-002,Millwright,WKR-6914,7.12,122.8,874.34,2025-08-28,GCP-BigQuery
WOL-0000273,WO-000152,PRJ-007,Boilermaker,WKR-1398,5.41,108.21,585.42,2026-03-01,GCP-BigQuery
WOL-0000274,WO-000153,PRJ-008,Laborer,WKR-9343,11.62,100.86,1171.99,2025-06-19,GCP-BigQuery
WOL-0000275,WO-000153,PRJ-008,Carpenter,WKR-2497,6.13,84.11,515.59,2025-06-19,GCP-BigQuery
WOL-0000276,WO-000154,PRJ-005,Ironworker,WKR-5302,2.35,69.27,162.78,2025-05-24,GCP-BigQuery
WOL-0000277,WO-000155,PRJ-010,Ironworker,WKR-3465,4.18,101.31,423.48,2025-06-19,GCP-BigQuery
WOL-0000278,WO-000155,PRJ-010,Electrician,WKR-3441,5.26,65.03,342.06,2025-06-19,GCP-BigQuery
WOL-0000279,WO-000155,PRJ-010,Instrument Tech,WKR-2367,7.17,112.04,803.33,2025-06-19,GCP-BigQuery
WOL-0000280,WO-000156,PRJ-007,Pipefitter,WKR-1482,6.25,132.13,825.81,2025-10-26,GCP-BigQuery
WOL-0000281,WO-000157,PRJ-009,Boilermaker,WKR-1370,2.4,60.76,145.82,2026-02-28,GCP-BigQuery
WOL-0000282,WO-000157,PRJ-009,Boilermaker,WKR-5323,3.58,93.13,333.41,2026-02-28,GCP-BigQuery
WOL-0000283,WO-000157,PRJ-009,Carpenter,WKR-8847,4.0,57.33,229.32,2026-02-28,GCP-BigQuery
WOL-0000284,WO-000158,PRJ-004,Electrician,WKR-3754,6.6,124.79,823.61,2025-03-22,GCP-BigQuery
WOL-0000285,WO-000158,PRJ-004,Boilermaker,WKR-2545,8.28,128.33,1062.57,2025-03-22,GCP-BigQuery
WOL-0000286,WO-000158,PRJ-004,Ironworker,WKR-8315,10.01,102.94,1030.43,2025-03-22,GCP-BigQuery
WOL-0000287,WO-000158,PRJ-004,Laborer,WKR-2159,3.71,85.77,318.21,2025-03-22,GCP-BigQuery
WOL-0000288,WO-000161,PRJ-001,Carpenter,WKR-2082,2.63,53.7,141.23,2025-12-15,GCP-BigQuery
WOL-0000289,WO-000161,PRJ-001,Laborer,WKR-1514,5.01,99.94,500.7,2025-12-15,GCP-BigQuery
WOL-0000290,WO-000162,PRJ-011,Boilermaker,WKR-5129,8.49,64.74,549.64,2025-07-02,GCP-BigQuery
WOL-0000291,WO-000162,PRJ-011,Operator,WKR-3265,7.33,77.03,564.63,2025-07-02,GCP-BigQuery
WOL-0000292,WO-000163,PRJ-007,Electrician,WKR-5063,9.06,62.64,567.52,2025-10-18,GCP-BigQuery
WOL-0000293,WO-000163,PRJ-007,Welder,WKR-7846,5.37,87.53,470.04,2025-10-18,GCP-BigQuery
WOL-0000294,WO-000165,PRJ-004,Ironworker,WKR-7117,6.28,123.79,777.4,2025-04-10,GCP-BigQuery
WOL-0000295,WO-000165,PRJ-004,Boilermaker,WKR-2337,10.38,110.32,1145.12,2025-04-10,GCP-BigQuery
WOL-0000296,WO-000165,PRJ-004,Carpenter,WKR-6153,11.78,116.43,1371.55,2025-04-10,GCP-BigQuery
WOL-0000297,WO-000166,PRJ-007,Electrician,WKR-9392,3.73,101.45,378.41,2026-01-21,GCP-BigQuery
WOL-0000298,WO-000166,PRJ-007,Boilermaker,WKR-3857,8.76,80.4,704.3,2026-01-21,GCP-BigQuery
WOL-0000299,WO-000166,PRJ-007,Ironworker,WKR-2787,3.88,61.5,238.62,2026-01-21,GCP-BigQuery
WOL-0000300,WO-000166,PRJ-007,Pipefitter,WKR-1886,10.2,96.32,982.46,2026-01-21,GCP-BigQuery
WOL-0000301,WO-000167,PRJ-005,Instrument Tech,WKR-5581,9.49,114.88,1090.21,2025-04-25,GCP-BigQuery
WOL-0000302,WO-000167,PRJ-005,Carpenter,WKR-7494,10.15,129.96,1319.09,2025-04-25,GCP-BigQuery
WOL-0000303,WO-000167,PRJ-005,Carpenter,WKR-2083,3.06,104.64,320.2,2025-04-25,GCP-BigQuery
WOL-0000304,WO-000167,PRJ-005,Welder,WKR-8512,2.77,108.28,299.94,2025-04-25,GCP-BigQuery
WOL-0000305,WO-000169,PRJ-005,Electrician,WKR-6414,2.74,125.13,342.86,2025-04-06,GCP-BigQuery
WOL-0000306,WO-000169,PRJ-005,Electrician,WKR-2350,2.35,110.73,260.22,2025-04-06,GCP-BigQuery
WOL-0000307,WO-000169,PRJ-005,Laborer,WKR-5300,7.14,94.97,678.09,2025-04-06,GCP-BigQuery
WOL-0000308,WO-000169,PRJ-005,Millwright,WKR-8942,4.38,113.71,498.05,2025-04-06,GCP-BigQuery
WOL-0000309,WO-000170,PRJ-008,Ironworker,WKR-3409,5.21,71.82,374.18,2026-05-05,GCP-BigQuery
WOL-0000310,WO-000170,PRJ-008,Boilermaker,WKR-1230,2.51,72.45,181.85,2026-05-05,GCP-BigQuery
WOL-0000311,WO-000170,PRJ-008,Boilermaker,WKR-7210,9.88,70.27,694.27,2026-05-05,GCP-BigQuery
WOL-0000312,WO-000170,PRJ-008,Instrument Tech,WKR-9642,7.43,120.86,897.99,2026-05-05,GCP-BigQuery
WOL-0000313,WO-000172,PRJ-010,Millwright,WKR-4187,2.88,113.22,326.07,2026-01-15,GCP-BigQuery
WOL-0000314,WO-000172,PRJ-010,Pipefitter,WKR-1564,4.23,52.63,222.62,2026-01-15,GCP-BigQuery
WOL-0000315,WO-000172,PRJ-010,Laborer,WKR-7122,2.05,90.87,186.28,2026-01-15,GCP-BigQuery
WOL-0000316,WO-000172,PRJ-010,Boilermaker,WKR-7136,8.53,73.21,624.48,2026-01-15,GCP-BigQuery
WOL-0000317,WO-000174,PRJ-011,Operator,WKR-4221,9.34,85.61,799.6,2026-06-12,GCP-BigQuery
WOL-0000318,WO-000174,PRJ-011,Millwright,WKR-4590,10.16,113.86,1156.82,2026-06-12,GCP-BigQuery
WOL-0000319,WO-000174,PRJ-011,Pipefitter,WKR-1735,5.41,51.38,277.97,2026-06-12,GCP-BigQuery
WOL-0000320,WO-000174,PRJ-011,Operator,WKR-2375,2.54,50.12,127.3,2026-06-12,GCP-BigQuery
WOL-0000321,WO-000175,PRJ-005,Laborer,WKR-5997,9.98,121.56,1213.17,2025-12-08,GCP-BigQuery
WOL-0000322,WO-000175,PRJ-005,Instrument Tech,WKR-9379,8.24,58.78,484.35,2025-12-08,GCP-BigQuery
WOL-0000323,WO-000175,PRJ-005,Instrument Tech,WKR-1689,4.8,93.18,447.26,2025-12-08,GCP-BigQuery
WOL-0000324,WO-000175,PRJ-005,Carpenter,WKR-1099,10.71,68.29,731.39,2025-12-08,GCP-BigQuery
WOL-0000325,WO-000177,PRJ-009,Operator,WKR-1253,3.04,50.33,153.0,2026-07-18,GCP-BigQuery
WOL-0000326,WO-000177,PRJ-009,Laborer,WKR-4269,3.7,108.46,401.3,2026-07-18,GCP-BigQuery
WOL-0000327,WO-000177,PRJ-009,Welder,WKR-5799,2.16,133.96,289.35,2026-07-18,GCP-BigQuery
WOL-0000328,WO-000178,PRJ-012,Millwright,WKR-9975,7.19,93.24,670.4,2026-03-26,GCP-BigQuery
WOL-0000329,WO-000178,PRJ-012,Boilermaker,WKR-3038,8.13,125.05,1016.66,2026-03-26,GCP-BigQuery
WOL-0000330,WO-000179,PRJ-010,Laborer,WKR-8737,6.87,48.32,331.96,2026-06-26,GCP-BigQuery
WOL-0000331,WO-000179,PRJ-010,Millwright,WKR-9976,5.06,71.6,362.3,2026-06-26,GCP-BigQuery
WOL-0000332,WO-000180,PRJ-003,Ironworker,WKR-7132,3.23,71.1,229.65,2026-02-17,GCP-BigQuery
WOL-0000333,WO-000180,PRJ-003,Millwright,WKR-4740,11.86,85.46,1013.56,2026-02-17,GCP-BigQuery
WOL-0000334,WO-000180,PRJ-003,Welder,WKR-6802,7.7,83.21,640.72,2026-02-17,GCP-BigQuery
WOL-0000335,WO-000180,PRJ-003,Pipefitter,WKR-5661,10.61,49.36,523.71,2026-02-17,GCP-BigQuery
WOL-0000336,WO-000181,PRJ-009,Welder,WKR-7511,9.92,54.6,541.63,2026-01-19,GCP-BigQuery
WOL-0000337,WO-000181,PRJ-009,Ironworker,WKR-6198,9.71,100.4,974.88,2026-01-19,GCP-BigQuery
WOL-0000338,WO-000181,PRJ-009,Operator,WKR-7544,2.5,53.18,132.95,2026-01-19,GCP-BigQuery
WOL-0000339,WO-000181,PRJ-009,Ironworker,WKR-5489,3.06,69.04,211.26,2026-01-19,GCP-BigQuery
WOL-0000340,WO-000182,PRJ-005,Electrician,WKR-9224,9.9,118.24,1170.58,2025-09-14,GCP-BigQuery
WOL-0000341,WO-000182,PRJ-005,Laborer,WKR-7411,2.5,85.22,213.05,2025-09-14,GCP-BigQuery
WOL-0000342,WO-000183,PRJ-008,Operator,WKR-6302,5.63,108.54,611.08,2026-03-29,GCP-BigQuery
WOL-0000343,WO-000183,PRJ-008,Welder,WKR-6874,5.47,72.05,394.11,2026-03-29,GCP-BigQuery
WOL-0000344,WO-000183,PRJ-008,Boilermaker,WKR-6187,3.34,122.83,410.25,2026-03-29,GCP-BigQuery
WOL-0000345,WO-000183,PRJ-008,Instrument Tech,WKR-4879,3.12,109.21,340.74,2026-03-29,GCP-BigQuery
WOL-0000346,WO-000184,PRJ-004,Welder,WKR-9371,11.61,110.61,1284.18,2026-05-17,GCP-BigQuery
WOL-0000347,WO-000184,PRJ-004,Ironworker,WKR-2034,10.49,95.32,999.91,2026-05-17,GCP-BigQuery
WOL-0000348,WO-000184,PRJ-004,Boilermaker,WKR-7232,3.89,61.34,238.61,2026-05-17,GCP-BigQuery
WOL-0000349,WO-000185,PRJ-010,Electrician,WKR-4978,6.56,111.8,733.41,2026-05-07,GCP-BigQuery
WOL-0000350,WO-000185,PRJ-010,Electrician,WKR-9939,7.93,120.43,955.01,2026-05-07,GCP-BigQuery
WOL-0000351,WO-000186,PRJ-001,Millwright,WKR-8484,11.02,118.13,1301.79,2025-03-24,GCP-BigQuery
WOL-0000352,WO-000186,PRJ-001,Pipefitter,WKR-1301,5.34,67.06,358.1,2025-03-24,GCP-BigQuery
WOL-0000353,WO-000186,PRJ-001,Instrument Tech,WKR-9676,7.55,91.05,687.43,2025-03-24,GCP-BigQuery
WOL-0000354,WO-000187,PRJ-003,Carpenter,WKR-8789,5.33,81.3,433.33,2025-03-25,GCP-BigQuery
WOL-0000355,WO-000187,PRJ-003,Ironworker,WKR-2953,11.72,115.54,1354.13,2025-03-25,GCP-BigQuery
WOL-0000356,WO-000187,PRJ-003,Operator,WKR-4804,3.13,66.2,207.21,2025-03-25,GCP-BigQuery
WOL-0000357,WO-000187,PRJ-003,Operator,WKR-7035,4.37,126.39,552.32,2025-03-25,GCP-BigQuery
WOL-0000358,WO-000188,PRJ-006,Boilermaker,WKR-4072,4.74,81.12,384.51,2026-04-16,GCP-BigQuery
WOL-0000359,WO-000188,PRJ-006,Boilermaker,WKR-2449,9.14,55.77,509.74,2026-04-16,GCP-BigQuery
WOL-0000360,WO-000188,PRJ-006,Laborer,WKR-9812,3.28,70.83,232.32,2026-04-16,GCP-BigQuery
WOL-0000361,WO-000190,PRJ-002,Millwright,WKR-6745,3.9,56.8,221.52,2026-07-05,GCP-BigQuery
WOL-0000362,WO-000190,PRJ-002,Millwright,WKR-1033,5.93,55.99,332.02,2026-07-05,GCP-BigQuery
WOL-0000363,WO-000190,PRJ-002,Welder,WKR-3077,2.79,93.48,260.81,2026-07-05,GCP-BigQuery
WOL-0000364,WO-000190,PRJ-002,Boilermaker,WKR-2303,9.78,122.6,1199.03,2026-07-05,GCP-BigQuery
WOL-0000365,WO-000191,PRJ-010,Millwright,WKR-6330,3.47,72.94,253.1,2025-03-21,GCP-BigQuery
WOL-0000366,WO-000191,PRJ-010,Welder,WKR-6894,9.87,78.06,770.45,2025-03-21,GCP-BigQuery
WOL-0000367,WO-000191,PRJ-010,Boilermaker,WKR-2735,8.74,119.54,1044.78,2025-03-21,GCP-BigQuery
WOL-0000368,WO-000191,PRJ-010,Millwright,WKR-2401,4.09,133.13,544.5,2025-03-21,GCP-BigQuery
WOL-0000369,WO-000192,PRJ-010,Pipefitter,WKR-5625,8.71,106.97,931.71,2025-07-21,GCP-BigQuery
WOL-0000370,WO-000192,PRJ-010,Pipefitter,WKR-5382,4.28,60.31,258.13,2025-07-21,GCP-BigQuery
WOL-0000371,WO-000194,PRJ-012,Ironworker,WKR-2818,9.73,109.76,1067.96,2026-03-06,GCP-BigQuery
WOL-0000372,WO-000194,PRJ-012,Carpenter,WKR-5518,11.71,111.32,1303.56,2026-03-06,GCP-BigQuery
WOL-0000373,WO-000194,PRJ-012,Pipefitter,WKR-2241,6.05,100.97,610.87,2026-03-06,GCP-BigQuery
WOL-0000374,WO-000195,PRJ-006,Millwright,WKR-4146,3.81,98.72,376.12,2025-09-08,GCP-BigQuery
WOL-0000375,WO-000195,PRJ-006,Ironworker,WKR-4796,5.39,120.56,649.82,2025-09-08,GCP-BigQuery
WOL-0000376,WO-000195,PRJ-006,Welder,WKR-6066,7.27,96.97,704.97,2025-09-08,GCP-BigQuery
WOL-0000377,WO-000196,PRJ-010,Welder,WKR-5561,7.99,77.11,616.11,2026-07-17,GCP-BigQuery
WOL-0000378,WO-000196,PRJ-010,Instrument Tech,WKR-8995,3.46,134.49,465.34,2026-07-17,GCP-BigQuery
WOL-0000379,WO-000196,PRJ-010,Operator,WKR-8783,6.17,74.22,457.94,2026-07-17,GCP-BigQuery
WOL-0000380,WO-000196,PRJ-010,Millwright,WKR-8280,9.21,105.02,967.23,2026-07-17,GCP-BigQuery
WOL-0000381,WO-000197,PRJ-007,Ironworker,WKR-7025,10.89,87.7,955.05,2025-08-17,GCP-BigQuery
WOL-0000382,WO-000197,PRJ-007,Electrician,WKR-5272,6.42,103.51,664.53,2025-08-17,GCP-BigQuery
WOL-0000383,WO-000197,PRJ-007,Ironworker,WKR-2941,9.77,48.46,473.45,2025-08-17,GCP-BigQuery
WOL-0000384,WO-000200,PRJ-012,Welder,WKR-8452,11.45,92.11,1054.66,2025-07-31,GCP-BigQuery
WOL-0000385,WO-000200,PRJ-012,Millwright,WKR-1129,6.04,87.31,527.35,2025-07-31,GCP-BigQuery
WOL-0000386,WO-000202,PRJ-005,Millwright,WKR-8574,11.62,121.44,1411.13,2025-12-09,GCP-BigQuery
WOL-0000387,WO-000202,PRJ-005,Millwright,WKR-6363,3.99,71.37,284.77,2025-12-09,GCP-BigQuery
WOL-0000388,WO-000202,PRJ-005,Pipefitter,WKR-7715,8.56,65.64,561.88,2025-12-09,GCP-BigQuery
WOL-0000389,WO-000202,PRJ-005,Electrician,WKR-3760,4.0,70.88,283.52,2025-12-09,GCP-BigQuery
WOL-0000390,WO-000203,PRJ-007,Laborer,WKR-4674,9.32,94.17,877.66,2026-05-03,GCP-BigQuery
WOL-0000391,WO-000203,PRJ-007,Laborer,WKR-6700,10.13,81.92,829.85,2026-05-03,GCP-BigQuery
WOL-0000392,WO-000203,PRJ-007,Operator,WKR-1376,4.06,91.78,372.63,2026-05-03,GCP-BigQuery
WOL-0000393,WO-000205,PRJ-005,Ironworker,WKR-1719,6.27,93.27,584.8,2025-03-29,GCP-BigQuery
WOL-0000394,WO-000206,PRJ-012,Boilermaker,WKR-9121,8.52,101.43,864.18,2026-03-13,GCP-BigQuery
WOL-0000395,WO-000206,PRJ-012,Pipefitter,WKR-7576,2.95,78.57,231.78,2026-03-13,GCP-BigQuery
WOL-0000396,WO-000207,PRJ-002,Boilermaker,WKR-7469,10.7,74.94,801.86,2026-03-02,GCP-BigQuery
WOL-0000397,WO-000207,PRJ-002,Pipefitter,WKR-1851,7.77,133.56,1037.76,2026-03-02,GCP-BigQuery
WOL-0000398,WO-000207,PRJ-002,Welder,WKR-3768,7.48,99.55,744.63,2026-03-02,GCP-BigQuery
WOL-0000399,WO-000207,PRJ-002,Instrument Tech,WKR-5082,2.47,52.53,129.75,2026-03-02,GCP-BigQuery
WOL-0000400,WO-000209,PRJ-003,Instrument Tech,WKR-5490,9.0,63.74,573.66,2026-04-03,GCP-BigQuery
WOL-0000401,WO-000209,PRJ-003,Laborer,WKR-6088,5.77,131.9,761.06,2026-04-03,GCP-BigQuery
WOL-0000402,WO-000209,PRJ-003,Electrician,WKR-1062,10.36,127.03,1316.03,2026-04-03,GCP-BigQuery
WOL-0000403,WO-000209,PRJ-003,Laborer,WKR-2742,10.09,79.43,801.45,2026-04-03,GCP-BigQuery
WOL-0000404,WO-000210,PRJ-008,Laborer,WKR-9937,7.79,84.93,661.6,2026-01-27,GCP-BigQuery
WOL-0000405,WO-000210,PRJ-008,Electrician,WKR-9124,4.9,83.94,411.31,2026-01-27,GCP-BigQuery
WOL-0000406,WO-000210,PRJ-008,Ironworker,WKR-3789,4.89,61.28,299.66,2026-01-27,GCP-BigQuery
WOL-0000407,WO-000211,PRJ-009,Operator,WKR-7523,10.6,57.96,614.38,2025-07-16,GCP-BigQuery
WOL-0000408,WO-000211,PRJ-009,Instrument Tech,WKR-7857,7.67,106.19,814.48,2025-07-16,GCP-BigQuery
WOL-0000409,WO-000211,PRJ-009,Instrument Tech,WKR-3499,11.59,78.15,905.76,2025-07-16,GCP-BigQuery
WOL-0000410,WO-000212,PRJ-003,Carpenter,WKR-5263,7.81,85.36,666.66,2025-09-26,GCP-BigQuery
WOL-0000411,WO-000212,PRJ-003,Electrician,WKR-9417,2.69,60.9,163.82,2025-09-26,GCP-BigQuery
WOL-0000412,WO-000213,PRJ-007,Pipefitter,WKR-7016,7.9,113.65,897.84,2025-08-20,GCP-BigQuery
WOL-0000413,WO-000213,PRJ-007,Pipefitter,WKR-2819,4.23,80.81,341.83,2025-08-20,GCP-BigQuery
WOL-0000414,WO-000213,PRJ-007,Ironworker,WKR-5386,5.42,104.46,566.17,2025-08-20,GCP-BigQuery
WOL-0000415,WO-000218,PRJ-005,Instrument Tech,WKR-4109,2.25,48.14,108.31,2026-05-25,GCP-BigQuery
WOL-0000416,WO-000219,PRJ-009,Millwright,WKR-1295,11.49,51.9,596.33,2026-05-10,GCP-BigQuery
WOL-0000417,WO-000219,PRJ-009,Ironworker,WKR-4849,7.78,108.84,846.78,2026-05-10,GCP-BigQuery
WOL-0000418,WO-000219,PRJ-009,Instrument Tech,WKR-6715,2.08,102.97,214.18,2026-05-10,GCP-BigQuery
WOL-0000419,WO-000220,PRJ-002,Boilermaker,WKR-7445,9.73,64.39,626.51,2025-07-05,GCP-BigQuery
WOL-0000420,WO-000220,PRJ-002,Laborer,WKR-2583,8.25,104.75,864.19,2025-07-05,GCP-BigQuery
WOL-0000421,WO-000221,PRJ-005,Instrument Tech,WKR-2009,9.37,90.58,848.73,2025-08-07,GCP-BigQuery
WOL-0000422,WO-000223,PRJ-002,Boilermaker,WKR-7873,3.67,73.23,268.75,2026-03-25,GCP-BigQuery
WOL-0000423,WO-000223,PRJ-002,Carpenter,WKR-7660,6.09,109.14,664.66,2026-03-25,GCP-BigQuery
WOL-0000424,WO-000225,PRJ-007,Instrument Tech,WKR-1926,8.74,101.14,883.96,2026-03-16,GCP-BigQuery
WOL-0000425,WO-000225,PRJ-007,Ironworker,WKR-5847,3.98,121.32,482.85,2026-03-16,GCP-BigQuery
WOL-0000426,WO-000225,PRJ-007,Carpenter,WKR-1973,6.66,129.19,860.41,2026-03-16,GCP-BigQuery
WOL-0000427,WO-000226,PRJ-003,Welder,WKR-6793,6.86,111.02,761.6,2025-08-25,GCP-BigQuery
WOL-0000428,WO-000226,PRJ-003,Carpenter,WKR-5079,4.37,52.1,227.68,2025-08-25,GCP-BigQuery
WOL-0000429,WO-000226,PRJ-003,Welder,WKR-8059,9.87,76.29,752.98,2025-08-25,GCP-BigQuery
WOL-0000430,WO-000226,PRJ-003,Operator,WKR-3571,8.55,108.51,927.76,2025-08-25,GCP-BigQuery
WOL-0000431,WO-000227,PRJ-009,Boilermaker,WKR-6634,3.82,69.45,265.3,2026-05-06,GCP-BigQuery
WOL-0000432,WO-000227,PRJ-009,Pipefitter,WKR-8915,3.27,66.31,216.83,2026-05-06,GCP-BigQuery
WOL-0000433,WO-000227,PRJ-009,Ironworker,WKR-6436,6.41,71.22,456.52,2026-05-06,GCP-BigQuery
WOL-0000434,WO-000227,PRJ-009,Laborer,WKR-1792,7.25,128.31,930.25,2026-05-06,GCP-BigQuery
WOL-0000435,WO-000228,PRJ-005,Welder,WKR-8716,2.16,127.47,275.34,2025-04-12,GCP-BigQuery
WOL-0000436,WO-000228,PRJ-005,Boilermaker,WKR-5075,8.35,94.53,789.33,2025-04-12,GCP-BigQuery
WOL-0000437,WO-000228,PRJ-005,Millwright,WKR-5617,6.82,114.92,783.75,2025-04-12,GCP-BigQuery
WOL-0000438,WO-000229,PRJ-005,Electrician,WKR-3938,2.58,58.98,152.17,2026-02-03,GCP-BigQuery
WOL-0000439,WO-000230,PRJ-005,Electrician,WKR-3151,5.68,125.64,713.64,2025-05-26,GCP-BigQuery
WOL-0000440,WO-000230,PRJ-005,Boilermaker,WKR-5911,5.2,67.4,350.48,2025-05-26,GCP-BigQuery
WOL-0000441,WO-000231,PRJ-007,Instrument Tech,WKR-9834,7.32,130.81,957.53,2026-02-13,GCP-BigQuery
WOL-0000442,WO-000231,PRJ-007,Carpenter,WKR-7745,10.37,118.06,1224.28,2026-02-13,GCP-BigQuery
WOL-0000443,WO-000233,PRJ-006,Operator,WKR-8058,7.8,78.58,612.92,2025-12-03,GCP-BigQuery
WOL-0000444,WO-000233,PRJ-006,Carpenter,WKR-1348,3.72,66.85,248.68,2025-12-03,GCP-BigQuery
WOL-0000445,WO-000234,PRJ-012,Instrument Tech,WKR-6558,8.89,48.29,429.3,2026-07-11,GCP-BigQuery
WOL-0000446,WO-000236,PRJ-001,Electrician,WKR-1349,5.77,116.94,674.74,2025-08-03,GCP-BigQuery
WOL-0000447,WO-000236,PRJ-001,Boilermaker,WKR-6324,2.49,101.96,253.88,2025-08-03,GCP-BigQuery
WOL-0000448,WO-000236,PRJ-001,Ironworker,WKR-9543,10.31,99.53,1026.15,2025-08-03,GCP-BigQuery
WOL-0000449,WO-000238,PRJ-009,Millwright,WKR-8279,5.98,133.06,795.7,2026-03-18,GCP-BigQuery
WOL-0000450,WO-000238,PRJ-009,Electrician,WKR-3322,9.96,49.01,488.14,2026-03-18,GCP-BigQuery
WOL-0000451,WO-000238,PRJ-009,Boilermaker,WKR-5899,3.53,100.1,353.35,2026-03-18,GCP-BigQuery
WOL-0000452,WO-000238,PRJ-009,Operator,WKR-4243,2.33,62.25,145.04,2026-03-18,GCP-BigQuery
WOL-0000453,WO-000239,PRJ-008,Laborer,WKR-9565,4.56,81.34,370.91,2025-10-18,GCP-BigQuery
WOL-0000454,WO-000239,PRJ-008,Millwright,WKR-5113,3.01,84.83,255.34,2025-10-18,GCP-BigQuery
WOL-0000455,WO-000240,PRJ-008,Welder,WKR-2988,4.79,110.18,527.76,2026-04-01,GCP-BigQuery
WOL-0000456,WO-000240,PRJ-008,Instrument Tech,WKR-1002,10.13,83.24,843.22,2026-04-01,GCP-BigQuery
WOL-0000457,WO-000241,PRJ-006,Millwright,WKR-9279,10.94,122.07,1335.45,2026-06-04,GCP-BigQuery
WOL-0000458,WO-000241,PRJ-006,Operator,WKR-8346,4.69,133.73,627.19,2026-06-04,GCP-BigQuery
WOL-0000459,WO-000241,PRJ-006,Laborer,WKR-9848,9.95,106.08,1055.5,2026-06-04,GCP-BigQuery
WOL-0000460,WO-000244,PRJ-010,Boilermaker,WKR-9590,9.42,108.8,1024.9,2025-07-06,GCP-BigQuery
WOL-0000461,WO-000244,PRJ-010,Operator,WKR-9931,9.51,64.6,614.35,2025-07-06,GCP-BigQuery
WOL-0000462,WO-000244,PRJ-010,Millwright,WKR-5864,5.92,113.08,669.43,2025-07-06,GCP-BigQuery
WOL-0000463,WO-000245,PRJ-010,Welder,WKR-6363,10.33,116.6,1204.48,2025-03-17,GCP-BigQuery
WOL-0000464,WO-000245,PRJ-010,Laborer,WKR-8982,3.4,103.28,351.15,2025-03-17,GCP-BigQuery
WOL-0000465,WO-000245,PRJ-010,Laborer,WKR-9990,8.43,125.92,1061.51,2025-03-17,GCP-BigQuery
WOL-0000466,WO-000246,PRJ-004,Millwright,WKR-6793,9.23,94.98,876.67,2026-06-01,GCP-BigQuery
WOL-0000467,WO-000246,PRJ-004,Boilermaker,WKR-3703,4.4,69.39,305.32,2026-06-01,GCP-BigQuery
WOL-0000468,WO-000247,PRJ-008,Laborer,WKR-4882,8.31,60.36,501.59,2025-12-31,GCP-BigQuery
WOL-0000469,WO-000249,PRJ-001,Ironworker,WKR-9134,6.38,122.38,780.78,2025-04-13,GCP-BigQuery
WOL-0000470,WO-000249,PRJ-001,Boilermaker,WKR-3342,2.83,134.32,380.13,2025-04-13,GCP-BigQuery
WOL-0000471,WO-000249,PRJ-001,Laborer,WKR-1885,8.6,113.8,978.68,2025-04-13,GCP-BigQuery
WOL-0000472,WO-000250,PRJ-011,Pipefitter,WKR-5400,9.66,66.07,638.24,2025-10-25,GCP-BigQuery
WOL-0000473,WO-000251,PRJ-009,Electrician,WKR-5442,9.54,69.4,662.08,2026-06-27,GCP-BigQuery
WOL-0000474,WO-000251,PRJ-009,Welder,WKR-9108,3.09,110.69,342.03,2026-06-27,GCP-BigQuery
WOL-0000475,WO-000254,PRJ-004,Laborer,WKR-7971,7.18,76.91,552.21,2026-03-09,GCP-BigQuery
WOL-0000476,WO-000254,PRJ-004,Pipefitter,WKR-3891,4.26,129.85,553.16,2026-03-09,GCP-BigQuery
WOL-0000477,WO-000255,PRJ-007,Electrician,WKR-9828,4.4,54.43,239.49,2025-07-15,GCP-BigQuery
WOL-0000478,WO-000256,PRJ-006,Instrument Tech,WKR-5653,4.5,125.09,562.9,2025-11-15,GCP-BigQuery
WOL-0000479,WO-000256,PRJ-006,Pipefitter,WKR-2763,4.33,87.26,377.84,2025-11-15,GCP-BigQuery
WOL-0000480,WO-000257,PRJ-007,Electrician,WKR-5528,5.01,57.42,287.67,2025-06-26,GCP-BigQuery
WOL-0000481,WO-000257,PRJ-007,Electrician,WKR-8266,11.38,106.01,1206.39,2025-06-26,GCP-BigQuery
WOL-0000482,WO-000258,PRJ-009,Instrument Tech,WKR-4260,4.57,122.56,560.1,2025-10-06,GCP-BigQuery
WOL-0000483,WO-000258,PRJ-009,Ironworker,WKR-1536,3.44,118.01,405.95,2025-10-06,GCP-BigQuery
WOL-0000484,WO-000258,PRJ-009,Millwright,WKR-6554,6.05,119.28,721.64,2025-10-06,GCP-BigQuery
WOL-0000485,WO-000258,PRJ-009,Laborer,WKR-1675,7.18,78.77,565.57,2025-10-06,GCP-BigQuery
WOL-0000486,WO-000259,PRJ-007,Carpenter,WKR-5727,3.75,70.21,263.29,2025-05-13,GCP-BigQuery
WOL-0000487,WO-000259,PRJ-007,Welder,WKR-1703,11.08,114.44,1268.0,2025-05-13,GCP-BigQuery
WOL-0000488,WO-000260,PRJ-004,Operator,WKR-9042,11.55,52.59,607.41,2025-10-21,GCP-BigQuery
WOL-0000489,WO-000260,PRJ-004,Boilermaker,WKR-1485,2.6,82.03,213.28,2025-10-21,GCP-BigQuery
WOL-0000490,WO-000261,PRJ-011,Carpenter,WKR-9400,11.14,98.88,1101.52,2026-07-21,GCP-BigQuery
WOL-0000491,WO-000261,PRJ-011,Welder,WKR-6413,4.77,87.11,415.51,2026-07-21,GCP-BigQuery
WOL-0000492,WO-000262,PRJ-006,Ironworker,WKR-6520,2.21,105.09,232.25,2026-06-27,GCP-BigQuery
WOL-0000493,WO-000262,PRJ-006,Ironworker,WKR-4102,11.04,89.49,987.97,2026-06-27,GCP-BigQuery
WOL-0000494,WO-000263,PRJ-007,Ironworker,WKR-4854,3.95,102.42,404.56,2025-06-11,GCP-BigQuery
WOL-0000495,WO-000263,PRJ-007,Operator,WKR-8338,3.53,75.7,267.22,2025-06-11,GCP-BigQuery
WOL-0000496,WO-000263,PRJ-007,Laborer,WKR-7357,7.06,94.27,665.55,2025-06-11,GCP-BigQuery
WOL-0000497,WO-000263,PRJ-007,Operator,WKR-7190,7.78,54.05,420.51,2025-06-11,GCP-BigQuery
WOL-0000498,WO-000264,PRJ-007,Instrument Tech,WKR-2091,11.23,52.64,591.15,2026-07-16,GCP-BigQuery
WOL-0000499,WO-000264,PRJ-007,Operator,WKR-4442,9.02,100.59,907.32,2026-07-16,GCP-BigQuery
WOL-0000500,WO-000264,PRJ-007,Millwright,WKR-5539,7.39,109.19,806.91,2026-07-16,GCP-BigQuery
WOL-0000501,WO-000264,PRJ-007,Electrician,WKR-4949,3.4,55.78,189.65,2026-07-16,GCP-BigQuery
WOL-0000502,WO-000265,PRJ-008,Carpenter,WKR-7895,7.58,79.17,600.11,2026-01-28,GCP-BigQuery
WOL-0000503,WO-000265,PRJ-008,Carpenter,WKR-1506,5.89,92.3,543.65,2026-01-28,GCP-BigQuery
WOL-0000504,WO-000265,PRJ-008,Electrician,WKR-4377,9.37,108.93,1020.67,2026-01-28,GCP-BigQuery
WOL-0000505,WO-000265,PRJ-008,Operator,WKR-6057,5.25,85.94,451.19,2026-01-28,GCP-BigQuery
WOL-0000506,WO-000267,PRJ-007,Carpenter,WKR-6840,11.65,55.49,646.46,2026-03-08,GCP-BigQuery
WOL-0000507,WO-000268,PRJ-008,Operator,WKR-8501,3.58,79.78,285.61,2025-09-27,GCP-BigQuery
WOL-0000508,WO-000268,PRJ-008,Pipefitter,WKR-6341,7.57,134.56,1018.62,2025-09-27,GCP-BigQuery
WOL-0000509,WO-000268,PRJ-008,Boilermaker,WKR-5574,11.9,58.98,701.86,2025-09-27,GCP-BigQuery
WOL-0000510,WO-000268,PRJ-008,Millwright,WKR-2905,11.02,124.27,1369.46,2025-09-27,GCP-BigQuery
WOL-0000511,WO-000269,PRJ-005,Electrician,WKR-7901,8.79,125.1,1099.63,2026-05-11,GCP-BigQuery
WOL-0000512,WO-000269,PRJ-005,Electrician,WKR-1656,8.28,61.27,507.32,2026-05-11,GCP-BigQuery
WOL-0000513,WO-000270,PRJ-002,Instrument Tech,WKR-6450,7.0,68.71,480.97,2025-11-28,GCP-BigQuery
WOL-0000514,WO-000270,PRJ-002,Welder,WKR-2848,5.92,91.11,539.37,2025-11-28,GCP-BigQuery
WOL-0000515,WO-000270,PRJ-002,Millwright,WKR-2238,5.87,58.07,340.87,2025-11-28,GCP-BigQuery
WOL-0000516,WO-000271,PRJ-009,Carpenter,WKR-4814,8.09,60.71,491.14,2025-02-17,GCP-BigQuery
WOL-0000517,WO-000271,PRJ-009,Electrician,WKR-6479,6.17,100.25,618.54,2025-02-17,GCP-BigQuery
WOL-0000518,WO-000271,PRJ-009,Pipefitter,WKR-1930,8.45,108.72,918.68,2025-02-17,GCP-BigQuery
WOL-0000519,WO-000271,PRJ-009,Operator,WKR-5091,5.05,49.51,250.03,2025-02-17,GCP-BigQuery
WOL-0000520,WO-000272,PRJ-004,Boilermaker,WKR-9633,9.34,62.54,584.12,2026-06-27,GCP-BigQuery
WOL-0000521,WO-000274,PRJ-002,Millwright,WKR-7472,5.07,81.23,411.84,2026-03-13,GCP-BigQuery
WOL-0000522,WO-000274,PRJ-002,Instrument Tech,WKR-4521,2.72,77.82,211.67,2026-03-13,GCP-BigQuery
WOL-0000523,WO-000274,PRJ-002,Operator,WKR-9525,9.16,65.33,598.42,2026-03-13,GCP-BigQuery
WOL-0000524,WO-000275,PRJ-008,Carpenter,WKR-2330,10.19,74.07,754.77,2025-05-18,GCP-BigQuery
WOL-0000525,WO-000275,PRJ-008,Instrument Tech,WKR-1288,2.83,123.8,350.35,2025-05-18,GCP-BigQuery
WOL-0000526,WO-000276,PRJ-012,Pipefitter,WKR-8205,3.76,76.49,287.6,2025-12-26,GCP-BigQuery
WOL-0000527,WO-000276,PRJ-012,Operator,WKR-5322,10.7,93.22,997.45,2025-12-26,GCP-BigQuery
WOL-0000528,WO-000276,PRJ-012,Instrument Tech,WKR-7882,9.51,119.88,1140.06,2025-12-26,GCP-BigQuery
WOL-0000529,WO-000277,PRJ-006,Millwright,WKR-1484,8.42,122.59,1032.21,2025-09-06,GCP-BigQuery
WOL-0000530,WO-000277,PRJ-006,Electrician,WKR-1941,5.88,52.93,311.23,2025-09-06,GCP-BigQuery
WOL-0000531,WO-000280,PRJ-010,Welder,WKR-5876,9.72,65.14,633.16,2026-07-06,GCP-BigQuery
WOL-0000532,WO-000280,PRJ-010,Electrician,WKR-8379,2.37,126.1,298.86,2026-07-06,GCP-BigQuery
WOL-0000533,WO-000281,PRJ-008,Ironworker,WKR-3657,9.06,57.04,516.78,2025-08-01,GCP-BigQuery
WOL-0000534,WO-000281,PRJ-008,Laborer,WKR-2104,9.15,58.44,534.73,2025-08-01,GCP-BigQuery
WOL-0000535,WO-000282,PRJ-011,Carpenter,WKR-2545,2.23,102.68,228.98,2026-05-24,GCP-BigQuery
WOL-0000536,WO-000282,PRJ-011,Boilermaker,WKR-1729,9.19,54.13,497.45,2026-05-24,GCP-BigQuery
WOL-0000537,WO-000282,PRJ-011,Instrument Tech,WKR-3488,6.66,134.48,895.64,2026-05-24,GCP-BigQuery
WOL-0000538,WO-000282,PRJ-011,Operator,WKR-8578,8.13,93.12,757.07,2026-05-24,GCP-BigQuery
WOL-0000539,WO-000283,PRJ-003,Welder,WKR-9252,7.55,130.7,986.78,2025-05-08,GCP-BigQuery
WOL-0000540,WO-000285,PRJ-004,Operator,WKR-3992,6.39,125.33,800.86,2026-05-04,GCP-BigQuery
WOL-0000541,WO-000285,PRJ-004,Electrician,WKR-8284,5.81,74.46,432.61,2026-05-04,GCP-BigQuery
WOL-0000542,WO-000286,PRJ-010,Carpenter,WKR-9906,8.31,102.26,849.78,2026-02-11,GCP-BigQuery
WOL-0000543,WO-000286,PRJ-010,Millwright,WKR-2269,2.12,63.13,133.84,2026-02-11,GCP-BigQuery
WOL-0000544,WO-000286,PRJ-010,Electrician,WKR-3603,3.16,104.9,331.48,2026-02-11,GCP-BigQuery
WOL-0000545,WO-000287,PRJ-010,Boilermaker,WKR-3240,2.86,81.28,232.46,2026-08-15,GCP-BigQuery
WOL-0000546,WO-000288,PRJ-003,Electrician,WKR-6088,3.46,70.29,243.2,2026-05-16,GCP-BigQuery
WOL-0000547,WO-000288,PRJ-003,Ironworker,WKR-3330,9.58,122.19,1170.58,2026-05-16,GCP-BigQuery
WOL-0000548,WO-000289,PRJ-009,Welder,WKR-5677,8.28,126.96,1051.23,2025-09-23,GCP-BigQuery
WOL-0000549,WO-000289,PRJ-009,Pipefitter,WKR-3946,8.33,83.81,698.14,2025-09-23,GCP-BigQuery
WOL-0000550,WO-000289,PRJ-009,Operator,WKR-8168,5.32,60.9,323.99,2025-09-23,GCP-BigQuery
WOL-0000551,WO-000289,PRJ-009,Carpenter,WKR-8779,2.55,106.7,272.08,2025-09-23,GCP-BigQuery
WOL-0000552,WO-000290,PRJ-010,Boilermaker,WKR-5471,2.7,85.27,230.23,2026-02-21,GCP-BigQuery
WOL-0000553,WO-000290,PRJ-010,Millwright,WKR-4501,11.86,108.14,1282.54,2026-02-21,GCP-BigQuery
WOL-0000554,WO-000291,PRJ-012,Pipefitter,WKR-7502,7.16,109.72,785.6,2026-02-10,GCP-BigQuery
WOL-0000555,WO-000291,PRJ-012,Boilermaker,WKR-1116,2.66,67.37,179.2,2026-02-10,GCP-BigQuery
WOL-0000556,WO-000291,PRJ-012,Instrument Tech,WKR-6485,7.1,124.19,881.75,2026-02-10,GCP-BigQuery
WOL-0000557,WO-000293,PRJ-010,Ironworker,WKR-7101,11.26,62.98,709.15,2026-05-30,GCP-BigQuery
WOL-0000558,WO-000294,PRJ-010,Millwright,WKR-7146,11.17,126.54,1413.45,2026-01-05,GCP-BigQuery
WOL-0000559,WO-000295,PRJ-010,Welder,WKR-5028,11.7,114.59,1340.7,2026-05-12,GCP-BigQuery
WOL-0000560,WO-000295,PRJ-010,Instrument Tech,WKR-8534,4.23,92.64,391.87,2026-05-12,GCP-BigQuery
WOL-0000561,WO-000295,PRJ-010,Laborer,WKR-3919,10.6,96.84,1026.5,2026-05-12,GCP-BigQuery
WOL-0000562,WO-000296,PRJ-008,Instrument Tech,WKR-4758,8.98,93.96,843.76,2025-11-20,GCP-BigQuery
WOL-0000563,WO-000296,PRJ-008,Laborer,WKR-7841,2.85,58.97,168.06,2025-11-20,GCP-BigQuery
WOL-0000564,WO-000296,PRJ-008,Boilermaker,WKR-9140,2.25,52.55,118.24,2025-11-20,GCP-BigQuery
WOL-0000565,WO-000298,PRJ-003,Operator,WKR-7217,2.04,75.15,153.31,2026-07-23,GCP-BigQuery
WOL-0000566,WO-000298,PRJ-003,Operator,WKR-6654,6.18,88.79,548.72,2026-07-23,GCP-BigQuery
WOL-0000567,WO-000298,PRJ-003,Boilermaker,WKR-8831,4.02,110.76,445.26,2026-07-23,GCP-BigQuery
WOL-0000568,WO-000298,PRJ-003,Electrician,WKR-3923,7.07,62.79,443.93,2026-07-23,GCP-BigQuery
WOL-0000569,WO-000301,PRJ-004,Boilermaker,WKR-2585,3.43,123.63,424.05,2026-07-11,GCP-BigQuery
WOL-0000570,WO-000302,PRJ-005,Welder,WKR-4573,3.38,111.99,378.53,2025-06-17,GCP-BigQuery
WOL-0000571,WO-000302,PRJ-005,Boilermaker,WKR-4938,11.44,105.8,1210.35,2025-06-17,GCP-BigQuery
WOL-0000572,WO-000302,PRJ-005,Ironworker,WKR-8735,8.57,51.52,441.53,2025-06-17,GCP-BigQuery
WOL-0000573,WO-000302,PRJ-005,Carpenter,WKR-6456,11.56,72.02,832.55,2025-06-17,GCP-BigQuery
WOL-0000574,WO-000304,PRJ-001,Electrician,WKR-7936,4.02,95.63,384.43,2025-11-27,GCP-BigQuery
WOL-0000575,WO-000304,PRJ-001,Millwright,WKR-7240,11.4,77.51,883.61,2025-11-27,GCP-BigQuery
WOL-0000576,WO-000304,PRJ-001,Laborer,WKR-6660,9.16,67.24,615.92,2025-11-27,GCP-BigQuery
WOL-0000577,WO-000305,PRJ-001,Instrument Tech,WKR-9344,9.64,135.0,1301.4,2026-02-20,GCP-BigQuery
WOL-0000578,WO-000308,PRJ-006,Ironworker,WKR-2389,4.02,60.62,243.69,2026-06-17,GCP-BigQuery
WOL-0000579,WO-000309,PRJ-001,Boilermaker,WKR-7442,10.79,87.04,939.16,2025-03-02,GCP-BigQuery
WOL-0000580,WO-000309,PRJ-001,Instrument Tech,WKR-1119,5.76,75.81,436.67,2025-03-02,GCP-BigQuery
WOL-0000581,WO-000309,PRJ-001,Laborer,WKR-4234,8.56,78.53,672.22,2025-03-02,GCP-BigQuery
WOL-0000582,WO-000310,PRJ-004,Pipefitter,WKR-5348,6.99,64.38,450.02,2025-03-15,GCP-BigQuery
WOL-0000583,WO-000310,PRJ-004,Electrician,WKR-8593,8.75,79.94,699.48,2025-03-15,GCP-BigQuery
WOL-0000584,WO-000310,PRJ-004,Instrument Tech,WKR-8727,7.33,88.7,650.17,2025-03-15,GCP-BigQuery
WOL-0000585,WO-000310,PRJ-004,Pipefitter,WKR-1933,6.63,84.05,557.25,2025-03-15,GCP-BigQuery
WOL-0000586,WO-000312,PRJ-008,Millwright,WKR-2692,5.97,63.71,380.35,2026-07-20,GCP-BigQuery
WOL-0000587,WO-000312,PRJ-008,Ironworker,WKR-7633,3.44,67.46,232.06,2026-07-20,GCP-BigQuery
WOL-0000588,WO-000312,PRJ-008,Ironworker,WKR-4175,4.69,103.65,486.12,2026-07-20,GCP-BigQuery
WOL-0000589,WO-000312,PRJ-008,Instrument Tech,WKR-3361,5.01,55.6,278.56,2026-07-20,GCP-BigQuery
WOL-0000590,WO-000313,PRJ-008,Operator,WKR-7535,2.93,92.83,271.99,2025-07-20,GCP-BigQuery
WOL-0000591,WO-000313,PRJ-008,Laborer,WKR-9511,8.2,87.0,713.4,2025-07-20,GCP-BigQuery
WOL-0000592,WO-000314,PRJ-008,Electrician,WKR-5817,10.8,117.61,1270.19,2026-06-26,GCP-BigQuery
WOL-0000593,WO-000314,PRJ-008,Boilermaker,WKR-6891,3.53,61.56,217.31,2026-06-26,GCP-BigQuery
WOL-0000594,WO-000314,PRJ-008,Carpenter,WKR-8502,4.34,124.05,538.38,2026-06-26,GCP-BigQuery
WOL-0000595,WO-000317,PRJ-005,Millwright,WKR-2935,6.62,101.9,674.58,2025-08-01,GCP-BigQuery
WOL-0000596,WO-000317,PRJ-005,Pipefitter,WKR-3144,6.28,129.65,814.2,2025-08-01,GCP-BigQuery
WOL-0000597,WO-000317,PRJ-005,Welder,WKR-1467,11.22,134.5,1509.09,2025-08-01,GCP-BigQuery
WOL-0000598,WO-000318,PRJ-003,Ironworker,WKR-6446,3.72,102.09,379.77,2026-04-01,GCP-BigQuery
WOL-0000599,WO-000318,PRJ-003,Carpenter,WKR-8047,10.97,128.46,1409.21,2026-04-01,GCP-BigQuery
WOL-0000600,WO-000321,PRJ-003,Welder,WKR-9093,7.42,68.43,507.75,2026-04-27,GCP-BigQuery
WOL-0000601,WO-000322,PRJ-009,Electrician,WKR-6842,3.54,49.06,173.67,2025-10-28,GCP-BigQuery
WOL-0000602,WO-000322,PRJ-009,Electrician,WKR-5989,3.9,54.74,213.49,2025-10-28,GCP-BigQuery
WOL-0000603,WO-000322,PRJ-009,Laborer,WKR-1555,9.8,70.14,687.37,2025-10-28,GCP-BigQuery
WOL-0000604,WO-000322,PRJ-009,Operator,WKR-9907,6.22,115.47,718.22,2025-10-28,GCP-BigQuery
WOL-0000605,WO-000323,PRJ-009,Millwright,WKR-2688,7.65,81.2,621.18,2026-07-05,GCP-BigQuery
WOL-0000606,WO-000323,PRJ-009,Ironworker,WKR-7777,7.86,113.32,890.7,2026-07-05,GCP-BigQuery
WOL-0000607,WO-000324,PRJ-004,Millwright,WKR-2666,7.19,114.45,822.9,2025-05-29,GCP-BigQuery
WOL-0000608,WO-000324,PRJ-004,Pipefitter,WKR-1037,2.72,80.73,219.59,2025-05-29,GCP-BigQuery
WOL-0000609,WO-000324,PRJ-004,Welder,WKR-7476,5.75,56.16,322.92,2025-05-29,GCP-BigQuery
WOL-0000610,WO-000325,PRJ-008,Millwright,WKR-6854,8.72,116.89,1019.28,2025-09-11,GCP-BigQuery
WOL-0000611,WO-000325,PRJ-008,Laborer,WKR-7536,5.96,129.34,770.87,2025-09-11,GCP-BigQuery
WOL-0000612,WO-000325,PRJ-008,Carpenter,WKR-6840,7.28,66.0,480.48,2025-09-11,GCP-BigQuery
WOL-0000613,WO-000326,PRJ-010,Ironworker,WKR-7557,8.83,115.96,1023.93,2026-02-22,GCP-BigQuery
WOL-0000614,WO-000326,PRJ-010,Carpenter,WKR-9408,11.49,102.83,1181.52,2026-02-22,GCP-BigQuery
WOL-0000615,WO-000326,PRJ-010,Carpenter,WKR-8964,11.11,48.23,535.84,2026-02-22,GCP-BigQuery
WOL-0000616,WO-000327,PRJ-007,Boilermaker,WKR-3677,3.78,73.68,278.51,2025-03-03,GCP-BigQuery
WOL-0000617,WO-000327,PRJ-007,Carpenter,WKR-3121,6.83,48.95,334.33,2025-03-03,GCP-BigQuery
WOL-0000618,WO-000327,PRJ-007,Welder,WKR-9002,2.29,104.6,239.53,2025-03-03,GCP-BigQuery
WOL-0000619,WO-000329,PRJ-001,Carpenter,WKR-1524,6.49,70.63,458.39,2025-08-19,GCP-BigQuery
WOL-0000620,WO-000329,PRJ-001,Laborer,WKR-9734,3.13,132.76,415.54,2025-08-19,GCP-BigQuery
WOL-0000621,WO-000330,PRJ-005,Operator,WKR-1163,7.04,56.41,397.13,2026-05-12,GCP-BigQuery
WOL-0000622,WO-000330,PRJ-005,Operator,WKR-8583,7.45,84.0,625.8,2026-05-12,GCP-BigQuery
WOL-0000623,WO-000330,PRJ-005,Operator,WKR-3033,8.42,85.57,720.5,2026-05-12,GCP-BigQuery
WOL-0000624,WO-000331,PRJ-008,Boilermaker,WKR-5291,3.63,106.03,384.89,2025-07-22,GCP-BigQuery
WOL-0000625,WO-000332,PRJ-009,Boilermaker,WKR-3507,10.1,87.11,879.81,2025-10-15,GCP-BigQuery
WOL-0000626,WO-000332,PRJ-009,Boilermaker,WKR-7359,10.36,108.12,1120.12,2025-10-15,GCP-BigQuery
WOL-0000627,WO-000332,PRJ-009,Electrician,WKR-3049,7.28,124.21,904.25,2025-10-15,GCP-BigQuery
WOL-0000628,WO-000333,PRJ-005,Boilermaker,WKR-1825,9.96,59.57,593.32,2025-03-03,GCP-BigQuery
WOL-0000629,WO-000333,PRJ-005,Laborer,WKR-8820,5.53,58.92,325.83,2025-03-03,GCP-BigQuery
WOL-0000630,WO-000333,PRJ-005,Pipefitter,WKR-4093,10.43,115.74,1207.17,2025-03-03,GCP-BigQuery
WOL-0000631,WO-000333,PRJ-005,Welder,WKR-7809,3.16,69.51,219.65,2025-03-03,GCP-BigQuery
WOL-0000632,WO-000334,PRJ-003,Operator,WKR-2944,9.33,66.75,622.78,2025-11-24,GCP-BigQuery
WOL-0000633,WO-000335,PRJ-005,Pipefitter,WKR-4417,7.97,107.94,860.28,2025-08-19,GCP-BigQuery
WOL-0000634,WO-000335,PRJ-005,Instrument Tech,WKR-4242,7.69,132.05,1015.46,2025-08-19,GCP-BigQuery
WOL-0000635,WO-000335,PRJ-005,Boilermaker,WKR-8398,10.6,104.2,1104.52,2025-08-19,GCP-BigQuery
WOL-0000636,WO-000335,PRJ-005,Pipefitter,WKR-9095,10.1,98.84,998.28,2025-08-19,GCP-BigQuery
WOL-0000637,WO-000336,PRJ-010,Laborer,WKR-8924,3.8,86.06,327.03,2026-02-16,GCP-BigQuery
WOL-0000638,WO-000336,PRJ-010,Carpenter,WKR-3317,4.15,48.01,199.24,2026-02-16,GCP-BigQuery
WOL-0000639,WO-000336,PRJ-010,Operator,WKR-6788,6.88,119.45,821.82,2026-02-16,GCP-BigQuery
WOL-0000640,WO-000338,PRJ-011,Carpenter,WKR-9794,6.56,82.0,537.92,2026-06-13,GCP-BigQuery
WOL-0000641,WO-000342,PRJ-004,Boilermaker,WKR-1723,4.18,112.04,468.33,2025-08-04,GCP-BigQuery
WOL-0000642,WO-000343,PRJ-011,Welder,WKR-4125,10.86,98.19,1066.34,2026-08-14,GCP-BigQuery
WOL-0000643,WO-000344,PRJ-004,Millwright,WKR-8689,9.04,92.08,832.4,2026-07-19,GCP-BigQuery
WOL-0000644,WO-000345,PRJ-012,Instrument Tech,WKR-5333,2.04,65.9,134.44,2025-11-06,GCP-BigQuery
WOL-0000645,WO-000346,PRJ-005,Boilermaker,WKR-7726,9.02,92.31,832.64,2025-09-07,GCP-BigQuery
WOL-0000646,WO-000346,PRJ-005,Boilermaker,WKR-1932,7.13,76.48,545.3,2025-09-07,GCP-BigQuery
WOL-0000647,WO-000348,PRJ-006,Welder,WKR-5554,6.01,95.98,576.84,2025-06-19,GCP-BigQuery
WOL-0000648,WO-000350,PRJ-008,Pipefitter,WKR-2372,4.4,105.95,466.18,2025-05-23,GCP-BigQuery
WOL-0000649,WO-000350,PRJ-008,Operator,WKR-6902,9.14,48.99,447.77,2025-05-23,GCP-BigQuery
WOL-0000650,WO-000350,PRJ-008,Ironworker,WKR-6029,3.63,63.69,231.19,2025-05-23,GCP-BigQuery
WOL-0000651,WO-000350,PRJ-008,Instrument Tech,WKR-3779,5.75,89.0,511.75,2025-05-23,GCP-BigQuery
WOL-0000652,WO-000351,PRJ-004,Carpenter,WKR-2834,4.91,95.16,467.24,2025-11-26,GCP-BigQuery
WOL-0000653,WO-000351,PRJ-004,Laborer,WKR-2540,8.64,76.08,657.33,2025-11-26,GCP-BigQuery
WOL-0000654,WO-000351,PRJ-004,Ironworker,WKR-3967,2.83,95.47,270.18,2025-11-26,GCP-BigQuery
WOL-0000655,WO-000352,PRJ-001,Welder,WKR-2796,9.58,121.77,1166.56,2025-05-22,GCP-BigQuery
WOL-0000656,WO-000352,PRJ-001,Millwright,WKR-5806,2.82,81.98,231.18,2025-05-22,GCP-BigQuery
WOL-0000657,WO-000353,PRJ-008,Millwright,WKR-5218,8.29,91.99,762.6,2026-05-01,GCP-BigQuery
WOL-0000658,WO-000354,PRJ-002,Millwright,WKR-3717,6.09,55.18,336.05,2026-07-23,GCP-BigQuery
WOL-0000659,WO-000354,PRJ-002,Ironworker,WKR-3420,8.06,70.27,566.38,2026-07-23,GCP-BigQuery
WOL-0000660,WO-000354,PRJ-002,Electrician,WKR-9460,5.4,112.91,609.71,2026-07-23,GCP-BigQuery
WOL-0000661,WO-000354,PRJ-002,Pipefitter,WKR-4785,5.5,65.01,357.56,2026-07-23,GCP-BigQuery
WOL-0000662,WO-000355,PRJ-010,Millwright,WKR-1397,11.9,88.36,1051.48,2026-07-01,GCP-BigQuery
WOL-0000663,WO-000355,PRJ-010,Instrument Tech,WKR-1964,11.14,102.73,1144.41,2026-07-01,GCP-BigQuery
WOL-0000664,WO-000355,PRJ-010,Welder,WKR-7385,8.07,82.96,669.49,2026-07-01,GCP-BigQuery
WOL-0000665,WO-000355,PRJ-010,Boilermaker,WKR-1623,11.79,72.24,851.71,2026-07-01,GCP-BigQuery
WOL-0000666,WO-000356,PRJ-010,Pipefitter,WKR-6430,3.6,63.53,228.71,2025-02-22,GCP-BigQuery
WOL-0000667,WO-000356,PRJ-010,Pipefitter,WKR-3963,9.51,103.37,983.05,2025-02-22,GCP-BigQuery
WOL-0000668,WO-000357,PRJ-012,Pipefitter,WKR-8174,6.7,91.87,615.53,2026-07-08,GCP-BigQuery
WOL-0000669,WO-000357,PRJ-012,Operator,WKR-3909,8.4,123.8,1039.92,2026-07-08,GCP-BigQuery
WOL-0000670,WO-000358,PRJ-012,Operator,WKR-7724,5.66,103.0,582.98,2025-03-24,GCP-BigQuery
WOL-0000671,WO-000358,PRJ-012,Ironworker,WKR-6833,11.57,84.74,980.44,2025-03-24,GCP-BigQuery
WOL-0000672,WO-000358,PRJ-012,Carpenter,WKR-9207,5.93,112.19,665.29,2025-03-24,GCP-BigQuery
WOL-0000673,WO-000358,PRJ-012,Pipefitter,WKR-2836,11.19,61.67,690.09,2025-03-24,GCP-BigQuery
WOL-0000674,WO-000360,PRJ-010,Operator,WKR-2405,8.31,126.74,1053.21,2026-05-29,GCP-BigQuery
WOL-0000675,WO-000360,PRJ-010,Millwright,WKR-9273,10.48,107.49,1126.5,2026-05-29,GCP-BigQuery
WOL-0000676,WO-000360,PRJ-010,Electrician,WKR-8427,3.26,109.14,355.8,2026-05-29,GCP-BigQuery
WOL-0000677,WO-000360,PRJ-010,Electrician,WKR-8354,9.94,96.47,958.91,2026-05-29,GCP-BigQuery
WOL-0000678,WO-000361,PRJ-009,Instrument Tech,WKR-7498,4.76,133.59,635.89,2025-05-10,GCP-BigQuery
WOL-0000679,WO-000361,PRJ-009,Millwright,WKR-6255,9.78,114.88,1123.53,2025-05-10,GCP-BigQuery
WOL-0000680,WO-000362,PRJ-007,Carpenter,WKR-8018,7.84,93.24,731.0,2026-05-22,GCP-BigQuery
WOL-0000681,WO-000362,PRJ-007,Welder,WKR-7374,4.82,112.11,540.37,2026-05-22,GCP-BigQuery
WOL-0000682,WO-000363,PRJ-009,Laborer,WKR-4953,9.29,130.89,1215.97,2026-06-04,GCP-BigQuery
WOL-0000683,WO-000363,PRJ-009,Instrument Tech,WKR-1085,2.97,105.99,314.79,2026-06-04,GCP-BigQuery
WOL-0000684,WO-000364,PRJ-009,Operator,WKR-6802,7.26,90.61,657.83,2025-09-29,GCP-BigQuery
WOL-0000685,WO-000364,PRJ-009,Ironworker,WKR-6444,7.16,76.17,545.38,2025-09-29,GCP-BigQuery
WOL-0000686,WO-000364,PRJ-009,Welder,WKR-6698,6.15,125.86,774.04,2025-09-29,GCP-BigQuery
WOL-0000687,WO-000365,PRJ-002,Carpenter,WKR-4843,5.25,64.73,339.83,2026-03-07,GCP-BigQuery
WOL-0000688,WO-000367,PRJ-006,Electrician,WKR-4191,9.61,57.0,547.77,2026-04-23,GCP-BigQuery
WOL-0000689,WO-000368,PRJ-009,Electrician,WKR-2799,4.68,89.08,416.89,2025-09-13,GCP-BigQuery
WOL-0000690,WO-000368,PRJ-009,Millwright,WKR-2995,9.3,130.5,1213.65,2025-09-13,GCP-BigQuery
WOL-0000691,WO-000368,PRJ-009,Instrument Tech,WKR-6020,11.53,76.3,879.74,2025-09-13,GCP-BigQuery
WOL-0000692,WO-000369,PRJ-007,Operator,WKR-2999,3.99,86.69,345.89,2026-07-20,GCP-BigQuery
WOL-0000693,WO-000370,PRJ-012,Millwright,WKR-9023,8.97,84.25,755.72,2026-03-22,GCP-BigQuery
WOL-0000694,WO-000371,PRJ-009,Welder,WKR-3684,11.24,60.27,677.43,2025-10-17,GCP-BigQuery
WOL-0000695,WO-000371,PRJ-009,Instrument Tech,WKR-4712,5.08,63.82,324.21,2025-10-17,GCP-BigQuery
WOL-0000696,WO-000371,PRJ-009,Pipefitter,WKR-5703,8.56,68.29,584.56,2025-10-17,GCP-BigQuery
WOL-0000697,WO-000371,PRJ-009,Ironworker,WKR-9780,11.79,75.49,890.03,2025-10-17,GCP-BigQuery
WOL-0000698,WO-000372,PRJ-012,Electrician,WKR-5169,3.43,58.38,200.24,2025-12-01,GCP-BigQuery
WOL-0000699,WO-000373,PRJ-003,Operator,WKR-7716,4.96,60.69,301.02,2025-07-24,GCP-BigQuery
WOL-0000700,WO-000373,PRJ-003,Instrument Tech,WKR-3149,5.01,98.04,491.18,2025-07-24,GCP-BigQuery
WOL-0000701,WO-000373,PRJ-003,Carpenter,WKR-1623,4.91,92.59,454.62,2025-07-24,GCP-BigQuery
WOL-0000702,WO-000374,PRJ-004,Laborer,WKR-7952,8.92,113.38,1011.35,2026-04-15,GCP-BigQuery
WOL-0000703,WO-000374,PRJ-004,Boilermaker,WKR-7469,7.4,94.64,700.34,2026-04-15,GCP-BigQuery
WOL-0000704,WO-000374,PRJ-004,Boilermaker,WKR-4438,8.98,106.3,954.57,2026-04-15,GCP-BigQuery
WOL-0000705,WO-000374,PRJ-004,Boilermaker,WKR-2401,10.29,68.55,705.38,2026-04-15,GCP-BigQuery
WOL-0000706,WO-000376,PRJ-010,Millwright,WKR-5331,4.54,105.7,479.88,2025-07-03,GCP-BigQuery
WOL-0000707,WO-000376,PRJ-010,Welder,WKR-6905,8.56,92.65,793.08,2025-07-03,GCP-BigQuery
WOL-0000708,WO-000376,PRJ-010,Electrician,WKR-8886,4.58,93.39,427.73,2025-07-03,GCP-BigQuery
WOL-0000709,WO-000376,PRJ-010,Operator,WKR-8379,5.98,68.26,408.19,2025-07-03,GCP-BigQuery
WOL-0000710,WO-000377,PRJ-012,Laborer,WKR-9757,2.95,50.19,148.06,2026-01-04,GCP-BigQuery
WOL-0000711,WO-000377,PRJ-012,Boilermaker,WKR-8837,2.96,58.87,174.26,2026-01-04,GCP-BigQuery
WOL-0000712,WO-000378,PRJ-008,Instrument Tech,WKR-3874,6.36,104.47,664.43,2026-03-26,GCP-BigQuery
WOL-0000713,WO-000379,PRJ-003,Instrument Tech,WKR-8741,2.99,69.2,206.91,2025-10-08,GCP-BigQuery
WOL-0000714,WO-000379,PRJ-003,Instrument Tech,WKR-3824,9.81,134.5,1319.45,2025-10-08,GCP-BigQuery
WOL-0000715,WO-000379,PRJ-003,Operator,WKR-7435,11.45,77.9,891.96,2025-10-08,GCP-BigQuery
WOL-0000716,WO-000379,PRJ-003,Electrician,WKR-2850,10.83,62.86,680.77,2025-10-08,GCP-BigQuery
WOL-0000717,WO-000380,PRJ-009,Ironworker,WKR-7259,10.44,54.87,572.84,2025-09-27,GCP-BigQuery
WOL-0000718,WO-000380,PRJ-009,Laborer,WKR-2446,5.43,83.34,452.54,2025-09-27,GCP-BigQuery
WOL-0000719,WO-000380,PRJ-009,Millwright,WKR-6217,11.11,59.38,659.71,2025-09-27,GCP-BigQuery
WOL-0000720,WO-000381,PRJ-009,Pipefitter,WKR-8180,3.48,128.79,448.19,2026-06-16,GCP-BigQuery
WOL-0000721,WO-000381,PRJ-009,Ironworker,WKR-4433,4.34,73.91,320.77,2026-06-16,GCP-BigQuery
WOL-0000722,WO-000381,PRJ-009,Ironworker,WKR-6080,6.05,119.11,720.62,2026-06-16,GCP-BigQuery
WOL-0000723,WO-000383,PRJ-009,Boilermaker,WKR-6027,9.19,87.83,807.16,2026-05-13,GCP-BigQuery
WOL-0000724,WO-000383,PRJ-009,Electrician,WKR-3599,3.07,76.36,234.43,2026-05-13,GCP-BigQuery
WOL-0000725,WO-000383,PRJ-009,Instrument Tech,WKR-2257,3.35,95.86,321.13,2026-05-13,GCP-BigQuery
WOL-0000726,WO-000383,PRJ-009,Welder,WKR-3400,8.95,50.46,451.62,2026-05-13,GCP-BigQuery
WOL-0000727,WO-000384,PRJ-008,Millwright,WKR-1140,2.52,76.75,193.41,2025-10-04,GCP-BigQuery
WOL-0000728,WO-000384,PRJ-008,Ironworker,WKR-1901,6.69,114.73,767.54,2025-10-04,GCP-BigQuery
WOL-0000729,WO-000387,PRJ-001,Operator,WKR-9936,7.84,91.9,720.5,2025-06-30,GCP-BigQuery
WOL-0000730,WO-000387,PRJ-001,Ironworker,WKR-8721,5.36,109.8,588.53,2025-06-30,GCP-BigQuery
WOL-0000731,WO-000388,PRJ-009,Welder,WKR-6884,9.78,71.44,698.68,2026-02-23,GCP-BigQuery
WOL-0000732,WO-000388,PRJ-009,Carpenter,WKR-1023,3.48,91.1,317.03,2026-02-23,GCP-BigQuery
WOL-0000733,WO-000388,PRJ-009,Operator,WKR-8868,3.94,102.96,405.66,2026-02-23,GCP-BigQuery
WOL-0000734,WO-000388,PRJ-009,Welder,WKR-6730,2.49,96.59,240.51,2026-02-23,GCP-BigQuery
WOL-0000735,WO-000389,PRJ-003,Carpenter,WKR-6442,8.55,56.96,487.01,2025-03-28,GCP-BigQuery
WOL-0000736,WO-000389,PRJ-003,Electrician,WKR-3661,8.36,66.76,558.11,2025-03-28,GCP-BigQuery
WOL-0000737,WO-000391,PRJ-001,Laborer,WKR-3636,11.21,130.53,1463.24,2025-04-06,GCP-BigQuery
WOL-0000738,WO-000391,PRJ-001,Boilermaker,WKR-1320,9.17,105.68,969.09,2025-04-06,GCP-BigQuery
WOL-0000739,WO-000391,PRJ-001,Ironworker,WKR-4336,4.66,65.99,307.51,2025-04-06,GCP-BigQuery
WOL-0000740,WO-000391,PRJ-001,Operator,WKR-3640,11.53,121.57,1401.7,2025-04-06,GCP-BigQuery
WOL-0000741,WO-000393,PRJ-009,Ironworker,WKR-6873,3.92,72.14,282.79,2025-09-02,GCP-BigQuery
WOL-0000742,WO-000393,PRJ-009,Pipefitter,WKR-9943,8.43,105.15,886.41,2025-09-02,GCP-BigQuery
WOL-0000743,WO-000393,PRJ-009,Laborer,WKR-4229,10.72,61.93,663.89,2025-09-02,GCP-BigQuery
WOL-0000744,WO-000393,PRJ-009,Operator,WKR-7648,3.35,80.51,269.71,2025-09-02,GCP-BigQuery
WOL-0000745,WO-000395,PRJ-002,Laborer,WKR-3439,2.49,61.64,153.48,2025-03-31,GCP-BigQuery
WOL-0000746,WO-000395,PRJ-002,Instrument Tech,WKR-3594,3.28,129.27,424.01,2025-03-31,GCP-BigQuery
WOL-0000747,WO-000395,PRJ-002,Carpenter,WKR-6099,7.01,134.7,944.25,2025-03-31,GCP-BigQuery
WOL-0000748,WO-000396,PRJ-005,Boilermaker,WKR-5589,11.3,67.36,761.17,2025-05-12,GCP-BigQuery
WOL-0000749,WO-000397,PRJ-010,Boilermaker,WKR-8172,7.35,85.18,626.07,2026-01-02,GCP-BigQuery
WOL-0000750,WO-000398,PRJ-003,Pipefitter,WKR-2558,8.18,109.83,898.41,2026-06-24,GCP-BigQuery
WOL-0000751,WO-000398,PRJ-003,Carpenter,WKR-9697,3.46,69.42,240.19,2026-06-24,GCP-BigQuery
WOL-0000752,WO-000398,PRJ-003,Carpenter,WKR-3072,8.31,51.31,426.39,2026-06-24,GCP-BigQuery
WOL-0000753,WO-000399,PRJ-007,Welder,WKR-6088,9.85,97.37,959.09,2026-08-07,GCP-BigQuery
WOL-0000754,WO-000400,PRJ-007,Laborer,WKR-2143,4.41,61.96,273.24,2026-04-05,GCP-BigQuery
WOL-0000755,WO-000400,PRJ-007,Instrument Tech,WKR-7550,10.82,71.08,769.09,2026-04-05,GCP-BigQuery
WOL-0000756,WO-000400,PRJ-007,Instrument Tech,WKR-5819,3.52,62.96,221.62,2026-04-05,GCP-BigQuery
WOL-0000757,WO-000400,PRJ-007,Carpenter,WKR-9849,3.18,50.12,159.38,2026-04-05,GCP-BigQuery
WOL-0000758,WO-000401,PRJ-004,Laborer,WKR-8197,5.63,82.51,464.53,2026-07-02,GCP-BigQuery
WOL-0000759,WO-000401,PRJ-004,Operator,WKR-3821,3.8,104.58,397.4,2026-07-02,GCP-BigQuery
WOL-0000760,WO-000401,PRJ-004,Millwright,WKR-3867,3.04,107.81,327.74,2026-07-02,GCP-BigQuery
WOL-0000761,WO-000401,PRJ-004,Pipefitter,WKR-8640,10.67,127.96,1365.33,2026-07-02,GCP-BigQuery
WOL-0000762,WO-000402,PRJ-009,Millwright,WKR-6140,4.37,125.67,549.18,2026-04-26,GCP-BigQuery
WOL-0000763,WO-000405,PRJ-003,Electrician,WKR-3498,9.08,119.96,1089.24,2026-06-30,GCP-BigQuery
WOL-0000764,WO-000405,PRJ-003,Laborer,WKR-6311,3.19,102.36,326.53,2026-06-30,GCP-BigQuery
WOL-0000765,WO-000406,PRJ-012,Welder,WKR-4679,7.85,116.76,916.57,2025-09-08,GCP-BigQuery
WOL-0000766,WO-000406,PRJ-012,Millwright,WKR-5408,4.42,111.08,490.97,2025-09-08,GCP-BigQuery
WOL-0000767,WO-000407,PRJ-010,Electrician,WKR-9002,11.54,60.84,702.09,2026-02-05,GCP-BigQuery
WOL-0000768,WO-000407,PRJ-010,Welder,WKR-3817,9.65,109.07,1052.53,2026-02-05,GCP-BigQuery
WOL-0000769,WO-000407,PRJ-010,Welder,WKR-3571,2.22,92.16,204.6,2026-02-05,GCP-BigQuery
WOL-0000770,WO-000407,PRJ-010,Instrument Tech,WKR-2376,4.9,128.66,630.43,2026-02-05,GCP-BigQuery
WOL-0000771,WO-000409,PRJ-010,Carpenter,WKR-9054,7.04,120.93,851.35,2025-07-25,GCP-BigQuery
WOL-0000772,WO-000410,PRJ-003,Electrician,WKR-9316,8.34,96.42,804.14,2025-03-10,GCP-BigQuery
WOL-0000773,WO-000410,PRJ-003,Operator,WKR-9539,3.79,65.8,249.38,2025-03-10,GCP-BigQuery
WOL-0000774,WO-000413,PRJ-001,Pipefitter,WKR-9734,8.35,53.27,444.8,2025-10-03,GCP-BigQuery
WOL-0000775,WO-000413,PRJ-001,Pipefitter,WKR-4580,7.97,95.97,764.88,2025-10-03,GCP-BigQuery
WOL-0000776,WO-000414,PRJ-012,Electrician,WKR-9928,6.74,112.59,758.86,2025-08-11,GCP-BigQuery
WOL-0000777,WO-000414,PRJ-012,Millwright,WKR-3907,4.76,76.14,362.43,2025-08-11,GCP-BigQuery
WOL-0000778,WO-000414,PRJ-012,Welder,WKR-7089,9.63,78.28,753.84,2025-08-11,GCP-BigQuery
WOL-0000779,WO-000415,PRJ-009,Boilermaker,WKR-3429,8.08,120.12,970.57,2026-05-28,GCP-BigQuery
WOL-0000780,WO-000417,PRJ-010,Operator,WKR-5642,6.75,71.23,480.8,2025-07-05,GCP-BigQuery
WOL-0000781,WO-000417,PRJ-010,Carpenter,WKR-4499,4.62,121.39,560.82,2025-07-05,GCP-BigQuery
WOL-0000782,WO-000417,PRJ-010,Laborer,WKR-5810,3.29,68.88,226.62,2025-07-05,GCP-BigQuery
WOL-0000783,WO-000418,PRJ-002,Carpenter,WKR-4389,5.01,71.0,355.71,2026-04-02,GCP-BigQuery
WOL-0000784,WO-000419,PRJ-002,Electrician,WKR-2346,11.68,121.53,1419.47,2026-02-08,GCP-BigQuery
WOL-0000785,WO-000419,PRJ-002,Electrician,WKR-7911,8.14,116.89,951.48,2026-02-08,GCP-BigQuery
WOL-0000786,WO-000420,PRJ-009,Boilermaker,WKR-3641,9.32,98.77,920.54,2025-09-10,GCP-BigQuery
WOL-0000787,WO-000420,PRJ-009,Welder,WKR-7403,2.56,80.15,205.18,2025-09-10,GCP-BigQuery
WOL-0000788,WO-000420,PRJ-009,Pipefitter,WKR-6377,5.95,120.11,714.65,2025-09-10,GCP-BigQuery
WOL-0000789,WO-000420,PRJ-009,Laborer,WKR-8839,2.34,54.05,126.48,2025-09-10,GCP-BigQuery
WOL-0000790,WO-000421,PRJ-009,Electrician,WKR-8248,7.0,60.99,426.93,2026-08-07,GCP-BigQuery
WOL-0000791,WO-000421,PRJ-009,Welder,WKR-7744,4.16,54.8,227.97,2026-08-07,GCP-BigQuery
WOL-0000792,WO-000421,PRJ-009,Millwright,WKR-7233,8.08,82.32,665.15,2026-08-07,GCP-BigQuery
WOL-0000793,WO-000422,PRJ-003,Carpenter,WKR-7646,2.34,102.61,240.11,2025-06-05,GCP-BigQuery
WOL-0000794,WO-000425,PRJ-003,Boilermaker,WKR-4509,6.74,84.89,572.16,2026-02-07,GCP-BigQuery
WOL-0000795,WO-000427,PRJ-002,Electrician,WKR-8700,10.03,81.02,812.63,2026-03-09,GCP-BigQuery
WOL-0000796,WO-000428,PRJ-010,Instrument Tech,WKR-5899,5.55,121.06,671.88,2025-10-30,GCP-BigQuery
WOL-0000797,WO-000428,PRJ-010,Carpenter,WKR-8079,5.86,109.25,640.21,2025-10-30,GCP-BigQuery
WOL-0000798,WO-000428,PRJ-010,Laborer,WKR-6196,6.83,85.01,580.62,2025-10-30,GCP-BigQuery
WOL-0000799,WO-000428,PRJ-010,Millwright,WKR-7818,7.85,85.02,667.41,2025-10-30,GCP-BigQuery
WOL-0000800,WO-000429,PRJ-001,Millwright,WKR-8970,6.53,100.66,657.31,2025-06-09,GCP-BigQuery
WOL-0000801,WO-000429,PRJ-001,Carpenter,WKR-7768,4.61,68.18,314.31,2025-06-09,GCP-BigQuery
WOL-0000802,WO-000429,PRJ-001,Electrician,WKR-6734,8.89,87.07,774.05,2025-06-09,GCP-BigQuery
WOL-0000803,WO-000435,PRJ-012,Operator,WKR-4988,4.04,125.53,507.14,2026-05-30,GCP-BigQuery
WOL-0000804,WO-000435,PRJ-012,Ironworker,WKR-1971,8.08,57.79,466.94,2026-05-30,GCP-BigQuery
WOL-0000805,WO-000437,PRJ-010,Pipefitter,WKR-2805,5.67,89.14,505.42,2025-05-24,GCP-BigQuery
WOL-0000806,WO-000437,PRJ-010,Welder,WKR-3704,5.5,48.54,266.97,2025-05-24,GCP-BigQuery
WOL-0000807,WO-000437,PRJ-010,Millwright,WKR-6874,3.19,59.17,188.75,2025-05-24,GCP-BigQuery
WOL-0000808,WO-000438,PRJ-001,Laborer,WKR-6593,8.96,129.02,1156.02,2025-03-02,GCP-BigQuery
WOL-0000809,WO-000439,PRJ-001,Pipefitter,WKR-5559,11.9,132.88,1581.27,2025-08-18,GCP-BigQuery
WOL-0000810,WO-000439,PRJ-001,Boilermaker,WKR-4601,3.08,110.7,340.96,2025-08-18,GCP-BigQuery
WOL-0000811,WO-000439,PRJ-001,Carpenter,WKR-1335,9.79,102.31,1001.61,2025-08-18,GCP-BigQuery
WOL-0000812,WO-000439,PRJ-001,Instrument Tech,WKR-1555,11.78,54.36,640.36,2025-08-18,GCP-BigQuery
WOL-0000813,WO-000440,PRJ-007,Pipefitter,WKR-4449,10.31,60.62,624.99,2025-11-24,GCP-BigQuery
WOL-0000814,WO-000441,PRJ-004,Welder,WKR-2806,4.43,50.24,222.56,2026-04-22,GCP-BigQuery
WOL-0000815,WO-000441,PRJ-004,Ironworker,WKR-3433,6.01,95.99,576.9,2026-04-22,GCP-BigQuery
WOL-0000816,WO-000441,PRJ-004,Millwright,WKR-5866,11.41,99.45,1134.72,2026-04-22,GCP-BigQuery
WOL-0000817,WO-000442,PRJ-006,Pipefitter,WKR-8030,5.5,48.2,265.1,2026-02-28,GCP-BigQuery
WOL-0000818,WO-000442,PRJ-006,Electrician,WKR-6627,10.27,53.11,545.44,2026-02-28,GCP-BigQuery
WOL-0000819,WO-000442,PRJ-006,Operator,WKR-5972,8.61,60.68,522.45,2026-02-28,GCP-BigQuery
WOL-0000820,WO-000442,PRJ-006,Operator,WKR-8801,4.43,49.43,218.97,2026-02-28,GCP-BigQuery
WOL-0000821,WO-000443,PRJ-008,Boilermaker,WKR-9283,9.82,110.89,1088.94,2025-09-02,GCP-BigQuery
WOL-0000822,WO-000444,PRJ-010,Carpenter,WKR-3535,6.38,85.2,543.58,2026-02-06,GCP-BigQuery
WOL-0000823,WO-000444,PRJ-010,Electrician,WKR-7558,8.25,90.29,744.89,2026-02-06,GCP-BigQuery
WOL-0000824,WO-000444,PRJ-010,Operator,WKR-8761,5.57,59.38,330.75,2026-02-06,GCP-BigQuery
WOL-0000825,WO-000444,PRJ-010,Boilermaker,WKR-7212,10.28,78.54,807.39,2026-02-06,GCP-BigQuery
WOL-0000826,WO-000446,PRJ-002,Boilermaker,WKR-5137,9.61,81.94,787.44,2026-05-15,GCP-BigQuery
WOL-0000827,WO-000446,PRJ-002,Ironworker,WKR-5784,2.58,63.22,163.11,2026-05-15,GCP-BigQuery
WOL-0000828,WO-000446,PRJ-002,Operator,WKR-7800,5.82,51.05,297.11,2026-05-15,GCP-BigQuery
WOL-0000829,WO-000446,PRJ-002,Electrician,WKR-2325,6.12,110.46,676.02,2026-05-15,GCP-BigQuery
WOL-0000830,WO-000447,PRJ-004,Boilermaker,WKR-4069,9.45,122.65,1159.04,2025-12-13,GCP-BigQuery
WOL-0000831,WO-000447,PRJ-004,Operator,WKR-4737,10.0,59.04,590.4,2025-12-13,GCP-BigQuery
WOL-0000832,WO-000448,PRJ-009,Pipefitter,WKR-5547,2.53,53.61,135.63,2026-04-09,GCP-BigQuery
WOL-0000833,WO-000448,PRJ-009,Electrician,WKR-2070,10.36,95.3,987.31,2026-04-09,GCP-BigQuery
WOL-0000834,WO-000449,PRJ-003,Operator,WKR-2660,7.38,102.7,757.93,2026-06-02,GCP-BigQuery
WOL-0000835,WO-000449,PRJ-003,Laborer,WKR-9381,7.41,81.52,604.06,2026-06-02,GCP-BigQuery
WOL-0000836,WO-000449,PRJ-003,Laborer,WKR-6580,11.34,65.27,740.16,2026-06-02,GCP-BigQuery
WOL-0000837,WO-000449,PRJ-003,Operator,WKR-2118,8.38,96.94,812.36,2026-06-02,GCP-BigQuery
WOL-0000838,WO-000450,PRJ-010,Instrument Tech,WKR-9560,9.99,78.03,779.52,2026-05-24,GCP-BigQuery
WOL-0000839,WO-000450,PRJ-010,Ironworker,WKR-1442,3.16,128.97,407.55,2026-05-24,GCP-BigQuery
WOL-0000840,WO-000450,PRJ-010,Electrician,WKR-6784,4.08,73.97,301.8,2026-05-24,GCP-BigQuery
WOL-0000841,WO-000452,PRJ-009,Laborer,WKR-2651,9.01,48.61,437.98,2026-01-29,GCP-BigQuery
WOL-0000842,WO-000452,PRJ-009,Instrument Tech,WKR-1235,9.5,83.13,789.73,2026-01-29,GCP-BigQuery
WOL-0000843,WO-000452,PRJ-009,Operator,WKR-5593,11.64,61.16,711.9,2026-01-29,GCP-BigQuery
WOL-0000844,WO-000452,PRJ-009,Millwright,WKR-7989,4.48,112.16,502.48,2026-01-29,GCP-BigQuery
WOL-0000845,WO-000453,PRJ-004,Millwright,WKR-4674,8.58,127.09,1090.43,2026-06-12,GCP-BigQuery
WOL-0000846,WO-000453,PRJ-004,Laborer,WKR-5310,6.15,86.41,531.42,2026-06-12,GCP-BigQuery
WOL-0000847,WO-000455,PRJ-002,Instrument Tech,WKR-2851,2.34,49.98,116.95,2026-05-06,GCP-BigQuery
WOL-0000848,WO-000455,PRJ-002,Pipefitter,WKR-3567,10.28,61.33,630.47,2026-05-06,GCP-BigQuery
WOL-0000849,WO-000455,PRJ-002,Ironworker,WKR-3727,8.29,64.03,530.81,2026-05-06,GCP-BigQuery
WOL-0000850,WO-000455,PRJ-002,Operator,WKR-9930,6.67,67.85,452.56,2026-05-06,GCP-BigQuery
WOL-0000851,WO-000457,PRJ-007,Electrician,WKR-5835,10.5,88.9,933.45,2026-06-06,GCP-BigQuery
WOL-0000852,WO-000459,PRJ-008,Carpenter,WKR-4181,3.18,91.53,291.07,2025-03-12,GCP-BigQuery
WOL-0000853,WO-000461,PRJ-003,Welder,WKR-2438,11.59,88.31,1023.51,2026-03-08,GCP-BigQuery
WOL-0000854,WO-000461,PRJ-003,Carpenter,WKR-1973,3.64,63.96,232.81,2026-03-08,GCP-BigQuery
WOL-0000855,WO-000464,PRJ-004,Operator,WKR-1852,4.7,64.09,301.22,2025-07-19,GCP-BigQuery
WOL-0000856,WO-000464,PRJ-004,Operator,WKR-3539,2.76,113.53,313.34,2025-07-19,GCP-BigQuery
WOL-0000857,WO-000464,PRJ-004,Pipefitter,WKR-4189,11.78,63.93,753.1,2025-07-19,GCP-BigQuery
WOL-0000858,WO-000467,PRJ-010,Millwright,WKR-5240,7.0,123.75,866.25,2025-04-09,GCP-BigQuery
WOL-0000859,WO-000467,PRJ-010,Laborer,WKR-9787,2.1,83.61,175.58,2025-04-09,GCP-BigQuery
WOL-0000860,WO-000467,PRJ-010,Laborer,WKR-7617,2.0,94.43,188.86,2025-04-09,GCP-BigQuery
WOL-0000861,WO-000469,PRJ-005,Carpenter,WKR-4525,6.13,84.57,518.41,2025-10-06,GCP-BigQuery
WOL-0000862,WO-000469,PRJ-005,Operator,WKR-9132,10.92,94.67,1033.8,2025-10-06,GCP-BigQuery
WOL-0000863,WO-000470,PRJ-010,Operator,WKR-6922,5.51,90.94,501.08,2025-07-31,GCP-BigQuery
WOL-0000864,WO-000471,PRJ-001,Laborer,WKR-9426,10.29,64.32,661.85,2025-03-30,GCP-BigQuery
WOL-0000865,WO-000471,PRJ-001,Instrument Tech,WKR-5650,7.8,101.22,789.52,2025-03-30,GCP-BigQuery
WOL-0000866,WO-000472,PRJ-001,Ironworker,WKR-3070,8.68,104.99,911.31,2025-06-13,GCP-BigQuery
WOL-0000867,WO-000472,PRJ-001,Welder,WKR-9857,7.82,78.85,616.61,2025-06-13,GCP-BigQuery
WOL-0000868,WO-000472,PRJ-001,Instrument Tech,WKR-1828,7.48,63.63,475.95,2025-06-13,GCP-BigQuery
WOL-0000869,WO-000474,PRJ-008,Operator,WKR-7053,6.57,95.98,630.59,2026-06-06,GCP-BigQuery
WOL-0000870,WO-000474,PRJ-008,Carpenter,WKR-2860,8.53,113.16,965.25,2026-06-06,GCP-BigQuery
WOL-0000871,WO-000474,PRJ-008,Welder,WKR-3123,3.1,106.22,329.28,2026-06-06,GCP-BigQuery
WOL-0000872,WO-000475,PRJ-003,Electrician,WKR-9710,3.31,75.21,248.95,2026-06-07,GCP-BigQuery
WOL-0000873,WO-000475,PRJ-003,Carpenter,WKR-6796,3.57,73.97,264.07,2026-06-07,GCP-BigQuery
WOL-0000874,WO-000476,PRJ-005,Ironworker,WKR-8923,11.63,67.91,789.79,2025-04-30,GCP-BigQuery
WOL-0000875,WO-000476,PRJ-005,Ironworker,WKR-1117,3.39,114.25,387.31,2025-04-30,GCP-BigQuery
WOL-0000876,WO-000476,PRJ-005,Carpenter,WKR-7335,6.07,69.52,421.99,2025-04-30,GCP-BigQuery
WOL-0000877,WO-000476,PRJ-005,Boilermaker,WKR-7269,2.16,88.45,191.05,2025-04-30,GCP-BigQuery
WOL-0000878,WO-000477,PRJ-003,Pipefitter,WKR-6639,10.97,79.42,871.24,2025-10-07,GCP-BigQuery
WOL-0000879,WO-000480,PRJ-004,Instrument Tech,WKR-2785,4.25,77.48,329.29,2026-03-20,GCP-BigQuery
WOL-0000880,WO-000481,PRJ-005,Ironworker,WKR-2260,8.33,85.71,713.96,2025-06-03,GCP-BigQuery
WOL-0000881,WO-000482,PRJ-003,Ironworker,WKR-6604,9.82,74.19,728.55,2025-09-18,GCP-BigQuery
WOL-0000882,WO-000482,PRJ-003,Welder,WKR-6578,10.93,67.27,735.26,2025-09-18,GCP-BigQuery
WOL-0000883,WO-000483,PRJ-007,Carpenter,WKR-1250,7.3,132.99,970.83,2025-05-01,GCP-BigQuery
WOL-0000884,WO-000483,PRJ-007,Millwright,WKR-1219,7.64,75.06,573.46,2025-05-01,GCP-BigQuery
WOL-0000885,WO-000483,PRJ-007,Pipefitter,WKR-3379,11.97,68.89,824.61,2025-05-01,GCP-BigQuery
WOL-0000886,WO-000483,PRJ-007,Carpenter,WKR-2770,8.53,126.64,1080.24,2025-05-01,GCP-BigQuery
WOL-0000887,WO-000484,PRJ-008,Ironworker,WKR-7905,7.68,134.97,1036.57,2026-03-02,GCP-BigQuery
WOL-0000888,WO-000484,PRJ-008,Welder,WKR-2748,7.24,104.98,760.06,2026-03-02,GCP-BigQuery
WOL-0000889,WO-000484,PRJ-008,Operator,WKR-4914,2.11,70.34,148.42,2026-03-02,GCP-BigQuery
WOL-0000890,WO-000484,PRJ-008,Boilermaker,WKR-6920,4.28,92.72,396.84,2026-03-02,GCP-BigQuery
WOL-0000891,WO-000485,PRJ-008,Instrument Tech,WKR-1818,10.94,132.07,1444.85,2025-11-21,GCP-BigQuery
WOL-0000892,WO-000485,PRJ-008,Laborer,WKR-1073,8.2,65.9,540.38,2025-11-21,GCP-BigQuery
WOL-0000893,WO-000485,PRJ-008,Carpenter,WKR-6098,3.75,61.17,229.39,2025-11-21,GCP-BigQuery
WOL-0000894,WO-000485,PRJ-008,Millwright,WKR-5281,7.74,107.29,830.42,2025-11-21,GCP-BigQuery
WOL-0000895,WO-000486,PRJ-011,Pipefitter,WKR-3668,9.78,63.23,618.39,2026-06-01,GCP-BigQuery
WOL-0000896,WO-000487,PRJ-002,Millwright,WKR-6524,5.32,114.15,607.28,2025-02-28,GCP-BigQuery
WOL-0000897,WO-000487,PRJ-002,Pipefitter,WKR-1644,3.97,49.94,198.26,2025-02-28,GCP-BigQuery
WOL-0000898,WO-000487,PRJ-002,Operator,WKR-2210,11.84,105.38,1247.7,2025-02-28,GCP-BigQuery
WOL-0000899,WO-000487,PRJ-002,Ironworker,WKR-9859,11.08,70.18,777.59,2025-02-28,GCP-BigQuery
WOL-0000900,WO-000488,PRJ-006,Laborer,WKR-5059,7.1,70.65,501.62,2025-11-17,GCP-BigQuery
WOL-0000901,WO-000489,PRJ-003,Boilermaker,WKR-5272,5.19,90.31,468.71,2025-10-25,GCP-BigQuery
WOL-0000902,WO-000489,PRJ-003,Millwright,WKR-1200,3.13,123.41,386.27,2025-10-25,GCP-BigQuery
WOL-0000903,WO-000492,PRJ-004,Welder,WKR-1868,2.41,58.07,139.95,2025-03-12,GCP-BigQuery
WOL-0000904,WO-000492,PRJ-004,Operator,WKR-2413,2.62,53.14,139.23,2025-03-12,GCP-BigQuery
WOL-0000905,WO-000492,PRJ-004,Welder,WKR-8047,10.48,120.06,1258.23,2025-03-12,GCP-BigQuery
WOL-0000906,WO-000495,PRJ-002,Instrument Tech,WKR-8949,9.23,112.25,1036.07,2026-07-16,GCP-BigQuery
WOL-0000907,WO-000496,PRJ-008,Electrician,WKR-8235,9.32,112.07,1044.49,2026-03-11,GCP-BigQuery
WOL-0000908,WO-000496,PRJ-008,Welder,WKR-1760,7.56,66.53,502.97,2026-03-11,GCP-BigQuery
WOL-0000909,WO-000496,PRJ-008,Instrument Tech,WKR-2523,6.19,55.98,346.52,2026-03-11,GCP-BigQuery
WOL-0000910,WO-000496,PRJ-008,Boilermaker,WKR-9729,2.24,74.12,166.03,2026-03-11,GCP-BigQuery
WOL-0000911,WO-000497,PRJ-001,Millwright,WKR-3814,4.41,83.1,366.47,2025-06-02,GCP-BigQuery
WOL-0000912,WO-000497,PRJ-001,Millwright,WKR-6865,8.74,103.2,901.97,2025-06-02,GCP-BigQuery
WOL-0000913,WO-000497,PRJ-001,Pipefitter,WKR-7848,7.11,51.15,363.68,2025-06-02,GCP-BigQuery
WOL-0000914,WO-000499,PRJ-010,Laborer,WKR-2851,11.36,126.95,1442.15,2026-06-12,GCP-BigQuery
WOL-0000915,WO-000499,PRJ-010,Boilermaker,WKR-8778,9.43,117.0,1103.31,2026-06-12,GCP-BigQuery
WOL-0000916,WO-000499,PRJ-010,Instrument Tech,WKR-2993,4.6,87.22,401.21,2026-06-12,GCP-BigQuery
WOL-0000917,WO-000500,PRJ-012,Pipefitter,WKR-6453,8.59,85.54,734.79,2025-05-28,GCP-BigQuery
WOL-0000918,WO-000500,PRJ-012,Welder,WKR-4090,10.47,91.12,954.03,2025-05-28,GCP-BigQuery
WOL-0000919,WO-000500,PRJ-012,Carpenter,WKR-5752,9.93,123.62,1227.55,2025-05-28,GCP-BigQuery
WOL-0000920,WO-000501,PRJ-008,Instrument Tech,WKR-9234,3.06,53.66,164.2,2026-02-18,GCP-BigQuery
WOL-0000921,WO-000501,PRJ-008,Electrician,WKR-6488,3.38,82.04,277.3,2026-02-18,GCP-BigQuery
WOL-0000922,WO-000501,PRJ-008,Electrician,WKR-5195,4.12,67.6,278.51,2026-02-18,GCP-BigQuery
WOL-0000923,WO-000501,PRJ-008,Boilermaker,WKR-1675,5.61,106.86,599.48,2026-02-18,GCP-BigQuery
WOL-0000924,WO-000502,PRJ-002,Boilermaker,WKR-5240,3.74,100.79,376.95,2026-03-26,GCP-BigQuery
WOL-0000925,WO-000504,PRJ-009,Millwright,WKR-3116,3.98,117.94,469.4,2026-04-20,GCP-BigQuery
WOL-0000926,WO-000508,PRJ-008,Operator,WKR-9252,4.73,68.45,323.77,2026-05-24,GCP-BigQuery
WOL-0000927,WO-000510,PRJ-001,Carpenter,WKR-3193,10.81,82.55,892.37,2026-03-08,GCP-BigQuery
WOL-0000928,WO-000510,PRJ-001,Operator,WKR-8110,7.37,81.55,601.02,2026-03-08,GCP-BigQuery
WOL-0000929,WO-000511,PRJ-004,Carpenter,WKR-2156,7.27,87.3,634.67,2026-06-29,GCP-BigQuery
WOL-0000930,WO-000513,PRJ-012,Welder,WKR-2601,11.73,90.05,1056.29,2025-11-23,GCP-BigQuery
WOL-0000931,WO-000513,PRJ-012,Laborer,WKR-4921,11.69,131.6,1538.4,2025-11-23,GCP-BigQuery
WOL-0000932,WO-000514,PRJ-009,Millwright,WKR-2465,8.8,120.12,1057.06,2025-05-24,GCP-BigQuery
WOL-0000933,WO-000514,PRJ-009,Boilermaker,WKR-3710,5.31,74.22,394.11,2025-05-24,GCP-BigQuery
WOL-0000934,WO-000514,PRJ-009,Millwright,WKR-2865,3.18,115.74,368.05,2025-05-24,GCP-BigQuery
WOL-0000935,WO-000514,PRJ-009,Electrician,WKR-2057,5.98,120.64,721.43,2025-05-24,GCP-BigQuery
WOL-0000936,WO-000515,PRJ-003,Carpenter,WKR-2138,4.95,130.5,645.98,2026-02-15,GCP-BigQuery
WOL-0000937,WO-000515,PRJ-003,Electrician,WKR-4721,10.85,53.4,579.39,2026-02-15,GCP-BigQuery
WOL-0000938,WO-000517,PRJ-009,Instrument Tech,WKR-3892,5.7,94.51,538.71,2026-04-18,GCP-BigQuery
WOL-0000939,WO-000517,PRJ-009,Welder,WKR-1637,7.69,59.71,459.17,2026-04-18,GCP-BigQuery
WOL-0000940,WO-000517,PRJ-009,Operator,WKR-3521,7.84,89.93,705.05,2026-04-18,GCP-BigQuery
WOL-0000941,WO-000518,PRJ-003,Instrument Tech,WKR-3390,7.0,97.03,679.21,2025-11-12,GCP-BigQuery
WOL-0000942,WO-000520,PRJ-006,Instrument Tech,WKR-2087,2.77,66.16,183.26,2025-03-10,GCP-BigQuery
WOL-0000943,WO-000520,PRJ-006,Operator,WKR-7083,3.47,69.36,240.68,2025-03-10,GCP-BigQuery
WOL-0000944,WO-000521,PRJ-004,Carpenter,WKR-2139,9.29,52.48,487.54,2025-06-27,GCP-BigQuery
WOL-0000945,WO-000521,PRJ-004,Pipefitter,WKR-5083,6.46,99.57,643.22,2025-06-27,GCP-BigQuery
WOL-0000946,WO-000521,PRJ-004,Electrician,WKR-9544,8.47,113.77,963.63,2025-06-27,GCP-BigQuery
WOL-0000947,WO-000522,PRJ-007,Millwright,WKR-9345,3.63,70.98,257.66,2026-02-02,GCP-BigQuery
WOL-0000948,WO-000522,PRJ-007,Electrician,WKR-2162,5.94,123.91,736.03,2026-02-02,GCP-BigQuery
WOL-0000949,WO-000524,PRJ-009,Pipefitter,WKR-9926,3.49,93.47,326.21,2026-02-24,GCP-BigQuery
WOL-0000950,WO-000524,PRJ-009,Ironworker,WKR-8409,3.88,115.68,448.84,2026-02-24,GCP-BigQuery
WOL-0000951,WO-000525,PRJ-003,Boilermaker,WKR-3691,8.2,85.62,702.08,2026-05-19,GCP-BigQuery
WOL-0000952,WO-000525,PRJ-003,Welder,WKR-8926,6.26,56.29,352.38,2026-05-19,GCP-BigQuery
WOL-0000953,WO-000525,PRJ-003,Operator,WKR-6884,10.29,74.74,769.07,2026-05-19,GCP-BigQuery
WOL-0000954,WO-000525,PRJ-003,Ironworker,WKR-2576,4.32,59.09,255.27,2026-05-19,GCP-BigQuery
WOL-0000955,WO-000526,PRJ-008,Boilermaker,WKR-3445,3.34,116.03,387.54,2025-03-15,GCP-BigQuery
WOL-0000956,WO-000526,PRJ-008,Operator,WKR-4319,10.19,80.06,815.81,2025-03-15,GCP-BigQuery
WOL-0000957,WO-000526,PRJ-008,Instrument Tech,WKR-2808,9.51,92.39,878.63,2025-03-15,GCP-BigQuery
WOL-0000958,WO-000528,PRJ-009,Laborer,WKR-1410,5.4,56.94,307.48,2026-02-14,GCP-BigQuery
WOL-0000959,WO-000529,PRJ-002,Laborer,WKR-8519,7.74,101.06,782.2,2025-09-18,GCP-BigQuery
WOL-0000960,WO-000529,PRJ-002,Carpenter,WKR-3354,7.41,67.46,499.88,2025-09-18,GCP-BigQuery
WOL-0000961,WO-000531,PRJ-008,Electrician,WKR-2115,9.36,57.22,535.58,2025-08-29,GCP-BigQuery
WOL-0000962,WO-000531,PRJ-008,Instrument Tech,WKR-5132,7.97,116.34,927.23,2025-08-29,GCP-BigQuery
WOL-0000963,WO-000531,PRJ-008,Pipefitter,WKR-1954,4.03,127.13,512.33,2025-08-29,GCP-BigQuery
WOL-0000964,WO-000531,PRJ-008,Ironworker,WKR-1648,6.58,113.05,743.87,2025-08-29,GCP-BigQuery
WOL-0000965,WO-000532,PRJ-009,Pipefitter,WKR-1978,4.63,126.43,585.37,2025-08-09,GCP-BigQuery
WOL-0000966,WO-000532,PRJ-009,Electrician,WKR-3395,11.78,62.34,734.37,2025-08-09,GCP-BigQuery
WOL-0000967,WO-000532,PRJ-009,Electrician,WKR-9857,2.97,117.92,350.22,2025-08-09,GCP-BigQuery
WOL-0000968,WO-000532,PRJ-009,Welder,WKR-3510,4.97,76.33,379.36,2025-08-09,GCP-BigQuery
WOL-0000969,WO-000533,PRJ-003,Electrician,WKR-3716,9.87,53.28,525.87,2025-07-24,GCP-BigQuery
WOL-0000970,WO-000533,PRJ-003,Carpenter,WKR-4608,11.27,58.3,657.04,2025-07-24,GCP-BigQuery
WOL-0000971,WO-000533,PRJ-003,Ironworker,WKR-3327,11.93,122.18,1457.61,2025-07-24,GCP-BigQuery
WOL-0000972,WO-000533,PRJ-003,Operator,WKR-3485,2.22,53.95,119.77,2025-07-24,GCP-BigQuery
WOL-0000973,WO-000535,PRJ-009,Carpenter,WKR-7651,5.76,106.15,611.42,2025-07-21,GCP-BigQuery
WOL-0000974,WO-000535,PRJ-009,Welder,WKR-4479,6.22,60.47,376.12,2025-07-21,GCP-BigQuery
WOL-0000975,WO-000535,PRJ-009,Pipefitter,WKR-1563,10.71,76.8,822.53,2025-07-21,GCP-BigQuery
WOL-0000976,WO-000535,PRJ-009,Millwright,WKR-5867,11.59,107.22,1242.68,2025-07-21,GCP-BigQuery
WOL-0000977,WO-000536,PRJ-012,Laborer,WKR-9944,6.11,133.71,816.97,2025-10-21,GCP-BigQuery
WOL-0000978,WO-000536,PRJ-012,Laborer,WKR-4009,4.81,80.28,386.15,2025-10-21,GCP-BigQuery
WOL-0000979,WO-000536,PRJ-012,Welder,WKR-7344,8.59,103.62,890.1,2025-10-21,GCP-BigQuery
WOL-0000980,WO-000536,PRJ-012,Ironworker,WKR-2953,11.66,89.09,1038.79,2025-10-21,GCP-BigQuery
WOL-0000981,WO-000537,PRJ-001,Operator,WKR-1378,8.58,93.08,798.63,2025-05-18,GCP-BigQuery
WOL-0000982,WO-000537,PRJ-001,Laborer,WKR-2123,8.57,103.91,890.51,2025-05-18,GCP-BigQuery
WOL-0000983,WO-000537,PRJ-001,Carpenter,WKR-3916,9.96,88.63,882.75,2025-05-18,GCP-BigQuery
WOL-0000984,WO-000537,PRJ-001,Ironworker,WKR-6596,10.24,77.87,797.39,2025-05-18,GCP-BigQuery
WOL-0000985,WO-000540,PRJ-003,Instrument Tech,WKR-2813,2.53,84.79,214.52,2025-12-27,GCP-BigQuery
WOL-0000986,WO-000540,PRJ-003,Welder,WKR-6397,4.0,104.98,419.92,2025-12-27,GCP-BigQuery
WOL-0000987,WO-000540,PRJ-003,Pipefitter,WKR-6401,11.69,82.4,963.26,2025-12-27,GCP-BigQuery
WOL-0000988,WO-000540,PRJ-003,Welder,WKR-3125,11.2,90.34,1011.81,2025-12-27,GCP-BigQuery
WOL-0000989,WO-000541,PRJ-009,Electrician,WKR-2167,8.96,123.81,1109.34,2025-11-06,GCP-BigQuery
WOL-0000990,WO-000541,PRJ-009,Boilermaker,WKR-1079,2.82,134.45,379.15,2025-11-06,GCP-BigQuery
WOL-0000991,WO-000541,PRJ-009,Instrument Tech,WKR-5972,9.08,101.16,918.53,2025-11-06,GCP-BigQuery
WOL-0000992,WO-000543,PRJ-011,Operator,WKR-3674,11.92,52.08,620.79,2026-02-20,GCP-BigQuery
WOL-0000993,WO-000543,PRJ-011,Instrument Tech,WKR-1869,9.17,74.62,684.27,2026-02-20,GCP-BigQuery
WOL-0000994,WO-000543,PRJ-011,Laborer,WKR-3285,6.57,62.31,409.38,2026-02-20,GCP-BigQuery
WOL-0000995,WO-000543,PRJ-011,Laborer,WKR-5119,11.43,56.66,647.62,2026-02-20,GCP-BigQuery
WOL-0000996,WO-000544,PRJ-006,Electrician,WKR-3345,4.15,48.58,201.61,2025-03-12,GCP-BigQuery
WOL-0000997,WO-000544,PRJ-006,Pipefitter,WKR-2175,10.55,60.28,635.95,2025-03-12,GCP-BigQuery
WOL-0000998,WO-000544,PRJ-006,Boilermaker,WKR-2336,9.39,83.35,782.66,2025-03-12,GCP-BigQuery
WOL-0000999,WO-000544,PRJ-006,Carpenter,WKR-6608,4.3,117.13,503.66,2025-03-12,GCP-BigQuery
WOL-0001000,WO-000545,PRJ-007,Operator,WKR-5886,2.98,87.86,261.82,2026-06-13,GCP-BigQuery
WOL-0001001,WO-000545,PRJ-007,Operator,WKR-1759,4.66,62.72,292.28,2026-06-13,GCP-BigQuery
WOL-0001002,WO-000545,PRJ-007,Millwright,WKR-6312,5.33,64.14,341.87,2026-06-13,GCP-BigQuery
WOL-0001003,WO-000545,PRJ-007,Carpenter,WKR-4592,6.83,100.9,689.15,2026-06-13,GCP-BigQuery
WOL-0001004,WO-000546,PRJ-010,Carpenter,WKR-9386,8.1,96.31,780.11,2025-09-06,GCP-BigQuery
WOL-0001005,WO-000547,PRJ-011,Boilermaker,WKR-7864,9.82,74.46,731.2,2025-08-08,GCP-BigQuery
WOL-0001006,WO-000548,PRJ-003,Pipefitter,WKR-7399,11.27,102.38,1153.82,2025-11-23,GCP-BigQuery
WOL-0001007,WO-000548,PRJ-003,Ironworker,WKR-2874,10.76,128.51,1382.77,2025-11-23,GCP-BigQuery
WOL-0001008,WO-000548,PRJ-003,Laborer,WKR-9958,3.96,95.89,379.72,2025-11-23,GCP-BigQuery
WOL-0001009,WO-000549,PRJ-008,Boilermaker,WKR-8447,5.31,94.74,503.07,2026-07-26,GCP-BigQuery
WOL-0001010,WO-000549,PRJ-008,Pipefitter,WKR-2171,3.77,60.96,229.82,2026-07-26,GCP-BigQuery
WOL-0001011,WO-000549,PRJ-008,Pipefitter,WKR-9758,9.22,76.32,703.67,2026-07-26,GCP-BigQuery
WOL-0001012,WO-000550,PRJ-003,Millwright,WKR-4536,7.12,76.14,542.12,2026-07-26,GCP-BigQuery
WOL-0001013,WO-000551,PRJ-007,Millwright,WKR-2272,2.04,107.88,220.08,2026-03-07,GCP-BigQuery
WOL-0001014,WO-000552,PRJ-008,Electrician,WKR-3981,4.19,64.56,270.51,2026-06-22,GCP-BigQuery
WOL-0001015,WO-000553,PRJ-011,Electrician,WKR-1867,5.47,69.16,378.31,2026-06-22,GCP-BigQuery
WOL-0001016,WO-000553,PRJ-011,Pipefitter,WKR-6212,10.71,74.59,798.86,2026-06-22,GCP-BigQuery
WOL-0001017,WO-000555,PRJ-010,Pipefitter,WKR-7957,7.22,58.72,423.96,2026-05-06,GCP-BigQuery
WOL-0001018,WO-000557,PRJ-001,Pipefitter,WKR-5850,6.65,130.11,865.23,2025-08-30,GCP-BigQuery
WOL-0001019,WO-000557,PRJ-001,Electrician,WKR-4189,4.01,100.24,401.96,2025-08-30,GCP-BigQuery
WOL-0001020,WO-000559,PRJ-012,Welder,WKR-2370,5.86,104.43,611.96,2025-09-02,GCP-BigQuery
WOL-0001021,WO-000559,PRJ-012,Welder,WKR-6518,8.41,69.98,588.53,2025-09-02,GCP-BigQuery
WOL-0001022,WO-000559,PRJ-012,Pipefitter,WKR-3136,2.89,93.67,270.71,2025-09-02,GCP-BigQuery
WOL-0001023,WO-000559,PRJ-012,Pipefitter,WKR-8632,8.82,113.05,997.1,2025-09-02,GCP-BigQuery
WOL-0001024,WO-000560,PRJ-003,Carpenter,WKR-7962,6.59,106.34,700.78,2026-05-31,GCP-BigQuery
WOL-0001025,WO-000561,PRJ-001,Millwright,WKR-4791,11.05,101.57,1122.35,2025-12-18,GCP-BigQuery
WOL-0001026,WO-000562,PRJ-003,Boilermaker,WKR-1814,9.58,120.51,1154.49,2026-07-21,GCP-BigQuery
WOL-0001027,WO-000562,PRJ-003,Laborer,WKR-4243,7.11,80.29,570.86,2026-07-21,GCP-BigQuery
WOL-0001028,WO-000563,PRJ-006,Instrument Tech,WKR-6384,8.34,95.3,794.8,2026-06-14,GCP-BigQuery
WOL-0001029,WO-000563,PRJ-006,Laborer,WKR-5978,8.3,110.04,913.33,2026-06-14,GCP-BigQuery
WOL-0001030,WO-000563,PRJ-006,Instrument Tech,WKR-4979,10.75,122.8,1320.1,2026-06-14,GCP-BigQuery
WOL-0001031,WO-000563,PRJ-006,Laborer,WKR-6586,3.69,98.17,362.25,2026-06-14,GCP-BigQuery
WOL-0001032,WO-000564,PRJ-004,Ironworker,WKR-5791,10.91,56.09,611.94,2026-05-22,GCP-BigQuery
WOL-0001033,WO-000564,PRJ-004,Welder,WKR-4544,10.66,129.73,1382.92,2026-05-22,GCP-BigQuery
WOL-0001034,WO-000564,PRJ-004,Boilermaker,WKR-6662,3.93,84.57,332.36,2026-05-22,GCP-BigQuery
WOL-0001035,WO-000566,PRJ-009,Boilermaker,WKR-3813,7.2,71.87,517.46,2025-12-09,GCP-BigQuery
WOL-0001036,WO-000566,PRJ-009,Pipefitter,WKR-6958,8.56,102.1,873.98,2025-12-09,GCP-BigQuery
WOL-0001037,WO-000570,PRJ-006,Millwright,WKR-9120,5.36,78.58,421.19,2025-07-13,GCP-BigQuery
WOL-0001038,WO-000571,PRJ-010,Laborer,WKR-5705,5.95,100.73,599.34,2025-10-04,GCP-BigQuery
WOL-0001039,WO-000571,PRJ-010,Welder,WKR-4906,10.76,80.11,861.98,2025-10-04,GCP-BigQuery
WOL-0001040,WO-000571,PRJ-010,Millwright,WKR-6348,10.43,62.0,646.66,2025-10-04,GCP-BigQuery
WOL-0001041,WO-000571,PRJ-010,Ironworker,WKR-7491,6.0,133.76,802.56,2025-10-04,GCP-BigQuery
WOL-0001042,WO-000572,PRJ-012,Pipefitter,WKR-7854,10.39,109.18,1134.38,2025-10-30,GCP-BigQuery
WOL-0001043,WO-000572,PRJ-012,Ironworker,WKR-3678,4.36,60.99,265.92,2025-10-30,GCP-BigQuery
WOL-0001044,WO-000572,PRJ-012,Instrument Tech,WKR-7095,6.4,122.96,786.94,2025-10-30,GCP-BigQuery
WOL-0001045,WO-000573,PRJ-009,Ironworker,WKR-6726,8.38,69.65,583.67,2025-11-23,GCP-BigQuery
WOL-0001046,WO-000573,PRJ-009,Instrument Tech,WKR-2553,2.48,82.08,203.56,2025-11-23,GCP-BigQuery
WOL-0001047,WO-000575,PRJ-009,Instrument Tech,WKR-4176,5.17,115.12,595.17,2025-11-13,GCP-BigQuery
WOL-0001048,WO-000575,PRJ-009,Electrician,WKR-4646,7.56,99.65,753.35,2025-11-13,GCP-BigQuery
WOL-0001049,WO-000576,PRJ-009,Pipefitter,WKR-6481,2.36,74.82,176.58,2026-07-28,GCP-BigQuery
WOL-0001050,WO-000577,PRJ-007,Carpenter,WKR-9362,2.91,109.18,317.71,2025-03-02,GCP-BigQuery
WOL-0001051,WO-000577,PRJ-007,Instrument Tech,WKR-8151,8.69,92.9,807.3,2025-03-02,GCP-BigQuery
WOL-0001052,WO-000579,PRJ-006,Laborer,WKR-3362,7.02,120.93,848.93,2025-06-26,GCP-BigQuery
WOL-0001053,WO-000579,PRJ-006,Pipefitter,WKR-9189,10.06,134.7,1355.08,2025-06-26,GCP-BigQuery
WOL-0001054,WO-000579,PRJ-006,Electrician,WKR-1857,5.04,121.62,612.96,2025-06-26,GCP-BigQuery
WOL-0001055,WO-000579,PRJ-006,Instrument Tech,WKR-6927,8.78,77.77,682.82,2025-06-26,GCP-BigQuery
WOL-0001056,WO-000580,PRJ-003,Boilermaker,WKR-9343,2.09,68.12,142.37,2025-03-08,GCP-BigQuery
WOL-0001057,WO-000580,PRJ-003,Pipefitter,WKR-4167,6.27,121.09,759.23,2025-03-08,GCP-BigQuery
WOL-0001058,WO-000583,PRJ-001,Operator,WKR-4347,9.89,118.23,1169.29,2025-11-24,GCP-BigQuery
WOL-0001059,WO-000583,PRJ-001,Laborer,WKR-2018,7.06,92.24,651.21,2025-11-24,GCP-BigQuery
WOL-0001060,WO-000583,PRJ-001,Pipefitter,WKR-6498,7.98,110.66,883.07,2025-11-24,GCP-BigQuery
WOL-0001061,WO-000586,PRJ-007,Operator,WKR-9582,3.19,114.24,364.43,2026-06-03,GCP-BigQuery
WOL-0001062,WO-000586,PRJ-007,Welder,WKR-8482,10.77,69.31,746.47,2026-06-03,GCP-BigQuery
WOL-0001063,WO-000586,PRJ-007,Boilermaker,WKR-7586,6.87,71.39,490.45,2026-06-03,GCP-BigQuery
WOL-0001064,WO-000588,PRJ-007,Electrician,WKR-9216,3.86,97.6,376.74,2025-11-21,GCP-BigQuery
WOL-0001065,WO-000588,PRJ-007,Welder,WKR-8756,5.17,92.2,476.67,2025-11-21,GCP-BigQuery
WOL-0001066,WO-000589,PRJ-007,Boilermaker,WKR-8501,10.31,86.84,895.32,2026-02-25,GCP-BigQuery
WOL-0001067,WO-000590,PRJ-003,Millwright,WKR-6502,3.57,58.87,210.17,2025-12-23,GCP-BigQuery
WOL-0001068,WO-000590,PRJ-003,Laborer,WKR-9189,10.27,59.78,613.94,2025-12-23,GCP-BigQuery
WOL-0001069,WO-000591,PRJ-004,Millwright,WKR-6861,6.25,125.82,786.38,2026-04-05,GCP-BigQuery
WOL-0001070,WO-000592,PRJ-010,Ironworker,WKR-2547,7.25,72.08,522.58,2025-04-30,GCP-BigQuery
WOL-0001071,WO-000592,PRJ-010,Pipefitter,WKR-3920,4.72,115.91,547.1,2025-04-30,GCP-BigQuery
WOL-0001072,WO-000592,PRJ-010,Boilermaker,WKR-5306,8.95,64.98,581.57,2025-04-30,GCP-BigQuery
WOL-0001073,WO-000592,PRJ-010,Pipefitter,WKR-6128,5.52,91.81,506.79,2025-04-30,GCP-BigQuery
WOL-0001074,WO-000593,PRJ-002,Carpenter,WKR-9114,11.0,108.54,1193.94,2025-02-24,GCP-BigQuery
WOL-0001075,WO-000593,PRJ-002,Electrician,WKR-4778,11.19,125.65,1406.02,2025-02-24,GCP-BigQuery
WOL-0001076,WO-000593,PRJ-002,Laborer,WKR-3598,6.79,62.85,426.75,2025-02-24,GCP-BigQuery
WOL-0001077,WO-000594,PRJ-011,Laborer,WKR-4516,5.89,77.98,459.3,2026-07-04,GCP-BigQuery
WOL-0001078,WO-000594,PRJ-011,Pipefitter,WKR-7208,7.59,77.02,584.58,2026-07-04,GCP-BigQuery
WOL-0001079,WO-000594,PRJ-011,Carpenter,WKR-1485,8.48,92.27,782.45,2026-07-04,GCP-BigQuery
WOL-0001080,WO-000594,PRJ-011,Ironworker,WKR-5044,11.37,83.82,953.03,2026-07-04,GCP-BigQuery
WOL-0001081,WO-000595,PRJ-007,Boilermaker,WKR-4591,5.65,106.69,602.8,2025-07-27,GCP-BigQuery
WOL-0001082,WO-000595,PRJ-007,Pipefitter,WKR-9451,10.74,56.91,611.21,2025-07-27,GCP-BigQuery
WOL-0001083,WO-000595,PRJ-007,Carpenter,WKR-3669,8.28,53.76,445.13,2025-07-27,GCP-BigQuery
WOL-0001084,WO-000595,PRJ-007,Ironworker,WKR-6529,5.31,130.91,695.13,2025-07-27,GCP-BigQuery
WOL-0001085,WO-000596,PRJ-004,Instrument Tech,WKR-9961,7.07,85.39,603.71,2026-02-19,GCP-BigQuery
WOL-0001086,WO-000596,PRJ-004,Carpenter,WKR-4581,8.67,92.71,803.8,2026-02-19,GCP-BigQuery
WOL-0001087,WO-000596,PRJ-004,Millwright,WKR-6290,5.25,109.37,574.19,2026-02-19,GCP-BigQuery
WOL-0001088,WO-000596,PRJ-004,Pipefitter,WKR-6240,10.48,96.16,1007.76,2026-02-19,GCP-BigQuery
WOL-0001089,WO-000597,PRJ-009,Boilermaker,WKR-5338,9.63,84.1,809.88,2026-07-23,GCP-BigQuery
WOL-0001090,WO-000597,PRJ-009,Laborer,WKR-9213,5.27,108.26,570.53,2026-07-23,GCP-BigQuery
WOL-0001091,WO-000597,PRJ-009,Laborer,WKR-6064,9.69,77.81,753.98,2026-07-23,GCP-BigQuery
WOL-0001092,WO-000597,PRJ-009,Operator,WKR-4835,4.07,53.06,215.95,2026-07-23,GCP-BigQuery
WOL-0001093,WO-000598,PRJ-008,Laborer,WKR-9529,10.08,49.99,503.9,2025-03-29,GCP-BigQuery
WOL-0001094,WO-000598,PRJ-008,Electrician,WKR-8092,6.46,126.76,818.87,2025-03-29,GCP-BigQuery
WOL-0001095,WO-000598,PRJ-008,Laborer,WKR-9764,11.01,120.5,1326.7,2025-03-29,GCP-BigQuery
WOL-0001096,WO-000598,PRJ-008,Welder,WKR-4505,8.29,67.77,561.81,2025-03-29,GCP-BigQuery
WOL-0001097,WO-000599,PRJ-006,Operator,WKR-6351,3.57,128.9,460.17,2026-07-13,GCP-BigQuery
WOL-0001098,WO-000599,PRJ-006,Welder,WKR-6521,10.76,90.08,969.26,2026-07-13,GCP-BigQuery
WOL-0001099,WO-000600,PRJ-002,Boilermaker,WKR-7268,11.58,84.73,981.17,2026-04-21,GCP-BigQuery
WOL-0001100,WO-000600,PRJ-002,Laborer,WKR-8378,4.27,117.67,502.45,2026-04-21,GCP-BigQuery
WOL-0001101,WO-000600,PRJ-002,Welder,WKR-4880,4.95,50.1,248.0,2026-04-21,GCP-BigQuery
WOL-0001102,WO-000600,PRJ-002,Electrician,WKR-3349,3.7,119.21,441.08,2026-04-21,GCP-BigQuery
WOL-0001103,WO-000602,PRJ-007,Carpenter,WKR-9604,11.72,127.07,1489.26,2025-12-06,GCP-BigQuery
WOL-0001104,WO-000602,PRJ-007,Ironworker,WKR-3817,4.67,118.23,552.13,2025-12-06,GCP-BigQuery
WOL-0001105,WO-000604,PRJ-012,Boilermaker,WKR-1528,11.77,80.82,951.25,2026-02-21,GCP-BigQuery
WOL-0001106,WO-000604,PRJ-012,Instrument Tech,WKR-2993,11.98,120.93,1448.74,2026-02-21,GCP-BigQuery
WOL-0001107,WO-000604,PRJ-012,Pipefitter,WKR-6019,9.26,48.06,445.04,2026-02-21,GCP-BigQuery
WOL-0001108,WO-000608,PRJ-010,Millwright,WKR-6464,5.81,69.27,402.46,2025-06-04,GCP-BigQuery
WOL-0001109,WO-000608,PRJ-010,Welder,WKR-4169,6.55,69.59,455.81,2025-06-04,GCP-BigQuery
WOL-0001110,WO-000608,PRJ-010,Boilermaker,WKR-3801,7.77,109.87,853.69,2025-06-04,GCP-BigQuery
WOL-0001111,WO-000608,PRJ-010,Instrument Tech,WKR-8579,4.42,51.41,227.23,2025-06-04,GCP-BigQuery
WOL-0001112,WO-000609,PRJ-011,Carpenter,WKR-9636,10.72,133.16,1427.48,2025-03-25,GCP-BigQuery
WOL-0001113,WO-000609,PRJ-011,Millwright,WKR-5031,8.34,125.8,1049.17,2025-03-25,GCP-BigQuery
WOL-0001114,WO-000609,PRJ-011,Operator,WKR-8165,9.87,131.11,1294.06,2025-03-25,GCP-BigQuery
WOL-0001115,WO-000609,PRJ-011,Instrument Tech,WKR-3623,6.16,80.87,498.16,2025-03-25,GCP-BigQuery
WOL-0001116,WO-000610,PRJ-009,Millwright,WKR-1747,10.21,109.03,1113.2,2025-11-01,GCP-BigQuery
WOL-0001117,WO-000610,PRJ-009,Welder,WKR-3972,9.12,81.01,738.81,2025-11-01,GCP-BigQuery
WOL-0001118,WO-000611,PRJ-012,Carpenter,WKR-7567,5.7,93.38,532.27,2025-10-28,GCP-BigQuery
WOL-0001119,WO-000611,PRJ-012,Pipefitter,WKR-4518,9.31,113.53,1056.96,2025-10-28,GCP-BigQuery
WOL-0001120,WO-000611,PRJ-012,Laborer,WKR-5296,8.9,68.77,612.05,2025-10-28,GCP-BigQuery
WOL-0001121,WO-000614,PRJ-012,Ironworker,WKR-8063,8.86,127.34,1128.23,2025-12-23,GCP-BigQuery
WOL-0001122,WO-000614,PRJ-012,Millwright,WKR-1999,10.45,75.07,784.48,2025-12-23,GCP-BigQuery
WOL-0001123,WO-000614,PRJ-012,Ironworker,WKR-5845,10.28,110.91,1140.15,2025-12-23,GCP-BigQuery
WOL-0001124,WO-000615,PRJ-012,Pipefitter,WKR-9935,10.15,72.04,731.21,2026-03-13,GCP-BigQuery
WOL-0001125,WO-000615,PRJ-012,Electrician,WKR-1424,11.37,85.43,971.34,2026-03-13,GCP-BigQuery
WOL-0001126,WO-000615,PRJ-012,Boilermaker,WKR-9556,5.03,120.75,607.37,2026-03-13,GCP-BigQuery
WOL-0001127,WO-000615,PRJ-012,Electrician,WKR-1508,10.32,82.52,851.61,2026-03-13,GCP-BigQuery
WOL-0001128,WO-000616,PRJ-011,Ironworker,WKR-9219,5.76,58.7,338.11,2025-11-28,GCP-BigQuery
WOL-0001129,WO-000616,PRJ-011,Electrician,WKR-4545,3.53,65.91,232.66,2025-11-28,GCP-BigQuery
WOL-0001130,WO-000616,PRJ-011,Operator,WKR-3603,5.82,86.01,500.58,2025-11-28,GCP-BigQuery
WOL-0001131,WO-000616,PRJ-011,Ironworker,WKR-3109,11.6,113.81,1320.2,2025-11-28,GCP-BigQuery
WOL-0001132,WO-000617,PRJ-003,Pipefitter,WKR-7211,9.44,110.58,1043.88,2026-07-13,GCP-BigQuery
WOL-0001133,WO-000617,PRJ-003,Operator,WKR-5152,6.96,97.32,677.35,2026-07-13,GCP-BigQuery
WOL-0001134,WO-000617,PRJ-003,Ironworker,WKR-4196,5.95,71.56,425.78,2026-07-13,GCP-BigQuery
WOL-0001135,WO-000618,PRJ-010,Boilermaker,WKR-3323,7.79,91.49,712.71,2026-05-07,GCP-BigQuery
WOL-0001136,WO-000618,PRJ-010,Electrician,WKR-8684,5.4,80.73,435.94,2026-05-07,GCP-BigQuery
WOL-0001137,WO-000618,PRJ-010,Operator,WKR-1518,5.33,48.69,259.52,2026-05-07,GCP-BigQuery
WOL-0001138,WO-000619,PRJ-005,Millwright,WKR-5451,6.97,64.4,448.87,2025-07-19,GCP-BigQuery
WOL-0001139,WO-000621,PRJ-008,Ironworker,WKR-5992,11.33,105.04,1190.1,2026-06-12,GCP-BigQuery
WOL-0001140,WO-000621,PRJ-008,Pipefitter,WKR-1379,5.81,117.03,679.94,2026-06-12,GCP-BigQuery
WOL-0001141,WO-000622,PRJ-009,Carpenter,WKR-1831,11.25,94.02,1057.72,2026-06-21,GCP-BigQuery
WOL-0001142,WO-000622,PRJ-009,Ironworker,WKR-9922,4.42,126.85,560.68,2026-06-21,GCP-BigQuery
WOL-0001143,WO-000623,PRJ-006,Laborer,WKR-5617,5.21,114.89,598.58,2026-06-30,GCP-BigQuery
WOL-0001144,WO-000623,PRJ-006,Welder,WKR-8633,5.85,108.65,635.6,2026-06-30,GCP-BigQuery
WOL-0001145,WO-000623,PRJ-006,Carpenter,WKR-5078,6.39,91.14,582.38,2026-06-30,GCP-BigQuery
WOL-0001146,WO-000625,PRJ-005,Ironworker,WKR-8726,6.03,53.48,322.48,2026-03-02,GCP-BigQuery
WOL-0001147,WO-000626,PRJ-012,Pipefitter,WKR-9095,8.84,71.77,634.45,2026-02-16,GCP-BigQuery
WOL-0001148,WO-000626,PRJ-012,Boilermaker,WKR-4111,4.82,82.81,399.14,2026-02-16,GCP-BigQuery
WOL-0001149,WO-000626,PRJ-012,Ironworker,WKR-8452,8.41,129.8,1091.62,2026-02-16,GCP-BigQuery
WOL-0001150,WO-000627,PRJ-003,Boilermaker,WKR-3611,7.85,126.45,992.63,2026-08-13,GCP-BigQuery
WOL-0001151,WO-000627,PRJ-003,Welder,WKR-8626,10.65,131.31,1398.45,2026-08-13,GCP-BigQuery
WOL-0001152,WO-000628,PRJ-003,Ironworker,WKR-5119,9.22,89.85,828.42,2025-02-27,GCP-BigQuery
WOL-0001153,WO-000628,PRJ-003,Ironworker,WKR-8657,11.74,69.85,820.04,2025-02-27,GCP-BigQuery
WOL-0001154,WO-000628,PRJ-003,Operator,WKR-9499,7.06,63.39,447.53,2025-02-27,GCP-BigQuery
WOL-0001155,WO-000629,PRJ-006,Laborer,WKR-8536,9.92,97.48,967.0,2025-12-29,GCP-BigQuery
WOL-0001156,WO-000629,PRJ-006,Operator,WKR-6834,5.66,127.5,721.65,2025-12-29,GCP-BigQuery
WOL-0001157,WO-000629,PRJ-006,Boilermaker,WKR-5014,10.03,71.75,719.65,2025-12-29,GCP-BigQuery
WOL-0001158,WO-000630,PRJ-002,Carpenter,WKR-8197,2.51,83.15,208.71,2025-06-06,GCP-BigQuery
WOL-0001159,WO-000630,PRJ-002,Operator,WKR-4812,9.44,122.09,1152.53,2025-06-06,GCP-BigQuery
WOL-0001160,WO-000631,PRJ-004,Ironworker,WKR-6617,11.47,91.35,1047.78,2025-07-27,GCP-BigQuery
WOL-0001161,WO-000631,PRJ-004,Laborer,WKR-1918,10.48,109.05,1142.84,2025-07-27,GCP-BigQuery
WOL-0001162,WO-000631,PRJ-004,Instrument Tech,WKR-7791,5.67,96.08,544.77,2025-07-27,GCP-BigQuery
WOL-0001163,WO-000633,PRJ-003,Ironworker,WKR-2465,9.78,120.87,1182.11,2025-06-07,GCP-BigQuery
WOL-0001164,WO-000634,PRJ-011,Carpenter,WKR-3045,8.16,96.47,787.2,2025-10-27,GCP-BigQuery
WOL-0001165,WO-000634,PRJ-011,Operator,WKR-8355,6.9,95.73,660.54,2025-10-27,GCP-BigQuery
WOL-0001166,WO-000635,PRJ-002,Boilermaker,WKR-7741,2.81,90.39,254.0,2025-09-13,GCP-BigQuery
WOL-0001167,WO-000635,PRJ-002,Laborer,WKR-2426,7.71,75.74,583.96,2025-09-13,GCP-BigQuery
WOL-0001168,WO-000635,PRJ-002,Carpenter,WKR-2809,3.56,76.44,272.13,2025-09-13,GCP-BigQuery
WOL-0001169,WO-000635,PRJ-002,Boilermaker,WKR-3801,9.38,120.71,1132.26,2025-09-13,GCP-BigQuery
WOL-0001170,WO-000639,PRJ-001,Boilermaker,WKR-9050,9.92,110.69,1098.04,2025-12-30,GCP-BigQuery
WOL-0001171,WO-000640,PRJ-009,Carpenter,WKR-3105,9.78,64.55,631.3,2026-06-22,GCP-BigQuery
WOL-0001172,WO-000640,PRJ-009,Millwright,WKR-6137,11.36,100.04,1136.45,2026-06-22,GCP-BigQuery
WOL-0001173,WO-000640,PRJ-009,Ironworker,WKR-5136,11.16,124.06,1384.51,2026-06-22,GCP-BigQuery
WOL-0001174,WO-000643,PRJ-006,Laborer,WKR-7817,10.82,57.9,626.48,2025-11-17,GCP-BigQuery
WOL-0001175,WO-000643,PRJ-006,Carpenter,WKR-3007,11.66,52.26,609.35,2025-11-17,GCP-BigQuery
WOL-0001176,WO-000643,PRJ-006,Carpenter,WKR-1779,9.94,93.24,926.81,2025-11-17,GCP-BigQuery
WOL-0001177,WO-000644,PRJ-008,Welder,WKR-6030,5.24,75.93,397.87,2025-10-08,GCP-BigQuery
WOL-0001178,WO-000644,PRJ-008,Laborer,WKR-9820,8.62,111.94,964.92,2025-10-08,GCP-BigQuery
WOL-0001179,WO-000644,PRJ-008,Pipefitter,WKR-3278,6.28,75.65,475.08,2025-10-08,GCP-BigQuery
WOL-0001180,WO-000644,PRJ-008,Laborer,WKR-6483,11.54,84.83,978.94,2025-10-08,GCP-BigQuery
WOL-0001181,WO-000645,PRJ-010,Laborer,WKR-7973,2.14,76.34,163.37,2026-04-11,GCP-BigQuery
WOL-0001182,WO-000645,PRJ-010,Instrument Tech,WKR-2965,5.6,128.12,717.47,2026-04-11,GCP-BigQuery
WOL-0001183,WO-000645,PRJ-010,Welder,WKR-2773,9.96,65.55,652.88,2026-04-11,GCP-BigQuery
WOL-0001184,WO-000645,PRJ-010,Instrument Tech,WKR-6268,6.46,130.21,841.16,2026-04-11,GCP-BigQuery
WOL-0001185,WO-000647,PRJ-008,Instrument Tech,WKR-2833,2.1,52.93,111.15,2025-03-15,GCP-BigQuery
WOL-0001186,WO-000647,PRJ-008,Pipefitter,WKR-7293,10.2,68.61,699.82,2025-03-15,GCP-BigQuery
WOL-0001187,WO-000648,PRJ-007,Pipefitter,WKR-4694,8.1,98.8,800.28,2025-11-23,GCP-BigQuery
WOL-0001188,WO-000648,PRJ-007,Electrician,WKR-7649,2.04,87.12,177.72,2025-11-23,GCP-BigQuery
WOL-0001189,WO-000649,PRJ-012,Welder,WKR-1393,9.08,49.32,447.83,2026-03-09,GCP-BigQuery
WOL-0001190,WO-000650,PRJ-006,Laborer,WKR-5119,11.5,48.21,554.41,2025-07-24,GCP-BigQuery
WOL-0001191,WO-000650,PRJ-006,Carpenter,WKR-5865,6.14,121.24,744.41,2025-07-24,GCP-BigQuery
WOL-0001192,WO-000650,PRJ-006,Operator,WKR-1693,8.11,65.62,532.18,2025-07-24,GCP-BigQuery
WOL-0001193,WO-000650,PRJ-006,Carpenter,WKR-8490,8.92,102.0,909.84,2025-07-24,GCP-BigQuery
WOL-0001194,WO-000651,PRJ-003,Laborer,WKR-7114,8.31,94.84,788.12,2026-08-04,GCP-BigQuery
WOL-0001195,WO-000652,PRJ-003,Electrician,WKR-9961,10.01,124.77,1248.95,2026-07-05,GCP-BigQuery
WOL-0001196,WO-000652,PRJ-003,Laborer,WKR-7191,6.04,110.37,666.63,2026-07-05,GCP-BigQuery
WOL-0001197,WO-000652,PRJ-003,Instrument Tech,WKR-4852,3.74,103.38,386.64,2026-07-05,GCP-BigQuery
WOL-0001198,WO-000652,PRJ-003,Instrument Tech,WKR-7701,6.51,63.67,414.49,2026-07-05,GCP-BigQuery
WOL-0001199,WO-000654,PRJ-009,Instrument Tech,WKR-4625,7.32,61.63,451.13,2025-12-02,GCP-BigQuery
WOL-0001200,WO-000655,PRJ-003,Welder,WKR-4350,3.0,77.53,232.59,2026-01-17,GCP-BigQuery
WOL-0001201,WO-000655,PRJ-003,Millwright,WKR-6385,10.83,84.15,911.34,2026-01-17,GCP-BigQuery
WOL-0001202,WO-000655,PRJ-003,Pipefitter,WKR-8952,10.75,85.04,914.18,2026-01-17,GCP-BigQuery
WOL-0001203,WO-000656,PRJ-006,Electrician,WKR-2084,5.65,56.24,317.76,2026-04-25,GCP-BigQuery
WOL-0001204,WO-000656,PRJ-006,Ironworker,WKR-4022,11.57,105.15,1216.59,2026-04-25,GCP-BigQuery
WOL-0001205,WO-000657,PRJ-007,Ironworker,WKR-5243,4.78,129.01,616.67,2026-02-07,GCP-BigQuery
WOL-0001206,WO-000657,PRJ-007,Laborer,WKR-4807,4.67,133.93,625.45,2026-02-07,GCP-BigQuery
WOL-0001207,WO-000657,PRJ-007,Instrument Tech,WKR-2604,5.71,51.04,291.44,2026-02-07,GCP-BigQuery
WOL-0001208,WO-000658,PRJ-010,Laborer,WKR-4995,6.83,131.07,895.21,2026-02-07,GCP-BigQuery
WOL-0001209,WO-000659,PRJ-004,Carpenter,WKR-6590,8.16,110.64,902.82,2025-10-28,GCP-BigQuery
WOL-0001210,WO-000660,PRJ-003,Ironworker,WKR-7769,7.78,107.99,840.16,2025-10-19,GCP-BigQuery
WOL-0001211,WO-000660,PRJ-003,Laborer,WKR-7601,5.36,87.99,471.63,2025-10-19,GCP-BigQuery
WOL-0001212,WO-000660,PRJ-003,Instrument Tech,WKR-8010,5.14,63.55,326.65,2025-10-19,GCP-BigQuery
WOL-0001213,WO-000662,PRJ-002,Pipefitter,WKR-6567,3.95,68.25,269.59,2025-06-08,GCP-BigQuery
WOL-0001214,WO-000662,PRJ-002,Laborer,WKR-1576,2.77,50.96,141.16,2025-06-08,GCP-BigQuery
WOL-0001215,WO-000662,PRJ-002,Ironworker,WKR-8462,3.23,85.34,275.65,2025-06-08,GCP-BigQuery
WOL-0001216,WO-000662,PRJ-002,Electrician,WKR-6401,5.42,85.2,461.78,2025-06-08,GCP-BigQuery
WOL-0001217,WO-000663,PRJ-004,Millwright,WKR-4846,6.33,81.61,516.59,2026-03-03,GCP-BigQuery
WOL-0001218,WO-000663,PRJ-004,Millwright,WKR-3819,5.88,48.97,287.94,2026-03-03,GCP-BigQuery
WOL-0001219,WO-000663,PRJ-004,Laborer,WKR-3408,11.77,123.04,1448.18,2026-03-03,GCP-BigQuery
WOL-0001220,WO-000664,PRJ-006,Laborer,WKR-1847,9.51,97.86,930.65,2025-04-13,GCP-BigQuery
WOL-0001221,WO-000666,PRJ-011,Carpenter,WKR-5703,9.76,60.64,591.85,2026-05-09,GCP-BigQuery
WOL-0001222,WO-000669,PRJ-011,Instrument Tech,WKR-2430,3.26,87.56,285.45,2025-05-26,GCP-BigQuery
WOL-0001223,WO-000669,PRJ-011,Millwright,WKR-6148,3.5,132.2,462.7,2025-05-26,GCP-BigQuery
WOL-0001224,WO-000669,PRJ-011,Pipefitter,WKR-8876,4.59,115.55,530.37,2025-05-26,GCP-BigQuery
WOL-0001225,WO-000669,PRJ-011,Instrument Tech,WKR-9149,11.18,129.17,1444.12,2025-05-26,GCP-BigQuery
WOL-0001226,WO-000670,PRJ-006,Instrument Tech,WKR-6716,5.42,128.52,696.58,2026-01-27,GCP-BigQuery
WOL-0001227,WO-000670,PRJ-006,Electrician,WKR-8445,3.69,85.74,316.38,2026-01-27,GCP-BigQuery
WOL-0001228,WO-000670,PRJ-006,Welder,WKR-1730,8.16,126.76,1034.36,2026-01-27,GCP-BigQuery
WOL-0001229,WO-000670,PRJ-006,Boilermaker,WKR-7792,7.54,84.81,639.47,2026-01-27,GCP-BigQuery
WOL-0001230,WO-000672,PRJ-006,Millwright,WKR-6771,3.01,52.23,157.21,2026-04-23,GCP-BigQuery
WOL-0001231,WO-000672,PRJ-006,Carpenter,WKR-4005,7.35,83.44,613.28,2026-04-23,GCP-BigQuery
WOL-0001232,WO-000672,PRJ-006,Instrument Tech,WKR-4792,2.52,107.21,270.17,2026-04-23,GCP-BigQuery
WOL-0001233,WO-000673,PRJ-006,Boilermaker,WKR-9719,10.93,112.17,1226.02,2026-06-22,GCP-BigQuery
WOL-0001234,WO-000673,PRJ-006,Welder,WKR-7841,8.57,59.51,510.0,2026-06-22,GCP-BigQuery
WOL-0001235,WO-000673,PRJ-006,Electrician,WKR-7077,9.14,58.95,538.8,2026-06-22,GCP-BigQuery
WOL-0001236,WO-000674,PRJ-003,Welder,WKR-9364,10.98,112.23,1232.29,2025-08-02,GCP-BigQuery
WOL-0001237,WO-000674,PRJ-003,Laborer,WKR-6690,10.82,75.19,813.56,2025-08-02,GCP-BigQuery
WOL-0001238,WO-000675,PRJ-012,Millwright,WKR-2273,8.97,78.32,702.53,2025-11-12,GCP-BigQuery
WOL-0001239,WO-000675,PRJ-012,Pipefitter,WKR-9903,2.94,115.08,338.34,2025-11-12,GCP-BigQuery
WOL-0001240,WO-000675,PRJ-012,Pipefitter,WKR-3357,7.99,122.63,979.81,2025-11-12,GCP-BigQuery
WOL-0001241,WO-000676,PRJ-001,Electrician,WKR-9301,6.13,66.15,405.5,2025-12-08,GCP-BigQuery
WOL-0001242,WO-000676,PRJ-001,Welder,WKR-9477,7.66,83.27,637.85,2025-12-08,GCP-BigQuery
WOL-0001243,WO-000676,PRJ-001,Operator,WKR-1977,4.15,86.48,358.89,2025-12-08,GCP-BigQuery
WOL-0001244,WO-000677,PRJ-003,Electrician,WKR-9591,5.99,108.87,652.13,2025-08-10,GCP-BigQuery
WOL-0001245,WO-000677,PRJ-003,Millwright,WKR-2151,8.9,118.05,1050.64,2025-08-10,GCP-BigQuery
WOL-0001246,WO-000678,PRJ-008,Laborer,WKR-2324,2.45,115.31,282.51,2025-05-21,GCP-BigQuery
WOL-0001247,WO-000678,PRJ-008,Carpenter,WKR-7369,8.98,80.33,721.36,2025-05-21,GCP-BigQuery
WOL-0001248,WO-000678,PRJ-008,Electrician,WKR-2129,4.14,104.11,431.02,2025-05-21,GCP-BigQuery
WOL-0001249,WO-000678,PRJ-008,Laborer,WKR-4030,3.7,101.46,375.4,2025-05-21,GCP-BigQuery
WOL-0001250,WO-000679,PRJ-009,Operator,WKR-1031,8.85,102.08,903.41,2025-06-04,GCP-BigQuery
WOL-0001251,WO-000679,PRJ-009,Operator,WKR-4909,9.94,127.29,1265.26,2025-06-04,GCP-BigQuery
WOL-0001252,WO-000679,PRJ-009,Pipefitter,WKR-5892,7.72,113.14,873.44,2025-06-04,GCP-BigQuery
WOL-0001253,WO-000680,PRJ-002,Carpenter,WKR-6150,4.64,71.23,330.51,2026-05-25,GCP-BigQuery
WOL-0001254,WO-000682,PRJ-006,Millwright,WKR-9928,8.66,101.09,875.44,2025-04-13,GCP-BigQuery
WOL-0001255,WO-000682,PRJ-006,Instrument Tech,WKR-9395,4.52,114.76,518.72,2025-04-13,GCP-BigQuery
WOL-0001256,WO-000683,PRJ-007,Instrument Tech,WKR-3708,3.31,65.42,216.54,2025-06-28,GCP-BigQuery
WOL-0001257,WO-000683,PRJ-007,Carpenter,WKR-1178,11.36,76.39,867.79,2025-06-28,GCP-BigQuery
WOL-0001258,WO-000683,PRJ-007,Electrician,WKR-4625,3.42,50.8,173.74,2025-06-28,GCP-BigQuery
WOL-0001259,WO-000684,PRJ-002,Operator,WKR-8608,6.5,120.99,786.43,2026-02-09,GCP-BigQuery
WOL-0001260,WO-000685,PRJ-001,Operator,WKR-7071,6.7,116.48,780.42,2026-01-05,GCP-BigQuery
WOL-0001261,WO-000686,PRJ-007,Laborer,WKR-4085,4.74,91.57,434.04,2025-04-12,GCP-BigQuery
WOL-0001262,WO-000687,PRJ-002,Laborer,WKR-3802,3.68,118.98,437.85,2026-08-03,GCP-BigQuery
WOL-0001263,WO-000687,PRJ-002,Pipefitter,WKR-7344,2.93,114.62,335.84,2026-08-03,GCP-BigQuery
WOL-0001264,WO-000687,PRJ-002,Laborer,WKR-3506,10.84,125.61,1361.61,2026-08-03,GCP-BigQuery
WOL-0001265,WO-000688,PRJ-001,Instrument Tech,WKR-5505,11.99,69.21,829.83,2025-10-31,GCP-BigQuery
WOL-0001266,WO-000688,PRJ-001,Boilermaker,WKR-5672,11.1,56.97,632.37,2025-10-31,GCP-BigQuery
WOL-0001267,WO-000689,PRJ-003,Electrician,WKR-6591,6.88,125.69,864.75,2026-06-06,GCP-BigQuery
WOL-0001268,WO-000689,PRJ-003,Boilermaker,WKR-1604,8.71,115.25,1003.83,2026-06-06,GCP-BigQuery
WOL-0001269,WO-000689,PRJ-003,Millwright,WKR-9604,8.28,128.38,1062.99,2026-06-06,GCP-BigQuery
WOL-0001270,WO-000689,PRJ-003,Instrument Tech,WKR-6698,11.68,104.19,1216.94,2026-06-06,GCP-BigQuery
WOL-0001271,WO-000690,PRJ-009,Ironworker,WKR-4425,8.08,101.25,818.1,2025-04-14,GCP-BigQuery
WOL-0001272,WO-000690,PRJ-009,Pipefitter,WKR-8929,2.89,101.89,294.46,2025-04-14,GCP-BigQuery
WOL-0001273,WO-000690,PRJ-009,Millwright,WKR-5743,5.01,64.83,324.8,2025-04-14,GCP-BigQuery
WOL-0001274,WO-000690,PRJ-009,Laborer,WKR-6555,11.64,102.61,1194.38,2025-04-14,GCP-BigQuery
WOL-0001275,WO-000691,PRJ-009,Instrument Tech,WKR-2381,10.84,66.96,725.85,2026-07-13,GCP-BigQuery
WOL-0001276,WO-000691,PRJ-009,Operator,WKR-6245,4.12,56.37,232.24,2026-07-13,GCP-BigQuery
WOL-0001277,WO-000691,PRJ-009,Electrician,WKR-6520,4.83,127.42,615.44,2026-07-13,GCP-BigQuery
WOL-0001278,WO-000691,PRJ-009,Ironworker,WKR-9577,5.6,133.66,748.5,2026-07-13,GCP-BigQuery
WOL-0001279,WO-000692,PRJ-001,Operator,WKR-9264,9.92,133.02,1319.56,2026-07-26,GCP-BigQuery
WOL-0001280,WO-000692,PRJ-001,Instrument Tech,WKR-9960,10.8,53.64,579.31,2026-07-26,GCP-BigQuery
WOL-0001281,WO-000692,PRJ-001,Ironworker,WKR-3604,7.03,51.28,360.5,2026-07-26,GCP-BigQuery
WOL-0001282,WO-000692,PRJ-001,Pipefitter,WKR-7669,2.22,73.58,163.35,2026-07-26,GCP-BigQuery
WOL-0001283,WO-000693,PRJ-005,Ironworker,WKR-6523,6.23,118.71,739.56,2026-02-09,GCP-BigQuery
WOL-0001284,WO-000694,PRJ-001,Instrument Tech,WKR-4957,2.32,121.04,280.81,2026-05-02,GCP-BigQuery
WOL-0001285,WO-000694,PRJ-001,Electrician,WKR-7266,5.03,92.96,467.59,2026-05-02,GCP-BigQuery
WOL-0001286,WO-000694,PRJ-001,Carpenter,WKR-4753,11.98,116.09,1390.76,2026-05-02,GCP-BigQuery
WOL-0001287,WO-000695,PRJ-009,Welder,WKR-2299,7.28,105.91,771.02,2025-11-08,GCP-BigQuery
WOL-0001288,WO-000695,PRJ-009,Pipefitter,WKR-9815,4.69,133.66,626.87,2025-11-08,GCP-BigQuery
WOL-0001289,WO-000695,PRJ-009,Electrician,WKR-3065,5.23,68.97,360.71,2025-11-08,GCP-BigQuery
WOL-0001290,WO-000696,PRJ-001,Boilermaker,WKR-8721,4.24,104.42,442.74,2026-03-01,GCP-BigQuery
WOL-0001291,WO-000697,PRJ-008,Laborer,WKR-7996,3.04,72.09,219.15,2026-02-05,GCP-BigQuery
WOL-0001292,WO-000698,PRJ-007,Millwright,WKR-5178,6.71,105.13,705.42,2025-10-17,GCP-BigQuery
WOL-0001293,WO-000698,PRJ-007,Operator,WKR-2265,5.07,111.59,565.76,2025-10-17,GCP-BigQuery
WOL-0001294,WO-000699,PRJ-009,Instrument Tech,WKR-9338,8.44,87.23,736.22,2025-10-13,GCP-BigQuery
WOL-0001295,WO-000699,PRJ-009,Welder,WKR-9238,11.82,115.35,1363.44,2025-10-13,GCP-BigQuery
WOL-0001296,WO-000701,PRJ-005,Electrician,WKR-8907,8.54,65.26,557.32,2025-11-21,GCP-BigQuery
WOL-0001297,WO-000701,PRJ-005,Welder,WKR-9345,7.23,112.55,813.74,2025-11-21,GCP-BigQuery
WOL-0001298,WO-000702,PRJ-006,Electrician,WKR-9336,10.69,96.66,1033.3,2025-10-05,GCP-BigQuery
WOL-0001299,WO-000702,PRJ-006,Operator,WKR-3065,10.88,121.87,1325.95,2025-10-05,GCP-BigQuery
WOL-0001300,WO-000702,PRJ-006,Operator,WKR-9783,7.31,112.05,819.09,2025-10-05,GCP-BigQuery
WOL-0001301,WO-000703,PRJ-009,Pipefitter,WKR-9805,5.27,77.78,409.9,2025-08-14,GCP-BigQuery
WOL-0001302,WO-000703,PRJ-009,Welder,WKR-3990,10.17,51.92,528.03,2025-08-14,GCP-BigQuery
WOL-0001303,WO-000703,PRJ-009,Millwright,WKR-5524,9.12,83.39,760.52,2025-08-14,GCP-BigQuery
WOL-0001304,WO-000703,PRJ-009,Electrician,WKR-1543,8.11,93.47,758.04,2025-08-14,GCP-BigQuery
WOL-0001305,WO-000705,PRJ-002,Electrician,WKR-2676,9.49,133.8,1269.76,2025-08-19,GCP-BigQuery
WOL-0001306,WO-000705,PRJ-002,Electrician,WKR-7411,9.62,95.99,923.42,2025-08-19,GCP-BigQuery
WOL-0001307,WO-000705,PRJ-002,Laborer,WKR-1411,6.68,66.48,444.09,2025-08-19,GCP-BigQuery
WOL-0001308,WO-000705,PRJ-002,Carpenter,WKR-2462,10.38,118.89,1234.08,2025-08-19,GCP-BigQuery
WOL-0001309,WO-000706,PRJ-008,Instrument Tech,WKR-2293,9.38,96.51,905.26,2025-05-07,GCP-BigQuery
WOL-0001310,WO-000706,PRJ-008,Millwright,WKR-1953,10.81,103.89,1123.05,2025-05-07,GCP-BigQuery
WOL-0001311,WO-000706,PRJ-008,Operator,WKR-2957,8.52,110.75,943.59,2025-05-07,GCP-BigQuery
WOL-0001312,WO-000708,PRJ-012,Millwright,WKR-8528,11.23,72.87,818.33,2026-05-04,GCP-BigQuery
WOL-0001313,WO-000710,PRJ-006,Laborer,WKR-7022,8.51,100.05,851.43,2026-03-14,GCP-BigQuery
WOL-0001314,WO-000710,PRJ-006,Electrician,WKR-8746,6.36,101.21,643.7,2026-03-14,GCP-BigQuery
WOL-0001315,WO-000711,PRJ-007,Carpenter,WKR-3989,3.11,134.43,418.08,2025-10-03,GCP-BigQuery
WOL-0001316,WO-000712,PRJ-010,Millwright,WKR-4252,4.52,104.2,470.98,2025-05-06,GCP-BigQuery
WOL-0001317,WO-000712,PRJ-010,Boilermaker,WKR-2388,9.9,92.59,916.64,2025-05-06,GCP-BigQuery
WOL-0001318,WO-000713,PRJ-007,Carpenter,WKR-8440,6.83,52.8,360.62,2025-09-30,GCP-BigQuery
WOL-0001319,WO-000715,PRJ-008,Electrician,WKR-6808,4.17,88.02,367.04,2026-02-28,GCP-BigQuery
WOL-0001320,WO-000715,PRJ-008,Electrician,WKR-6312,7.39,88.08,650.91,2026-02-28,GCP-BigQuery
WOL-0001321,WO-000715,PRJ-008,Carpenter,WKR-5248,2.88,98.18,282.76,2026-02-28,GCP-BigQuery
WOL-0001322,WO-000715,PRJ-008,Operator,WKR-6267,3.28,103.37,339.05,2026-02-28,GCP-BigQuery
WOL-0001323,WO-000717,PRJ-006,Boilermaker,WKR-7484,9.88,129.36,1278.08,2026-02-13,GCP-BigQuery
WOL-0001324,WO-000717,PRJ-006,Laborer,WKR-3027,5.94,128.08,760.8,2026-02-13,GCP-BigQuery
WOL-0001325,WO-000717,PRJ-006,Electrician,WKR-8849,7.84,114.61,898.54,2026-02-13,GCP-BigQuery
WOL-0001326,WO-000717,PRJ-006,Operator,WKR-7533,11.17,55.39,618.71,2026-02-13,GCP-BigQuery
WOL-0001327,WO-000718,PRJ-006,Welder,WKR-3166,9.79,108.96,1066.72,2025-09-28,GCP-BigQuery
WOL-0001328,WO-000718,PRJ-006,Electrician,WKR-2290,10.33,88.18,910.9,2025-09-28,GCP-BigQuery
WOL-0001329,WO-000720,PRJ-005,Ironworker,WKR-6296,11.71,105.13,1231.07,2026-02-17,GCP-BigQuery
WOL-0001330,WO-000720,PRJ-005,Instrument Tech,WKR-1239,2.17,65.33,141.77,2026-02-17,GCP-BigQuery
WOL-0001331,WO-000720,PRJ-005,Boilermaker,WKR-5772,5.33,77.97,415.58,2026-02-17,GCP-BigQuery
WOL-0001332,WO-000722,PRJ-008,Instrument Tech,WKR-3785,3.79,100.34,380.29,2026-01-15,GCP-BigQuery
WOL-0001333,WO-000722,PRJ-008,Carpenter,WKR-7566,3.85,105.34,405.56,2026-01-15,GCP-BigQuery
WOL-0001334,WO-000722,PRJ-008,Pipefitter,WKR-9182,7.31,112.51,822.45,2026-01-15,GCP-BigQuery
WOL-0001335,WO-000723,PRJ-005,Laborer,WKR-3029,5.34,124.38,664.19,2026-06-05,GCP-BigQuery
WOL-0001336,WO-000724,PRJ-001,Operator,WKR-7744,8.12,62.24,505.39,2026-01-15,GCP-BigQuery
WOL-0001337,WO-000725,PRJ-007,Operator,WKR-9543,7.32,57.75,422.73,2025-12-26,GCP-BigQuery
WOL-0001338,WO-000725,PRJ-007,Operator,WKR-2959,6.92,112.82,780.71,2025-12-26,GCP-BigQuery
WOL-0001339,WO-000725,PRJ-007,Electrician,WKR-7063,3.37,112.49,379.09,2025-12-26,GCP-BigQuery
WOL-0001340,WO-000726,PRJ-008,Welder,WKR-7982,9.46,91.93,869.66,2026-08-13,GCP-BigQuery
WOL-0001341,WO-000726,PRJ-008,Millwright,WKR-2305,9.87,101.66,1003.38,2026-08-13,GCP-BigQuery
WOL-0001342,WO-000727,PRJ-009,Instrument Tech,WKR-9445,9.73,95.4,928.24,2025-04-08,GCP-BigQuery
WOL-0001343,WO-000727,PRJ-009,Millwright,WKR-5183,10.18,79.16,805.85,2025-04-08,GCP-BigQuery
WOL-0001344,WO-000727,PRJ-009,Instrument Tech,WKR-2720,11.57,125.88,1456.43,2025-04-08,GCP-BigQuery
WOL-0001345,WO-000728,PRJ-007,Welder,WKR-4009,5.64,124.55,702.46,2025-10-30,GCP-BigQuery
WOL-0001346,WO-000729,PRJ-012,Carpenter,WKR-8982,10.02,71.99,721.34,2026-07-29,GCP-BigQuery
WOL-0001347,WO-000729,PRJ-012,Laborer,WKR-4398,2.33,84.78,197.54,2026-07-29,GCP-BigQuery
WOL-0001348,WO-000729,PRJ-012,Millwright,WKR-3028,7.35,96.78,711.33,2026-07-29,GCP-BigQuery
WOL-0001349,WO-000729,PRJ-012,Operator,WKR-1685,4.05,117.91,477.54,2026-07-29,GCP-BigQuery
WOL-0001350,WO-000731,PRJ-001,Boilermaker,WKR-7363,3.92,75.8,297.14,2025-05-16,GCP-BigQuery
WOL-0001351,WO-000731,PRJ-001,Welder,WKR-1002,9.09,87.67,796.92,2025-05-16,GCP-BigQuery
WOL-0001352,WO-000731,PRJ-001,Welder,WKR-3256,10.31,55.46,571.79,2025-05-16,GCP-BigQuery
WOL-0001353,WO-000731,PRJ-001,Operator,WKR-8720,4.48,127.87,572.86,2025-05-16,GCP-BigQuery
WOL-0001354,WO-000732,PRJ-009,Instrument Tech,WKR-6195,7.57,102.14,773.2,2026-08-03,GCP-BigQuery
WOL-0001355,WO-000734,PRJ-002,Laborer,WKR-5259,3.12,84.15,262.55,2026-01-24,GCP-BigQuery
WOL-0001356,WO-000734,PRJ-002,Laborer,WKR-4803,10.89,91.36,994.91,2026-01-24,GCP-BigQuery
WOL-0001357,WO-000734,PRJ-002,Ironworker,WKR-6101,9.64,115.83,1116.6,2026-01-24,GCP-BigQuery
WOL-0001358,WO-000735,PRJ-008,Instrument Tech,WKR-6847,10.44,84.05,877.48,2025-11-11,GCP-BigQuery
WOL-0001359,WO-000735,PRJ-008,Electrician,WKR-8394,6.83,58.26,397.92,2025-11-11,GCP-BigQuery
WOL-0001360,WO-000735,PRJ-008,Pipefitter,WKR-7091,8.02,53.05,425.46,2025-11-11,GCP-BigQuery
WOL-0001361,WO-000735,PRJ-008,Instrument Tech,WKR-6458,4.83,54.03,260.96,2025-11-11,GCP-BigQuery
WOL-0001362,WO-000736,PRJ-012,Operator,WKR-8158,7.17,48.49,347.67,2025-07-19,GCP-BigQuery
WOL-0001363,WO-000736,PRJ-012,Ironworker,WKR-5330,2.07,128.6,266.2,2025-07-19,GCP-BigQuery
WOL-0001364,WO-000737,PRJ-010,Electrician,WKR-1874,10.71,49.05,525.33,2026-01-03,GCP-BigQuery
WOL-0001365,WO-000737,PRJ-010,Electrician,WKR-9482,6.51,114.0,742.14,2026-01-03,GCP-BigQuery
WOL-0001366,WO-000738,PRJ-001,Ironworker,WKR-5348,5.55,51.88,287.93,2025-09-09,GCP-BigQuery
WOL-0001367,WO-000738,PRJ-001,Ironworker,WKR-3168,5.8,127.09,737.12,2025-09-09,GCP-BigQuery
WOL-0001368,WO-000739,PRJ-008,Pipefitter,WKR-1884,9.65,121.79,1175.27,2026-08-15,GCP-BigQuery
WOL-0001369,WO-000739,PRJ-008,Laborer,WKR-4819,6.41,125.75,806.06,2026-08-15,GCP-BigQuery
WOL-0001370,WO-000740,PRJ-001,Ironworker,WKR-4852,10.73,68.24,732.22,2025-08-22,GCP-BigQuery
WOL-0001371,WO-000740,PRJ-001,Laborer,WKR-3426,5.97,99.59,594.55,2025-08-22,GCP-BigQuery
WOL-0001372,WO-000740,PRJ-001,Millwright,WKR-4493,7.27,52.29,380.15,2025-08-22,GCP-BigQuery
WOL-0001373,WO-000740,PRJ-001,Pipefitter,WKR-3485,6.15,77.14,474.41,2025-08-22,GCP-BigQuery
WOL-0001374,WO-000741,PRJ-003,Operator,WKR-2886,2.38,62.59,148.96,2025-03-28,GCP-BigQuery
WOL-0001375,WO-000741,PRJ-003,Boilermaker,WKR-2238,6.4,69.47,444.61,2025-03-28,GCP-BigQuery
WOL-0001376,WO-000741,PRJ-003,Laborer,WKR-7166,7.98,112.72,899.51,2025-03-28,GCP-BigQuery
WOL-0001377,WO-000742,PRJ-010,Welder,WKR-7903,10.54,101.23,1066.96,2025-11-09,GCP-BigQuery
WOL-0001378,WO-000742,PRJ-010,Instrument Tech,WKR-6989,4.13,69.07,285.26,2025-11-09,GCP-BigQuery
WOL-0001379,WO-000742,PRJ-010,Boilermaker,WKR-2545,4.38,107.86,472.43,2025-11-09,GCP-BigQuery
WOL-0001380,WO-000742,PRJ-010,Millwright,WKR-7363,3.52,61.19,215.39,2025-11-09,GCP-BigQuery
WOL-0001381,WO-000743,PRJ-006,Ironworker,WKR-5880,6.4,48.26,308.86,2025-12-05,GCP-BigQuery
WOL-0001382,WO-000744,PRJ-002,Welder,WKR-4644,7.52,129.38,972.94,2026-03-06,GCP-BigQuery
WOL-0001383,WO-000745,PRJ-008,Pipefitter,WKR-7284,7.76,84.37,654.71,2025-03-18,GCP-BigQuery
WOL-0001384,WO-000745,PRJ-008,Electrician,WKR-1893,11.23,90.59,1017.33,2025-03-18,GCP-BigQuery
WOL-0001385,WO-000745,PRJ-008,Millwright,WKR-7880,9.66,48.91,472.47,2025-03-18,GCP-BigQuery
WOL-0001386,WO-000745,PRJ-008,Operator,WKR-8034,2.85,57.28,163.25,2025-03-18,GCP-BigQuery
WOL-0001387,WO-000747,PRJ-001,Instrument Tech,WKR-5397,7.62,119.39,909.75,2026-03-04,GCP-BigQuery
WOL-0001388,WO-000747,PRJ-001,Laborer,WKR-5100,6.58,134.68,886.19,2026-03-04,GCP-BigQuery
WOL-0001389,WO-000748,PRJ-001,Laborer,WKR-4739,3.72,121.6,452.35,2026-06-01,GCP-BigQuery
WOL-0001390,WO-000748,PRJ-001,Pipefitter,WKR-1999,10.74,53.32,572.66,2026-06-01,GCP-BigQuery
WOL-0001391,WO-000749,PRJ-001,Pipefitter,WKR-9827,8.02,120.37,965.37,2025-04-28,GCP-BigQuery
WOL-0001392,WO-000749,PRJ-001,Boilermaker,WKR-9084,2.91,80.49,234.23,2025-04-28,GCP-BigQuery
WOL-0001393,WO-000749,PRJ-001,Millwright,WKR-3761,8.43,104.74,882.96,2025-04-28,GCP-BigQuery
WOL-0001394,WO-000749,PRJ-001,Electrician,WKR-7067,6.2,103.9,644.18,2025-04-28,GCP-BigQuery
WOL-0001395,WO-000750,PRJ-011,Millwright,WKR-4625,6.07,101.39,615.44,2025-11-14,GCP-BigQuery
WOL-0001396,WO-000750,PRJ-011,Instrument Tech,WKR-7983,2.31,67.37,155.62,2025-11-14,GCP-BigQuery
WOL-0001397,WO-000751,PRJ-009,Welder,WKR-8644,10.18,88.62,902.15,2025-03-22,GCP-BigQuery
WOL-0001398,WO-000752,PRJ-006,Pipefitter,WKR-3146,9.71,81.35,789.91,2025-08-24,GCP-BigQuery
WOL-0001399,WO-000752,PRJ-006,Boilermaker,WKR-5229,3.05,106.46,324.7,2025-08-24,GCP-BigQuery
WOL-0001400,WO-000754,PRJ-007,Laborer,WKR-4981,6.58,84.09,553.31,2025-10-29,GCP-BigQuery
WOL-0001401,WO-000754,PRJ-007,Welder,WKR-4812,3.99,120.25,479.8,2025-10-29,GCP-BigQuery
WOL-0001402,WO-000754,PRJ-007,Pipefitter,WKR-1737,11.02,50.34,554.75,2025-10-29,GCP-BigQuery
WOL-0001403,WO-000754,PRJ-007,Ironworker,WKR-1464,2.58,115.83,298.84,2025-10-29,GCP-BigQuery
WOL-0001404,WO-000756,PRJ-009,Pipefitter,WKR-6842,7.66,127.73,978.41,2025-10-05,GCP-BigQuery
WOL-0001405,WO-000757,PRJ-003,Electrician,WKR-3250,9.97,86.41,861.51,2025-08-10,GCP-BigQuery
WOL-0001406,WO-000757,PRJ-003,Pipefitter,WKR-1863,6.87,118.69,815.4,2025-08-10,GCP-BigQuery
WOL-0001407,WO-000757,PRJ-003,Boilermaker,WKR-1967,9.58,109.38,1047.86,2025-08-10,GCP-BigQuery
WOL-0001408,WO-000757,PRJ-003,Boilermaker,WKR-1705,5.23,111.21,581.63,2025-08-10,GCP-BigQuery
WOL-0001409,WO-000758,PRJ-007,Boilermaker,WKR-8890,3.7,75.92,280.9,2025-03-09,GCP-BigQuery
WOL-0001410,WO-000758,PRJ-007,Boilermaker,WKR-2200,4.83,68.44,330.57,2025-03-09,GCP-BigQuery
WOL-0001411,WO-000759,PRJ-007,Pipefitter,WKR-1661,11.77,94.7,1114.62,2025-10-22,GCP-BigQuery
WOL-0001412,WO-000759,PRJ-007,Operator,WKR-7511,9.73,78.65,765.26,2025-10-22,GCP-BigQuery
WOL-0001413,WO-000759,PRJ-007,Operator,WKR-5467,11.61,112.53,1306.47,2025-10-22,GCP-BigQuery
WOL-0001414,WO-000759,PRJ-007,Operator,WKR-8354,6.32,121.19,765.92,2025-10-22,GCP-BigQuery
WOL-0001415,WO-000763,PRJ-008,Operator,WKR-6093,9.5,79.49,755.15,2025-12-16,GCP-BigQuery
WOL-0001416,WO-000765,PRJ-007,Laborer,WKR-5075,8.05,50.23,404.35,2026-03-15,GCP-BigQuery
WOL-0001417,WO-000767,PRJ-009,Laborer,WKR-8751,11.29,103.86,1172.58,2026-05-19,GCP-BigQuery
WOL-0001418,WO-000767,PRJ-009,Electrician,WKR-4096,10.25,122.93,1260.03,2026-05-19,GCP-BigQuery
WOL-0001419,WO-000767,PRJ-009,Instrument Tech,WKR-9192,6.74,121.78,820.8,2026-05-19,GCP-BigQuery
WOL-0001420,WO-000768,PRJ-004,Electrician,WKR-2891,3.82,78.17,298.61,2026-01-04,GCP-BigQuery
WOL-0001421,WO-000769,PRJ-008,Carpenter,WKR-2019,10.75,98.48,1058.66,2025-07-25,GCP-BigQuery
WOL-0001422,WO-000769,PRJ-008,Welder,WKR-4127,5.04,122.56,617.7,2025-07-25,GCP-BigQuery
WOL-0001423,WO-000769,PRJ-008,Instrument Tech,WKR-8259,3.03,74.28,225.07,2025-07-25,GCP-BigQuery
WOL-0001424,WO-000769,PRJ-008,Carpenter,WKR-3813,6.93,62.93,436.1,2025-07-25,GCP-BigQuery
WOL-0001425,WO-000770,PRJ-002,Carpenter,WKR-8123,6.32,86.42,546.17,2026-03-26,GCP-BigQuery
WOL-0001426,WO-000770,PRJ-002,Electrician,WKR-2896,5.05,118.88,600.34,2026-03-26,GCP-BigQuery
WOL-0001427,WO-000771,PRJ-003,Operator,WKR-4421,6.35,125.75,798.51,2025-02-28,GCP-BigQuery
WOL-0001428,WO-000771,PRJ-003,Operator,WKR-4124,10.64,50.75,539.98,2025-02-28,GCP-BigQuery
WOL-0001429,WO-000771,PRJ-003,Carpenter,WKR-7807,10.55,126.41,1333.63,2025-02-28,GCP-BigQuery
WOL-0001430,WO-000771,PRJ-003,Boilermaker,WKR-7367,8.7,118.95,1034.87,2025-02-28,GCP-BigQuery
WOL-0001431,WO-000775,PRJ-008,Welder,WKR-3895,6.66,105.48,702.5,2025-06-28,GCP-BigQuery
WOL-0001432,WO-000775,PRJ-008,Ironworker,WKR-7393,10.85,89.22,968.04,2025-06-28,GCP-BigQuery
WOL-0001433,WO-000776,PRJ-003,Electrician,WKR-1078,4.15,121.61,504.68,2025-04-24,GCP-BigQuery
WOL-0001434,WO-000777,PRJ-008,Laborer,WKR-9239,2.56,82.07,210.1,2025-03-23,GCP-BigQuery
WOL-0001435,WO-000777,PRJ-008,Laborer,WKR-2036,6.08,119.54,726.8,2025-03-23,GCP-BigQuery
WOL-0001436,WO-000777,PRJ-008,Electrician,WKR-2505,7.12,98.68,702.6,2025-03-23,GCP-BigQuery
WOL-0001437,WO-000778,PRJ-010,Welder,WKR-6933,2.94,77.46,227.73,2025-05-09,GCP-BigQuery
WOL-0001438,WO-000778,PRJ-010,Welder,WKR-8617,11.8,121.8,1437.24,2025-05-09,GCP-BigQuery
WOL-0001439,WO-000778,PRJ-010,Pipefitter,WKR-8726,7.17,97.09,696.14,2025-05-09,GCP-BigQuery
WOL-0001440,WO-000778,PRJ-010,Millwright,WKR-8366,10.7,117.8,1260.46,2025-05-09,GCP-BigQuery
WOL-0001441,WO-000779,PRJ-011,Laborer,WKR-5623,3.14,73.46,230.66,2026-07-05,GCP-BigQuery
WOL-0001442,WO-000779,PRJ-011,Carpenter,WKR-6944,7.45,63.35,471.96,2026-07-05,GCP-BigQuery
WOL-0001443,WO-000779,PRJ-011,Ironworker,WKR-8587,8.46,120.06,1015.71,2026-07-05,GCP-BigQuery
WOL-0001444,WO-000779,PRJ-011,Laborer,WKR-6694,2.49,87.46,217.78,2026-07-05,GCP-BigQuery
WOL-0001445,WO-000780,PRJ-006,Laborer,WKR-6623,10.88,63.13,686.85,2025-07-19,GCP-BigQuery
WOL-0001446,WO-000781,PRJ-010,Ironworker,WKR-7096,8.26,97.02,801.39,2026-06-15,GCP-BigQuery
WOL-0001447,WO-000782,PRJ-008,Operator,WKR-4300,8.26,55.86,461.4,2026-07-03,GCP-BigQuery
WOL-0001448,WO-000782,PRJ-008,Millwright,WKR-7842,7.47,76.29,569.89,2026-07-03,GCP-BigQuery
WOL-0001449,WO-000782,PRJ-008,Laborer,WKR-2320,5.18,120.1,622.12,2026-07-03,GCP-BigQuery
WOL-0001450,WO-000783,PRJ-009,Operator,WKR-5058,3.83,93.94,359.79,2025-08-12,GCP-BigQuery
WOL-0001451,WO-000783,PRJ-009,Millwright,WKR-6997,8.37,66.51,556.69,2025-08-12,GCP-BigQuery
WOL-0001452,WO-000784,PRJ-010,Carpenter,WKR-7405,7.74,131.28,1016.11,2025-11-22,GCP-BigQuery
WOL-0001453,WO-000784,PRJ-010,Pipefitter,WKR-2976,8.07,120.14,969.53,2025-11-22,GCP-BigQuery
WOL-0001454,WO-000784,PRJ-010,Boilermaker,WKR-7693,8.33,81.97,682.81,2025-11-22,GCP-BigQuery
WOL-0001455,WO-000784,PRJ-010,Electrician,WKR-6864,2.24,85.21,190.87,2025-11-22,GCP-BigQuery
WOL-0001456,WO-000785,PRJ-008,Boilermaker,WKR-9392,4.38,88.4,387.19,2025-09-01,GCP-BigQuery
WOL-0001457,WO-000785,PRJ-008,Laborer,WKR-9190,4.07,79.94,325.36,2025-09-01,GCP-BigQuery
WOL-0001458,WO-000787,PRJ-004,Laborer,WKR-5772,11.13,50.96,567.18,2026-07-06,GCP-BigQuery
WOL-0001459,WO-000787,PRJ-004,Instrument Tech,WKR-4973,2.65,128.38,340.21,2026-07-06,GCP-BigQuery
WOL-0001460,WO-000787,PRJ-004,Electrician,WKR-6118,6.18,71.75,443.41,2026-07-06,GCP-BigQuery
WOL-0001461,WO-000787,PRJ-004,Ironworker,WKR-5420,3.45,117.51,405.41,2026-07-06,GCP-BigQuery
WOL-0001462,WO-000789,PRJ-003,Ironworker,WKR-8353,10.41,64.11,667.39,2025-05-11,GCP-BigQuery
WOL-0001463,WO-000789,PRJ-003,Electrician,WKR-7256,6.21,116.39,722.78,2025-05-11,GCP-BigQuery
WOL-0001464,WO-000789,PRJ-003,Pipefitter,WKR-6541,9.95,91.57,911.12,2025-05-11,GCP-BigQuery
WOL-0001465,WO-000790,PRJ-003,Instrument Tech,WKR-3247,7.64,52.89,404.08,2025-12-24,GCP-BigQuery
WOL-0001466,WO-000790,PRJ-003,Instrument Tech,WKR-6044,9.55,83.87,800.96,2025-12-24,GCP-BigQuery
WOL-0001467,WO-000790,PRJ-003,Welder,WKR-5046,11.45,52.03,595.74,2025-12-24,GCP-BigQuery
WOL-0001468,WO-000791,PRJ-004,Millwright,WKR-4559,3.06,130.72,400.0,2025-11-03,GCP-BigQuery
WOL-0001469,WO-000791,PRJ-004,Carpenter,WKR-6067,5.11,130.36,666.14,2025-11-03,GCP-BigQuery
WOL-0001470,WO-000793,PRJ-011,Carpenter,WKR-2928,11.81,120.73,1425.82,2025-04-01,GCP-BigQuery
WOL-0001471,WO-000794,PRJ-011,Ironworker,WKR-9459,9.98,75.78,756.28,2026-07-20,GCP-BigQuery
WOL-0001472,WO-000794,PRJ-011,Millwright,WKR-8180,8.29,60.8,504.03,2026-07-20,GCP-BigQuery
WOL-0001473,WO-000794,PRJ-011,Electrician,WKR-2588,4.5,112.49,506.2,2026-07-20,GCP-BigQuery
WOL-0001474,WO-000795,PRJ-005,Welder,WKR-2746,7.07,65.0,459.55,2025-04-23,GCP-BigQuery
WOL-0001475,WO-000795,PRJ-005,Millwright,WKR-7009,8.5,57.43,488.15,2025-04-23,GCP-BigQuery
WOL-0001476,WO-000796,PRJ-001,Boilermaker,WKR-5355,8.71,81.21,707.34,2025-05-24,GCP-BigQuery
WOL-0001477,WO-000796,PRJ-001,Laborer,WKR-9481,2.56,125.72,321.84,2025-05-24,GCP-BigQuery
WOL-0001478,WO-000797,PRJ-001,Welder,WKR-3018,2.43,96.93,235.54,2025-05-28,GCP-BigQuery
WOL-0001479,WO-000797,PRJ-001,Instrument Tech,WKR-8123,6.59,117.8,776.3,2025-05-28,GCP-BigQuery
WOL-0001480,WO-000798,PRJ-004,Instrument Tech,WKR-4743,11.78,88.35,1040.76,2026-01-10,GCP-BigQuery
WOL-0001481,WO-000798,PRJ-004,Pipefitter,WKR-9352,10.19,67.25,685.28,2026-01-10,GCP-BigQuery
WOL-0001482,WO-000798,PRJ-004,Electrician,WKR-8153,2.7,76.53,206.63,2026-01-10,GCP-BigQuery
WOL-0001483,WO-000798,PRJ-004,Millwright,WKR-8461,5.03,99.61,501.04,2026-01-10,GCP-BigQuery
WOL-0001484,WO-000799,PRJ-006,Boilermaker,WKR-2353,11.38,56.18,639.33,2025-11-04,GCP-BigQuery
WOL-0001485,WO-000799,PRJ-006,Carpenter,WKR-4336,7.9,56.54,446.67,2025-11-04,GCP-BigQuery
WOL-0001486,WO-000799,PRJ-006,Welder,WKR-2958,8.25,115.91,956.26,2025-11-04,GCP-BigQuery
WOL-0001487,WO-000799,PRJ-006,Millwright,WKR-8735,8.68,104.19,904.37,2025-11-04,GCP-BigQuery
WOL-0001488,WO-000800,PRJ-003,Millwright,WKR-3107,9.5,113.42,1077.49,2026-01-16,GCP-BigQuery
WOL-0001489,WO-000800,PRJ-003,Welder,WKR-3752,8.21,106.74,876.34,2026-01-16,GCP-BigQuery
WOL-0001490,WO-000800,PRJ-003,Welder,WKR-3669,6.52,85.91,560.13,2026-01-16,GCP-BigQuery
WOL-0001491,WO-000801,PRJ-006,Ironworker,WKR-2658,2.01,91.59,184.1,2026-03-24,GCP-BigQuery
WOL-0001492,WO-000801,PRJ-006,Carpenter,WKR-5509,8.47,107.19,907.9,2026-03-24,GCP-BigQuery
WOL-0001493,WO-000801,PRJ-006,Instrument Tech,WKR-3819,7.42,75.41,559.54,2026-03-24,GCP-BigQuery
WOL-0001494,WO-000801,PRJ-006,Millwright,WKR-7942,9.45,59.46,561.9,2026-03-24,GCP-BigQuery
WOL-0001495,WO-000802,PRJ-005,Instrument Tech,WKR-5237,10.84,70.63,765.63,2025-04-19,GCP-BigQuery
WOL-0001496,WO-000802,PRJ-005,Ironworker,WKR-6531,2.39,127.39,304.46,2025-04-19,GCP-BigQuery
WOL-0001497,WO-000805,PRJ-002,Pipefitter,WKR-3558,8.23,111.74,919.62,2026-06-24,GCP-BigQuery
WOL-0001498,WO-000805,PRJ-002,Pipefitter,WKR-1812,8.04,117.68,946.15,2026-06-24,GCP-BigQuery
WOL-0001499,WO-000805,PRJ-002,Pipefitter,WKR-9666,11.59,125.59,1455.59,2026-06-24,GCP-BigQuery
WOL-0001500,WO-000806,PRJ-010,Laborer,WKR-7497,4.94,98.6,487.08,2025-06-14,GCP-BigQuery
WOL-0001501,WO-000807,PRJ-009,Laborer,WKR-8800,9.54,61.37,585.47,2025-08-26,GCP-BigQuery
WOL-0001502,WO-000808,PRJ-011,Welder,WKR-5437,3.6,54.17,195.01,2025-02-18,GCP-BigQuery
WOL-0001503,WO-000808,PRJ-011,Operator,WKR-8495,3.86,65.2,251.67,2025-02-18,GCP-BigQuery
WOL-0001504,WO-000808,PRJ-011,Electrician,WKR-2886,5.06,129.89,657.24,2025-02-18,GCP-BigQuery
WOL-0001505,WO-000808,PRJ-011,Boilermaker,WKR-5344,4.61,62.82,289.6,2025-02-18,GCP-BigQuery
WOL-0001506,WO-000809,PRJ-007,Carpenter,WKR-1243,5.65,57.58,325.33,2026-06-02,GCP-BigQuery
WOL-0001507,WO-000810,PRJ-010,Electrician,WKR-1454,5.19,113.33,588.18,2025-10-16,GCP-BigQuery
WOL-0001508,WO-000812,PRJ-006,Laborer,WKR-8937,8.79,101.99,896.49,2025-10-26,GCP-BigQuery
WOL-0001509,WO-000814,PRJ-006,Electrician,WKR-5564,9.94,123.24,1225.01,2025-11-29,GCP-BigQuery
WOL-0001510,WO-000814,PRJ-006,Carpenter,WKR-7702,10.09,58.77,592.99,2025-11-29,GCP-BigQuery
WOL-0001511,WO-000815,PRJ-012,Operator,WKR-2486,10.15,66.47,674.67,2026-03-07,GCP-BigQuery
WOL-0001512,WO-000815,PRJ-012,Carpenter,WKR-7993,11.36,61.55,699.21,2026-03-07,GCP-BigQuery
WOL-0001513,WO-000815,PRJ-012,Carpenter,WKR-1826,6.05,110.97,671.37,2026-03-07,GCP-BigQuery
WOL-0001514,WO-000815,PRJ-012,Pipefitter,WKR-9102,9.25,92.54,856.0,2026-03-07,GCP-BigQuery
WOL-0001515,WO-000817,PRJ-007,Electrician,WKR-6464,3.09,65.07,201.07,2026-04-08,GCP-BigQuery
WOL-0001516,WO-000817,PRJ-007,Pipefitter,WKR-7298,11.8,58.69,692.54,2026-04-08,GCP-BigQuery
WOL-0001517,WO-000817,PRJ-007,Welder,WKR-3132,10.1,69.47,701.65,2026-04-08,GCP-BigQuery
WOL-0001518,WO-000819,PRJ-005,Pipefitter,WKR-8518,8.72,82.69,721.06,2025-09-06,GCP-BigQuery
WOL-0001519,WO-000820,PRJ-006,Instrument Tech,WKR-8085,4.88,100.02,488.1,2026-06-30,GCP-BigQuery
WOL-0001520,WO-000820,PRJ-006,Laborer,WKR-3862,5.64,112.07,632.07,2026-06-30,GCP-BigQuery
WOL-0001521,WO-000820,PRJ-006,Boilermaker,WKR-3597,7.43,111.83,830.9,2026-06-30,GCP-BigQuery
