task_id,wo_id,task_seq,discipline,description,task_status,planned_hours,actual_hours,origin_system
WOT-0000001,WO-900001,1,Piping,Away some shoulder idea seek reason theory,In Progress,34.83,,GCP-BigQuery
WOT-0000002,WO-900001,2,Mechanical,Wear force able similar run room learn,In Progress,7.52,,GCP-BigQuery
WOT-0000003,WO-900001,3,Mechanical,Sure somebody huge why station manager,Open,24.89,,GCP-BigQuery
WOT-0000004,WO-900001,4,Structural,Stock front official not magazine gas,Open,18.64,,GCP-BigQuery
WOT-0000005,WO-000001,1,Electrical,Animal phone student,Completed,31.1,27.91,GCP-BigQuery
WOT-0000006,WO-000001,2,Piping,Buy tax kid,Completed,8.11,8.0,GCP-BigQuery
WOT-0000007,WO-000002,1,Piping,Yeah into yet,Completed,28.41,,GCP-BigQuery
WOT-0000008,WO-000002,2,Piping,Think few themselves theory,Open,33.52,,GCP-BigQuery
WOT-0000009,WO-000003,1,Piping,Pressure economy head tough,Completed,14.91,20.8,GCP-BigQuery
WOT-0000010,WO-000003,2,Mechanical,Appear personal rise sense,Completed,24.13,22.65,GCP-BigQuery
WOT-0000011,WO-000004,1,Mechanical,Pretty region ability live car difficult,Completed,29.49,,GCP-BigQuery
WOT-0000012,WO-000004,2,Piping,Act receive stage write institution car,Completed,27.31,,GCP-BigQuery
WOT-0000013,WO-000005,1,I&C,Director become south billion,Completed,36.7,,GCP-BigQuery
WOT-0000014,WO-000006,1,Piping,Thing case similar send card year,Completed,26.74,38.06,GCP-BigQuery
WOT-0000015,WO-000006,2,Piping,Attention none particular clearly,Completed,37.28,38.52,GCP-BigQuery
WOT-0000016,WO-000006,3,I&C,Reveal physical character in rather team,Completed,15.82,21.44,GCP-BigQuery
WOT-0000017,WO-000007,1,Piping,To cause but role,Completed,4.94,,GCP-BigQuery
WOT-0000018,WO-000007,2,Mechanical,White fire cause everybody base network,In Progress,36.21,,GCP-BigQuery
WOT-0000019,WO-000008,1,Electrical,Return expect wait agree suggest then day parent,In Progress,38.17,,GCP-BigQuery
WOT-0000020,WO-000008,2,Mechanical,Security far approach today west,Completed,31.79,,GCP-BigQuery
WOT-0000021,WO-000008,3,I&C,History drop point audience thousand activity guess,Open,14.0,,GCP-BigQuery
WOT-0000022,WO-000008,4,Structural,Car team nothing half raise several,Open,39.89,,GCP-BigQuery
WOT-0000023,WO-000009,1,I&C,Admit attack energy always,Completed,26.71,33.26,GCP-BigQuery
WOT-0000024,WO-000009,2,Piping,We huge expert Republican,Completed,11.71,10.23,GCP-BigQuery
WOT-0000025,WO-000009,3,Piping,Interest I policy Mrs check base,Completed,33.5,29.33,GCP-BigQuery
WOT-0000026,WO-000010,1,Piping,Memory data space movie,Completed,31.77,27.04,GCP-BigQuery
WOT-0000027,WO-000010,2,Mechanical,Only shake power poor financial join,Completed,11.04,8.49,GCP-BigQuery
WOT-0000028,WO-000010,3,Piping,Around beat its law participant,Completed,9.25,9.84,GCP-BigQuery
WOT-0000029,WO-000010,4,Electrical,Program price compare actually case,Completed,37.35,37.73,GCP-BigQuery
WOT-0000030,WO-000011,1,Mechanical,Clearly well mission,Completed,39.18,41.02,GCP-BigQuery
WOT-0000031,WO-000011,2,I&C,Cold camera sit environmental though,Completed,17.64,16.76,GCP-BigQuery
WOT-0000032,WO-000011,3,Electrical,Friend investment model,Completed,14.38,10.53,GCP-BigQuery
WOT-0000033,WO-000012,1,Electrical,Republican office baby lawyer growth,Open,27.91,,GCP-BigQuery
WOT-0000034,WO-000012,2,Piping,Teacher cold church significant thus purpose boy,Open,16.6,,GCP-BigQuery
WOT-0000035,WO-000012,3,Electrical,Able teach activity animal hair turn condition,Completed,23.0,,GCP-BigQuery
WOT-0000036,WO-000013,1,Electrical,Need trial scientist,Completed,8.21,7.23,GCP-BigQuery
WOT-0000037,WO-000013,2,Structural,Different eat trouble floor step number,Completed,33.09,43.67,GCP-BigQuery
WOT-0000038,WO-000013,3,Electrical,Maybe top conference source,Completed,14.59,12.41,GCP-BigQuery
WOT-0000039,WO-000014,1,Piping,West attention let,In Progress,19.8,,GCP-BigQuery
WOT-0000040,WO-000014,2,Mechanical,Similar financial beat lead hard,In Progress,38.48,,GCP-BigQuery
WOT-0000041,WO-000014,3,Mechanical,Nor fight performance less option,Completed,15.43,,GCP-BigQuery
WOT-0000042,WO-000015,1,Piping,Young simply run national somebody character usually,Completed,20.6,,GCP-BigQuery
WOT-0000043,WO-000015,2,Structural,Do get style,Completed,2.23,,GCP-BigQuery
WOT-0000044,WO-000016,1,Piping,Week ability price,Completed,38.12,51.62,GCP-BigQuery
WOT-0000045,WO-000017,1,Structural,Billion morning draw man art,Completed,24.84,24.49,GCP-BigQuery
WOT-0000046,WO-000017,2,Structural,Republican behavior TV today,Completed,18.83,19.61,GCP-BigQuery
WOT-0000047,WO-000017,3,Piping,Including time learn security oil measure PM,Completed,29.8,23.05,GCP-BigQuery
WOT-0000048,WO-000018,1,Structural,Avoid nothing itself who door end,Open,9.76,,GCP-BigQuery
WOT-0000049,WO-000018,2,Structural,Unit hotel story for laugh do,Open,7.91,,GCP-BigQuery
WOT-0000050,WO-000018,3,Mechanical,Carry show board black last,Open,32.85,,GCP-BigQuery
WOT-0000051,WO-000019,1,Electrical,Image movie who debate final enter,Completed,30.07,,GCP-BigQuery
WOT-0000052,WO-000019,2,Electrical,Bed space fight relate,Completed,12.28,,GCP-BigQuery
WOT-0000053,WO-000019,3,Piping,American structure foreign before eat green message quality,In Progress,15.38,,GCP-BigQuery
WOT-0000054,WO-000019,4,Mechanical,Star community weight take new,Open,18.93,,GCP-BigQuery
WOT-0000055,WO-000020,1,I&C,Economic left sound cause activity store work,Completed,30.41,25.53,GCP-BigQuery
WOT-0000056,WO-000021,1,Structural,Cup hundred rather visit,Completed,22.16,18.67,GCP-BigQuery
WOT-0000057,WO-000021,2,I&C,Old else spend against,Completed,26.55,19.93,GCP-BigQuery
WOT-0000058,WO-000021,3,Mechanical,Cup position speak begin,Completed,28.04,22.11,GCP-BigQuery
WOT-0000059,WO-000021,4,Piping,Business walk anything under item right,Completed,6.04,4.49,GCP-BigQuery
WOT-0000060,WO-000022,1,Mechanical,Ahead raise common Democrat cost evidence third,Completed,32.77,26.65,GCP-BigQuery
WOT-0000061,WO-000022,2,Piping,Pass pay positive,Completed,21.7,16.87,GCP-BigQuery
WOT-0000062,WO-000022,3,Piping,Include nearly article evidence case current this,Completed,26.04,37.9,GCP-BigQuery
WOT-0000063,WO-000023,1,Structural,Eat yes myself affect him require look,Completed,9.89,,GCP-BigQuery
WOT-0000064,WO-000024,1,Mechanical,General not focus establish ago others ahead,Completed,9.96,10.57,GCP-BigQuery
WOT-0000065,WO-000025,1,I&C,Around yard morning short yourself,Completed,39.96,,GCP-BigQuery
WOT-0000066,WO-000025,2,Mechanical,Beyond prevent entire staff,In Progress,2.01,,GCP-BigQuery
WOT-0000067,WO-000025,3,Electrical,Shake way offer work,Open,15.91,,GCP-BigQuery
WOT-0000068,WO-000026,1,Piping,Great stuff suddenly compare or south,Completed,36.68,29.88,GCP-BigQuery
WOT-0000069,WO-000026,2,Structural,Trial agreement red way nor none,Completed,17.66,22.9,GCP-BigQuery
WOT-0000070,WO-000026,3,Structural,Student special wife my compare,Completed,13.88,12.35,GCP-BigQuery
WOT-0000071,WO-000026,4,Piping,Bed discussion despite,Completed,14.29,19.84,GCP-BigQuery
WOT-0000072,WO-000027,1,Electrical,Long forward pass southern future concern sort,Open,38.64,,GCP-BigQuery
WOT-0000073,WO-000027,2,Electrical,Arrive challenge relate center book money,In Progress,2.89,,GCP-BigQuery
WOT-0000074,WO-000028,1,Piping,Whether health walk how big few,Completed,8.51,6.72,GCP-BigQuery
WOT-0000075,WO-000028,2,I&C,Wish run join police,Completed,25.79,36.1,GCP-BigQuery
WOT-0000076,WO-000029,1,Electrical,Power company why really up skin development,Completed,8.4,8.57,GCP-BigQuery
WOT-0000077,WO-000029,2,Mechanical,Sport her safe family concern ability reduce of,Completed,31.87,24.89,GCP-BigQuery
WOT-0000078,WO-000029,3,I&C,Allow own TV whose determine not view,Completed,22.41,24.08,GCP-BigQuery
WOT-0000079,WO-000030,1,Electrical,Former back get floor,Open,6.19,,GCP-BigQuery
WOT-0000080,WO-000030,2,Structural,Start prove role from,In Progress,8.69,,GCP-BigQuery
WOT-0000081,WO-000030,3,Mechanical,Enter economic attack,In Progress,7.53,,GCP-BigQuery
WOT-0000082,WO-000031,1,Electrical,Skin result answer just information,Open,18.86,,GCP-BigQuery
WOT-0000083,WO-000031,2,I&C,This manage her national,Completed,18.32,,GCP-BigQuery
WOT-0000084,WO-000031,3,Structural,Stock small official serve,Completed,12.7,,GCP-BigQuery
WOT-0000085,WO-000032,1,Electrical,Class available suffer far five,Completed,9.53,13.95,GCP-BigQuery
WOT-0000086,WO-000032,2,Piping,Avoid color heart rule,Completed,32.8,45.04,GCP-BigQuery
WOT-0000087,WO-000032,3,Electrical,Walk within full world throw relate issue,Completed,21.71,21.22,GCP-BigQuery
WOT-0000088,WO-000032,4,Electrical,Parent its approach former,Completed,33.91,31.81,GCP-BigQuery
WOT-0000089,WO-000033,1,I&C,Important never understand music produce,Completed,25.05,17.56,GCP-BigQuery
WOT-0000090,WO-000033,2,Electrical,Down anyone occur style child,Completed,38.55,43.93,GCP-BigQuery
WOT-0000091,WO-000033,3,I&C,About because station person lose best,Completed,24.74,28.22,GCP-BigQuery
WOT-0000092,WO-000033,4,I&C,Color factor bank such final,Completed,13.02,19.24,GCP-BigQuery
WOT-0000093,WO-000034,1,Piping,Likely thus enter politics hold he,Completed,27.5,29.25,GCP-BigQuery
WOT-0000094,WO-000034,2,Structural,Hard knowledge enjoy let difficult environmental,Completed,12.94,12.68,GCP-BigQuery
WOT-0000095,WO-000034,3,Mechanical,Character recent benefit property,Completed,8.69,10.69,GCP-BigQuery
WOT-0000096,WO-000035,1,Structural,Including series dinner article hit mission whole,Completed,13.5,13.05,GCP-BigQuery
WOT-0000097,WO-000035,2,Electrical,Of dog federal house take alone number,Completed,27.47,39.66,GCP-BigQuery
WOT-0000098,WO-000036,1,Piping,Song quality per build serious common worker,Completed,15.83,13.29,GCP-BigQuery
WOT-0000099,WO-000037,1,Piping,Speak call interest write itself,Open,37.44,,GCP-BigQuery
WOT-0000100,WO-000038,1,Piping,Challenge organization floor road southern beautiful news need,Completed,7.93,6.79,GCP-BigQuery
WOT-0000101,WO-000038,2,Mechanical,Mind true actually red onto,Completed,35.41,25.32,GCP-BigQuery
WOT-0000102,WO-000038,3,Mechanical,Both change note old who beyond,Completed,21.05,29.26,GCP-BigQuery
WOT-0000103,WO-000039,1,Electrical,None big experience movie,Open,6.87,,GCP-BigQuery
WOT-0000104,WO-000039,2,Structural,There enough pressure occur list common,Open,27.72,,GCP-BigQuery
WOT-0000105,WO-000039,3,Structural,Century participant really although threat former,In Progress,30.58,,GCP-BigQuery
WOT-0000106,WO-000039,4,Piping,Any little environmental head full,In Progress,16.61,,GCP-BigQuery
WOT-0000107,WO-000040,1,Piping,Financial successful teach range win,Completed,29.24,42.71,GCP-BigQuery
WOT-0000108,WO-000040,2,Piping,Care wind kitchen stay especially,Completed,23.61,22.09,GCP-BigQuery
WOT-0000109,WO-000041,1,I&C,Painting become kid tree imagine machine,Completed,25.32,26.37,GCP-BigQuery
WOT-0000110,WO-000041,2,Electrical,Test start middle city find medical career,Completed,32.06,22.69,GCP-BigQuery
WOT-0000111,WO-000041,3,I&C,These ahead cover strategy student economic lead,Completed,23.65,28.55,GCP-BigQuery
WOT-0000112,WO-000042,1,Structural,Relate ever statement measure play buy,Open,17.72,,GCP-BigQuery
WOT-0000113,WO-000042,2,I&C,Drop major land,Completed,20.05,,GCP-BigQuery
WOT-0000114,WO-000042,3,I&C,Only glass clear thus see read expect,Open,4.56,,GCP-BigQuery
WOT-0000115,WO-000043,1,I&C,Anyone take sister Democrat determine different,Completed,36.6,41.91,GCP-BigQuery
WOT-0000116,WO-000043,2,I&C,Especially important after sister should,Completed,4.19,4.93,GCP-BigQuery
WOT-0000117,WO-000043,3,Electrical,Listen car community,Completed,18.31,13.51,GCP-BigQuery
WOT-0000118,WO-000043,4,Piping,Difference part wall,Completed,29.01,26.97,GCP-BigQuery
WOT-0000119,WO-000044,1,Piping,Interest heavy give edge level,Completed,25.83,,GCP-BigQuery
WOT-0000120,WO-000044,2,Electrical,Station however bill memory production successful hear,Open,18.74,,GCP-BigQuery
WOT-0000121,WO-000044,3,Structural,Participant fear blue as write political technology end,Completed,25.01,,GCP-BigQuery
WOT-0000122,WO-000044,4,Mechanical,Could military drive arm tax,Open,18.83,,GCP-BigQuery
WOT-0000123,WO-000045,1,Mechanical,Identify floor cause agent market fast trade identify,Completed,26.38,18.69,GCP-BigQuery
WOT-0000124,WO-000045,2,Piping,On yes staff,Completed,25.09,32.32,GCP-BigQuery
WOT-0000125,WO-000046,1,Piping,Risk develop movement size trade public,In Progress,4.24,,GCP-BigQuery
WOT-0000126,WO-000046,2,Electrical,Feel color price next family likely scientist,Completed,18.01,,GCP-BigQuery
WOT-0000127,WO-000046,3,Mechanical,Several consumer quite friend become great season,Open,17.99,,GCP-BigQuery
WOT-0000128,WO-000047,1,I&C,Inside thought he one less,Completed,6.3,,GCP-BigQuery
WOT-0000129,WO-000048,1,Electrical,Like term on want,In Progress,29.03,,GCP-BigQuery
WOT-0000130,WO-000048,2,Mechanical,Line create build quite,Open,23.38,,GCP-BigQuery
WOT-0000131,WO-000048,3,Electrical,Fear approach take case customer important notice,In Progress,32.28,,GCP-BigQuery
WOT-0000132,WO-000049,1,Electrical,Century television Congress ball forward would finish,Completed,16.27,14.35,GCP-BigQuery
WOT-0000133,WO-000049,2,Piping,Above event seven collection,Completed,24.06,18.4,GCP-BigQuery
WOT-0000134,WO-000049,3,Electrical,Majority shake because pass,Completed,18.51,26.05,GCP-BigQuery
WOT-0000135,WO-000049,4,Mechanical,Idea whole himself also current health,Completed,18.91,22.17,GCP-BigQuery
WOT-0000136,WO-000050,1,Electrical,Throughout series most,Completed,12.97,11.19,GCP-BigQuery
WOT-0000137,WO-000051,1,Structural,Quality phone eat,Completed,32.38,26.12,GCP-BigQuery
WOT-0000138,WO-000051,2,Piping,Fine bill me fill assume animal,Completed,30.38,21.64,GCP-BigQuery
WOT-0000139,WO-000051,3,I&C,Lay minute model its rather,Completed,22.08,17.75,GCP-BigQuery
WOT-0000140,WO-000052,1,Electrical,Garden top grow could,Completed,28.45,25.77,GCP-BigQuery
WOT-0000141,WO-000053,1,Structural,Affect difference world deep against mean,Completed,26.97,36.84,GCP-BigQuery
WOT-0000142,WO-000053,2,I&C,Hand practice also theory,Completed,25.38,25.11,GCP-BigQuery
WOT-0000143,WO-000053,3,Structural,Side perhaps order answer blue,Completed,22.87,25.44,GCP-BigQuery
WOT-0000144,WO-000054,1,Structural,Answer break know,Completed,8.27,9.61,GCP-BigQuery
WOT-0000145,WO-000054,2,Electrical,Natural listen check receive,Completed,30.67,42.75,GCP-BigQuery
WOT-0000146,WO-000054,3,Electrical,Act inside big minute performance red industry together,Completed,16.17,13.56,GCP-BigQuery
WOT-0000147,WO-000055,1,I&C,Responsibility brother box blood cup current enjoy,Completed,17.98,12.81,GCP-BigQuery
WOT-0000148,WO-000055,2,Piping,Win group important civil nature travel read,Completed,4.65,6.12,GCP-BigQuery
WOT-0000149,WO-000055,3,Mechanical,Former able public trade structure protect chance,Completed,35.9,40.8,GCP-BigQuery
WOT-0000150,WO-000056,1,Mechanical,Single avoid rich toward,Completed,22.31,30.88,GCP-BigQuery
WOT-0000151,WO-000057,1,Piping,Lead with enough anyone spend,Completed,13.06,10.44,GCP-BigQuery
WOT-0000152,WO-000058,1,Structural,System growth quality,Completed,34.46,25.6,GCP-BigQuery
WOT-0000153,WO-000058,2,Mechanical,School believe serve animal system professional,Completed,33.3,25.0,GCP-BigQuery
WOT-0000154,WO-000058,3,Mechanical,Forget thus western environmental,Completed,30.83,34.8,GCP-BigQuery
WOT-0000155,WO-000059,1,I&C,Head garden box hundred,Completed,36.35,49.85,GCP-BigQuery
WOT-0000156,WO-000060,1,Mechanical,Even history surface son power someone both,In Progress,25.41,,GCP-BigQuery
WOT-0000157,WO-000060,2,Piping,Word such billion treat,Open,22.92,,GCP-BigQuery
WOT-0000158,WO-000060,3,Structural,Soon question consider here grow agreement range,In Progress,28.07,,GCP-BigQuery
WOT-0000159,WO-000060,4,Mechanical,Low maintain thought key,In Progress,9.54,,GCP-BigQuery
WOT-0000160,WO-000061,1,Mechanical,Energy fire relate question,Completed,39.88,31.11,GCP-BigQuery
WOT-0000161,WO-000061,2,Mechanical,Rich difference what their mind read peace,Completed,31.01,23.3,GCP-BigQuery
WOT-0000162,WO-000061,3,Piping,Product eat generation put his stuff,Completed,4.61,6.17,GCP-BigQuery
WOT-0000163,WO-000061,4,Structural,Throughout party activity various measure light many,Completed,35.5,43.32,GCP-BigQuery
WOT-0000164,WO-000062,1,Electrical,Avoid man drive wife,Completed,36.44,34.22,GCP-BigQuery
WOT-0000165,WO-000062,2,I&C,Medical nearly her,Completed,12.47,15.52,GCP-BigQuery
WOT-0000166,WO-000062,3,Structural,Bad know of because material,Completed,36.04,29.72,GCP-BigQuery
WOT-0000167,WO-000062,4,Structural,Budget market president bill include news,Completed,38.19,47.14,GCP-BigQuery
WOT-0000168,WO-000063,1,Mechanical,Stay social white,Completed,36.73,46.86,GCP-BigQuery
WOT-0000169,WO-000063,2,Electrical,Three none pressure lay future,Completed,26.33,35.03,GCP-BigQuery
WOT-0000170,WO-000063,3,Electrical,Staff such forward,Completed,36.08,27.21,GCP-BigQuery
WOT-0000171,WO-000064,1,Structural,Outside respond guy laugh best probably able great,Completed,8.96,,GCP-BigQuery
WOT-0000172,WO-000064,2,Mechanical,Natural hear blood to manage,Completed,38.81,,GCP-BigQuery
WOT-0000173,WO-000064,3,Piping,Blood particularly could us hotel lead,In Progress,3.4,,GCP-BigQuery
WOT-0000174,WO-000065,1,Piping,Response blue increase unit study,Completed,30.61,23.53,GCP-BigQuery
WOT-0000175,WO-000065,2,Electrical,But through leader operation mean white above save,Completed,25.16,27.54,GCP-BigQuery
WOT-0000176,WO-000066,1,Mechanical,Very stuff lot meet TV concern official,Open,11.11,,GCP-BigQuery
WOT-0000177,WO-000067,1,Mechanical,Billion price paper focus,In Progress,36.61,,GCP-BigQuery
WOT-0000178,WO-000067,2,Piping,Industry participant realize eat huge garden,Completed,37.41,,GCP-BigQuery
WOT-0000179,WO-000067,3,I&C,Laugh card include record security,Completed,17.71,,GCP-BigQuery
WOT-0000180,WO-000068,1,Piping,Successful natural finish say network,Completed,25.42,32.97,GCP-BigQuery
WOT-0000181,WO-000068,2,Electrical,Cut person fact generation public,Completed,32.45,45.45,GCP-BigQuery
WOT-0000182,WO-000069,1,Electrical,Mean reason follow break,Open,22.03,,GCP-BigQuery
WOT-0000183,WO-000069,2,Electrical,No old wall report purpose throw,Completed,3.43,,GCP-BigQuery
WOT-0000184,WO-000069,3,Piping,Experience suggest space mission agent certainly prove,In Progress,22.86,,GCP-BigQuery
WOT-0000185,WO-000069,4,Piping,Environment size worker raise chair,In Progress,5.33,,GCP-BigQuery
WOT-0000186,WO-000070,1,Mechanical,Real far send allow,In Progress,39.79,,GCP-BigQuery
WOT-0000187,WO-000070,2,I&C,Bill test science ten score night down,Open,34.91,,GCP-BigQuery
WOT-0000188,WO-000070,3,Structural,Realize another high indicate small,Completed,30.03,,GCP-BigQuery
WOT-0000189,WO-000070,4,Piping,Whole approach season data than team,Completed,32.96,,GCP-BigQuery
WOT-0000190,WO-000071,1,I&C,Stop treatment relate positive sense national,Completed,33.16,41.53,GCP-BigQuery
WOT-0000191,WO-000071,2,Mechanical,Cultural right cover large work avoid while same,Completed,7.03,9.27,GCP-BigQuery
WOT-0000192,WO-000071,3,Mechanical,Help investment news candidate,Completed,25.77,28.74,GCP-BigQuery
WOT-0000193,WO-000071,4,I&C,Suffer accept letter visit always up others similar,Completed,36.48,37.09,GCP-BigQuery
WOT-0000194,WO-000072,1,Piping,Past product make of group six fish detail,Completed,17.73,23.19,GCP-BigQuery
WOT-0000195,WO-000072,2,Piping,Minute skill city myself,Completed,23.45,25.95,GCP-BigQuery
WOT-0000196,WO-000072,3,Structural,Begin determine degree forward guess despite,Completed,29.62,40.41,GCP-BigQuery
WOT-0000197,WO-000073,1,Electrical,Most you statement wonder across protect knowledge toward,Completed,4.38,,GCP-BigQuery
WOT-0000198,WO-000073,2,Piping,Truth during always those high someone box either,Open,21.52,,GCP-BigQuery
WOT-0000199,WO-000073,3,I&C,Agency might side method meet,Completed,27.8,,GCP-BigQuery
WOT-0000200,WO-000074,1,I&C,Analysis together court message way cold what,Open,32.16,,GCP-BigQuery
WOT-0000201,WO-000074,2,Electrical,Mouth phone decision picture defense rate structure,In Progress,9.67,,GCP-BigQuery
WOT-0000202,WO-000075,1,I&C,Mrs reflect wish simple position,Completed,17.58,24.2,GCP-BigQuery
WOT-0000203,WO-000075,2,Piping,Section child learn forward,Completed,29.39,24.67,GCP-BigQuery
WOT-0000204,WO-000076,1,Electrical,Available concern edge audience,Completed,8.02,10.02,GCP-BigQuery
WOT-0000205,WO-000076,2,Electrical,Treat imagine later identify first,Completed,11.43,15.24,GCP-BigQuery
WOT-0000206,WO-000077,1,Structural,Pull movement political peace series one,Open,27.5,,GCP-BigQuery
WOT-0000207,WO-000077,2,Electrical,Group me face rate,In Progress,14.65,,GCP-BigQuery
WOT-0000208,WO-000077,3,Electrical,Beat she join house produce listen mouth carry,Open,22.88,,GCP-BigQuery
WOT-0000209,WO-000078,1,Structural,Someone support far plant fear thought,Completed,21.48,23.17,GCP-BigQuery
WOT-0000210,WO-000078,2,Electrical,Whatever action themselves center among of,Completed,9.54,9.22,GCP-BigQuery
WOT-0000211,WO-000078,3,Electrical,Mr water fight security tough gas,Completed,12.29,14.18,GCP-BigQuery
WOT-0000212,WO-000078,4,Mechanical,Town surface central contain pattern education,Completed,19.57,28.43,GCP-BigQuery
WOT-0000213,WO-000079,1,Piping,Consider son system surface,Open,10.34,,GCP-BigQuery
WOT-0000214,WO-000079,2,Piping,Leave near fact attack better rise maintain,Completed,31.84,,GCP-BigQuery
WOT-0000215,WO-000079,3,Mechanical,Ground provide doctor expect attorney cover,Open,34.82,,GCP-BigQuery
WOT-0000216,WO-000079,4,I&C,Late pattern figure once not hair first,Open,11.55,,GCP-BigQuery
WOT-0000217,WO-000080,1,Structural,Collection finish size Republican political everybody,Completed,24.09,26.77,GCP-BigQuery
WOT-0000218,WO-000080,2,Structural,Care run there leg grow figure,Completed,23.07,27.25,GCP-BigQuery
WOT-0000219,WO-000080,3,Electrical,Board population bank exactly step through cultural,Completed,3.17,3.85,GCP-BigQuery
WOT-0000220,WO-000081,1,Piping,Baby away affect medical all old if operation,In Progress,27.57,,GCP-BigQuery
WOT-0000221,WO-000081,2,Electrical,Necessary myself your,In Progress,33.4,,GCP-BigQuery
WOT-0000222,WO-000081,3,Piping,President chance hotel through operation tax card,Open,6.88,,GCP-BigQuery
WOT-0000223,WO-000082,1,I&C,Member however maybe production summer southern pass,Open,26.21,,GCP-BigQuery
WOT-0000224,WO-000083,1,Mechanical,Serious cell city not,Open,7.89,,GCP-BigQuery
WOT-0000225,WO-000083,2,Mechanical,Process whose save low grow despite maintain,In Progress,20.16,,GCP-BigQuery
WOT-0000226,WO-000083,3,Piping,Enough doctor protect military,Open,8.7,,GCP-BigQuery
WOT-0000227,WO-000084,1,Electrical,Hold truth thing always possible billion,Open,12.68,,GCP-BigQuery
WOT-0000228,WO-000084,2,I&C,Plant event score official now heavy her,Completed,10.49,,GCP-BigQuery
WOT-0000229,WO-000084,3,Electrical,President structure might heavy trade might good test,In Progress,38.47,,GCP-BigQuery
WOT-0000230,WO-000085,1,Mechanical,Society thought according think key discover method,In Progress,11.9,,GCP-BigQuery
WOT-0000231,WO-000085,2,Mechanical,Deep cost gun response brother,Completed,34.02,,GCP-BigQuery
WOT-0000232,WO-000086,1,Structural,Increase form box push look,In Progress,38.73,,GCP-BigQuery
WOT-0000233,WO-000087,1,I&C,Claim street against amount of claim picture always,In Progress,34.2,,GCP-BigQuery
WOT-0000234,WO-000087,2,Mechanical,Chair coach two might if wide point,Open,31.53,,GCP-BigQuery
WOT-0000235,WO-000088,1,I&C,Water describe paper likely loss,Completed,33.95,25.42,GCP-BigQuery
WOT-0000236,WO-000089,1,I&C,Store over some star consider,Open,33.66,,GCP-BigQuery
WOT-0000237,WO-000089,2,Piping,Enough right garden law opportunity discover history,Completed,7.26,,GCP-BigQuery
WOT-0000238,WO-000089,3,Electrical,Admit mission training range,Completed,19.67,,GCP-BigQuery
WOT-0000239,WO-000090,1,Piping,Painting concern top outside,Completed,25.69,23.99,GCP-BigQuery
WOT-0000240,WO-000090,2,Piping,Me brother lot candidate owner still to,Completed,7.08,5.55,GCP-BigQuery
WOT-0000241,WO-000090,3,Structural,Miss have analysis morning director sort,Completed,22.1,20.29,GCP-BigQuery
WOT-0000242,WO-000091,1,Electrical,Go source traditional student office international,In Progress,24.59,,GCP-BigQuery
WOT-0000243,WO-000091,2,Piping,Local discussion teacher exist theory,Completed,31.53,,GCP-BigQuery
WOT-0000244,WO-000091,3,Structural,Election accept season according mission mind,In Progress,13.13,,GCP-BigQuery
WOT-0000245,WO-000092,1,Mechanical,Pressure reach firm gun choice prepare,Completed,2.35,,GCP-BigQuery
WOT-0000246,WO-000092,2,Electrical,End movie north partner yeah,In Progress,13.49,,GCP-BigQuery
WOT-0000247,WO-000093,1,Mechanical,Sense including six lot have never,Completed,33.14,44.86,GCP-BigQuery
WOT-0000248,WO-000093,2,Electrical,Write officer similar huge catch,Completed,35.34,52.8,GCP-BigQuery
WOT-0000249,WO-000094,1,Structural,Security land record class,Completed,11.42,10.27,GCP-BigQuery
WOT-0000250,WO-000095,1,Electrical,Meet skill song pass range,Completed,12.17,10.85,GCP-BigQuery
WOT-0000251,WO-000095,2,I&C,Claim who accept,Completed,16.96,20.77,GCP-BigQuery
WOT-0000252,WO-000096,1,Structural,Statement likely outside because,In Progress,28.32,,GCP-BigQuery
WOT-0000253,WO-000096,2,I&C,Develop bag also his worker,In Progress,7.61,,GCP-BigQuery
WOT-0000254,WO-000096,3,Structural,Prevent expert white arm similar compare manager action,In Progress,3.42,,GCP-BigQuery
WOT-0000255,WO-000096,4,Electrical,Experience almost outside middle discuss college already,In Progress,4.17,,GCP-BigQuery
WOT-0000256,WO-000097,1,Piping,Pretty wish beautiful every human,Completed,16.0,15.64,GCP-BigQuery
WOT-0000257,WO-000097,2,Piping,If customer address region try near,Completed,19.32,20.6,GCP-BigQuery
WOT-0000258,WO-000097,3,I&C,Trip give white everybody paper create upon,Completed,3.73,4.53,GCP-BigQuery
WOT-0000259,WO-000098,1,Mechanical,Above company media next me future bring,Completed,22.75,28.08,GCP-BigQuery
WOT-0000260,WO-000098,2,Mechanical,What then spend offer reason whom none,Completed,13.74,9.77,GCP-BigQuery
WOT-0000261,WO-000099,1,Mechanical,Serious which learn leave only,Open,20.91,,GCP-BigQuery
WOT-0000262,WO-000100,1,Electrical,Loss election him,Open,28.39,,GCP-BigQuery
WOT-0000263,WO-000100,2,Mechanical,Quality discover firm western might,Open,31.37,,GCP-BigQuery
WOT-0000264,WO-000101,1,Piping,Red enjoy expert,Completed,32.37,32.64,GCP-BigQuery
WOT-0000265,WO-000101,2,Piping,Purpose start away use live government,Completed,3.78,5.65,GCP-BigQuery
WOT-0000266,WO-000102,1,Piping,Especially water raise travel material current save,Completed,38.82,50.65,GCP-BigQuery
WOT-0000267,WO-000102,2,Electrical,Deal dark economic peace choose,Completed,15.11,12.51,GCP-BigQuery
WOT-0000268,WO-000102,3,Structural,Build bad what manage,Completed,27.3,30.89,GCP-BigQuery
WOT-0000269,WO-000103,1,Piping,Share must amount,In Progress,33.44,,GCP-BigQuery
WOT-0000270,WO-000103,2,Piping,He firm together thing off ever consumer,In Progress,27.35,,GCP-BigQuery
WOT-0000271,WO-000103,3,I&C,Exactly develop office approach son long must,In Progress,3.62,,GCP-BigQuery
WOT-0000272,WO-000104,1,Structural,Girl team simply lead build million firm,In Progress,20.36,,GCP-BigQuery
WOT-0000273,WO-000104,2,Mechanical,Activity decision ok,Completed,28.14,,GCP-BigQuery
WOT-0000274,WO-000104,3,Structural,Gun technology cost enjoy especially when,Completed,36.5,,GCP-BigQuery
WOT-0000275,WO-000105,1,Piping,Hand material decision red head take,In Progress,16.3,,GCP-BigQuery
WOT-0000276,WO-000105,2,Mechanical,Late number without rather sport,Completed,33.01,,GCP-BigQuery
WOT-0000277,WO-000105,3,I&C,Sound new task cultural son,In Progress,33.12,,GCP-BigQuery
WOT-0000278,WO-000106,1,Mechanical,List act instead care,Completed,23.63,19.5,GCP-BigQuery
WOT-0000279,WO-000107,1,Mechanical,Military result size feel no nothing huge real,Completed,20.95,25.65,GCP-BigQuery
WOT-0000280,WO-000107,2,Electrical,Democratic effect stuff benefit,Completed,34.46,47.75,GCP-BigQuery
WOT-0000281,WO-000107,3,Piping,Employee growth newspaper special general in,Completed,30.88,38.99,GCP-BigQuery
WOT-0000282,WO-000108,1,Mechanical,Test white current office power company,Completed,25.79,20.54,GCP-BigQuery
WOT-0000283,WO-000108,2,Structural,Great pull maintain say threat,Completed,4.23,5.75,GCP-BigQuery
WOT-0000284,WO-000108,3,Mechanical,Party less what than political up,Completed,30.27,44.16,GCP-BigQuery
WOT-0000285,WO-000108,4,I&C,Piece occur support author class direction,Completed,39.2,31.61,GCP-BigQuery
WOT-0000286,WO-000109,1,Mechanical,President report painting house thought sit,Completed,35.38,,GCP-BigQuery
WOT-0000287,WO-000109,2,Piping,Security minute late cold take by,Open,35.1,,GCP-BigQuery
WOT-0000288,WO-000109,3,I&C,Product wait red bag cold,Completed,6.44,,GCP-BigQuery
WOT-0000289,WO-000109,4,I&C,Believe view list approach,In Progress,8.61,,GCP-BigQuery
WOT-0000290,WO-000110,1,I&C,Model you billion peace base use,Completed,6.73,4.82,GCP-BigQuery
WOT-0000291,WO-000111,1,Structural,Finally easy exist phone capital stuff,Completed,35.31,50.49,GCP-BigQuery
WOT-0000292,WO-000111,2,Piping,Along ground trip,Completed,12.81,13.33,GCP-BigQuery
WOT-0000293,WO-000111,3,Electrical,Level that various nature career way much,Completed,19.23,13.54,GCP-BigQuery
WOT-0000294,WO-000111,4,Structural,Our piece player nor model police finally girl,Completed,31.61,35.5,GCP-BigQuery
WOT-0000295,WO-000112,1,Structural,Dinner become film include choose action model,In Progress,16.75,,GCP-BigQuery
WOT-0000296,WO-000112,2,Electrical,Gas light across two,Open,5.65,,GCP-BigQuery
WOT-0000297,WO-000112,3,Piping,Federal she something others someone nature country,In Progress,21.08,,GCP-BigQuery
WOT-0000298,WO-000112,4,Mechanical,Join economic resource position stock determine bad,Completed,22.71,,GCP-BigQuery
WOT-0000299,WO-000113,1,Electrical,Dream share travel space range expect sea speak,In Progress,3.05,,GCP-BigQuery
WOT-0000300,WO-000113,2,Mechanical,Could attention carry book lay laugh,In Progress,7.1,,GCP-BigQuery
WOT-0000301,WO-000113,3,I&C,Man fly charge wide against win example by,Open,32.71,,GCP-BigQuery
WOT-0000302,WO-000113,4,Structural,Road do character management game find,Completed,26.13,,GCP-BigQuery
WOT-0000303,WO-000114,1,Structural,Your less social form such weight argue,In Progress,7.87,,GCP-BigQuery
WOT-0000304,WO-000114,2,Structural,Author like court success stage stock,Completed,14.63,,GCP-BigQuery
WOT-0000305,WO-000115,1,I&C,Window research his window,Completed,10.6,9.86,GCP-BigQuery
WOT-0000306,WO-000115,2,Electrical,Scene almost leave side miss,Completed,7.19,5.32,GCP-BigQuery
WOT-0000307,WO-000116,1,Mechanical,List race fine follow pick,Completed,2.49,3.36,GCP-BigQuery
WOT-0000308,WO-000116,2,Mechanical,Seat near business,Completed,21.89,26.28,GCP-BigQuery
WOT-0000309,WO-000116,3,Structural,Police cup thought tell design both plan,Completed,15.59,21.6,GCP-BigQuery
WOT-0000310,WO-000116,4,Mechanical,Address some once how during why,Completed,9.29,6.75,GCP-BigQuery
WOT-0000311,WO-000117,1,I&C,Situation little other he become citizen before peace,Completed,5.16,4.01,GCP-BigQuery
WOT-0000312,WO-000118,1,Structural,Art green child movie blue maintain first next,Completed,20.68,18.47,GCP-BigQuery
WOT-0000313,WO-000118,2,Mechanical,South just cover ready group care,Completed,15.25,11.48,GCP-BigQuery
WOT-0000314,WO-000118,3,Piping,Magazine join far,Completed,6.43,7.67,GCP-BigQuery
WOT-0000315,WO-000119,1,Piping,Couple cost girl run every story trial,Completed,38.95,38.94,GCP-BigQuery
WOT-0000316,WO-000120,1,Mechanical,Civil most last standard must law simply,Completed,22.43,27.15,GCP-BigQuery
WOT-0000317,WO-000120,2,I&C,Here control affect task simply draw return,Completed,7.3,6.27,GCP-BigQuery
WOT-0000318,WO-000121,1,Electrical,Standard couple raise she child executive important,Completed,34.1,,GCP-BigQuery
WOT-0000319,WO-000121,2,Structural,Book model at strong candidate them,Completed,18.33,,GCP-BigQuery
WOT-0000320,WO-000121,3,Mechanical,Blood court all politics home,Open,39.23,,GCP-BigQuery
WOT-0000321,WO-000122,1,Electrical,Moment red eight hand paper audience us,In Progress,24.81,,GCP-BigQuery
WOT-0000322,WO-000123,1,I&C,Pretty up story life police,Open,16.54,,GCP-BigQuery
WOT-0000323,WO-000124,1,Structural,Newspaper voice indeed hard remain statement,Completed,17.64,23.11,GCP-BigQuery
WOT-0000324,WO-000125,1,Electrical,More same strong back democratic,Completed,7.01,9.75,GCP-BigQuery
WOT-0000325,WO-000125,2,Electrical,Best rise mother country moment eat personal,Completed,2.02,2.0,GCP-BigQuery
WOT-0000326,WO-000126,1,Mechanical,Next newspaper second short,Completed,28.1,21.16,GCP-BigQuery
WOT-0000327,WO-000127,1,I&C,Group learn professor third coach Congress husband,Completed,14.08,9.92,GCP-BigQuery
WOT-0000328,WO-000127,2,Electrical,Price move outside value total nearly,Completed,22.32,17.71,GCP-BigQuery
WOT-0000329,WO-000128,1,Electrical,Suddenly include plan step food drive,Completed,26.37,33.75,GCP-BigQuery
WOT-0000330,WO-000129,1,Electrical,Degree she unit effect which language however,Completed,14.51,13.02,GCP-BigQuery
WOT-0000331,WO-000129,2,Piping,Work other military,Completed,38.36,32.47,GCP-BigQuery
WOT-0000332,WO-000130,1,Piping,According worker Democrat fire sign,Open,18.91,,GCP-BigQuery
WOT-0000333,WO-000131,1,Mechanical,Try memory number occur behind,Completed,5.64,6.84,GCP-BigQuery
WOT-0000334,WO-000131,2,Piping,Green catch happen old do specific begin,Completed,25.26,33.31,GCP-BigQuery
WOT-0000335,WO-000131,3,Piping,Notice design baby foot lot major,Completed,14.4,20.66,GCP-BigQuery
WOT-0000336,WO-000131,4,Piping,Standard believe politics also space high sister,Completed,29.86,38.13,GCP-BigQuery
WOT-0000337,WO-000132,1,Structural,Girl stage indicate test thank dinner,Open,15.62,,GCP-BigQuery
WOT-0000338,WO-000132,2,Electrical,Up plant place approach modern floor north force,Open,18.06,,GCP-BigQuery
WOT-0000339,WO-000132,3,I&C,Check purpose young wife send,Open,19.15,,GCP-BigQuery
WOT-0000340,WO-000132,4,Electrical,Measure develop face hour car bar number,Completed,2.15,,GCP-BigQuery
WOT-0000341,WO-000133,1,Piping,Nature energy huge,Completed,23.35,22.72,GCP-BigQuery
WOT-0000342,WO-000134,1,I&C,Similar candidate care nice maintain present,Completed,35.88,43.84,GCP-BigQuery
WOT-0000343,WO-000135,1,Piping,Night young modern drug entire,Completed,19.49,19.03,GCP-BigQuery
WOT-0000344,WO-000135,2,Piping,Food under become public interest give,Completed,28.54,29.68,GCP-BigQuery
WOT-0000345,WO-000135,3,Structural,General pretty show college glass start,Completed,16.9,17.62,GCP-BigQuery
WOT-0000346,WO-000136,1,I&C,Perhaps key under do rate choose,Completed,39.64,50.17,GCP-BigQuery
WOT-0000347,WO-000136,2,Structural,Both approach we unit,Completed,15.65,16.35,GCP-BigQuery
WOT-0000348,WO-000136,3,Electrical,Add really born late age,Completed,3.4,3.81,GCP-BigQuery
WOT-0000349,WO-000136,4,Piping,Science deep national seek nature,Completed,32.83,28.19,GCP-BigQuery
WOT-0000350,WO-000137,1,Mechanical,Role center recognize adult on professional analysis color,Completed,29.67,27.0,GCP-BigQuery
WOT-0000351,WO-000137,2,Piping,Customer recent even let war,Completed,25.67,30.51,GCP-BigQuery
WOT-0000352,WO-000137,3,Electrical,Home even system process,Completed,33.91,29.02,GCP-BigQuery
WOT-0000353,WO-000138,1,Piping,Affect test power discuss,Open,20.47,,GCP-BigQuery
WOT-0000354,WO-000139,1,I&C,Meet report tough machine others because,Completed,31.95,26.17,GCP-BigQuery
WOT-0000355,WO-000140,1,I&C,May leader unit again easy,Completed,39.61,43.76,GCP-BigQuery
WOT-0000356,WO-000140,2,Electrical,Figure majority season adult range green few,Completed,20.94,17.77,GCP-BigQuery
WOT-0000357,WO-000140,3,I&C,Every artist election hit yourself wrong want,Completed,7.59,9.43,GCP-BigQuery
WOT-0000358,WO-000140,4,Mechanical,Difficult game hotel case role,Completed,17.04,12.36,GCP-BigQuery
WOT-0000359,WO-000141,1,I&C,Whether partner personal dinner drive check wife,Open,34.15,,GCP-BigQuery
WOT-0000360,WO-000141,2,Electrical,Forget my deal catch must son television finally,In Progress,30.5,,GCP-BigQuery
WOT-0000361,WO-000142,1,I&C,Travel involve training show prevent north citizen,Completed,11.41,9.41,GCP-BigQuery
WOT-0000362,WO-000142,2,Electrical,Newspaper we brother fish,Completed,22.27,19.07,GCP-BigQuery
WOT-0000363,WO-000142,3,Piping,Risk she they increase,Completed,18.58,19.62,GCP-BigQuery
WOT-0000364,WO-000143,1,Electrical,Field seat start PM scene charge,Open,23.47,,GCP-BigQuery
WOT-0000365,WO-000143,2,Mechanical,Blood continue several partner environment,In Progress,21.37,,GCP-BigQuery
WOT-0000366,WO-000143,3,Mechanical,Partner others discuss ago bag sister care,Open,20.45,,GCP-BigQuery
WOT-0000367,WO-000143,4,Electrical,Light power contain hold listen clearly difficult impact,In Progress,19.19,,GCP-BigQuery
WOT-0000368,WO-000144,1,Structural,Understand wear development,Completed,36.5,49.45,GCP-BigQuery
WOT-0000369,WO-000144,2,I&C,Serious at until worry term,Completed,10.57,10.38,GCP-BigQuery
WOT-0000370,WO-000145,1,Mechanical,Reach term thought into simply part station,Completed,17.99,,GCP-BigQuery
WOT-0000371,WO-000146,1,I&C,Hour voice occur movie political region,Completed,33.85,41.03,GCP-BigQuery
WOT-0000372,WO-000146,2,I&C,Minute later still,Completed,8.74,6.38,GCP-BigQuery
WOT-0000373,WO-000146,3,Mechanical,There early Mrs,Completed,32.08,24.8,GCP-BigQuery
WOT-0000374,WO-000147,1,Piping,Newspaper might piece,Completed,37.63,44.89,GCP-BigQuery
WOT-0000375,WO-000148,1,Mechanical,Couple keep this,Completed,16.39,,GCP-BigQuery
WOT-0000376,WO-000148,2,I&C,Leave institution party approach might,In Progress,9.78,,GCP-BigQuery
WOT-0000377,WO-000148,3,Electrical,Less position bed may,Completed,15.57,,GCP-BigQuery
WOT-0000378,WO-000148,4,Structural,Single visit receive career,In Progress,36.95,,GCP-BigQuery
WOT-0000379,WO-000149,1,Mechanical,Food agent law to time think,Completed,20.32,,GCP-BigQuery
WOT-0000380,WO-000149,2,Electrical,Economic reality trade someone,In Progress,35.63,,GCP-BigQuery
WOT-0000381,WO-000149,3,Mechanical,Before relationship plant be,In Progress,4.06,,GCP-BigQuery
WOT-0000382,WO-000149,4,Piping,Risk window partner civil nearly analysis,In Progress,19.22,,GCP-BigQuery
WOT-0000383,WO-000150,1,Mechanical,Treatment not process change,Completed,4.84,3.53,GCP-BigQuery
WOT-0000384,WO-000150,2,Structural,Condition Republican information finally,Completed,3.07,3.28,GCP-BigQuery
WOT-0000385,WO-000150,3,Piping,Eye Congress together whether about she activity,Completed,10.41,7.5,GCP-BigQuery
WOT-0000386,WO-000150,4,I&C,Talk myself accept third down open little,Completed,3.34,4.29,GCP-BigQuery
WOT-0000387,WO-000151,1,Electrical,Kind over according think everything pick,Open,26.94,,GCP-BigQuery
WOT-0000388,WO-000151,2,Piping,Any challenge president already take,In Progress,4.25,,GCP-BigQuery
WOT-0000389,WO-000151,3,Piping,Study fear turn any indicate condition public,Completed,12.2,,GCP-BigQuery
WOT-0000390,WO-000152,1,Structural,Produce record occur no whom see growth along,Completed,5.29,6.08,GCP-BigQuery
WOT-0000391,WO-000152,2,Structural,Follow today star serve successful,Completed,21.18,31.23,GCP-BigQuery
WOT-0000392,WO-000153,1,Electrical,Fall care reason ever,Completed,35.85,45.74,GCP-BigQuery
WOT-0000393,WO-000153,2,Structural,Including decide decade around number without more,Completed,37.28,55.66,GCP-BigQuery
WOT-0000394,WO-000154,1,Mechanical,Low read value worry,Completed,7.0,9.41,GCP-BigQuery
WOT-0000395,WO-000154,2,Piping,Interview summer employee offer perhaps,Completed,26.49,24.45,GCP-BigQuery
WOT-0000396,WO-000154,3,Structural,Pass market role marriage,Completed,38.68,42.53,GCP-BigQuery
WOT-0000397,WO-000154,4,Electrical,This discussion fact cover,Completed,21.82,18.1,GCP-BigQuery
WOT-0000398,WO-000155,1,Piping,Agency personal brother summer,Open,5.38,,GCP-BigQuery
WOT-0000399,WO-000155,2,Piping,Yourself increase free night point action cut example,Open,34.25,,GCP-BigQuery
WOT-0000400,WO-000156,1,Structural,Film media food accept,Completed,28.96,39.87,GCP-BigQuery
WOT-0000401,WO-000156,2,Mechanical,Game right pattern ahead compare form,Completed,38.18,31.39,GCP-BigQuery
WOT-0000402,WO-000157,1,Piping,Two look listen along career choice,Open,21.22,,GCP-BigQuery
WOT-0000403,WO-000158,1,Structural,Throughout Mr friend six including sea strong,Completed,28.85,34.05,GCP-BigQuery
WOT-0000404,WO-000158,2,I&C,North question new affect officer,Completed,10.77,10.8,GCP-BigQuery
WOT-0000405,WO-000158,3,Electrical,Son thousand government wide exactly all,Completed,34.88,41.09,GCP-BigQuery
WOT-0000406,WO-000159,1,Structural,Phone success number hope organization ten,Completed,9.0,,GCP-BigQuery
WOT-0000407,WO-000160,1,I&C,Relate fire all including market,Open,17.32,,GCP-BigQuery
WOT-0000408,WO-000160,2,Electrical,He stop few modern company,Open,18.6,,GCP-BigQuery
WOT-0000409,WO-000160,3,Structural,Size sing tree kitchen agent lot,In Progress,21.35,,GCP-BigQuery
WOT-0000410,WO-000161,1,Structural,Child future low them financial force show,Completed,30.36,31.63,GCP-BigQuery
WOT-0000411,WO-000161,2,Electrical,State visit quality car,Completed,14.8,12.15,GCP-BigQuery
WOT-0000412,WO-000162,1,Piping,Least require mission,Completed,35.18,50.11,GCP-BigQuery
WOT-0000413,WO-000162,2,Electrical,Financial analysis summer,Completed,35.47,32.89,GCP-BigQuery
WOT-0000414,WO-000162,3,I&C,Four threat billion she,Completed,26.24,38.41,GCP-BigQuery
WOT-0000415,WO-000163,1,Piping,Against serve police decide customer,Completed,20.8,26.03,GCP-BigQuery
WOT-0000416,WO-000163,2,Piping,Everybody five kid brother chance,Completed,31.36,41.09,GCP-BigQuery
WOT-0000417,WO-000164,1,Piping,Boy when nice bill my,Open,18.46,,GCP-BigQuery
WOT-0000418,WO-000164,2,Electrical,Five center region exist each author party,Open,21.0,,GCP-BigQuery
WOT-0000419,WO-000164,3,Mechanical,Music anything ahead tough anyone himself,In Progress,37.83,,GCP-BigQuery
WOT-0000420,WO-000164,4,I&C,Interview condition other or,In Progress,19.94,,GCP-BigQuery
WOT-0000421,WO-000165,1,Piping,Pattern fine stage require provide move wind,Completed,21.76,17.48,GCP-BigQuery
WOT-0000422,WO-000166,1,Structural,Nothing behavior sort recognize best financial popular,Completed,15.64,16.36,GCP-BigQuery
WOT-0000423,WO-000166,2,Electrical,Like water century time election guy contain,Completed,9.82,12.38,GCP-BigQuery
WOT-0000424,WO-000166,3,I&C,Small think law air little goal,Completed,35.48,26.3,GCP-BigQuery
WOT-0000425,WO-000166,4,Electrical,Suffer executive give offer meet if research,Completed,38.99,36.16,GCP-BigQuery
WOT-0000426,WO-000167,1,Electrical,For power society mouth,Completed,9.77,13.68,GCP-BigQuery
WOT-0000427,WO-000167,2,Electrical,Opportunity draw during city lot at,Completed,13.07,13.99,GCP-BigQuery
WOT-0000428,WO-000167,3,Mechanical,Sport opportunity six itself skin,Completed,28.82,35.36,GCP-BigQuery
WOT-0000429,WO-000168,1,Piping,Reason community prove school Republican student boy,Open,30.62,,GCP-BigQuery
WOT-0000430,WO-000168,2,I&C,Leg never state computer what attorney board sport,Open,35.34,,GCP-BigQuery
WOT-0000431,WO-000168,3,Structural,Force population article design catch oil,Completed,6.88,,GCP-BigQuery
WOT-0000432,WO-000168,4,I&C,Serious produce laugh,Open,9.66,,GCP-BigQuery
WOT-0000433,WO-000169,1,Piping,Hope official crime race first,Completed,14.12,11.39,GCP-BigQuery
WOT-0000434,WO-000169,2,Mechanical,Some quickly truth view response trip wrong,Completed,24.84,33.15,GCP-BigQuery
WOT-0000435,WO-000169,3,Piping,Account worry identify camera family hard nature apply,Completed,7.91,9.06,GCP-BigQuery
WOT-0000436,WO-000170,1,Structural,Star grow technology tend dog reduce hour,Completed,8.12,7.03,GCP-BigQuery
WOT-0000437,WO-000170,2,Mechanical,Republican image itself deep community cause,Completed,2.09,1.79,GCP-BigQuery
WOT-0000438,WO-000170,3,I&C,His under style child young prove care,Completed,29.52,43.39,GCP-BigQuery
WOT-0000439,WO-000171,1,Electrical,Possible century those price,Open,26.67,,GCP-BigQuery
WOT-0000440,WO-000172,1,Electrical,Be politics indeed lay,Completed,2.68,2.81,GCP-BigQuery
WOT-0000441,WO-000173,1,I&C,Us perhaps lawyer interest star his difficult interesting,In Progress,37.98,,GCP-BigQuery
WOT-0000442,WO-000173,2,Mechanical,Official suggest door,In Progress,7.98,,GCP-BigQuery
WOT-0000443,WO-000173,3,Mechanical,Especially unit office almost also low happy,Completed,9.71,,GCP-BigQuery
WOT-0000444,WO-000173,4,Mechanical,Loss real center rule worker worker single let,In Progress,28.25,,GCP-BigQuery
WOT-0000445,WO-000174,1,I&C,Model particular early piece,Completed,27.44,36.39,GCP-BigQuery
WOT-0000446,WO-000174,2,Structural,Range much often party,Completed,5.05,3.99,GCP-BigQuery
WOT-0000447,WO-000174,3,Mechanical,Movement action law town off former,Completed,17.01,18.26,GCP-BigQuery
WOT-0000448,WO-000175,1,Mechanical,Whether sometimes eye along type see,Completed,17.62,18.56,GCP-BigQuery
WOT-0000449,WO-000175,2,I&C,Employee picture official of prevent factor say,Completed,6.15,7.25,GCP-BigQuery
WOT-0000450,WO-000175,3,Structural,Expert bar measure,Completed,16.76,18.53,GCP-BigQuery
WOT-0000451,WO-000175,4,Structural,Edge past every either scientist,Completed,13.94,16.17,GCP-BigQuery
WOT-0000452,WO-000176,1,Piping,Company option character land space end red machine,Completed,20.81,,GCP-BigQuery
WOT-0000453,WO-000176,2,Structural,Television garden base certain value child many,Completed,33.84,,GCP-BigQuery
WOT-0000454,WO-000176,3,Mechanical,Side draw key point decision same,Open,10.57,,GCP-BigQuery
WOT-0000455,WO-000176,4,I&C,Approach enough standard apply less live,In Progress,28.22,,GCP-BigQuery
WOT-0000456,WO-000177,1,Piping,Second sell mouth here relationship listen certain,Open,30.9,,GCP-BigQuery
WOT-0000457,WO-000178,1,Structural,Activity until large question which raise,In Progress,12.82,,GCP-BigQuery
WOT-0000458,WO-000178,2,Electrical,Best most government,Completed,12.39,,GCP-BigQuery
WOT-0000459,WO-000179,1,Piping,Particular present evening establish sort effort,Completed,19.94,25.5,GCP-BigQuery
WOT-0000460,WO-000179,2,Mechanical,Hospital significant see same open crime front real,Completed,21.4,18.83,GCP-BigQuery
WOT-0000461,WO-000179,3,Piping,Finish action across attack,Completed,30.08,38.26,GCP-BigQuery
WOT-0000462,WO-000179,4,Mechanical,Best billion land detail exist cover,Completed,12.13,16.79,GCP-BigQuery
WOT-0000463,WO-000180,1,Structural,People arm order,Completed,11.48,16.8,GCP-BigQuery
WOT-0000464,WO-000180,2,Piping,Wear point remain build task,Completed,34.92,35.66,GCP-BigQuery
WOT-0000465,WO-000180,3,Piping,Heavy shake possible sort,Completed,25.07,28.95,GCP-BigQuery
WOT-0000466,WO-000181,1,Mechanical,To receive education level,Completed,6.37,8.49,GCP-BigQuery
WOT-0000467,WO-000181,2,Mechanical,Police two everybody interview,Completed,18.1,16.24,GCP-BigQuery
WOT-0000468,WO-000181,3,Piping,Either sit everyone artist home you,Completed,15.21,16.31,GCP-BigQuery
WOT-0000469,WO-000181,4,Piping,Western enough key man up,Completed,35.0,45.08,GCP-BigQuery
WOT-0000470,WO-000182,1,Structural,Hotel population board music issue pass blood kid,Completed,35.76,32.32,GCP-BigQuery
WOT-0000471,WO-000183,1,Piping,Billion authority number economy knowledge,Completed,2.78,4.15,GCP-BigQuery
WOT-0000472,WO-000184,1,Electrical,Chance policy usually professor entire record toward,Completed,27.26,37.6,GCP-BigQuery
WOT-0000473,WO-000184,2,Electrical,About remain side long identify road speech,Completed,8.1,5.75,GCP-BigQuery
WOT-0000474,WO-000185,1,Electrical,Music about west stand,Completed,18.8,18.78,GCP-BigQuery
WOT-0000475,WO-000185,2,I&C,Building movement yard four field area young,Completed,24.28,34.77,GCP-BigQuery
WOT-0000476,WO-000185,3,Electrical,Half table future subject,Completed,14.43,20.22,GCP-BigQuery
WOT-0000477,WO-000185,4,I&C,Possible computer always his course,Completed,31.37,22.98,GCP-BigQuery
WOT-0000478,WO-000186,1,Structural,To piece grow be plan same,Completed,3.77,4.42,GCP-BigQuery
WOT-0000479,WO-000186,2,Piping,Along agent you draw,Completed,23.86,19.54,GCP-BigQuery
WOT-0000480,WO-000186,3,Piping,As music film move strong last,Completed,8.82,11.48,GCP-BigQuery
WOT-0000481,WO-000186,4,Mechanical,Already argue skin,Completed,7.68,9.87,GCP-BigQuery
WOT-0000482,WO-000187,1,Piping,If deep president,Completed,26.75,25.23,GCP-BigQuery
WOT-0000483,WO-000187,2,Electrical,Learn question them chance often under already,Completed,38.82,41.11,GCP-BigQuery
WOT-0000484,WO-000188,1,Mechanical,Major affect trade peace,Completed,10.34,10.07,GCP-BigQuery
WOT-0000485,WO-000188,2,Mechanical,Red candidate common anyone film,Completed,39.98,28.83,GCP-BigQuery
WOT-0000486,WO-000189,1,Electrical,Lay color opportunity stand,Open,21.49,,GCP-BigQuery
WOT-0000487,WO-000189,2,I&C,Box organization past as,Completed,12.41,,GCP-BigQuery
WOT-0000488,WO-000190,1,Piping,International specific word question food,In Progress,3.93,,GCP-BigQuery
WOT-0000489,WO-000190,2,I&C,National focus who degree animal community as,In Progress,8.52,,GCP-BigQuery
WOT-0000490,WO-000191,1,Mechanical,Center indeed recent network just,Completed,24.31,31.46,GCP-BigQuery
WOT-0000491,WO-000192,1,Mechanical,American beyond suggest partner sing administration main according,Open,35.91,,GCP-BigQuery
WOT-0000492,WO-000192,2,Piping,Unit religious order exist,In Progress,37.07,,GCP-BigQuery
WOT-0000493,WO-000192,3,Mechanical,Realize deal policy mission include visit particular,Completed,11.84,,GCP-BigQuery
WOT-0000494,WO-000193,1,Mechanical,Other response partner,Open,23.26,,GCP-BigQuery
WOT-0000495,WO-000193,2,Piping,Physical site girl above,Open,12.64,,GCP-BigQuery
WOT-0000496,WO-000193,3,Structural,Court worry with peace television,Open,11.13,,GCP-BigQuery
WOT-0000497,WO-000193,4,Structural,Medical less phone decade apply both chance,Completed,4.98,,GCP-BigQuery
WOT-0000498,WO-000194,1,I&C,Marriage civil two approach hair decide edge,Completed,16.48,13.44,GCP-BigQuery
WOT-0000499,WO-000195,1,Piping,Source serve analysis science understand compare size machine,Completed,35.27,37.45,GCP-BigQuery
WOT-0000500,WO-000195,2,Electrical,Audience dog know often,Completed,15.4,12.24,GCP-BigQuery
WOT-0000501,WO-000195,3,I&C,Cup quality for single for better,Completed,37.88,47.44,GCP-BigQuery
WOT-0000502,WO-000195,4,I&C,Thank heart determine likely machine three,Completed,23.86,26.28,GCP-BigQuery
WOT-0000503,WO-000196,1,Piping,Democratic participant concern health,Completed,36.14,45.51,GCP-BigQuery
WOT-0000504,WO-000196,2,Structural,Rest place wish dark camera realize arrive,Completed,22.23,26.35,GCP-BigQuery
WOT-0000505,WO-000196,3,Piping,Book letter industry set,Completed,18.46,22.15,GCP-BigQuery
WOT-0000506,WO-000197,1,I&C,Though page smile point particularly,Completed,30.79,45.42,GCP-BigQuery
WOT-0000507,WO-000198,1,Structural,Official need discover in,Completed,33.19,,GCP-BigQuery
WOT-0000508,WO-000199,1,Electrical,Majority yet option student evidence role save,Open,30.47,,GCP-BigQuery
WOT-0000509,WO-000199,2,Piping,Easy its develop until watch,Open,20.2,,GCP-BigQuery
WOT-0000510,WO-000199,3,Mechanical,Together individual analysis yard safe mean international,Completed,2.13,,GCP-BigQuery
WOT-0000511,WO-000200,1,Structural,Look something start laugh drive next,Completed,21.52,19.44,GCP-BigQuery
WOT-0000512,WO-000200,2,I&C,Really image design,Completed,28.33,38.04,GCP-BigQuery
WOT-0000513,WO-000200,3,I&C,Fast positive before look fight reflect,Completed,39.98,39.15,GCP-BigQuery
WOT-0000514,WO-000200,4,Structural,Section agency lawyer sign them if smile,Completed,11.29,8.74,GCP-BigQuery
WOT-0000515,WO-000201,1,I&C,Phone region ability physical his real,Open,16.97,,GCP-BigQuery
WOT-0000516,WO-000201,2,Structural,Allow international especially watch my some skin,Open,6.35,,GCP-BigQuery
WOT-0000517,WO-000202,1,Mechanical,Per friend usually method,Completed,29.82,23.39,GCP-BigQuery
WOT-0000518,WO-000202,2,Mechanical,Thousand book half people half compare,Completed,34.91,27.47,GCP-BigQuery
WOT-0000519,WO-000203,1,I&C,Relate night similar catch friend much power,Completed,2.38,,GCP-BigQuery
WOT-0000520,WO-000204,1,Electrical,That reflect send set fly today me institution,Open,21.36,,GCP-BigQuery
WOT-0000521,WO-000204,2,Mechanical,As generation main,Completed,39.44,,GCP-BigQuery
WOT-0000522,WO-000205,1,Mechanical,Stop like mother stay tonight later happy,Completed,17.65,15.82,GCP-BigQuery
WOT-0000523,WO-000206,1,I&C,Could this beautiful hospital,Completed,12.14,11.16,GCP-BigQuery
WOT-0000524,WO-000206,2,Structural,Eye what body every,Completed,2.11,2.2,GCP-BigQuery
WOT-0000525,WO-000206,3,Electrical,Many themselves minute physical,Completed,2.48,3.0,GCP-BigQuery
WOT-0000526,WO-000206,4,Structural,Indicate radio use listen information,Completed,24.15,20.8,GCP-BigQuery
WOT-0000527,WO-000207,1,Piping,Factor as the,In Progress,27.74,,GCP-BigQuery
WOT-0000528,WO-000207,2,Mechanical,Strong mind from official pretty,In Progress,35.47,,GCP-BigQuery
WOT-0000529,WO-000208,1,I&C,Main program morning nature leader note,Open,32.11,,GCP-BigQuery
WOT-0000530,WO-000208,2,Structural,Commercial employee machine wife show,Completed,6.64,,GCP-BigQuery
WOT-0000531,WO-000208,3,Mechanical,Chance expect what,In Progress,32.17,,GCP-BigQuery
WOT-0000532,WO-000209,1,Mechanical,Under Republican expect win stuff realize project child,Completed,33.09,28.62,GCP-BigQuery
WOT-0000533,WO-000209,2,Piping,Bring year off kid hard,Completed,14.88,11.61,GCP-BigQuery
WOT-0000534,WO-000209,3,Piping,None alone first gas health,Completed,4.74,3.41,GCP-BigQuery
WOT-0000535,WO-000210,1,Structural,Wish move building agent use shoulder way,Completed,13.83,16.99,GCP-BigQuery
WOT-0000536,WO-000210,2,Piping,Choose wife national medical positive far,Completed,39.59,44.34,GCP-BigQuery
WOT-0000537,WO-000210,3,Piping,Wide senior yes project son,Completed,21.79,21.83,GCP-BigQuery
WOT-0000538,WO-000210,4,Piping,Full both look always question bring,Completed,24.79,32.98,GCP-BigQuery
WOT-0000539,WO-000211,1,I&C,Husband subject land,Completed,18.12,25.49,GCP-BigQuery
WOT-0000540,WO-000211,2,Electrical,For part crime money,Completed,7.16,9.88,GCP-BigQuery
WOT-0000541,WO-000211,3,Piping,Cultural base support quality whatever,Completed,11.69,15.73,GCP-BigQuery
WOT-0000542,WO-000211,4,Piping,Hour make owner memory argue project huge,Completed,20.13,17.18,GCP-BigQuery
WOT-0000543,WO-000212,1,Structural,Hard health expect goal within them,Open,15.97,,GCP-BigQuery
WOT-0000544,WO-000212,2,Electrical,Democratic thousand score indeed,In Progress,21.38,,GCP-BigQuery
WOT-0000545,WO-000212,3,I&C,Eye south wife interest to cause,Open,27.96,,GCP-BigQuery
WOT-0000546,WO-000212,4,Mechanical,Our century field write moment friend value opportunity,Completed,18.56,,GCP-BigQuery
WOT-0000547,WO-000213,1,Mechanical,Because important trial increase new report,In Progress,3.37,,GCP-BigQuery
WOT-0000548,WO-000213,2,Mechanical,Current strategy face make,Completed,27.1,,GCP-BigQuery
WOT-0000549,WO-000213,3,Mechanical,Strong fight nice less agree,Completed,24.56,,GCP-BigQuery
WOT-0000550,WO-000213,4,Electrical,Child feel policy,In Progress,10.46,,GCP-BigQuery
WOT-0000551,WO-000214,1,Structural,Buy program explain conference trade population agreement,In Progress,35.67,,GCP-BigQuery
WOT-0000552,WO-000215,1,I&C,Manage wife out gun lose,In Progress,20.07,,GCP-BigQuery
WOT-0000553,WO-000215,2,Mechanical,Than physical live reason build mention,Completed,4.23,,GCP-BigQuery
WOT-0000554,WO-000215,3,Electrical,Adult employee ok certainly leave really group,In Progress,33.09,,GCP-BigQuery
WOT-0000555,WO-000216,1,Electrical,Evening information treatment,In Progress,15.03,,GCP-BigQuery
WOT-0000556,WO-000217,1,I&C,Any factor police baby create physical,In Progress,29.43,,GCP-BigQuery
WOT-0000557,WO-000218,1,Electrical,Out cold follow first,Completed,25.67,38.08,GCP-BigQuery
WOT-0000558,WO-000218,2,Electrical,Even recently guy move goal,Completed,6.65,7.29,GCP-BigQuery
WOT-0000559,WO-000218,3,I&C,Actually million health machine,Completed,8.34,9.38,GCP-BigQuery
WOT-0000560,WO-000218,4,I&C,Tv clear design me story somebody,Completed,25.03,20.62,GCP-BigQuery
WOT-0000561,WO-000219,1,Structural,Party story moment mother necessary series box,Open,34.54,,GCP-BigQuery
WOT-0000562,WO-000220,1,Piping,Trouble bring capital admit give reality catch,Completed,25.82,35.4,GCP-BigQuery
WOT-0000563,WO-000221,1,Piping,Threat our shake garden report agreement,Completed,33.94,40.74,GCP-BigQuery
WOT-0000564,WO-000221,2,Structural,Develop task central dinner,Completed,19.08,19.14,GCP-BigQuery
WOT-0000565,WO-000221,3,Electrical,Decide wonder interesting several,Completed,17.9,14.38,GCP-BigQuery
WOT-0000566,WO-000222,1,I&C,Back simple serious amount,Open,16.8,,GCP-BigQuery
WOT-0000567,WO-000222,2,Mechanical,Allow process or light,Open,12.45,,GCP-BigQuery
WOT-0000568,WO-000223,1,Piping,Analysis feeling act benefit buy,Completed,23.96,,GCP-BigQuery
WOT-0000569,WO-000223,2,Piping,Day top continue goal before suffer walk we,Completed,22.62,,GCP-BigQuery
WOT-0000570,WO-000223,3,I&C,Goal talk sit party measure attention,Open,32.25,,GCP-BigQuery
WOT-0000571,WO-000223,4,Mechanical,Shake more respond who commercial senior above rise,Open,39.13,,GCP-BigQuery
WOT-0000572,WO-000224,1,I&C,Turn surface listen recently continue,In Progress,32.12,,GCP-BigQuery
WOT-0000573,WO-000224,2,Electrical,Congress great here Democrat,Open,24.75,,GCP-BigQuery
WOT-0000574,WO-000224,3,Electrical,Imagine seven fire letter mind,Completed,4.3,,GCP-BigQuery
WOT-0000575,WO-000224,4,Mechanical,Several relate news American foreign break exist,In Progress,5.6,,GCP-BigQuery
WOT-0000576,WO-000225,1,Mechanical,Save reach subject difficult imagine world into task,Completed,25.21,26.84,GCP-BigQuery
WOT-0000577,WO-000226,1,Mechanical,Voice happen actually purpose public how mission,Completed,28.29,25.94,GCP-BigQuery
WOT-0000578,WO-000226,2,Mechanical,Budget house reason within,Completed,31.54,45.04,GCP-BigQuery
WOT-0000579,WO-000226,3,Structural,Ask window full organization,Completed,18.66,24.98,GCP-BigQuery
WOT-0000580,WO-000227,1,Electrical,But study rise everything require old,Completed,35.64,31.88,GCP-BigQuery
WOT-0000581,WO-000228,1,Electrical,Series song wall green project,Completed,3.67,5.24,GCP-BigQuery
WOT-0000582,WO-000228,2,I&C,Would memory challenge lawyer business majority,Completed,27.76,26.48,GCP-BigQuery
WOT-0000583,WO-000229,1,Piping,Pick care between apply attention,Completed,33.62,36.33,GCP-BigQuery
WOT-0000584,WO-000229,2,Electrical,Will him quickly,Completed,33.15,32.45,GCP-BigQuery
WOT-0000585,WO-000229,3,Electrical,Few perhaps set produce,Completed,24.15,25.89,GCP-BigQuery
WOT-0000586,WO-000229,4,Mechanical,Should society dark product make energy gas,Completed,39.13,39.45,GCP-BigQuery
WOT-0000587,WO-000230,1,Mechanical,National weight all involve trip himself fire,Completed,17.01,16.73,GCP-BigQuery
WOT-0000588,WO-000230,2,I&C,Kind along computer process single those,Completed,29.47,29.6,GCP-BigQuery
WOT-0000589,WO-000230,3,I&C,Man care resource maintain,Completed,16.6,12.43,GCP-BigQuery
WOT-0000590,WO-000231,1,Mechanical,Notice make network much,Completed,26.9,28.58,GCP-BigQuery
WOT-0000591,WO-000231,2,I&C,Live take media hot manager wife pay,Completed,29.33,38.32,GCP-BigQuery
WOT-0000592,WO-000231,3,Electrical,Short expect article opportunity campaign hand,Completed,34.16,32.85,GCP-BigQuery
WOT-0000593,WO-000232,1,Piping,Agree through game best generation group goal product,In Progress,29.14,,GCP-BigQuery
WOT-0000594,WO-000232,2,Mechanical,Doctor fine be read than,In Progress,26.01,,GCP-BigQuery
WOT-0000595,WO-000233,1,Piping,Front after for leave,Completed,9.22,10.55,GCP-BigQuery
WOT-0000596,WO-000233,2,I&C,Nothing top entire receive onto worry,Completed,8.01,9.86,GCP-BigQuery
WOT-0000597,WO-000233,3,I&C,Now follow best major real day,Completed,20.74,20.81,GCP-BigQuery
WOT-0000598,WO-000234,1,Structural,Me share fund pass guy job market,Completed,31.37,35.16,GCP-BigQuery
WOT-0000599,WO-000235,1,Structural,Subject movie explain answer,Completed,18.13,,GCP-BigQuery
WOT-0000600,WO-000236,1,Piping,I difficult sea begin such behind front,Completed,8.38,8.13,GCP-BigQuery
WOT-0000601,WO-000236,2,Electrical,Note most interview girl,Completed,6.02,6.63,GCP-BigQuery
WOT-0000602,WO-000236,3,Piping,Prepare few sound item,Completed,9.31,7.93,GCP-BigQuery
WOT-0000603,WO-000236,4,Piping,Finish increase economy middle public natural thing,Completed,6.69,9.87,GCP-BigQuery
WOT-0000604,WO-000237,1,Piping,Reflect television officer defense while score level view,Open,37.59,,GCP-BigQuery
WOT-0000605,WO-000237,2,I&C,Speak table trade various risk art customer,Completed,3.27,,GCP-BigQuery
WOT-0000606,WO-000238,1,Piping,Challenge character rate feel itself five store,Open,23.22,,GCP-BigQuery
WOT-0000607,WO-000238,2,Piping,Plant suffer environment expert,In Progress,34.73,,GCP-BigQuery
WOT-0000608,WO-000238,3,Piping,Either over image box,In Progress,30.3,,GCP-BigQuery
WOT-0000609,WO-000239,1,Piping,Agree someone financial magazine yard,Completed,11.78,17.43,GCP-BigQuery
WOT-0000610,WO-000239,2,Structural,Positive already city carry election sound,Completed,17.23,12.83,GCP-BigQuery
WOT-0000611,WO-000239,3,Mechanical,Compare system white magazine after teacher base,Completed,26.17,38.91,GCP-BigQuery
WOT-0000612,WO-000240,1,Structural,Fear as western to public though however style,In Progress,28.68,,GCP-BigQuery
WOT-0000613,WO-000240,2,Structural,Door number matter building,Open,29.47,,GCP-BigQuery
WOT-0000614,WO-000240,3,Electrical,Wear use edge this draw business southern forget,Completed,24.85,,GCP-BigQuery
WOT-0000615,WO-000240,4,Mechanical,Say south season very design blood degree ever,Open,10.42,,GCP-BigQuery
WOT-0000616,WO-000241,1,Electrical,Effect operation make hear we first,Completed,9.67,,GCP-BigQuery
WOT-0000617,WO-000241,2,Structural,Little east everyone six certain little,In Progress,39.83,,GCP-BigQuery
WOT-0000618,WO-000242,1,Piping,Start again whom paper success production,Open,17.5,,GCP-BigQuery
WOT-0000619,WO-000242,2,Mechanical,Real small dream,Completed,14.8,,GCP-BigQuery
WOT-0000620,WO-000242,3,Electrical,His police red total rate movement door,In Progress,14.47,,GCP-BigQuery
WOT-0000621,WO-000243,1,Electrical,Home travel hotel within eight bed,Open,6.27,,GCP-BigQuery
WOT-0000622,WO-000244,1,Structural,Father teacher civil keep first,Open,5.24,,GCP-BigQuery
WOT-0000623,WO-000244,2,Electrical,Smile ever bag single man say,Open,22.08,,GCP-BigQuery
WOT-0000624,WO-000244,3,Electrical,Response theory star station recognize media,Completed,21.67,,GCP-BigQuery
WOT-0000625,WO-000244,4,Mechanical,Inside role natural force receive seven,Completed,26.65,,GCP-BigQuery
WOT-0000626,WO-000245,1,Electrical,Picture social carry husband,In Progress,27.88,,GCP-BigQuery
WOT-0000627,WO-000245,2,Mechanical,Figure office book economic require should power candidate,In Progress,18.64,,GCP-BigQuery
WOT-0000628,WO-000245,3,I&C,Rate society floor long same end reach step,In Progress,10.6,,GCP-BigQuery
WOT-0000629,WO-000246,1,Mechanical,Cup increase consider then war,Completed,14.47,17.98,GCP-BigQuery
WOT-0000630,WO-000246,2,Structural,Difference way type positive phone trade wind,Completed,6.13,7.49,GCP-BigQuery
WOT-0000631,WO-000246,3,Mechanical,Energy system anyone peace outside,Completed,17.12,22.96,GCP-BigQuery
WOT-0000632,WO-000246,4,Piping,Become happy water bring,Completed,37.62,39.14,GCP-BigQuery
WOT-0000633,WO-000247,1,Piping,Itself turn law purpose budget require course,In Progress,12.04,,GCP-BigQuery
WOT-0000634,WO-000247,2,Electrical,Explain management candidate task outside,In Progress,25.87,,GCP-BigQuery
WOT-0000635,WO-000247,3,Structural,Risk country Congress society agreement,Open,14.23,,GCP-BigQuery
WOT-0000636,WO-000247,4,Electrical,Dog late eat old positive,Open,9.98,,GCP-BigQuery
WOT-0000637,WO-000248,1,Mechanical,Action card follow realize,In Progress,37.2,,GCP-BigQuery
WOT-0000638,WO-000249,1,I&C,Require remain save eight believe,Completed,24.87,,GCP-BigQuery
WOT-0000639,WO-000250,1,Electrical,Appear use likely great,Completed,22.03,,GCP-BigQuery
WOT-0000640,WO-000250,2,Piping,Vote whose our security animal effect people few,Open,14.05,,GCP-BigQuery
WOT-0000641,WO-000251,1,Electrical,Provide car throughout American conference college,Completed,33.05,44.51,GCP-BigQuery
WOT-0000642,WO-000251,2,Piping,Us there car fish most center bring,Completed,39.52,39.37,GCP-BigQuery
WOT-0000643,WO-000252,1,Piping,Without material wind,In Progress,24.91,,GCP-BigQuery
WOT-0000644,WO-000252,2,Piping,Security unit executive theory party,Open,30.12,,GCP-BigQuery
WOT-0000645,WO-000253,1,Structural,Might job close say man,In Progress,35.66,,GCP-BigQuery
WOT-0000646,WO-000253,2,Mechanical,New type PM key,Open,26.83,,GCP-BigQuery
WOT-0000647,WO-000253,3,Piping,Chance discover along employee relationship,Completed,24.59,,GCP-BigQuery
WOT-0000648,WO-000254,1,Piping,Break time manager kid writer night,Completed,17.96,19.89,GCP-BigQuery
WOT-0000649,WO-000255,1,Electrical,Manage suffer term buy behavior test Congress,Completed,8.42,7.65,GCP-BigQuery
WOT-0000650,WO-000255,2,Mechanical,Seek state none production,Completed,36.66,54.25,GCP-BigQuery
WOT-0000651,WO-000255,3,Electrical,On will moment number indicate,Completed,11.18,14.29,GCP-BigQuery
WOT-0000652,WO-000256,1,I&C,East marriage behind forget,Completed,28.48,34.61,GCP-BigQuery
WOT-0000653,WO-000256,2,Mechanical,Race quite hour opportunity week,Completed,28.86,33.21,GCP-BigQuery
WOT-0000654,WO-000256,3,Structural,Child ball store process law western,Completed,4.58,4.2,GCP-BigQuery
WOT-0000655,WO-000256,4,Structural,Price forget analysis performance laugh water yourself trade,Completed,28.91,32.93,GCP-BigQuery
WOT-0000656,WO-000257,1,Structural,Can tell soon executive sometimes season natural,Completed,24.67,32.54,GCP-BigQuery
WOT-0000657,WO-000257,2,Electrical,High human concern whole tend become system clear,Completed,29.49,37.5,GCP-BigQuery
WOT-0000658,WO-000258,1,Piping,Expect sell pressure building make it,Completed,35.83,,GCP-BigQuery
WOT-0000659,WO-000258,2,I&C,Tough page grow benefit happen,In Progress,38.75,,GCP-BigQuery
WOT-0000660,WO-000258,3,Mechanical,Majority those live none institution,In Progress,26.01,,GCP-BigQuery
WOT-0000661,WO-000258,4,Piping,Specific pass its international American game,Open,20.13,,GCP-BigQuery
WOT-0000662,WO-000259,1,Mechanical,Put positive require us money positive base,Completed,22.9,32.69,GCP-BigQuery
WOT-0000663,WO-000259,2,Electrical,Join trade local chance campaign total success,Completed,15.56,13.08,GCP-BigQuery
WOT-0000664,WO-000260,1,I&C,Into notice necessary true message member including,Completed,17.05,13.24,GCP-BigQuery
WOT-0000665,WO-000260,2,Electrical,Produce nothing effect effort bank me box,Completed,23.46,19.68,GCP-BigQuery
WOT-0000666,WO-000260,3,I&C,Conference consider hotel bar theory fear onto,Completed,24.71,28.51,GCP-BigQuery
WOT-0000667,WO-000260,4,Structural,Serious last space game truth special decision,Completed,31.4,28.23,GCP-BigQuery
WOT-0000668,WO-000261,1,Electrical,Section page the blood,In Progress,38.15,,GCP-BigQuery
WOT-0000669,WO-000261,2,Piping,Adult house actually pretty least if price,Completed,3.03,,GCP-BigQuery
WOT-0000670,WO-000262,1,Mechanical,Rise field spend pattern real white push source,Open,31.87,,GCP-BigQuery
WOT-0000671,WO-000262,2,Piping,By add born administration,Open,38.81,,GCP-BigQuery
WOT-0000672,WO-000262,3,Structural,Teacher decide possible power job,In Progress,12.43,,GCP-BigQuery
WOT-0000673,WO-000262,4,Piping,Teach Mrs beat show challenge instead bring total,Completed,14.04,,GCP-BigQuery
WOT-0000674,WO-000263,1,Structural,White likely teacher one cut notice,Open,24.71,,GCP-BigQuery
WOT-0000675,WO-000263,2,I&C,Anything account piece require woman support,Open,2.2,,GCP-BigQuery
WOT-0000676,WO-000263,3,Mechanical,Other never fact maintain main opportunity particularly question,Open,6.86,,GCP-BigQuery
WOT-0000677,WO-000264,1,Structural,Discussion art affect office network environmental possible,Completed,21.71,,GCP-BigQuery
WOT-0000678,WO-000264,2,Piping,Bring performance position large job claim risk,Completed,33.86,,GCP-BigQuery
WOT-0000679,WO-000264,3,Piping,Gas discussion detail training fund own successful,Completed,16.87,,GCP-BigQuery
WOT-0000680,WO-000264,4,Structural,Capital fall represent where strategy pull same,In Progress,30.2,,GCP-BigQuery
WOT-0000681,WO-000265,1,I&C,Son suddenly perform executive see project can,In Progress,36.26,,GCP-BigQuery
WOT-0000682,WO-000265,2,Mechanical,Choose man soldier wall management,Completed,22.09,,GCP-BigQuery
WOT-0000683,WO-000265,3,Structural,Decide another adult thing ground,Completed,19.27,,GCP-BigQuery
WOT-0000684,WO-000266,1,Mechanical,Company teacher me southern,In Progress,2.05,,GCP-BigQuery
WOT-0000685,WO-000267,1,Structural,Issue pay building difference election future,Completed,4.8,,GCP-BigQuery
WOT-0000686,WO-000267,2,Electrical,Show show news to table them,Completed,2.21,,GCP-BigQuery
WOT-0000687,WO-000267,3,Structural,Prove relationship unit just lead success book black,Completed,11.25,,GCP-BigQuery
WOT-0000688,WO-000268,1,Electrical,Participant teach big none medical cold brother day,Completed,3.04,2.19,GCP-BigQuery
WOT-0000689,WO-000268,2,I&C,Church factor kid media run between,Completed,23.03,34.17,GCP-BigQuery
WOT-0000690,WO-000268,3,Structural,Free case summer keep indeed shoulder,Completed,14.82,16.09,GCP-BigQuery
WOT-0000691,WO-000269,1,Mechanical,Strong list expert commercial entire,Open,21.84,,GCP-BigQuery
WOT-0000692,WO-000269,2,I&C,Guess professor charge send instead direction,In Progress,11.54,,GCP-BigQuery
WOT-0000693,WO-000269,3,Piping,Including important learn system some gun,Completed,36.19,,GCP-BigQuery
WOT-0000694,WO-000270,1,Electrical,Kind show response,Completed,10.7,8.55,GCP-BigQuery
WOT-0000695,WO-000271,1,I&C,Want be fire word clearly article service,Completed,8.31,6.5,GCP-BigQuery
WOT-0000696,WO-000272,1,Electrical,Total around place require,Completed,30.06,43.33,GCP-BigQuery
WOT-0000697,WO-000272,2,Structural,Win information though red them return finish,Completed,27.09,23.24,GCP-BigQuery
WOT-0000698,WO-000272,3,I&C,Account evidence month turn record land,Completed,5.24,7.7,GCP-BigQuery
WOT-0000699,WO-000273,1,Mechanical,Thought person peace kind generation,In Progress,38.57,,GCP-BigQuery
WOT-0000700,WO-000274,1,Electrical,Simple thing base Mr hope rest,In Progress,21.38,,GCP-BigQuery
WOT-0000701,WO-000274,2,Electrical,Minute must degree memory,Open,39.23,,GCP-BigQuery
WOT-0000702,WO-000275,1,Structural,Miss serious civil agreement someone,Completed,16.03,12.82,GCP-BigQuery
WOT-0000703,WO-000276,1,Electrical,Else strategy fight institution measure rule success employee,Completed,16.55,,GCP-BigQuery
WOT-0000704,WO-000276,2,Structural,Great answer prepare by fear say law,In Progress,7.33,,GCP-BigQuery
WOT-0000705,WO-000277,1,I&C,South writer not thus physical,Completed,8.48,6.02,GCP-BigQuery
WOT-0000706,WO-000277,2,Mechanical,Suddenly doctor federal project spring of cause,Completed,12.39,12.4,GCP-BigQuery
WOT-0000707,WO-000278,1,Structural,Mind easy foreign old state guess,Completed,32.79,,GCP-BigQuery
WOT-0000708,WO-000279,1,Structural,Chair international include begin,Open,18.23,,GCP-BigQuery
WOT-0000709,WO-000279,2,Piping,Thousand live land hard moment open,Completed,27.28,,GCP-BigQuery
WOT-0000710,WO-000279,3,Electrical,Single the once PM you ready way,In Progress,13.54,,GCP-BigQuery
WOT-0000711,WO-000280,1,Electrical,Statement certain camera represent can relate,In Progress,32.27,,GCP-BigQuery
WOT-0000712,WO-000280,2,I&C,Brother defense list second want hard weight,Completed,10.65,,GCP-BigQuery
WOT-0000713,WO-000280,3,Electrical,System book hard face mission brother figure hear,Completed,6.39,,GCP-BigQuery
WOT-0000714,WO-000281,1,Structural,Magazine social central operation any,In Progress,33.88,,GCP-BigQuery
WOT-0000715,WO-000281,2,Piping,Threat democratic standard major business,Completed,9.91,,GCP-BigQuery
WOT-0000716,WO-000281,3,Piping,Attack and loss finally laugh full,Open,30.76,,GCP-BigQuery
WOT-0000717,WO-000281,4,Piping,Little result paper seven measure leave,Open,12.32,,GCP-BigQuery
WOT-0000718,WO-000282,1,Electrical,Project chance road become person perhaps hold,Completed,14.47,16.77,GCP-BigQuery
WOT-0000719,WO-000283,1,I&C,Fund animal provide kitchen everyone because,Completed,33.8,41.95,GCP-BigQuery
WOT-0000720,WO-000283,2,Piping,Religious occur someone religious,Completed,12.01,13.01,GCP-BigQuery
WOT-0000721,WO-000284,1,Electrical,Population popular be western my serious whatever,Completed,10.93,,GCP-BigQuery
WOT-0000722,WO-000284,2,Mechanical,Country live to build view conference affect,Completed,14.9,,GCP-BigQuery
WOT-0000723,WO-000285,1,Structural,Early relationship thought know southern,Open,23.73,,GCP-BigQuery
WOT-0000724,WO-000285,2,Electrical,Fly open man value future Congress agency month,Open,12.28,,GCP-BigQuery
WOT-0000725,WO-000286,1,Piping,Either boy between collection century eight,Completed,23.59,22.88,GCP-BigQuery
WOT-0000726,WO-000286,2,Structural,Child weight question arrive,Completed,7.6,8.87,GCP-BigQuery
WOT-0000727,WO-000286,3,Structural,Consider require fear better central throw,Completed,27.81,31.28,GCP-BigQuery
WOT-0000728,WO-000286,4,I&C,Heart still building dark sell,Completed,32.65,32.85,GCP-BigQuery
WOT-0000729,WO-000287,1,Structural,Door meet mean we especially five network assume,Completed,28.22,34.47,GCP-BigQuery
WOT-0000730,WO-000287,2,Electrical,Imagine do though,Completed,17.17,12.11,GCP-BigQuery
WOT-0000731,WO-000287,3,I&C,Never only big several prepare,Completed,38.31,35.73,GCP-BigQuery
WOT-0000732,WO-000287,4,Structural,Fight image base player,Completed,39.91,38.07,GCP-BigQuery
WOT-0000733,WO-000288,1,I&C,Situation central music collection early,Completed,34.35,32.41,GCP-BigQuery
WOT-0000734,WO-000288,2,I&C,Which new among spend which per,Completed,19.12,15.38,GCP-BigQuery
WOT-0000735,WO-000288,3,Piping,A value lot our,Completed,18.05,17.1,GCP-BigQuery
WOT-0000736,WO-000288,4,I&C,Yourself successful defense subject example claim,Completed,27.72,24.56,GCP-BigQuery
WOT-0000737,WO-000289,1,Structural,None feel house but cause news evidence,Completed,29.03,30.12,GCP-BigQuery
WOT-0000738,WO-000290,1,Electrical,Decision measure soon this war play,Completed,29.09,22.57,GCP-BigQuery
WOT-0000739,WO-000291,1,I&C,Event production focus decision where foreign trial,Completed,34.38,33.39,GCP-BigQuery
WOT-0000740,WO-000291,2,Piping,Position ability live top,Completed,31.02,39.79,GCP-BigQuery
WOT-0000741,WO-000291,3,Electrical,Including time reflect several,Completed,24.83,31.98,GCP-BigQuery
WOT-0000742,WO-000291,4,I&C,Ball theory prepare much throughout staff knowledge,Completed,39.97,46.48,GCP-BigQuery
WOT-0000743,WO-000292,1,Structural,Good spend still group,In Progress,30.28,,GCP-BigQuery
WOT-0000744,WO-000292,2,Structural,Stuff speech worker by,In Progress,38.27,,GCP-BigQuery
WOT-0000745,WO-000292,3,Mechanical,View know develop after exactly TV,Completed,8.29,,GCP-BigQuery
WOT-0000746,WO-000292,4,I&C,Course staff personal space determine woman,Open,19.07,,GCP-BigQuery
WOT-0000747,WO-000293,1,Mechanical,Already manage region paper according worker,Completed,32.33,33.42,GCP-BigQuery
WOT-0000748,WO-000293,2,Structural,Book everyone matter color create school,Completed,29.28,25.11,GCP-BigQuery
WOT-0000749,WO-000293,3,I&C,North assume campaign assume employee now direction mission,Completed,22.31,24.61,GCP-BigQuery
WOT-0000750,WO-000294,1,Mechanical,Court question yeah realize mouth,Completed,22.72,27.71,GCP-BigQuery
WOT-0000751,WO-000295,1,Mechanical,Quite third ability interview pull,Completed,15.62,12.38,GCP-BigQuery
WOT-0000752,WO-000295,2,Mechanical,Take follow such,Completed,38.98,56.04,GCP-BigQuery
WOT-0000753,WO-000295,3,I&C,Ever quite level guess service this,Completed,14.35,15.06,GCP-BigQuery
WOT-0000754,WO-000296,1,Electrical,Another truth mother first hot,Completed,28.22,21.27,GCP-BigQuery
WOT-0000755,WO-000296,2,Electrical,Bank occur agent scene within interest,Completed,17.31,15.72,GCP-BigQuery
WOT-0000756,WO-000297,1,Electrical,True culture forget as,In Progress,8.19,,GCP-BigQuery
WOT-0000757,WO-000297,2,Piping,Benefit lose space or phone free economy blue,In Progress,22.01,,GCP-BigQuery
WOT-0000758,WO-000297,3,Electrical,When strategy start mind door,Open,23.05,,GCP-BigQuery
WOT-0000759,WO-000298,1,Electrical,Simply people shake personal,Completed,32.25,25.94,GCP-BigQuery
WOT-0000760,WO-000298,2,Structural,By window true help three really site artist,Completed,35.59,44.98,GCP-BigQuery
WOT-0000761,WO-000299,1,Piping,Area particularly it big argue appear,In Progress,16.22,,GCP-BigQuery
WOT-0000762,WO-000299,2,Electrical,I pay in ten skin perhaps,In Progress,2.21,,GCP-BigQuery
WOT-0000763,WO-000299,3,Structural,Himself somebody they people fund visit situation,Completed,25.05,,GCP-BigQuery
WOT-0000764,WO-000299,4,I&C,Military onto blue activity require or subject,Open,22.66,,GCP-BigQuery
WOT-0000765,WO-000300,1,Electrical,Call meeting green loss per control case,In Progress,8.6,,GCP-BigQuery
WOT-0000766,WO-000301,1,I&C,Art find job,Completed,31.91,39.15,GCP-BigQuery
WOT-0000767,WO-000301,2,I&C,Find those simply challenge final garden,Completed,24.85,18.76,GCP-BigQuery
WOT-0000768,WO-000301,3,Structural,Wife military price certain down standard,Completed,28.25,35.95,GCP-BigQuery
WOT-0000769,WO-000302,1,Electrical,Teach instead crime customer training size game,Open,9.43,,GCP-BigQuery
WOT-0000770,WO-000302,2,Electrical,Reason word outside former official white pattern,Open,9.53,,GCP-BigQuery
WOT-0000771,WO-000302,3,I&C,Forget bit then treat many turn,In Progress,7.15,,GCP-BigQuery
WOT-0000772,WO-000302,4,Piping,Really level defense lose shoulder,Completed,5.99,,GCP-BigQuery
WOT-0000773,WO-000303,1,Structural,Southern heavy hundred step according act,Open,14.13,,GCP-BigQuery
WOT-0000774,WO-000304,1,Structural,Air boy fact create one she,Completed,13.51,11.86,GCP-BigQuery
WOT-0000775,WO-000304,2,Piping,Wish current exist,Completed,9.48,11.23,GCP-BigQuery
WOT-0000776,WO-000304,3,Electrical,Those responsibility fund never condition,Completed,31.71,31.45,GCP-BigQuery
WOT-0000777,WO-000304,4,Structural,Compare energy big,Completed,25.79,35.51,GCP-BigQuery
WOT-0000778,WO-000305,1,Mechanical,Her skin book very,Completed,23.62,29.83,GCP-BigQuery
WOT-0000779,WO-000305,2,Electrical,Lay hard head commercial money,Completed,33.16,35.56,GCP-BigQuery
WOT-0000780,WO-000306,1,Structural,Think there assume certain under some court her,Open,35.41,,GCP-BigQuery
WOT-0000781,WO-000306,2,Mechanical,Fish involve player TV several onto,Completed,31.9,,GCP-BigQuery
WOT-0000782,WO-000306,3,Piping,Family chance easy picture evidence call meet,In Progress,22.32,,GCP-BigQuery
WOT-0000783,WO-000307,1,Electrical,Though decide bank likely professional ask meet seem,In Progress,34.43,,GCP-BigQuery
WOT-0000784,WO-000307,2,Piping,Hear million condition Republican moment low what,Open,22.43,,GCP-BigQuery
WOT-0000785,WO-000307,3,Electrical,Environmental husband TV once already detail data,Completed,19.04,,GCP-BigQuery
WOT-0000786,WO-000308,1,Piping,How fill thousand number very,Completed,3.94,5.54,GCP-BigQuery
WOT-0000787,WO-000308,2,Structural,Effort be seem far million discover,Completed,33.41,23.99,GCP-BigQuery
WOT-0000788,WO-000308,3,I&C,Let perform international,Completed,23.37,17.38,GCP-BigQuery
WOT-0000789,WO-000308,4,Electrical,It happen marriage event agent kid enter,Completed,14.17,20.27,GCP-BigQuery
WOT-0000790,WO-000309,1,Electrical,Grow bar successful mention,Completed,15.6,,GCP-BigQuery
WOT-0000791,WO-000309,2,Electrical,Skill unit better author,Open,36.9,,GCP-BigQuery
WOT-0000792,WO-000309,3,Structural,National free push,Completed,11.1,,GCP-BigQuery
WOT-0000793,WO-000310,1,Piping,Few spring raise ever relationship,Completed,16.91,20.72,GCP-BigQuery
WOT-0000794,WO-000311,1,Piping,Your sell science treatment,Open,30.11,,GCP-BigQuery
WOT-0000795,WO-000311,2,Piping,Show example get,Completed,5.26,,GCP-BigQuery
WOT-0000796,WO-000311,3,Mechanical,Watch state serious activity pressure writer,Open,7.04,,GCP-BigQuery
WOT-0000797,WO-000312,1,Electrical,Tend dinner rich decide,Completed,36.71,29.13,GCP-BigQuery
WOT-0000798,WO-000312,2,Piping,Middle skill serious reveal left,Completed,23.82,20.24,GCP-BigQuery
WOT-0000799,WO-000312,3,Electrical,Fine could show recently,Completed,16.0,21.81,GCP-BigQuery
WOT-0000800,WO-000312,4,Electrical,Just table air catch them,Completed,7.49,9.11,GCP-BigQuery
WOT-0000801,WO-000313,1,Structural,Wall act special strong fund,Completed,28.11,21.46,GCP-BigQuery
WOT-0000802,WO-000313,2,Electrical,International sell several real federal only,Completed,36.5,38.87,GCP-BigQuery
WOT-0000803,WO-000313,3,Piping,Size two child well form picture owner,Completed,27.07,37.98,GCP-BigQuery
WOT-0000804,WO-000314,1,I&C,Off hospital high we as hit little forget,Completed,22.19,,GCP-BigQuery
WOT-0000805,WO-000314,2,I&C,Police fight commercial push concern step owner,Completed,4.76,,GCP-BigQuery
WOT-0000806,WO-000314,3,Piping,Cost attorney white,Open,6.8,,GCP-BigQuery
WOT-0000807,WO-000314,4,Electrical,Day fact modern lawyer happy,In Progress,16.7,,GCP-BigQuery
WOT-0000808,WO-000315,1,Piping,Commercial teacher improve,In Progress,17.3,,GCP-BigQuery
WOT-0000809,WO-000315,2,I&C,Writer can industry sea,Open,13.83,,GCP-BigQuery
WOT-0000810,WO-000316,1,Structural,Western tend candidate day it report,Open,38.89,,GCP-BigQuery
WOT-0000811,WO-000316,2,I&C,City offer financial data respond learn cut,Open,14.43,,GCP-BigQuery
WOT-0000812,WO-000316,3,Mechanical,Knowledge station painting east,In Progress,3.4,,GCP-BigQuery
WOT-0000813,WO-000316,4,Electrical,Travel these least office say explain,Completed,37.35,,GCP-BigQuery
WOT-0000814,WO-000317,1,Mechanical,Get successful society hospital statement sure indeed,Completed,15.27,15.93,GCP-BigQuery
WOT-0000815,WO-000317,2,Structural,Tonight run leader treat,Completed,12.52,13.03,GCP-BigQuery
WOT-0000816,WO-000317,3,Mechanical,Recognize believe recognize analysis,Completed,10.04,9.93,GCP-BigQuery
WOT-0000817,WO-000318,1,I&C,Event physical factor trouble,Completed,27.0,38.38,GCP-BigQuery
WOT-0000818,WO-000318,2,Electrical,Training in seven building hard,Completed,26.41,28.8,GCP-BigQuery
WOT-0000819,WO-000318,3,Piping,Mean single improve close,Completed,7.02,7.99,GCP-BigQuery
WOT-0000820,WO-000318,4,Structural,Media left available reason see,Completed,12.83,17.99,GCP-BigQuery
WOT-0000821,WO-000319,1,Mechanical,Gas human create also economy remember,Completed,13.93,,GCP-BigQuery
WOT-0000822,WO-000320,1,Piping,Force security machine attention,In Progress,14.91,,GCP-BigQuery
WOT-0000823,WO-000320,2,Electrical,Prevent require just likely evidence claim stuff,Open,12.04,,GCP-BigQuery
WOT-0000824,WO-000320,3,Piping,Beyond family movement hospital back shake quality child,Open,3.4,,GCP-BigQuery
WOT-0000825,WO-000321,1,Structural,Concern research throughout mother kind answer,Completed,23.87,26.04,GCP-BigQuery
WOT-0000826,WO-000321,2,Structural,Political respond to hospital final appear above,Completed,16.6,13.5,GCP-BigQuery
WOT-0000827,WO-000321,3,Piping,Short up hear draw before instead,Completed,12.49,15.3,GCP-BigQuery
WOT-0000828,WO-000322,1,I&C,Front court protect,Completed,31.26,,GCP-BigQuery
WOT-0000829,WO-000322,2,Structural,When benefit structure professional right,In Progress,33.29,,GCP-BigQuery
WOT-0000830,WO-000322,3,Mechanical,Indeed blue force,Completed,5.48,,GCP-BigQuery
WOT-0000831,WO-000323,1,I&C,Phone person various house into discussion black,Completed,31.77,45.77,GCP-BigQuery
WOT-0000832,WO-000324,1,Mechanical,Community I first home learn at,Completed,13.33,15.05,GCP-BigQuery
WOT-0000833,WO-000324,2,Structural,Practice hard attack despite feeling,Completed,33.27,37.88,GCP-BigQuery
WOT-0000834,WO-000324,3,Mechanical,Matter wrong Republican social two notice edge behind,Completed,7.54,11.06,GCP-BigQuery
WOT-0000835,WO-000324,4,Mechanical,Wonder recent question win really forward,Completed,18.18,17.82,GCP-BigQuery
WOT-0000836,WO-000325,1,Electrical,Within project attack adult treatment large,Completed,16.4,23.88,GCP-BigQuery
WOT-0000837,WO-000325,2,I&C,Political discussion onto write discussion pattern to,Completed,4.38,5.84,GCP-BigQuery
WOT-0000838,WO-000325,3,Mechanical,Door investment during bag case,Completed,22.88,18.37,GCP-BigQuery
WOT-0000839,WO-000326,1,Mechanical,Father charge daughter also type our watch,Completed,10.52,9.56,GCP-BigQuery
WOT-0000840,WO-000326,2,Mechanical,Care fish skin always social increase,Completed,2.54,3.28,GCP-BigQuery
WOT-0000841,WO-000327,1,Structural,Seek director run garden day,Completed,34.51,34.92,GCP-BigQuery
WOT-0000842,WO-000328,1,Piping,Trade professor eat,Completed,14.14,,GCP-BigQuery
WOT-0000843,WO-000328,2,Structural,Part high focus kind accept,In Progress,31.23,,GCP-BigQuery
WOT-0000844,WO-000328,3,Mechanical,Attorney court plant center daughter begin or,Open,11.68,,GCP-BigQuery
WOT-0000845,WO-000328,4,Electrical,Door back right find return,In Progress,21.58,,GCP-BigQuery
WOT-0000846,WO-000329,1,Mechanical,Interest paper field office whose,Completed,38.46,44.63,GCP-BigQuery
WOT-0000847,WO-000329,2,I&C,Even sit bag win huge,Completed,24.39,32.0,GCP-BigQuery
WOT-0000848,WO-000329,3,Electrical,Likely institution participant item,Completed,30.02,23.3,GCP-BigQuery
WOT-0000849,WO-000329,4,Piping,Standard soldier after high,Completed,24.61,33.68,GCP-BigQuery
WOT-0000850,WO-000330,1,Mechanical,Serve TV organization check,Completed,9.83,10.51,GCP-BigQuery
WOT-0000851,WO-000330,2,Structural,Either less law heart,Completed,5.67,4.45,GCP-BigQuery
WOT-0000852,WO-000330,3,Mechanical,Lose four resource cultural trouble above technology room,Completed,9.52,10.44,GCP-BigQuery
WOT-0000853,WO-000331,1,I&C,Man understand wait wife health majority,Completed,30.45,45.5,GCP-BigQuery
WOT-0000854,WO-000331,2,Mechanical,Author those yeah buy usually class several whatever,Completed,8.14,9.6,GCP-BigQuery
WOT-0000855,WO-000332,1,Structural,Meeting major read recent prepare unit,Completed,33.64,40.98,GCP-BigQuery
WOT-0000856,WO-000332,2,Piping,Drug alone spend piece put,Completed,29.19,20.66,GCP-BigQuery
WOT-0000857,WO-000332,3,Mechanical,End lay race effect,Completed,18.5,14.27,GCP-BigQuery
WOT-0000858,WO-000332,4,Mechanical,Official production claim bring begin represent his relationship,Completed,15.59,22.35,GCP-BigQuery
WOT-0000859,WO-000333,1,Piping,Million country institution stop,Completed,35.44,45.05,GCP-BigQuery
WOT-0000860,WO-000334,1,Piping,Reality may mouth though only,Open,7.85,,GCP-BigQuery
WOT-0000861,WO-000334,2,Piping,Sell under thank body of something,In Progress,26.85,,GCP-BigQuery
WOT-0000862,WO-000334,3,I&C,Especially decide security recognize,In Progress,16.04,,GCP-BigQuery
WOT-0000863,WO-000334,4,I&C,Would staff ability,Open,20.59,,GCP-BigQuery
WOT-0000864,WO-000335,1,Electrical,Similar individual indicate explain,Completed,17.9,21.17,GCP-BigQuery
WOT-0000865,WO-000335,2,Electrical,Color hear region cup consider way,Completed,38.32,49.24,GCP-BigQuery
WOT-0000866,WO-000335,3,I&C,Note defense cut seek speak court work,Completed,32.67,25.83,GCP-BigQuery
WOT-0000867,WO-000336,1,Piping,Key tree body player bag beat,Open,20.32,,GCP-BigQuery
WOT-0000868,WO-000336,2,I&C,Everybody garden one long,In Progress,3.46,,GCP-BigQuery
WOT-0000869,WO-000337,1,Electrical,Act entire western program,Open,38.21,,GCP-BigQuery
WOT-0000870,WO-000337,2,Mechanical,Best mission account,Open,10.09,,GCP-BigQuery
WOT-0000871,WO-000337,3,Electrical,Mind while entire magazine series page from radio,In Progress,31.69,,GCP-BigQuery
WOT-0000872,WO-000337,4,Structural,Yourself stage wait professor her arm,Completed,8.74,,GCP-BigQuery
WOT-0000873,WO-000338,1,Electrical,Their south able that I structure,Completed,19.51,19.7,GCP-BigQuery
WOT-0000874,WO-000338,2,Mechanical,Agent but most week,Completed,21.81,20.06,GCP-BigQuery
WOT-0000875,WO-000339,1,Electrical,Happy peace probably little including,Completed,18.13,,GCP-BigQuery
WOT-0000876,WO-000339,2,Electrical,About point walk focus plant,Completed,21.11,,GCP-BigQuery
WOT-0000877,WO-000340,1,I&C,Wide save question,In Progress,31.22,,GCP-BigQuery
WOT-0000878,WO-000341,1,Electrical,Parent hundred partner bank into,Open,32.04,,GCP-BigQuery
WOT-0000879,WO-000341,2,I&C,Would tax toward safe family crime century,Open,2.74,,GCP-BigQuery
WOT-0000880,WO-000342,1,Mechanical,Then size respond all marriage beautiful strategy,In Progress,37.99,,GCP-BigQuery
WOT-0000881,WO-000343,1,Mechanical,Would level to western lot music during,Open,30.96,,GCP-BigQuery
WOT-0000882,WO-000343,2,Piping,Send process become itself,Completed,36.16,,GCP-BigQuery
WOT-0000883,WO-000343,3,Piping,Civil upon total,In Progress,14.63,,GCP-BigQuery
WOT-0000884,WO-000343,4,I&C,Detail election live today but,Open,27.15,,GCP-BigQuery
WOT-0000885,WO-000344,1,I&C,Two plant man somebody,In Progress,29.83,,GCP-BigQuery
WOT-0000886,WO-000345,1,Structural,The use short over popular help,In Progress,18.86,,GCP-BigQuery
WOT-0000887,WO-000346,1,Piping,President size whom join do else,Completed,38.65,53.28,GCP-BigQuery
WOT-0000888,WO-000346,2,Mechanical,Because become scientist visit seat,Completed,25.62,30.29,GCP-BigQuery
WOT-0000889,WO-000346,3,I&C,Of camera finish herself,Completed,22.72,16.98,GCP-BigQuery
WOT-0000890,WO-000347,1,Piping,Financial operation couple,Completed,29.22,,GCP-BigQuery
WOT-0000891,WO-000347,2,I&C,Woman floor half quickly someone mind,In Progress,35.07,,GCP-BigQuery
WOT-0000892,WO-000347,3,Piping,Opportunity blood across system firm staff father despite,In Progress,15.78,,GCP-BigQuery
WOT-0000893,WO-000348,1,I&C,Challenge exist section support still alone floor,In Progress,4.25,,GCP-BigQuery
WOT-0000894,WO-000349,1,I&C,Wrong but you religious long stock manager,Open,8.34,,GCP-BigQuery
WOT-0000895,WO-000350,1,I&C,Arrive special check respond summer various,Completed,10.75,14.16,GCP-BigQuery
WOT-0000896,WO-000351,1,Structural,Red apply tend condition maintain,Completed,16.55,13.05,GCP-BigQuery
WOT-0000897,WO-000351,2,Mechanical,Federal spring treatment city again hot,Completed,5.31,5.38,GCP-BigQuery
WOT-0000898,WO-000351,3,Electrical,Question wrong serious hospital month executive,Completed,3.73,5.48,GCP-BigQuery
WOT-0000899,WO-000351,4,Electrical,Red nature best food social,Completed,21.29,28.91,GCP-BigQuery
WOT-0000900,WO-000352,1,Mechanical,Sure report leader,Completed,12.19,17.76,GCP-BigQuery
WOT-0000901,WO-000353,1,Electrical,Officer kind lot today,Completed,26.64,39.45,GCP-BigQuery
WOT-0000902,WO-000353,2,Structural,Design security same across rise,Completed,22.93,25.81,GCP-BigQuery
WOT-0000903,WO-000353,3,Electrical,Big size teach heavy work quickly collection,Completed,4.08,3.22,GCP-BigQuery
WOT-0000904,WO-000354,1,Mechanical,Benefit wind conference appear,Completed,35.6,44.04,GCP-BigQuery
WOT-0000905,WO-000354,2,Piping,Practice order wide phone identify alone drive,Completed,13.34,16.62,GCP-BigQuery
WOT-0000906,WO-000354,3,Electrical,Few other common seat simply yard provide,Completed,36.94,34.7,GCP-BigQuery
WOT-0000907,WO-000355,1,Electrical,Sing ten practice every,Completed,34.46,48.75,GCP-BigQuery
WOT-0000908,WO-000355,2,Mechanical,Happen build bar majority protect meeting,Completed,36.73,29.25,GCP-BigQuery
WOT-0000909,WO-000355,3,Electrical,Only would look,Completed,18.72,17.53,GCP-BigQuery
WOT-0000910,WO-000356,1,Structural,Some Congress machine popular,Completed,3.39,4.09,GCP-BigQuery
WOT-0000911,WO-000356,2,I&C,Fear by foot research television Mr,Completed,36.43,44.45,GCP-BigQuery
WOT-0000912,WO-000356,3,Structural,Spend after new movie speech major,Completed,38.1,28.97,GCP-BigQuery
WOT-0000913,WO-000356,4,Mechanical,Student much standard prepare send debate probably,Completed,15.65,23.24,GCP-BigQuery
WOT-0000914,WO-000357,1,Piping,Congress out conference never,Completed,36.3,25.94,GCP-BigQuery
WOT-0000915,WO-000358,1,Mechanical,But can deal claim none surface,Completed,15.94,21.96,GCP-BigQuery
WOT-0000916,WO-000359,1,Structural,Be by fear,Completed,8.1,,GCP-BigQuery
WOT-0000917,WO-000359,2,Structural,Commercial with probably eat animal watch toward,In Progress,23.07,,GCP-BigQuery
WOT-0000918,WO-000360,1,Mechanical,Process knowledge officer reason mission,Completed,39.91,47.67,GCP-BigQuery
WOT-0000919,WO-000361,1,I&C,Paper member reach production and already,Completed,16.1,22.94,GCP-BigQuery
WOT-0000920,WO-000361,2,Mechanical,Feel strategy whatever own,Completed,33.21,39.61,GCP-BigQuery
WOT-0000921,WO-000362,1,Piping,Option everyone rock instead near,Completed,35.74,45.14,GCP-BigQuery
WOT-0000922,WO-000362,2,Electrical,High tough hundred bar effect,Completed,17.37,20.5,GCP-BigQuery
WOT-0000923,WO-000362,3,Mechanical,Vote century data picture especially plan,Completed,39.93,44.33,GCP-BigQuery
WOT-0000924,WO-000362,4,Structural,Research nor positive memory clearly,Completed,23.81,33.75,GCP-BigQuery
WOT-0000925,WO-000363,1,Structural,First skin her who,Completed,31.59,23.76,GCP-BigQuery
WOT-0000926,WO-000364,1,Electrical,Back by body nature at,Completed,36.07,47.42,GCP-BigQuery
WOT-0000927,WO-000364,2,Mechanical,Guy four event than,Completed,30.2,31.18,GCP-BigQuery
WOT-0000928,WO-000365,1,Structural,Event better woman develop weight,Completed,17.32,,GCP-BigQuery
WOT-0000929,WO-000365,2,I&C,Compare rock fill start,Completed,13.16,,GCP-BigQuery
WOT-0000930,WO-000365,3,Structural,Believe give occur example even between answer,Completed,29.6,,GCP-BigQuery
WOT-0000931,WO-000366,1,Electrical,Water hope generation scientist whose mother,In Progress,30.19,,GCP-BigQuery
WOT-0000932,WO-000366,2,Mechanical,Think I or else rather require price central,Completed,7.25,,GCP-BigQuery
WOT-0000933,WO-000366,3,I&C,Save apply rise window religious eat participant,Open,4.1,,GCP-BigQuery
WOT-0000934,WO-000367,1,Structural,Consumer worry sometimes maybe every into walk,Completed,36.27,49.72,GCP-BigQuery
WOT-0000935,WO-000367,2,Mechanical,Figure teach water image fine,Completed,21.34,26.92,GCP-BigQuery
WOT-0000936,WO-000367,3,Piping,Play baby drive behavior,Completed,35.7,28.31,GCP-BigQuery
WOT-0000937,WO-000367,4,I&C,Arm sea never manage them while interest,Completed,2.1,2.3,GCP-BigQuery
WOT-0000938,WO-000368,1,Structural,Usually carry marriage rate quality mother by,In Progress,23.76,,GCP-BigQuery
WOT-0000939,WO-000368,2,Electrical,Pattern treat second,Completed,3.18,,GCP-BigQuery
WOT-0000940,WO-000368,3,Structural,Reflect see each school week statement,In Progress,14.43,,GCP-BigQuery
WOT-0000941,WO-000368,4,Piping,Range amount large collection us shake tough,Open,28.38,,GCP-BigQuery
WOT-0000942,WO-000369,1,Electrical,Avoid style message weight,Completed,4.42,4.22,GCP-BigQuery
WOT-0000943,WO-000369,2,Electrical,Many color wide full quickly story,Completed,28.61,38.79,GCP-BigQuery
WOT-0000944,WO-000370,1,Electrical,Face low enter able,Completed,22.07,16.17,GCP-BigQuery
WOT-0000945,WO-000370,2,Electrical,Notice design fight value poor stay along leg,Completed,10.14,13.54,GCP-BigQuery
WOT-0000946,WO-000370,3,Piping,Summer arm accept leave fear blue glass reveal,Completed,31.5,25.64,GCP-BigQuery
WOT-0000947,WO-000370,4,Piping,Great big man be method child,Completed,22.94,34.25,GCP-BigQuery
WOT-0000948,WO-000371,1,Piping,Tree according show economic,Completed,26.85,21.92,GCP-BigQuery
WOT-0000949,WO-000371,2,Structural,House federal into consider speech board just,Completed,19.13,25.2,GCP-BigQuery
WOT-0000950,WO-000372,1,Electrical,Class government its grow that cup,Completed,26.04,28.88,GCP-BigQuery
WOT-0000951,WO-000372,2,Electrical,Expect card inside former all,Completed,39.69,57.49,GCP-BigQuery
WOT-0000952,WO-000373,1,Electrical,Way where work budget major,In Progress,17.26,,GCP-BigQuery
WOT-0000953,WO-000374,1,I&C,Son research foot share think maybe type,In Progress,12.08,,GCP-BigQuery
WOT-0000954,WO-000375,1,I&C,Capital whatever society call general add,Completed,36.64,,GCP-BigQuery
WOT-0000955,WO-000375,2,Piping,Appear stop involve others account,Completed,39.88,,GCP-BigQuery
WOT-0000956,WO-000375,3,I&C,Face magazine set easy check memory economic,Completed,19.16,,GCP-BigQuery
WOT-0000957,WO-000375,4,Piping,Ten yes easy star,Completed,2.9,,GCP-BigQuery
WOT-0000958,WO-000376,1,I&C,Listen situation billion room particularly,Completed,27.58,27.56,GCP-BigQuery
WOT-0000959,WO-000376,2,Mechanical,Yeah option play director car,Completed,16.01,16.63,GCP-BigQuery
WOT-0000960,WO-000376,3,Mechanical,Event court certainly,Completed,17.52,15.41,GCP-BigQuery
WOT-0000961,WO-000377,1,Electrical,Pattern before anything,Open,24.2,,GCP-BigQuery
WOT-0000962,WO-000377,2,Electrical,Modern record woman develop international article,Open,33.55,,GCP-BigQuery
WOT-0000963,WO-000378,1,Structural,Popular fight especially exactly go individual,Completed,23.95,26.89,GCP-BigQuery
WOT-0000964,WO-000379,1,Structural,Time consider a produce focus experience,Completed,23.0,23.96,GCP-BigQuery
WOT-0000965,WO-000380,1,Mechanical,Training beyond continue way hair,Completed,21.36,22.86,GCP-BigQuery
WOT-0000966,WO-000380,2,Mechanical,Born protect raise side candidate,Completed,16.18,19.94,GCP-BigQuery
WOT-0000967,WO-000380,3,Electrical,Scientist guess single more he practice,Completed,18.52,19.28,GCP-BigQuery
WOT-0000968,WO-000381,1,Electrical,Once beautiful blood picture own,Open,10.96,,GCP-BigQuery
WOT-0000969,WO-000381,2,Mechanical,Only treatment pressure,In Progress,3.72,,GCP-BigQuery
WOT-0000970,WO-000381,3,Piping,Cover knowledge better walk people,Completed,33.57,,GCP-BigQuery
WOT-0000971,WO-000381,4,I&C,Rise writer dark result analysis,Open,18.64,,GCP-BigQuery
WOT-0000972,WO-000382,1,Structural,Industry represent through service suffer,In Progress,4.16,,GCP-BigQuery
WOT-0000973,WO-000382,2,Electrical,Window thus large response treat attack industry,Completed,34.55,,GCP-BigQuery
WOT-0000974,WO-000382,3,Electrical,So cold ever whose face what article,In Progress,6.48,,GCP-BigQuery
WOT-0000975,WO-000383,1,Electrical,Scientist however range that will,Completed,24.8,30.36,GCP-BigQuery
WOT-0000976,WO-000383,2,Mechanical,Just meeting none hope,Completed,18.65,18.04,GCP-BigQuery
WOT-0000977,WO-000384,1,Electrical,Even contain civil design recent these so lay,In Progress,33.29,,GCP-BigQuery
WOT-0000978,WO-000384,2,Electrical,Else system fast environmental budget difference move,Open,30.06,,GCP-BigQuery
WOT-0000979,WO-000384,3,I&C,Although challenge third until establish,Open,5.49,,GCP-BigQuery
WOT-0000980,WO-000385,1,Piping,Politics eat statement,In Progress,21.29,,GCP-BigQuery
WOT-0000981,WO-000385,2,Piping,Break possible plan win foot watch this,Completed,33.02,,GCP-BigQuery
WOT-0000982,WO-000386,1,Piping,Reveal impact particularly foot arm,Open,24.15,,GCP-BigQuery
WOT-0000983,WO-000387,1,Mechanical,Station despite whole,Completed,26.5,35.75,GCP-BigQuery
WOT-0000984,WO-000387,2,Electrical,Eight administration price test,Completed,34.56,31.58,GCP-BigQuery
WOT-0000985,WO-000387,3,I&C,Blood second high president thank plant nearly stage,Completed,36.31,37.74,GCP-BigQuery
WOT-0000986,WO-000388,1,I&C,Food daughter picture teach house,Open,36.54,,GCP-BigQuery
WOT-0000987,WO-000388,2,Electrical,Discussion risk happy total behavior consider continue,In Progress,3.06,,GCP-BigQuery
WOT-0000988,WO-000388,3,Structural,Country make role positive,In Progress,23.49,,GCP-BigQuery
WOT-0000989,WO-000388,4,Piping,Financial those stage,Open,37.8,,GCP-BigQuery
WOT-0000990,WO-000389,1,Electrical,Could century interview lawyer population I right case,Open,26.12,,GCP-BigQuery
WOT-0000991,WO-000389,2,Mechanical,Owner help again,Open,29.65,,GCP-BigQuery
WOT-0000992,WO-000389,3,Electrical,Shake popular analysis,Completed,39.15,,GCP-BigQuery
WOT-0000993,WO-000390,1,Electrical,Show environment voice outside society,Open,3.98,,GCP-BigQuery
WOT-0000994,WO-000390,2,Piping,Whatever blood save,Completed,5.35,,GCP-BigQuery
WOT-0000995,WO-000390,3,Structural,System be cause service throughout spring,In Progress,27.99,,GCP-BigQuery
WOT-0000996,WO-000391,1,Electrical,Forward choice argue reality physical,Completed,35.2,30.31,GCP-BigQuery
WOT-0000997,WO-000391,2,Mechanical,Again and name bill,Completed,28.85,27.0,GCP-BigQuery
WOT-0000998,WO-000392,1,Structural,Center treatment agency interview challenge pretty,Open,21.19,,GCP-BigQuery
WOT-0000999,WO-000392,2,Structural,Tv range rather resource top,Completed,16.4,,GCP-BigQuery
WOT-0001000,WO-000392,3,Structural,College body big what ground past brother,Completed,28.34,,GCP-BigQuery
WOT-0001001,WO-000392,4,Structural,Time page concern most,Open,22.54,,GCP-BigQuery
WOT-0001002,WO-000393,1,Piping,Consider interesting throw reach person expert then even,Completed,21.02,17.69,GCP-BigQuery
WOT-0001003,WO-000393,2,Structural,Product usually specific represent baby able value,Completed,17.67,22.77,GCP-BigQuery
WOT-0001004,WO-000394,1,Structural,Sing chair challenge land,Completed,11.24,,GCP-BigQuery
WOT-0001005,WO-000394,2,Mechanical,Spring both into risk certain follow camera,Open,16.42,,GCP-BigQuery
WOT-0001006,WO-000394,3,Piping,Good management loss win own PM,Completed,9.41,,GCP-BigQuery
WOT-0001007,WO-000395,1,Electrical,Soon president early industry,Completed,20.37,17.89,GCP-BigQuery
WOT-0001008,WO-000395,2,I&C,Much manage movie discover base resource money,Completed,28.07,27.27,GCP-BigQuery
WOT-0001009,WO-000395,3,Piping,Reflect dog able yes admit,Completed,37.91,27.47,GCP-BigQuery
WOT-0001010,WO-000395,4,Structural,Listen card body treat guess support single,Completed,7.05,8.89,GCP-BigQuery
WOT-0001011,WO-000396,1,Structural,Far century table will,Completed,11.53,11.0,GCP-BigQuery
WOT-0001012,WO-000396,2,I&C,Drug still argue case while region,Completed,23.06,28.3,GCP-BigQuery
WOT-0001013,WO-000396,3,Piping,Run receive interesting approach black ok,Completed,38.97,47.48,GCP-BigQuery
WOT-0001014,WO-000397,1,Structural,Study that air half bad baby notice,Completed,23.97,21.63,GCP-BigQuery
WOT-0001015,WO-000397,2,Electrical,Change consumer sea security recognize federal,Completed,39.54,34.22,GCP-BigQuery
WOT-0001016,WO-000398,1,Piping,Reveal know population actually born art,Completed,7.57,10.17,GCP-BigQuery
WOT-0001017,WO-000398,2,Mechanical,Page community civil,Completed,9.06,11.31,GCP-BigQuery
WOT-0001018,WO-000398,3,Structural,Strategy quite then never stop try,Completed,5.42,6.81,GCP-BigQuery
WOT-0001019,WO-000398,4,I&C,Fill dinner use even begin help week,Completed,24.94,22.66,GCP-BigQuery
WOT-0001020,WO-000399,1,Electrical,Hundred argue hot state wish,Completed,29.31,28.19,GCP-BigQuery
WOT-0001021,WO-000399,2,Piping,Success staff life finish politics still close sound,Completed,35.3,32.3,GCP-BigQuery
WOT-0001022,WO-000400,1,Mechanical,Crime board back owner suggest agreement,Completed,24.79,19.48,GCP-BigQuery
WOT-0001023,WO-000400,2,Mechanical,Clear blood deep action travel,Completed,12.51,11.63,GCP-BigQuery
WOT-0001024,WO-000400,3,I&C,Necessary point allow especially with,Completed,10.17,12.84,GCP-BigQuery
WOT-0001025,WO-000401,1,I&C,And worry low answer behavior final wonder,Completed,33.91,39.51,GCP-BigQuery
WOT-0001026,WO-000401,2,Mechanical,When matter fire hospital green,Completed,20.37,27.17,GCP-BigQuery
WOT-0001027,WO-000402,1,Electrical,Reflect best imagine scientist,Completed,9.48,13.02,GCP-BigQuery
WOT-0001028,WO-000402,2,Electrical,Maybe simple age somebody,Completed,30.17,35.91,GCP-BigQuery
WOT-0001029,WO-000403,1,Mechanical,Only system face charge leg those behavior,Completed,6.84,,GCP-BigQuery
WOT-0001030,WO-000403,2,I&C,This space pressure shoulder claim,Completed,30.36,,GCP-BigQuery
WOT-0001031,WO-000403,3,I&C,Might rock prepare us game size fund,Completed,2.66,,GCP-BigQuery
WOT-0001032,WO-000403,4,Mechanical,Perhaps vote always require raise dream,Completed,24.37,,GCP-BigQuery
WOT-0001033,WO-000404,1,Structural,Parent when note yes best address short finally,Open,3.27,,GCP-BigQuery
WOT-0001034,WO-000404,2,Structural,Material lawyer college fast,Open,11.93,,GCP-BigQuery
WOT-0001035,WO-000404,3,Structural,Evidence guy become condition,Open,22.59,,GCP-BigQuery
WOT-0001036,WO-000405,1,Piping,Election list eight theory practice cell buy,Open,31.53,,GCP-BigQuery
WOT-0001037,WO-000406,1,Mechanical,Major guy expert important people quite kid,Completed,38.04,27.52,GCP-BigQuery
WOT-0001038,WO-000406,2,Electrical,Suddenly weight health radio media enjoy then,Completed,14.52,18.39,GCP-BigQuery
WOT-0001039,WO-000406,3,Piping,Per popular scientist,Completed,4.27,4.01,GCP-BigQuery
WOT-0001040,WO-000406,4,Electrical,Record night choice black heart,Completed,10.34,13.07,GCP-BigQuery
WOT-0001041,WO-000407,1,Piping,Human authority hold left behavior letter politics,Completed,22.35,31.93,GCP-BigQuery
WOT-0001042,WO-000407,2,Piping,Board Congress board where however item husband,Completed,5.92,5.96,GCP-BigQuery
WOT-0001043,WO-000408,1,I&C,Fish you main reduce,In Progress,26.92,,GCP-BigQuery
WOT-0001044,WO-000409,1,Mechanical,Boy lawyer nation we certainly degree nothing,Completed,38.42,36.27,GCP-BigQuery
WOT-0001045,WO-000410,1,Electrical,Similar artist speak smile without degree deep age,Completed,25.7,37.42,GCP-BigQuery
WOT-0001046,WO-000410,2,I&C,Establish player base attorney if fear,Completed,27.18,23.11,GCP-BigQuery
WOT-0001047,WO-000411,1,Structural,The modern prove else store begin top,Completed,25.51,,GCP-BigQuery
WOT-0001048,WO-000411,2,Mechanical,White father cup walk loss movement,In Progress,21.34,,GCP-BigQuery
WOT-0001049,WO-000411,3,Mechanical,Whole join tree now,Open,39.42,,GCP-BigQuery
WOT-0001050,WO-000411,4,I&C,Night throw cup,Completed,17.62,,GCP-BigQuery
WOT-0001051,WO-000412,1,Structural,Pattern food worry voice sea say first character,Completed,39.25,,GCP-BigQuery
WOT-0001052,WO-000412,2,Structural,Value material first society purpose enjoy reveal,Completed,3.94,,GCP-BigQuery
WOT-0001053,WO-000412,3,Structural,Wall tax plant police official already second,In Progress,18.27,,GCP-BigQuery
WOT-0001054,WO-000412,4,Piping,Information national coach help girl,Completed,16.98,,GCP-BigQuery
WOT-0001055,WO-000413,1,Mechanical,Will officer add sport administration,Completed,23.88,20.42,GCP-BigQuery
WOT-0001056,WO-000413,2,Structural,Maybe test record power lay,Completed,9.03,9.5,GCP-BigQuery
WOT-0001057,WO-000413,3,Electrical,Goal stock international wind from unit,Completed,2.18,2.04,GCP-BigQuery
WOT-0001058,WO-000413,4,Piping,Into computer organization myself high suddenly read,Completed,23.18,17.52,GCP-BigQuery
WOT-0001059,WO-000414,1,Mechanical,Plant reduce visit town between because,Open,25.67,,GCP-BigQuery
WOT-0001060,WO-000414,2,Electrical,Bed administration usually billion,Completed,10.16,,GCP-BigQuery
WOT-0001061,WO-000414,3,Electrical,Until between know ok allow face inside development,Open,10.16,,GCP-BigQuery
WOT-0001062,WO-000414,4,Piping,Necessary boy task wear go soldier less,Completed,8.37,,GCP-BigQuery
WOT-0001063,WO-000415,1,Electrical,Account hear difference exist they enough,Completed,28.14,33.14,GCP-BigQuery
WOT-0001064,WO-000415,2,I&C,Pull above training allow ago so,Completed,11.53,16.68,GCP-BigQuery
WOT-0001065,WO-000416,1,I&C,Star outside friend where year drop wind,In Progress,12.9,,GCP-BigQuery
WOT-0001066,WO-000417,1,Piping,Pattern hotel appear use investment,Completed,26.9,37.91,GCP-BigQuery
WOT-0001067,WO-000417,2,Piping,Within community tough military join between,Completed,4.22,5.79,GCP-BigQuery
WOT-0001068,WO-000417,3,Electrical,Mean place six successful,Completed,27.76,25.12,GCP-BigQuery
WOT-0001069,WO-000417,4,Electrical,True study city follow behavior agent activity show,Completed,5.98,8.69,GCP-BigQuery
WOT-0001070,WO-000418,1,Mechanical,Agreement remain turn bad,Completed,11.86,14.86,GCP-BigQuery
WOT-0001071,WO-000418,2,I&C,Agent safe work play sing cost,Completed,28.99,39.17,GCP-BigQuery
WOT-0001072,WO-000418,3,Mechanical,Father movement early sister skill,Completed,21.39,29.49,GCP-BigQuery
WOT-0001073,WO-000419,1,Mechanical,Process ever various physical point,In Progress,3.63,,GCP-BigQuery
WOT-0001074,WO-000419,2,Piping,Term book until but center energy Congress back,In Progress,7.7,,GCP-BigQuery
WOT-0001075,WO-000419,3,I&C,Tree debate beyond somebody including main,Open,2.54,,GCP-BigQuery
WOT-0001076,WO-000419,4,Piping,Baby reach heart finish traditional speak conference act,Completed,36.18,,GCP-BigQuery
WOT-0001077,WO-000420,1,I&C,Process piece talk bring,Completed,38.42,40.54,GCP-BigQuery
WOT-0001078,WO-000420,2,Structural,Year low pass national citizen score,Completed,17.14,24.28,GCP-BigQuery
WOT-0001079,WO-000420,3,Electrical,Cover ahead age memory,Completed,37.22,48.94,GCP-BigQuery
WOT-0001080,WO-000420,4,Structural,Describe half together ahead,Completed,9.68,14.09,GCP-BigQuery
WOT-0001081,WO-000421,1,Structural,Detail road vote environment,In Progress,27.31,,GCP-BigQuery
WOT-0001082,WO-000421,2,Structural,Current begin remain present level speak job,Completed,23.32,,GCP-BigQuery
WOT-0001083,WO-000421,3,Structural,Two economic cup suffer response which,In Progress,5.57,,GCP-BigQuery
WOT-0001084,WO-000422,1,Mechanical,On short find some,Completed,4.11,3.32,GCP-BigQuery
WOT-0001085,WO-000422,2,Electrical,Item land others even five blue him,Completed,20.21,17.9,GCP-BigQuery
WOT-0001086,WO-000422,3,Structural,Note hear plan ask cold,Completed,38.18,54.14,GCP-BigQuery
WOT-0001087,WO-000422,4,I&C,When education important,Completed,12.57,9.06,GCP-BigQuery
WOT-0001088,WO-000423,1,Piping,Step population whole good air conference follow so,In Progress,28.69,,GCP-BigQuery
WOT-0001089,WO-000423,2,I&C,Early Democrat he certain fire act,In Progress,32.98,,GCP-BigQuery
WOT-0001090,WO-000423,3,Structural,Response degree nothing,Open,24.34,,GCP-BigQuery
WOT-0001091,WO-000423,4,Structural,Together no history own money bill,Open,29.35,,GCP-BigQuery
WOT-0001092,WO-000424,1,Electrical,Respond watch space provide off,Open,15.73,,GCP-BigQuery
WOT-0001093,WO-000424,2,I&C,Radio itself spend cup anyone management,Completed,11.16,,GCP-BigQuery
WOT-0001094,WO-000424,3,Electrical,Wrong instead buy,Open,28.98,,GCP-BigQuery
WOT-0001095,WO-000425,1,Piping,Over option door again,Completed,9.42,8.58,GCP-BigQuery
WOT-0001096,WO-000425,2,Mechanical,Popular task write,Completed,38.0,34.05,GCP-BigQuery
WOT-0001097,WO-000425,3,I&C,Expect success idea time truth although population,Completed,20.51,20.71,GCP-BigQuery
WOT-0001098,WO-000426,1,Piping,Like stop indeed feeling,Completed,38.56,,GCP-BigQuery
WOT-0001099,WO-000426,2,I&C,Send hundred news finish partner hotel,Completed,24.46,,GCP-BigQuery
WOT-0001100,WO-000426,3,Electrical,Management political treat successful visit bill difference,Completed,23.46,,GCP-BigQuery
WOT-0001101,WO-000426,4,Electrical,Catch year technology,Completed,2.04,,GCP-BigQuery
WOT-0001102,WO-000427,1,Mechanical,Difficult because right speech staff Mr,Completed,18.32,14.05,GCP-BigQuery
WOT-0001103,WO-000427,2,I&C,Various test employee,Completed,33.81,28.27,GCP-BigQuery
WOT-0001104,WO-000427,3,I&C,Book water avoid,Completed,17.6,18.77,GCP-BigQuery
WOT-0001105,WO-000427,4,Structural,Reach social here recognize understand on,Completed,37.38,32.43,GCP-BigQuery
WOT-0001106,WO-000428,1,Piping,Call technology send thousand,Completed,39.16,44.63,GCP-BigQuery
WOT-0001107,WO-000428,2,Structural,Pm property miss drive long majority,Completed,28.3,36.82,GCP-BigQuery
WOT-0001108,WO-000428,3,Electrical,Focus room difficult enough fast,Completed,36.54,46.13,GCP-BigQuery
WOT-0001109,WO-000429,1,Structural,Good structure drug positive,Completed,24.37,28.31,GCP-BigQuery
WOT-0001110,WO-000429,2,Structural,Reason avoid manager defense provide,Completed,13.58,19.08,GCP-BigQuery
WOT-0001111,WO-000429,3,Piping,Stand could bit decade opportunity month teach,Completed,26.56,23.54,GCP-BigQuery
WOT-0001112,WO-000429,4,Piping,Remain pretty summer black candidate,Completed,22.68,32.91,GCP-BigQuery
WOT-0001113,WO-000430,1,Mechanical,History laugh per data hundred attention,Open,7.95,,GCP-BigQuery
WOT-0001114,WO-000430,2,Structural,Clearly film thank possible challenge then,Open,17.69,,GCP-BigQuery
WOT-0001115,WO-000430,3,Mechanical,Drive thus cost agreement,In Progress,39.26,,GCP-BigQuery
WOT-0001116,WO-000430,4,Structural,Laugh enter until base issue character maybe,Open,22.28,,GCP-BigQuery
WOT-0001117,WO-000431,1,I&C,Free kid have any him up create,Open,39.42,,GCP-BigQuery
WOT-0001118,WO-000431,2,I&C,Idea order morning management item,Completed,2.34,,GCP-BigQuery
WOT-0001119,WO-000432,1,Piping,Position where detail,Completed,39.18,,GCP-BigQuery
WOT-0001120,WO-000433,1,Electrical,Time offer draw,Open,25.38,,GCP-BigQuery
WOT-0001121,WO-000433,2,Mechanical,Big difficult per respond hot big safe,Completed,23.94,,GCP-BigQuery
WOT-0001122,WO-000433,3,Mechanical,Manager commercial data PM relationship,Completed,33.11,,GCP-BigQuery
WOT-0001123,WO-000434,1,I&C,Safe behind me red live,In Progress,8.57,,GCP-BigQuery
WOT-0001124,WO-000434,2,Mechanical,System reach color race coach,In Progress,5.88,,GCP-BigQuery
WOT-0001125,WO-000434,3,Mechanical,Tonight center actually listen free concern,Open,4.47,,GCP-BigQuery
WOT-0001126,WO-000434,4,I&C,Thing color set act goal,Open,39.63,,GCP-BigQuery
WOT-0001127,WO-000435,1,Structural,On major easy body standard note wrong,Completed,4.94,5.55,GCP-BigQuery
WOT-0001128,WO-000436,1,I&C,Moment cold chair behind fight,Completed,37.4,,GCP-BigQuery
WOT-0001129,WO-000436,2,Mechanical,Laugh same wrong either main hair,In Progress,8.83,,GCP-BigQuery
WOT-0001130,WO-000437,1,Electrical,Still feeling free,Completed,29.58,,GCP-BigQuery
WOT-0001131,WO-000437,2,Piping,Simple tax total other both rate rock,Open,2.99,,GCP-BigQuery
WOT-0001132,WO-000437,3,Mechanical,Challenge improve detail,In Progress,33.92,,GCP-BigQuery
WOT-0001133,WO-000438,1,Piping,Ground all officer receive,Completed,13.24,12.03,GCP-BigQuery
WOT-0001134,WO-000438,2,Mechanical,Grow season create western police whole,Completed,37.97,30.43,GCP-BigQuery
WOT-0001135,WO-000439,1,Electrical,Quickly tonight last when money enter quickly thousand,In Progress,37.63,,GCP-BigQuery
WOT-0001136,WO-000439,2,Electrical,Operation war everybody course often reduce,In Progress,14.67,,GCP-BigQuery
WOT-0001137,WO-000439,3,Electrical,But somebody note society get body across until,In Progress,29.57,,GCP-BigQuery
WOT-0001138,WO-000440,1,I&C,Letter change whom perhaps,Completed,29.0,24.83,GCP-BigQuery
WOT-0001139,WO-000440,2,Mechanical,Field explain son administration,Completed,37.88,39.23,GCP-BigQuery
WOT-0001140,WO-000440,3,Electrical,Design stay but,Completed,28.54,33.88,GCP-BigQuery
WOT-0001141,WO-000440,4,Structural,Figure involve produce a edge go exist,Completed,18.72,26.63,GCP-BigQuery
WOT-0001142,WO-000441,1,Mechanical,Program shoulder choice beat establish you culture,Completed,32.41,29.39,GCP-BigQuery
WOT-0001143,WO-000441,2,Structural,Truth fact allow usually eat question hit human,Completed,17.94,20.5,GCP-BigQuery
WOT-0001144,WO-000441,3,I&C,Throw turn others community,Completed,3.68,3.53,GCP-BigQuery
WOT-0001145,WO-000442,1,Electrical,Quickly follow official raise current career,Completed,12.74,11.8,GCP-BigQuery
WOT-0001146,WO-000442,2,Electrical,Current figure father until leave contain site,Completed,14.84,17.57,GCP-BigQuery
WOT-0001147,WO-000442,3,Structural,Benefit money reason mean rate group,Completed,24.18,20.92,GCP-BigQuery
WOT-0001148,WO-000442,4,Electrical,Into inside improve agree next whatever,Completed,33.4,25.86,GCP-BigQuery
WOT-0001149,WO-000443,1,I&C,Because cell trade skill oil health,Completed,21.78,25.25,GCP-BigQuery
WOT-0001150,WO-000443,2,Electrical,Myself not fall sense hotel idea accept space,Completed,35.65,52.73,GCP-BigQuery
WOT-0001151,WO-000443,3,Piping,Least approach area stop practice four best,Completed,35.11,30.61,GCP-BigQuery
WOT-0001152,WO-000444,1,Electrical,Not real ten building once,Completed,15.1,15.3,GCP-BigQuery
WOT-0001153,WO-000444,2,Mechanical,School apply day century science manager difference,Completed,23.01,20.2,GCP-BigQuery
WOT-0001154,WO-000444,3,Electrical,Feeling financial writer according,Completed,16.49,20.41,GCP-BigQuery
WOT-0001155,WO-000444,4,I&C,Perhaps customer attack check they mind easy,Completed,28.15,24.26,GCP-BigQuery
WOT-0001156,WO-000445,1,Structural,Listen strategy kitchen argue,Completed,16.93,,GCP-BigQuery
WOT-0001157,WO-000445,2,Electrical,Feel low contain dog,In Progress,28.22,,GCP-BigQuery
WOT-0001158,WO-000445,3,Mechanical,Employee partner keep probably but chair against,Open,22.51,,GCP-BigQuery
WOT-0001159,WO-000445,4,Piping,Stand price color score,In Progress,35.95,,GCP-BigQuery
WOT-0001160,WO-000446,1,I&C,Customer lose face beyond open happen every,Open,22.5,,GCP-BigQuery
WOT-0001161,WO-000447,1,Structural,Recently blue indicate interesting agreement lead,Completed,11.68,12.93,GCP-BigQuery
WOT-0001162,WO-000447,2,Piping,Hope oil alone practice price know traditional,Completed,3.29,3.35,GCP-BigQuery
WOT-0001163,WO-000448,1,Structural,While life rich everybody word group,Completed,16.21,16.7,GCP-BigQuery
WOT-0001164,WO-000449,1,Piping,Decision total modern message company charge pretty,Completed,32.46,40.09,GCP-BigQuery
WOT-0001165,WO-000449,2,Mechanical,Fund resource skill everything several field hour,Completed,34.3,49.38,GCP-BigQuery
WOT-0001166,WO-000450,1,Mechanical,Heavy line probably office until simple moment,Completed,36.35,43.61,GCP-BigQuery
WOT-0001167,WO-000451,1,I&C,Recently open oil once,In Progress,10.09,,GCP-BigQuery
WOT-0001168,WO-000451,2,Electrical,Attack ahead run discuss professor material,Open,9.7,,GCP-BigQuery
WOT-0001169,WO-000451,3,Structural,Food discuss sign true somebody black thing,Open,39.27,,GCP-BigQuery
WOT-0001170,WO-000452,1,I&C,Sense information ask partner boy suggest,Completed,13.41,13.36,GCP-BigQuery
WOT-0001171,WO-000452,2,Piping,Kid hear piece ahead,Completed,17.11,20.71,GCP-BigQuery
WOT-0001172,WO-000452,3,Electrical,Fly recognize help writer,Completed,38.52,40.17,GCP-BigQuery
WOT-0001173,WO-000453,1,Structural,News cultural make quickly different score its,Completed,27.38,,GCP-BigQuery
WOT-0001174,WO-000454,1,Mechanical,Speak court old pick protect data special,Open,11.01,,GCP-BigQuery
WOT-0001175,WO-000454,2,Mechanical,Growth impact national,In Progress,34.37,,GCP-BigQuery
WOT-0001176,WO-000454,3,Piping,Future radio whatever rock,Completed,17.75,,GCP-BigQuery
WOT-0001177,WO-000455,1,Electrical,Many strategy now list goal peace next,In Progress,31.78,,GCP-BigQuery
WOT-0001178,WO-000455,2,Electrical,Soon keep personal them,Open,36.99,,GCP-BigQuery
WOT-0001179,WO-000455,3,Electrical,Back site fear brother discover own former,Completed,7.23,,GCP-BigQuery
WOT-0001180,WO-000455,4,Piping,Start face stock hospital group,Open,8.19,,GCP-BigQuery
WOT-0001181,WO-000456,1,Mechanical,Why avoid offer table,Open,26.91,,GCP-BigQuery
WOT-0001182,WO-000456,2,Piping,Matter human arm recently book likely true enjoy,Completed,9.94,,GCP-BigQuery
WOT-0001183,WO-000456,3,Structural,Allow instead customer,Completed,25.1,,GCP-BigQuery
WOT-0001184,WO-000456,4,Structural,Cause natural safe under,Completed,6.19,,GCP-BigQuery
WOT-0001185,WO-000457,1,I&C,Dog authority way toward,Completed,27.4,27.35,GCP-BigQuery
WOT-0001186,WO-000457,2,Mechanical,Generation audience indicate,Completed,4.25,6.35,GCP-BigQuery
WOT-0001187,WO-000458,1,Mechanical,Upon thought long can rich bit market different,Completed,15.85,,GCP-BigQuery
WOT-0001188,WO-000458,2,I&C,It field sure will again area,Open,8.37,,GCP-BigQuery
WOT-0001189,WO-000458,3,I&C,Move team radio scene need,In Progress,4.78,,GCP-BigQuery
WOT-0001190,WO-000458,4,I&C,Hit help by,In Progress,3.99,,GCP-BigQuery
WOT-0001191,WO-000459,1,Mechanical,Near break brother past tough goal,In Progress,29.76,,GCP-BigQuery
WOT-0001192,WO-000460,1,Piping,Job around discussion open dinner section,Open,28.14,,GCP-BigQuery
WOT-0001193,WO-000460,2,Piping,Nothing yard address rest spend baby camera,Open,31.14,,GCP-BigQuery
WOT-0001194,WO-000460,3,Mechanical,Executive fire own three,In Progress,30.86,,GCP-BigQuery
WOT-0001195,WO-000460,4,Mechanical,Can huge price prevent baby,Open,15.94,,GCP-BigQuery
WOT-0001196,WO-000461,1,Structural,Day relate spend today teach kitchen few,Completed,37.71,,GCP-BigQuery
WOT-0001197,WO-000461,2,Piping,Sister fall president money environment recently,In Progress,38.65,,GCP-BigQuery
WOT-0001198,WO-000461,3,Structural,Bit get improve wear main bad treatment,In Progress,9.4,,GCP-BigQuery
WOT-0001199,WO-000461,4,Piping,Discover score decision head staff center within,Completed,15.27,,GCP-BigQuery
WOT-0001200,WO-000462,1,Electrical,Practice law box material almost everyone,Completed,7.96,,GCP-BigQuery
WOT-0001201,WO-000462,2,Structural,Feel whole arrive take himself affect,Open,29.59,,GCP-BigQuery
WOT-0001202,WO-000463,1,Electrical,His and day continue issue appear,Completed,18.05,,GCP-BigQuery
WOT-0001203,WO-000463,2,Piping,All several visit travel senior,Completed,37.18,,GCP-BigQuery
WOT-0001204,WO-000463,3,Electrical,Two traditional special opportunity serious game,Open,19.96,,GCP-BigQuery
WOT-0001205,WO-000464,1,Mechanical,Its into role save arm body hold return,Completed,16.95,13.3,GCP-BigQuery
WOT-0001206,WO-000464,2,I&C,Teach visit less occur nothing,Completed,8.37,8.55,GCP-BigQuery
WOT-0001207,WO-000464,3,Mechanical,Employee whether level yeah draw traditional exactly,Completed,36.77,33.08,GCP-BigQuery
WOT-0001208,WO-000465,1,Structural,Beat economic myself front house,Completed,30.23,,GCP-BigQuery
WOT-0001209,WO-000465,2,Piping,Ever environmental economy president sign activity fill produce,Open,19.45,,GCP-BigQuery
WOT-0001210,WO-000466,1,Piping,Summer kitchen admit across already,Completed,17.77,,GCP-BigQuery
WOT-0001211,WO-000466,2,Piping,Lose such design around voice everybody,Completed,12.55,,GCP-BigQuery
WOT-0001212,WO-000467,1,Structural,Necessary well key election skill employee manager dinner,Completed,15.09,15.31,GCP-BigQuery
WOT-0001213,WO-000468,1,I&C,Chair peace anyone boy,In Progress,10.33,,GCP-BigQuery
WOT-0001214,WO-000468,2,Structural,Contain medical key,Open,30.59,,GCP-BigQuery
WOT-0001215,WO-000468,3,I&C,Among response article research else either,Completed,28.29,,GCP-BigQuery
WOT-0001216,WO-000469,1,Electrical,Music and doctor board medical both,Completed,38.87,55.03,GCP-BigQuery
WOT-0001217,WO-000469,2,Electrical,Down for he state,Completed,14.01,13.27,GCP-BigQuery
WOT-0001218,WO-000469,3,Mechanical,Author interview executive agency parent growth,Completed,9.78,11.13,GCP-BigQuery
WOT-0001219,WO-000470,1,Structural,Today hear wall family all happy,Completed,35.07,,GCP-BigQuery
WOT-0001220,WO-000470,2,Electrical,Us treatment agent participant space,Completed,18.29,,GCP-BigQuery
WOT-0001221,WO-000471,1,Structural,Respond score situation require vote her old,Completed,22.68,32.9,GCP-BigQuery
WOT-0001222,WO-000472,1,Piping,High young bad back,Completed,34.94,44.01,GCP-BigQuery
WOT-0001223,WO-000473,1,Piping,Not young piece safe much,Completed,23.58,,GCP-BigQuery
WOT-0001224,WO-000474,1,I&C,Summer month anything line,Completed,9.29,11.26,GCP-BigQuery
WOT-0001225,WO-000474,2,Piping,Minute first crime offer treat forget sometimes,Completed,5.05,4.39,GCP-BigQuery
WOT-0001226,WO-000474,3,I&C,Discuss fire win realize knowledge whatever,Completed,28.03,38.19,GCP-BigQuery
WOT-0001227,WO-000474,4,Mechanical,Gun goal measure trip president painting,Completed,6.16,7.93,GCP-BigQuery
WOT-0001228,WO-000475,1,Electrical,Skill discover still would understand each training,Completed,8.22,10.17,GCP-BigQuery
WOT-0001229,WO-000475,2,I&C,Program painting somebody game brother impact measure chance,Completed,15.48,21.14,GCP-BigQuery
WOT-0001230,WO-000476,1,I&C,Plan significant tonight then administration building enjoy,Completed,25.83,20.99,GCP-BigQuery
WOT-0001231,WO-000477,1,Mechanical,Represent like big thank street agency cold,Completed,3.93,5.59,GCP-BigQuery
WOT-0001232,WO-000478,1,Structural,Car term truth toward,Completed,32.69,,GCP-BigQuery
WOT-0001233,WO-000478,2,Mechanical,Camera recent drop fall front station,In Progress,21.97,,GCP-BigQuery
WOT-0001234,WO-000479,1,Structural,Option pattern yes and school great,Open,27.64,,GCP-BigQuery
WOT-0001235,WO-000479,2,Mechanical,Treat piece scientist job serious record safe,Open,36.03,,GCP-BigQuery
WOT-0001236,WO-000479,3,Piping,Trouble view base time order have power here,Completed,8.53,,GCP-BigQuery
WOT-0001237,WO-000479,4,I&C,Computer reveal evidence significant discussion manage,In Progress,20.42,,GCP-BigQuery
WOT-0001238,WO-000480,1,I&C,Nor today oil,Completed,39.29,31.27,GCP-BigQuery
WOT-0001239,WO-000480,2,I&C,Expect himself serious well among war,Completed,30.76,24.42,GCP-BigQuery
WOT-0001240,WO-000481,1,I&C,Issue everything they fire girl,In Progress,18.03,,GCP-BigQuery
WOT-0001241,WO-000481,2,Structural,Budget event keep those,In Progress,9.83,,GCP-BigQuery
WOT-0001242,WO-000482,1,Piping,Voice else paper blood discuss,Completed,23.91,30.56,GCP-BigQuery
WOT-0001243,WO-000482,2,I&C,Cell deal stuff senior agree,Completed,33.78,35.08,GCP-BigQuery
WOT-0001244,WO-000483,1,Mechanical,Whether music sometimes,In Progress,20.87,,GCP-BigQuery
WOT-0001245,WO-000483,2,Structural,Major state hard,Open,6.12,,GCP-BigQuery
WOT-0001246,WO-000484,1,Mechanical,Walk number rule minute store,Completed,16.66,24.64,GCP-BigQuery
WOT-0001247,WO-000484,2,I&C,Truth respond try build threat,Completed,24.14,27.83,GCP-BigQuery
WOT-0001248,WO-000484,3,I&C,Enjoy ten year rule bring government bad,Completed,27.42,28.74,GCP-BigQuery
WOT-0001249,WO-000485,1,I&C,Road force medical everybody piece,Completed,28.65,21.45,GCP-BigQuery
WOT-0001250,WO-000485,2,Piping,Public available reach throughout although beyond relate,Completed,22.52,29.4,GCP-BigQuery
WOT-0001251,WO-000486,1,Structural,Fish success produce there along play account,Completed,39.34,43.39,GCP-BigQuery
WOT-0001252,WO-000486,2,Piping,Only the detail cultural,Completed,8.44,9.88,GCP-BigQuery
WOT-0001253,WO-000486,3,Piping,Charge sport safe executive cup then week,Completed,33.7,45.84,GCP-BigQuery
WOT-0001254,WO-000487,1,Electrical,About attack newspaper decade concern,Completed,9.18,,GCP-BigQuery
WOT-0001255,WO-000487,2,Piping,Read party piece doctor give most,Completed,35.45,,GCP-BigQuery
WOT-0001256,WO-000487,3,Mechanical,There subject themselves property,In Progress,28.06,,GCP-BigQuery
WOT-0001257,WO-000487,4,Piping,Someone hot ground loss benefit both thing,Open,26.21,,GCP-BigQuery
WOT-0001258,WO-000488,1,Mechanical,Information language easy interesting computer,Completed,33.45,48.66,GCP-BigQuery
WOT-0001259,WO-000488,2,Mechanical,Produce girl huge campaign think style,Completed,34.56,26.78,GCP-BigQuery
WOT-0001260,WO-000489,1,Mechanical,Over reach ahead environmental Democrat surface important,Completed,12.65,15.49,GCP-BigQuery
WOT-0001261,WO-000489,2,Structural,Sign energy fish hot kind human treatment,Completed,38.73,37.73,GCP-BigQuery
WOT-0001262,WO-000490,1,I&C,Magazine despite player animal language,In Progress,32.02,,GCP-BigQuery
WOT-0001263,WO-000490,2,Electrical,Occur coach deal personal way,In Progress,38.64,,GCP-BigQuery
WOT-0001264,WO-000491,1,Electrical,Particularly can music wear again here sister four,Open,2.3,,GCP-BigQuery
WOT-0001265,WO-000491,2,I&C,Short need pressure million gun cup,In Progress,35.52,,GCP-BigQuery
WOT-0001266,WO-000491,3,Piping,Study how responsibility face,Completed,31.0,,GCP-BigQuery
WOT-0001267,WO-000492,1,I&C,Treat former democratic safe,Completed,32.35,46.9,GCP-BigQuery
WOT-0001268,WO-000492,2,Piping,Already after wait,Completed,8.54,8.08,GCP-BigQuery
WOT-0001269,WO-000493,1,I&C,May social amount executive,In Progress,14.22,,GCP-BigQuery
WOT-0001270,WO-000493,2,Piping,Discover significant easy,Open,34.82,,GCP-BigQuery
WOT-0001271,WO-000493,3,Piping,Seek spend help husband stand,Completed,18.49,,GCP-BigQuery
WOT-0001272,WO-000493,4,Electrical,Technology baby mean region run,Completed,6.2,,GCP-BigQuery
WOT-0001273,WO-000494,1,Structural,Address store painting,Completed,5.46,,GCP-BigQuery
WOT-0001274,WO-000494,2,Mechanical,Believe open hospital story,In Progress,39.02,,GCP-BigQuery
WOT-0001275,WO-000494,3,Mechanical,Size interesting sea few learn,Open,5.0,,GCP-BigQuery
WOT-0001276,WO-000494,4,Structural,Enough prevent likely fact,In Progress,35.92,,GCP-BigQuery
WOT-0001277,WO-000495,1,Mechanical,Develop image everything expect,Completed,22.95,28.11,GCP-BigQuery
WOT-0001278,WO-000495,2,Structural,Media him year road week several research,Completed,27.02,37.15,GCP-BigQuery
WOT-0001279,WO-000495,3,I&C,Difference window however discussion have none poor,Completed,26.82,27.14,GCP-BigQuery
WOT-0001280,WO-000496,1,Piping,Century picture base night debate walk,In Progress,21.12,,GCP-BigQuery
WOT-0001281,WO-000496,2,Electrical,Economic center pattern list rich note discussion should,In Progress,15.71,,GCP-BigQuery
WOT-0001282,WO-000496,3,Structural,In scientist strong already ready,In Progress,32.47,,GCP-BigQuery
WOT-0001283,WO-000497,1,Mechanical,Image accept real sense some nation fine present,Completed,12.75,11.29,GCP-BigQuery
WOT-0001284,WO-000497,2,I&C,Leave lot never science run TV,Completed,32.16,29.72,GCP-BigQuery
WOT-0001285,WO-000497,3,I&C,Recognize heart series class security coach,Completed,32.81,23.47,GCP-BigQuery
WOT-0001286,WO-000497,4,I&C,Thank box those manager phone modern,Completed,8.62,9.83,GCP-BigQuery
WOT-0001287,WO-000498,1,Piping,See natural human father,Completed,31.4,,GCP-BigQuery
WOT-0001288,WO-000498,2,Piping,Yet result they even follow threat,Open,37.79,,GCP-BigQuery
WOT-0001289,WO-000498,3,Mechanical,Practice center model daughter pass research mind,Completed,32.37,,GCP-BigQuery
WOT-0001290,WO-000498,4,I&C,Line decision form section you,Completed,9.87,,GCP-BigQuery
WOT-0001291,WO-000499,1,I&C,Clearly resource listen fish,Completed,35.73,42.31,GCP-BigQuery
WOT-0001292,WO-000499,2,Mechanical,Change attack with find,Completed,22.02,31.52,GCP-BigQuery
WOT-0001293,WO-000499,3,Mechanical,Current behind learn behind person,Completed,23.15,16.32,GCP-BigQuery
WOT-0001294,WO-000499,4,Structural,Choose go next difficult pick until ever star,Completed,2.69,2.24,GCP-BigQuery
WOT-0001295,WO-000500,1,I&C,Once figure person idea effort must,Completed,24.75,,GCP-BigQuery
WOT-0001296,WO-000500,2,Electrical,Back check room evidence enjoy,In Progress,12.62,,GCP-BigQuery
WOT-0001297,WO-000500,3,Electrical,Camera mission population him,Completed,11.13,,GCP-BigQuery
WOT-0001298,WO-000500,4,Electrical,Sign option everyone southern the protect list,Open,34.69,,GCP-BigQuery
WOT-0001299,WO-000501,1,I&C,Able discussion describe upon,Completed,21.02,30.86,GCP-BigQuery
WOT-0001300,WO-000501,2,Mechanical,Chair close themselves follow time appear memory keep,Completed,16.97,24.49,GCP-BigQuery
WOT-0001301,WO-000502,1,Structural,Force matter bring nice help history listen,Completed,8.19,6.42,GCP-BigQuery
WOT-0001302,WO-000502,2,I&C,Stuff first back painting degree,Completed,25.46,25.28,GCP-BigQuery
WOT-0001303,WO-000502,3,I&C,Watch street represent style,Completed,38.77,31.36,GCP-BigQuery
WOT-0001304,WO-000503,1,Mechanical,Kid reason economy build tonight present concern,Completed,33.69,,GCP-BigQuery
WOT-0001305,WO-000503,2,Structural,Talk side generation interest pay then,Completed,28.4,,GCP-BigQuery
WOT-0001306,WO-000504,1,Electrical,Him condition section action kind,Completed,26.4,19.28,GCP-BigQuery
WOT-0001307,WO-000504,2,Structural,Crime only foreign treat trouble me actually,Completed,9.48,12.24,GCP-BigQuery
WOT-0001308,WO-000504,3,Structural,Almost ever long analysis receive,Completed,10.77,8.5,GCP-BigQuery
WOT-0001309,WO-000505,1,Structural,Ever arm occur air responsibility,Open,6.26,,GCP-BigQuery
WOT-0001310,WO-000506,1,I&C,Young place make list themselves seek space,Open,8.94,,GCP-BigQuery
WOT-0001311,WO-000506,2,Structural,Hard party require,Completed,13.94,,GCP-BigQuery
WOT-0001312,WO-000507,1,Electrical,That capital information suffer,Completed,21.16,,GCP-BigQuery
WOT-0001313,WO-000507,2,Piping,Kitchen report fire teach,Completed,22.94,,GCP-BigQuery
WOT-0001314,WO-000507,3,Piping,Work create pass admit student,In Progress,27.14,,GCP-BigQuery
WOT-0001315,WO-000507,4,Piping,Today college worry reveal hand add,Open,26.69,,GCP-BigQuery
WOT-0001316,WO-000508,1,Electrical,Indicate property article cover seven challenge,Completed,28.99,23.67,GCP-BigQuery
WOT-0001317,WO-000508,2,Piping,Base kitchen every cup measure,Completed,27.75,35.79,GCP-BigQuery
WOT-0001318,WO-000508,3,Structural,Play success wait find,Completed,13.4,12.65,GCP-BigQuery
WOT-0001319,WO-000508,4,Structural,Go game nothing recent not leg break,Completed,11.27,15.7,GCP-BigQuery
WOT-0001320,WO-000509,1,Electrical,Consumer beat fish phone,In Progress,17.79,,GCP-BigQuery
WOT-0001321,WO-000510,1,Structural,Short small design,Completed,36.13,45.35,GCP-BigQuery
WOT-0001322,WO-000510,2,I&C,Least theory wall film race wall,Completed,32.17,38.68,GCP-BigQuery
WOT-0001323,WO-000511,1,Structural,Section scene financial here expert,Completed,32.5,33.15,GCP-BigQuery
WOT-0001324,WO-000511,2,Electrical,Cell firm difficult could third,Completed,38.13,27.38,GCP-BigQuery
WOT-0001325,WO-000511,3,I&C,Without else keep begin,Completed,11.88,14.23,GCP-BigQuery
WOT-0001326,WO-000512,1,Mechanical,Official give politics last piece story,Open,24.19,,GCP-BigQuery
WOT-0001327,WO-000513,1,Electrical,Wear one choose,Open,22.31,,GCP-BigQuery
WOT-0001328,WO-000513,2,I&C,Decision reduce get specific someone debate record,In Progress,34.24,,GCP-BigQuery
WOT-0001329,WO-000514,1,Mechanical,Necessary sea especially message decision design end,Completed,18.64,20.3,GCP-BigQuery
WOT-0001330,WO-000514,2,Mechanical,Military piece little level,Completed,26.22,19.27,GCP-BigQuery
WOT-0001331,WO-000515,1,Electrical,Head help open almost red picture,Completed,35.12,26.75,GCP-BigQuery
WOT-0001332,WO-000515,2,I&C,City little from,Completed,31.37,38.52,GCP-BigQuery
WOT-0001333,WO-000515,3,Piping,Cost group clear national,Completed,26.68,27.44,GCP-BigQuery
WOT-0001334,WO-000516,1,Piping,Keep pattern order,Open,22.38,,GCP-BigQuery
WOT-0001335,WO-000516,2,Electrical,Room list during rich over lot,Completed,13.36,,GCP-BigQuery
WOT-0001336,WO-000517,1,Piping,Feel wife theory shake too medical,Completed,17.92,,GCP-BigQuery
WOT-0001337,WO-000517,2,Electrical,International especially officer or clearly coach,In Progress,30.32,,GCP-BigQuery
WOT-0001338,WO-000518,1,Electrical,Though whole wall cup win,Completed,8.17,10.49,GCP-BigQuery
WOT-0001339,WO-000518,2,Mechanical,Candidate four whether wife,Completed,26.43,19.97,GCP-BigQuery
WOT-0001340,WO-000519,1,Mechanical,Society center get how leave,Completed,26.09,,GCP-BigQuery
WOT-0001341,WO-000519,2,I&C,Customer common film continue,Completed,28.07,,GCP-BigQuery
WOT-0001342,WO-000519,3,Mechanical,Job right child new simply,Open,29.61,,GCP-BigQuery
WOT-0001343,WO-000520,1,Mechanical,Local general likely,Completed,24.84,30.89,GCP-BigQuery
WOT-0001344,WO-000520,2,Mechanical,Recognize tree protect story relationship several,Completed,15.04,11.12,GCP-BigQuery
WOT-0001345,WO-000520,3,Piping,Hold five very hundred,Completed,13.49,13.88,GCP-BigQuery
WOT-0001346,WO-000520,4,Structural,Today star room interesting hour author,Completed,34.86,38.58,GCP-BigQuery
WOT-0001347,WO-000521,1,I&C,Prove wife agree those concern dog gun,Completed,2.2,2.66,GCP-BigQuery
WOT-0001348,WO-000521,2,Mechanical,Statement particular seem trip population catch could,Completed,6.1,5.54,GCP-BigQuery
WOT-0001349,WO-000522,1,Mechanical,Few behavior himself conference character,In Progress,16.91,,GCP-BigQuery
WOT-0001350,WO-000522,2,Mechanical,Hit start alone when instead,Open,2.55,,GCP-BigQuery
WOT-0001351,WO-000523,1,Structural,Huge military blood south,Open,4.18,,GCP-BigQuery
WOT-0001352,WO-000523,2,Electrical,Rather big television sound activity five,Completed,14.21,,GCP-BigQuery
WOT-0001353,WO-000523,3,Electrical,Medical rather activity president prove institution approach,Open,28.02,,GCP-BigQuery
WOT-0001354,WO-000524,1,Mechanical,Else plant page sort late health,Completed,19.49,18.67,GCP-BigQuery
WOT-0001355,WO-000525,1,Structural,Republican such will born condition interest service,Completed,38.05,30.28,GCP-BigQuery
WOT-0001356,WO-000525,2,Structural,Character front various opportunity,Completed,15.07,13.05,GCP-BigQuery
WOT-0001357,WO-000525,3,Piping,Method pass the itself let,Completed,9.1,10.47,GCP-BigQuery
WOT-0001358,WO-000526,1,Electrical,Business majority happen,Completed,18.17,16.77,GCP-BigQuery
WOT-0001359,WO-000526,2,Electrical,Rather education front fast standard myself condition ground,Completed,39.7,57.13,GCP-BigQuery
WOT-0001360,WO-000527,1,Mechanical,Land fear along,In Progress,26.95,,GCP-BigQuery
WOT-0001361,WO-000527,2,I&C,Ground already school eat,Open,28.17,,GCP-BigQuery
WOT-0001362,WO-000527,3,I&C,Movement call certain management,Open,35.79,,GCP-BigQuery
WOT-0001363,WO-000527,4,Mechanical,Generation leader pay try tough,In Progress,15.28,,GCP-BigQuery
WOT-0001364,WO-000528,1,Electrical,Notice American force although participant rich speech,Completed,8.93,11.45,GCP-BigQuery
WOT-0001365,WO-000528,2,Mechanical,High woman bad until,Completed,31.54,39.04,GCP-BigQuery
WOT-0001366,WO-000528,3,Piping,Institution against wear either present,Completed,31.5,25.47,GCP-BigQuery
WOT-0001367,WO-000528,4,Piping,Student item bring court,Completed,25.11,33.19,GCP-BigQuery
WOT-0001368,WO-000529,1,Structural,Yet past much soldier reason,Completed,11.36,9.11,GCP-BigQuery
WOT-0001369,WO-000529,2,Piping,Hear list set,Completed,31.68,22.99,GCP-BigQuery
WOT-0001370,WO-000530,1,Piping,Ever read control maybe animal human,In Progress,33.36,,GCP-BigQuery
WOT-0001371,WO-000530,2,Mechanical,Question evening imagine affect,Open,14.41,,GCP-BigQuery
WOT-0001372,WO-000531,1,Mechanical,Price ever leg so play best,Completed,32.12,35.07,GCP-BigQuery
WOT-0001373,WO-000531,2,I&C,Adult foot as explain Republican,Completed,7.69,6.4,GCP-BigQuery
WOT-0001374,WO-000531,3,Electrical,Onto play forget home upon actually future,Completed,6.29,5.79,GCP-BigQuery
WOT-0001375,WO-000532,1,I&C,State charge take material mother color,Completed,9.98,,GCP-BigQuery
WOT-0001376,WO-000533,1,Mechanical,Eight allow system whose place no,Completed,20.16,16.19,GCP-BigQuery
WOT-0001377,WO-000533,2,I&C,Bar security morning fight seem later,Completed,3.48,2.53,GCP-BigQuery
WOT-0001378,WO-000534,1,Electrical,Ahead person coach goal it yet age,In Progress,29.31,,GCP-BigQuery
WOT-0001379,WO-000535,1,Mechanical,News make doctor TV capital,Completed,31.91,22.43,GCP-BigQuery
WOT-0001380,WO-000536,1,Electrical,We but how deep book eye ten short,Completed,3.02,2.25,GCP-BigQuery
WOT-0001381,WO-000536,2,Mechanical,Nearly goal design too everything side,Completed,22.19,16.24,GCP-BigQuery
WOT-0001382,WO-000536,3,Electrical,Black those whether seven fish movie hot teacher,Completed,32.5,41.68,GCP-BigQuery
WOT-0001383,WO-000537,1,Piping,Series experience under church them hundred about,Completed,30.53,43.97,GCP-BigQuery
WOT-0001384,WO-000537,2,I&C,Several prevent raise better oil individual,Completed,39.63,39.13,GCP-BigQuery
WOT-0001385,WO-000538,1,Mechanical,Improve player peace catch people your,Open,15.8,,GCP-BigQuery
WOT-0001386,WO-000539,1,I&C,Number impact age particular coach personal range weight,In Progress,22.18,,GCP-BigQuery
WOT-0001387,WO-000540,1,I&C,Sea third pressure,Completed,31.0,28.5,GCP-BigQuery
WOT-0001388,WO-000540,2,Piping,Memory cover tree leader rich dream line,Completed,22.42,29.78,GCP-BigQuery
WOT-0001389,WO-000540,3,Electrical,Follow fall thus debate leave,Completed,26.3,18.59,GCP-BigQuery
WOT-0001390,WO-000541,1,Piping,Raise kitchen drop computer left,Completed,8.47,10.83,GCP-BigQuery
WOT-0001391,WO-000541,2,Piping,Sound study the training,Completed,23.56,29.57,GCP-BigQuery
WOT-0001392,WO-000541,3,I&C,Left while according allow quality,Completed,34.55,45.71,GCP-BigQuery
WOT-0001393,WO-000542,1,I&C,Yet television audience indicate employee respond building,In Progress,29.46,,GCP-BigQuery
WOT-0001394,WO-000542,2,I&C,Positive move agency lose rise fall huge state,Open,31.98,,GCP-BigQuery
WOT-0001395,WO-000542,3,Structural,Guy respond memory,Completed,7.22,,GCP-BigQuery
WOT-0001396,WO-000542,4,Electrical,Investment buy certainly energy stay send,In Progress,12.26,,GCP-BigQuery
WOT-0001397,WO-000543,1,Electrical,Reveal hand prevent center,Completed,16.92,19.9,GCP-BigQuery
WOT-0001398,WO-000544,1,Structural,Somebody decide best politics available,Completed,5.86,7.22,GCP-BigQuery
WOT-0001399,WO-000545,1,Piping,Sell serious garden ready former late election,In Progress,17.14,,GCP-BigQuery
WOT-0001400,WO-000545,2,Structural,Organization seven challenge eye determine,Completed,32.32,,GCP-BigQuery
WOT-0001401,WO-000546,1,I&C,Nor research fill respond nothing fight,Completed,5.0,3.92,GCP-BigQuery
WOT-0001402,WO-000547,1,Structural,Pull child source campaign parent teacher,Completed,27.81,36.21,GCP-BigQuery
WOT-0001403,WO-000547,2,Mechanical,Pm agreement deep field once,Completed,27.68,29.3,GCP-BigQuery
WOT-0001404,WO-000548,1,Electrical,Hair meet thank might local,Completed,32.33,28.77,GCP-BigQuery
WOT-0001405,WO-000549,1,I&C,Win popular onto may,Completed,24.65,36.15,GCP-BigQuery
WOT-0001406,WO-000549,2,Mechanical,Hear tend magazine college moment compare today,Completed,11.58,14.84,GCP-BigQuery
WOT-0001407,WO-000549,3,Electrical,Protect ask different,Completed,10.78,13.23,GCP-BigQuery
WOT-0001408,WO-000549,4,Piping,Difference everything sing smile practice,Completed,14.48,19.62,GCP-BigQuery
WOT-0001409,WO-000550,1,Structural,Material notice police activity second standard,Completed,34.49,33.27,GCP-BigQuery
WOT-0001410,WO-000550,2,I&C,Together scientist hair allow phone weight medical,Completed,30.28,35.56,GCP-BigQuery
WOT-0001411,WO-000550,3,I&C,Network movement scientist their wife,Completed,20.14,23.77,GCP-BigQuery
WOT-0001412,WO-000550,4,Electrical,Land mission each something,Completed,7.15,6.03,GCP-BigQuery
WOT-0001413,WO-000551,1,Piping,Ready practice each ready,Open,12.64,,GCP-BigQuery
WOT-0001414,WO-000551,2,Electrical,Concern without entire everyone sea safe true,Completed,10.07,,GCP-BigQuery
WOT-0001415,WO-000552,1,I&C,Mission article dinner one,Open,2.9,,GCP-BigQuery
WOT-0001416,WO-000553,1,Structural,Local better think anything so authority long kind,Completed,36.56,49.66,GCP-BigQuery
WOT-0001417,WO-000553,2,Structural,Culture my Democrat maintain notice ok technology,Completed,39.7,46.42,GCP-BigQuery
WOT-0001418,WO-000553,3,I&C,Result kind politics open,Completed,38.58,36.67,GCP-BigQuery
WOT-0001419,WO-000553,4,Structural,Sense yeah edge imagine establish piece forget low,Completed,34.81,46.44,GCP-BigQuery
WOT-0001420,WO-000554,1,Piping,Week federal test eat every,Open,36.06,,GCP-BigQuery
WOT-0001421,WO-000555,1,Piping,Me personal born series consider according throw,Completed,17.2,22.19,GCP-BigQuery
WOT-0001422,WO-000555,2,Piping,Like clear assume it fight understand kitchen,Completed,35.43,49.63,GCP-BigQuery
WOT-0001423,WO-000556,1,Piping,State cover board discussion film figure short,In Progress,38.36,,GCP-BigQuery
WOT-0001424,WO-000557,1,Mechanical,Bill feel participant number choice choose short,Completed,38.11,43.62,GCP-BigQuery
WOT-0001425,WO-000558,1,I&C,System particular church what,In Progress,5.43,,GCP-BigQuery
WOT-0001426,WO-000559,1,Electrical,President small sister especially usually line task,Completed,5.1,6.22,GCP-BigQuery
WOT-0001427,WO-000559,2,Structural,He fill risk stop firm,Completed,29.79,37.4,GCP-BigQuery
WOT-0001428,WO-000559,3,Mechanical,Interesting hour individual several identify,Completed,8.8,7.13,GCP-BigQuery
WOT-0001429,WO-000559,4,Structural,Government south window short affect region,Completed,7.6,10.05,GCP-BigQuery
WOT-0001430,WO-000560,1,Piping,Product eight strategy age into,Completed,24.68,28.96,GCP-BigQuery
WOT-0001431,WO-000560,2,Structural,For nice current Democrat me task,Completed,32.3,47.84,GCP-BigQuery
WOT-0001432,WO-000560,3,Mechanical,Avoid civil reveal walk,Completed,16.86,13.63,GCP-BigQuery
WOT-0001433,WO-000561,1,Electrical,Like wife animal process reach training main exactly,Completed,24.7,20.93,GCP-BigQuery
WOT-0001434,WO-000562,1,Mechanical,Only arrive argue garden Mrs just exist line,Completed,35.52,32.06,GCP-BigQuery
WOT-0001435,WO-000562,2,Structural,Foot simple including charge,Completed,9.86,8.59,GCP-BigQuery
WOT-0001436,WO-000562,3,Structural,Operation off no just,Completed,16.72,19.68,GCP-BigQuery
WOT-0001437,WO-000563,1,I&C,Of several end most fact against,Completed,4.57,3.53,GCP-BigQuery
WOT-0001438,WO-000563,2,I&C,That recognize school whatever,Completed,17.44,17.83,GCP-BigQuery
WOT-0001439,WO-000563,3,Piping,Toward knowledge this contain life leave,Completed,26.64,37.29,GCP-BigQuery
WOT-0001440,WO-000563,4,I&C,Current will else page usually cell,Completed,2.62,3.45,GCP-BigQuery
WOT-0001441,WO-000564,1,Mechanical,Interview south something story art writer,Completed,13.56,,GCP-BigQuery
WOT-0001442,WO-000564,2,Structural,Administration join allow mean sometimes so,In Progress,28.24,,GCP-BigQuery
WOT-0001443,WO-000565,1,Mechanical,Executive free attack away begin next both,Completed,20.65,,GCP-BigQuery
WOT-0001444,WO-000566,1,Structural,Sometimes suffer because two,Completed,26.1,18.79,GCP-BigQuery
WOT-0001445,WO-000566,2,Piping,Practice course authority range stand letter threat yes,Completed,20.99,15.49,GCP-BigQuery
WOT-0001446,WO-000567,1,Structural,Practice authority possible fund,Completed,24.74,,GCP-BigQuery
WOT-0001447,WO-000568,1,Mechanical,Sit science way threat husband family perhaps,Open,31.78,,GCP-BigQuery
WOT-0001448,WO-000568,2,Piping,Affect different interview else development purpose,Open,30.58,,GCP-BigQuery
WOT-0001449,WO-000568,3,Electrical,Mother president customer start understand throw,In Progress,16.96,,GCP-BigQuery
WOT-0001450,WO-000569,1,I&C,Check significant deal consider ago own suddenly,Open,11.08,,GCP-BigQuery
WOT-0001451,WO-000570,1,Electrical,Music west force firm,Open,8.65,,GCP-BigQuery
WOT-0001452,WO-000570,2,Mechanical,Probably cut clear yard do,Open,36.26,,GCP-BigQuery
WOT-0001453,WO-000570,3,Piping,Sign agree there want but,In Progress,15.09,,GCP-BigQuery
WOT-0001454,WO-000570,4,Structural,Agent test take decade any just,Completed,11.08,,GCP-BigQuery
WOT-0001455,WO-000571,1,Structural,Day herself sport behavior compare,In Progress,32.91,,GCP-BigQuery
WOT-0001456,WO-000571,2,Structural,Right business series build major painting see first,In Progress,10.92,,GCP-BigQuery
WOT-0001457,WO-000572,1,I&C,Decision before medical long meet,Completed,25.58,26.21,GCP-BigQuery
WOT-0001458,WO-000572,2,Structural,Administration herself information which beyond growth finally,Completed,18.39,20.75,GCP-BigQuery
WOT-0001459,WO-000573,1,Mechanical,Its summer feel yourself,Completed,10.34,,GCP-BigQuery
WOT-0001460,WO-000573,2,I&C,Practice special then administration,In Progress,30.4,,GCP-BigQuery
WOT-0001461,WO-000574,1,Piping,Role today animal suggest concern,Open,2.27,,GCP-BigQuery
WOT-0001462,WO-000574,2,Electrical,Campaign choose reason,In Progress,18.73,,GCP-BigQuery
WOT-0001463,WO-000574,3,I&C,Article sort term,Completed,30.45,,GCP-BigQuery
WOT-0001464,WO-000575,1,Piping,He increase church common view,Completed,16.44,19.54,GCP-BigQuery
WOT-0001465,WO-000575,2,Electrical,Score special consider these,Completed,12.69,10.32,GCP-BigQuery
WOT-0001466,WO-000575,3,Piping,Skill air daughter idea,Completed,38.54,56.53,GCP-BigQuery
WOT-0001467,WO-000575,4,Structural,Training enter fly situation former threat,Completed,10.28,7.34,GCP-BigQuery
WOT-0001468,WO-000576,1,I&C,Same certain imagine,Completed,37.48,30.38,GCP-BigQuery
WOT-0001469,WO-000576,2,Electrical,Help out modern citizen address today begin,Completed,6.45,8.47,GCP-BigQuery
WOT-0001470,WO-000576,3,Mechanical,Both little work task,Completed,31.87,40.03,GCP-BigQuery
WOT-0001471,WO-000577,1,Mechanical,Key tax speak a live tonight either,Completed,29.48,31.22,GCP-BigQuery
WOT-0001472,WO-000577,2,Electrical,Prevent half party respond local see,Completed,8.0,8.81,GCP-BigQuery
WOT-0001473,WO-000577,3,Electrical,Cultural despite candidate walk difficult bank believe,Completed,14.53,21.44,GCP-BigQuery
WOT-0001474,WO-000577,4,Piping,Executive past economic economy role feeling,Completed,20.04,24.82,GCP-BigQuery
WOT-0001475,WO-000578,1,I&C,Property mind officer third service capital instead,Open,26.72,,GCP-BigQuery
WOT-0001476,WO-000578,2,I&C,Often various alone town,Open,25.5,,GCP-BigQuery
WOT-0001477,WO-000579,1,Electrical,Place some woman add play structure,Completed,28.84,33.05,GCP-BigQuery
WOT-0001478,WO-000579,2,Mechanical,Class follow occur low gas,Completed,16.01,17.68,GCP-BigQuery
WOT-0001479,WO-000579,3,Mechanical,Thank wife if yeah law enjoy key seat,Completed,14.14,20.22,GCP-BigQuery
WOT-0001480,WO-000579,4,I&C,Under front throughout effort southern maintain nature,Completed,22.31,22.58,GCP-BigQuery
WOT-0001481,WO-000580,1,Structural,Property garden mind as,Open,33.44,,GCP-BigQuery
WOT-0001482,WO-000580,2,Piping,Interview agent myself behind window store,Open,13.33,,GCP-BigQuery
WOT-0001483,WO-000580,3,Mechanical,Nearly fast their film,Completed,3.2,,GCP-BigQuery
WOT-0001484,WO-000580,4,Electrical,Network vote whom will consumer star,In Progress,29.24,,GCP-BigQuery
WOT-0001485,WO-000581,1,I&C,Crime style develop admit safe government over,Open,23.64,,GCP-BigQuery
WOT-0001486,WO-000581,2,Piping,None most another mouth,In Progress,33.41,,GCP-BigQuery
WOT-0001487,WO-000581,3,I&C,Discover water most hear beyond close plant,In Progress,30.45,,GCP-BigQuery
WOT-0001488,WO-000581,4,Electrical,Difficult us respond must western interest dark any,Open,39.12,,GCP-BigQuery
WOT-0001489,WO-000582,1,Mechanical,Fast too will throw life carry,Completed,16.69,,GCP-BigQuery
WOT-0001490,WO-000583,1,Mechanical,A edge new find type,Completed,7.37,7.31,GCP-BigQuery
WOT-0001491,WO-000583,2,Structural,Order at sense cell lose civil will with,Completed,18.27,25.01,GCP-BigQuery
WOT-0001492,WO-000583,3,Structural,Hospital city industry option eat,Completed,19.64,29.03,GCP-BigQuery
WOT-0001493,WO-000583,4,Piping,Audience white everybody throughout but science,Completed,26.41,23.68,GCP-BigQuery
WOT-0001494,WO-000584,1,I&C,Day central every force,Open,20.58,,GCP-BigQuery
WOT-0001495,WO-000584,2,Piping,Minute modern sign out,Completed,2.34,,GCP-BigQuery
WOT-0001496,WO-000584,3,Structural,Produce federal by sea lawyer,In Progress,6.5,,GCP-BigQuery
WOT-0001497,WO-000584,4,Piping,They senior result themselves,Open,28.45,,GCP-BigQuery
WOT-0001498,WO-000585,1,I&C,High through both,Open,28.0,,GCP-BigQuery
WOT-0001499,WO-000585,2,Structural,International collection report tend maintain fact mission,Open,13.37,,GCP-BigQuery
WOT-0001500,WO-000585,3,Structural,Young owner out guy,Open,34.09,,GCP-BigQuery
WOT-0001501,WO-000586,1,Piping,Student white instead point tend exactly right,Completed,16.89,22.86,GCP-BigQuery
WOT-0001502,WO-000586,2,Piping,Toward policy forget project economy,Completed,13.53,20.21,GCP-BigQuery
WOT-0001503,WO-000586,3,I&C,Bar big south drug manager opportunity,Completed,36.53,46.69,GCP-BigQuery
WOT-0001504,WO-000587,1,Electrical,Billion sit remain night study,Completed,21.91,,GCP-BigQuery
WOT-0001505,WO-000587,2,Structural,Parent that property among blue study,Open,33.43,,GCP-BigQuery
WOT-0001506,WO-000588,1,Mechanical,Offer brother shake guess,Completed,14.79,21.2,GCP-BigQuery
WOT-0001507,WO-000588,2,Mechanical,Instead hour season girl small system of mission,Completed,17.13,18.33,GCP-BigQuery
WOT-0001508,WO-000588,3,Structural,Spend physical sing protect agent note,Completed,12.98,18.43,GCP-BigQuery
WOT-0001509,WO-000589,1,I&C,Piece forget factor,Open,15.7,,GCP-BigQuery
WOT-0001510,WO-000589,2,Mechanical,Soon rock support effect stand general,Open,6.22,,GCP-BigQuery
WOT-0001511,WO-000590,1,Piping,Everybody situation foot recognize play,Completed,15.86,15.01,GCP-BigQuery
WOT-0001512,WO-000591,1,I&C,Decide side natural focus,Completed,4.49,4.61,GCP-BigQuery
WOT-0001513,WO-000591,2,Electrical,Send sit common matter become goal,Completed,39.71,40.28,GCP-BigQuery
WOT-0001514,WO-000591,3,Electrical,Science structure dinner stock big reveal police,Completed,5.39,7.74,GCP-BigQuery
WOT-0001515,WO-000592,1,Electrical,Perform police series dark task magazine,Completed,31.89,46.01,GCP-BigQuery
WOT-0001516,WO-000592,2,Structural,South time senior where follow born,Completed,26.19,39.18,GCP-BigQuery
WOT-0001517,WO-000592,3,I&C,Financial media politics fast nice concern peace away,Completed,3.26,4.52,GCP-BigQuery
WOT-0001518,WO-000593,1,I&C,Bed our theory identify,Completed,36.83,49.0,GCP-BigQuery
WOT-0001519,WO-000593,2,I&C,Certainly future government card history,Completed,9.41,11.13,GCP-BigQuery
WOT-0001520,WO-000593,3,Electrical,Party wife food different step,Completed,15.63,19.39,GCP-BigQuery
WOT-0001521,WO-000593,4,I&C,Nature property event manager street,Completed,15.19,13.26,GCP-BigQuery
WOT-0001522,WO-000594,1,Electrical,Early difficult possible democratic actually,Completed,27.23,33.81,GCP-BigQuery
WOT-0001523,WO-000595,1,Piping,Who tax low keep news,In Progress,6.81,,GCP-BigQuery
WOT-0001524,WO-000596,1,Piping,Court control million hundred offer total hit,Completed,28.15,27.26,GCP-BigQuery
WOT-0001525,WO-000596,2,Mechanical,Religious word sound enjoy have,Completed,19.74,19.51,GCP-BigQuery
WOT-0001526,WO-000596,3,Structural,Floor ground when care team,Completed,6.46,4.65,GCP-BigQuery
WOT-0001527,WO-000596,4,Electrical,Somebody often benefit true world,Completed,5.54,5.06,GCP-BigQuery
WOT-0001528,WO-000597,1,Structural,Movement bit step direction give reduce with,Completed,22.01,22.88,GCP-BigQuery
WOT-0001529,WO-000597,2,Mechanical,Let off apply peace market,Completed,27.16,21.87,GCP-BigQuery
WOT-0001530,WO-000597,3,I&C,Ask yet against large practice time,Completed,10.46,9.18,GCP-BigQuery
WOT-0001531,WO-000598,1,I&C,Test challenge radio assume rest now water,Open,19.54,,GCP-BigQuery
WOT-0001532,WO-000598,2,Electrical,Require make region,Open,23.15,,GCP-BigQuery
WOT-0001533,WO-000598,3,Structural,Worry Democrat laugh Mrs,Completed,13.94,,GCP-BigQuery
WOT-0001534,WO-000598,4,I&C,Form now then watch certain,Open,20.25,,GCP-BigQuery
WOT-0001535,WO-000599,1,Structural,Woman only television wife apply senior onto,Completed,29.75,,GCP-BigQuery
WOT-0001536,WO-000599,2,I&C,Pass morning room run,In Progress,9.66,,GCP-BigQuery
WOT-0001537,WO-000599,3,Structural,Woman similar writer structure ahead,In Progress,32.82,,GCP-BigQuery
WOT-0001538,WO-000600,1,Structural,Rock forward behind idea red rate source,Completed,15.86,17.42,GCP-BigQuery
WOT-0001539,WO-000600,2,Mechanical,Recent catch gas benefit great religious,Completed,20.03,27.57,GCP-BigQuery
WOT-0001540,WO-000600,3,I&C,Matter continue husband dinner worry,Completed,7.9,9.12,GCP-BigQuery
WOT-0001541,WO-000601,1,Piping,Fund sell model after,In Progress,34.35,,GCP-BigQuery
WOT-0001542,WO-000601,2,Piping,Article news radio believe ability world actually force,Completed,38.48,,GCP-BigQuery
WOT-0001543,WO-000601,3,Structural,Agree toward nor teacher western,Open,15.25,,GCP-BigQuery
WOT-0001544,WO-000601,4,Structural,Pm marriage movement wish best,Completed,38.42,,GCP-BigQuery
WOT-0001545,WO-000602,1,Electrical,Outside off through relationship,Completed,25.19,30.72,GCP-BigQuery
WOT-0001546,WO-000602,2,Electrical,Medical sport knowledge performance,Completed,5.56,7.16,GCP-BigQuery
WOT-0001547,WO-000603,1,I&C,Thousand soldier build various various blue raise,Open,24.32,,GCP-BigQuery
WOT-0001548,WO-000604,1,Mechanical,Million too marriage page young turn visit up,Completed,28.43,34.12,GCP-BigQuery
WOT-0001549,WO-000605,1,Structural,Story six want protect assume east center,Open,14.0,,GCP-BigQuery
WOT-0001550,WO-000605,2,Mechanical,Could identify group true TV specific travel,Completed,18.55,,GCP-BigQuery
WOT-0001551,WO-000606,1,Electrical,Better mind professional fly month offer mother hour,In Progress,27.68,,GCP-BigQuery
WOT-0001552,WO-000606,2,Mechanical,Poor executive career shake fall phone identify,In Progress,29.29,,GCP-BigQuery
WOT-0001553,WO-000606,3,Electrical,Bank agency bit night participant fill,Open,19.16,,GCP-BigQuery
WOT-0001554,WO-000607,1,Mechanical,Side recognize month among water,In Progress,6.29,,GCP-BigQuery
WOT-0001555,WO-000607,2,Piping,Throughout security number community finish,In Progress,15.3,,GCP-BigQuery
WOT-0001556,WO-000608,1,Structural,Move another field,Open,19.86,,GCP-BigQuery
WOT-0001557,WO-000609,1,Mechanical,Goal Mrs statement range its,Open,19.54,,GCP-BigQuery
WOT-0001558,WO-000609,2,Electrical,Model condition he recognize treat better wear,In Progress,10.75,,GCP-BigQuery
WOT-0001559,WO-000609,3,Structural,Republican authority data deal policy,Completed,14.36,,GCP-BigQuery
WOT-0001560,WO-000609,4,Structural,And high too,In Progress,27.79,,GCP-BigQuery
WOT-0001561,WO-000610,1,I&C,Under above drive sport,Completed,17.1,20.34,GCP-BigQuery
WOT-0001562,WO-000610,2,Structural,Worker would step head study and,Completed,6.74,6.35,GCP-BigQuery
WOT-0001563,WO-000611,1,Electrical,Out perform election two,Completed,8.51,,GCP-BigQuery
WOT-0001564,WO-000612,1,Mechanical,Report top finally wait president trial important,In Progress,8.09,,GCP-BigQuery
WOT-0001565,WO-000612,2,Structural,Indeed including everything,Open,39.91,,GCP-BigQuery
WOT-0001566,WO-000613,1,I&C,Stage major outside phone house,Completed,20.82,,GCP-BigQuery
WOT-0001567,WO-000613,2,I&C,Can ready audience boy city social at,In Progress,3.38,,GCP-BigQuery
WOT-0001568,WO-000614,1,Mechanical,Force want either race us huge movie,Completed,17.24,25.63,GCP-BigQuery
WOT-0001569,WO-000614,2,Mechanical,Talk end set house those,Completed,30.64,39.73,GCP-BigQuery
WOT-0001570,WO-000614,3,Structural,Wear never marriage camera yet,Completed,25.11,32.73,GCP-BigQuery
WOT-0001571,WO-000615,1,Piping,Long born also hold base really attack,Completed,19.63,18.34,GCP-BigQuery
WOT-0001572,WO-000615,2,Piping,Past just central others American value,Completed,21.77,23.71,GCP-BigQuery
WOT-0001573,WO-000616,1,Electrical,Shoulder right analysis add check,In Progress,7.55,,GCP-BigQuery
WOT-0001574,WO-000616,2,Electrical,Two glass customer popular hospital,Open,11.32,,GCP-BigQuery
WOT-0001575,WO-000617,1,I&C,Water measure different physical,Completed,8.18,12.02,GCP-BigQuery
WOT-0001576,WO-000617,2,Electrical,Price keep the attorney early more,Completed,18.98,13.73,GCP-BigQuery
WOT-0001577,WO-000617,3,Electrical,Claim natural fish born assume million admit,Completed,34.04,40.88,GCP-BigQuery
WOT-0001578,WO-000618,1,I&C,Right focus although top,Completed,11.33,14.69,GCP-BigQuery
WOT-0001579,WO-000618,2,Piping,Accept about around hold note,Completed,37.93,30.64,GCP-BigQuery
WOT-0001580,WO-000618,3,Electrical,Several along nation after station,Completed,6.15,4.34,GCP-BigQuery
WOT-0001581,WO-000618,4,Structural,Visit population executive pattern last security raise,Completed,30.27,45.23,GCP-BigQuery
WOT-0001582,WO-000619,1,Piping,Economic woman PM look together lawyer these difference,Completed,31.8,47.13,GCP-BigQuery
WOT-0001583,WO-000619,2,Mechanical,Pm company whose yourself think,Completed,14.46,13.98,GCP-BigQuery
WOT-0001584,WO-000619,3,Electrical,Science it feel amount improve they,Completed,28.12,38.26,GCP-BigQuery
WOT-0001585,WO-000619,4,Mechanical,Would by phone decade image,Completed,39.9,52.67,GCP-BigQuery
WOT-0001586,WO-000620,1,Piping,Leave laugh weight less full program,Completed,16.83,,GCP-BigQuery
WOT-0001587,WO-000620,2,Mechanical,Rich day describe course,Completed,32.12,,GCP-BigQuery
WOT-0001588,WO-000620,3,I&C,Way role six guy leg,Completed,36.55,,GCP-BigQuery
WOT-0001589,WO-000620,4,Mechanical,Hear fill hotel like myself laugh,In Progress,13.59,,GCP-BigQuery
WOT-0001590,WO-000621,1,Mechanical,Include current front three process view it wall,Completed,27.96,41.07,GCP-BigQuery
WOT-0001591,WO-000621,2,Piping,Really history project,Completed,13.23,14.48,GCP-BigQuery
WOT-0001592,WO-000622,1,Mechanical,Worker quite shoulder political offer,Completed,11.61,11.6,GCP-BigQuery
WOT-0001593,WO-000622,2,I&C,Character first early school several,Completed,24.56,24.36,GCP-BigQuery
WOT-0001594,WO-000622,3,I&C,First usually partner same then put skin,Completed,25.71,35.05,GCP-BigQuery
WOT-0001595,WO-000623,1,Electrical,Again turn thank former,Completed,15.03,19.0,GCP-BigQuery
WOT-0001596,WO-000624,1,Piping,Finish top data character,Open,33.37,,GCP-BigQuery
WOT-0001597,WO-000624,2,Electrical,Film at perhaps firm toward,Open,22.49,,GCP-BigQuery
WOT-0001598,WO-000624,3,Structural,Little region face big no too charge,In Progress,16.89,,GCP-BigQuery
WOT-0001599,WO-000624,4,I&C,Budget travel important no pick record,In Progress,39.42,,GCP-BigQuery
WOT-0001600,WO-000625,1,Electrical,Ready tough wish professional chair,Completed,28.81,,GCP-BigQuery
WOT-0001601,WO-000626,1,Mechanical,Best always they list local short,Completed,29.15,31.36,GCP-BigQuery
WOT-0001602,WO-000626,2,I&C,Read stand us once consider thus wife water,Completed,34.41,48.1,GCP-BigQuery
WOT-0001603,WO-000627,1,Piping,Gas fund be have concern perhaps quality,Completed,4.45,6.39,GCP-BigQuery
WOT-0001604,WO-000627,2,Piping,Book various whether culture,Completed,25.61,30.24,GCP-BigQuery
WOT-0001605,WO-000627,3,Piping,Factor society skill great worker manager,Completed,3.71,2.73,GCP-BigQuery
WOT-0001606,WO-000627,4,Structural,Through individual college surface court exactly minute trouble,Completed,13.91,20.04,GCP-BigQuery
WOT-0001607,WO-000628,1,Structural,Five cold power red enjoy you front,In Progress,39.69,,GCP-BigQuery
WOT-0001608,WO-000628,2,I&C,Seek service leader bag necessary,Open,8.74,,GCP-BigQuery
WOT-0001609,WO-000628,3,I&C,The unit action off,In Progress,5.89,,GCP-BigQuery
WOT-0001610,WO-000629,1,Structural,Herself toward here along public,Completed,23.3,17.79,GCP-BigQuery
WOT-0001611,WO-000629,2,I&C,Friend sort table six imagine garden,Completed,17.4,24.24,GCP-BigQuery
WOT-0001612,WO-000629,3,Mechanical,Rest need major entire tree try,Completed,28.73,23.79,GCP-BigQuery
WOT-0001613,WO-000629,4,Mechanical,South tree technology time,Completed,16.91,13.21,GCP-BigQuery
WOT-0001614,WO-000630,1,Structural,Specific south blood,In Progress,26.79,,GCP-BigQuery
WOT-0001615,WO-000630,2,Mechanical,Computer assume occur down,Completed,31.95,,GCP-BigQuery
WOT-0001616,WO-000630,3,Electrical,Tell act add southern,Completed,11.31,,GCP-BigQuery
WOT-0001617,WO-000631,1,Piping,Audience old whole wide piece former professor partner,Completed,2.51,3.45,GCP-BigQuery
WOT-0001618,WO-000631,2,I&C,Region current second ball,Completed,37.27,36.3,GCP-BigQuery
WOT-0001619,WO-000631,3,Piping,Responsibility before item rate,Completed,26.41,30.33,GCP-BigQuery
WOT-0001620,WO-000632,1,Structural,Anyone bag fly more live,In Progress,11.65,,GCP-BigQuery
WOT-0001621,WO-000633,1,Mechanical,Remain manager relationship light rule,Completed,37.77,53.23,GCP-BigQuery
WOT-0001622,WO-000633,2,Structural,Ten article continue according compare culture century my,Completed,14.8,11.49,GCP-BigQuery
WOT-0001623,WO-000633,3,Piping,Record reflect away cost focus,Completed,30.13,27.9,GCP-BigQuery
WOT-0001624,WO-000633,4,Electrical,Class play or own media,Completed,7.15,7.7,GCP-BigQuery
WOT-0001625,WO-000634,1,I&C,Design economy general drive according,In Progress,22.15,,GCP-BigQuery
WOT-0001626,WO-000634,2,I&C,Example claim article management total,Open,4.26,,GCP-BigQuery
WOT-0001627,WO-000634,3,Mechanical,People stage bag share,In Progress,24.84,,GCP-BigQuery
WOT-0001628,WO-000635,1,Mechanical,Activity season because open trouble guess race,Completed,16.38,19.5,GCP-BigQuery
WOT-0001629,WO-000635,2,Mechanical,Notice road five group,Completed,26.95,27.94,GCP-BigQuery
WOT-0001630,WO-000636,1,Mechanical,Have feel major national seat direction color,In Progress,22.83,,GCP-BigQuery
WOT-0001631,WO-000636,2,Mechanical,Important they food someone war idea,Open,13.86,,GCP-BigQuery
WOT-0001632,WO-000636,3,I&C,Laugh center seek information agency cause first,Completed,2.16,,GCP-BigQuery
WOT-0001633,WO-000636,4,Piping,Change hand its stage town character watch describe,In Progress,9.61,,GCP-BigQuery
WOT-0001634,WO-000637,1,I&C,Hospital change front,Open,17.19,,GCP-BigQuery
WOT-0001635,WO-000638,1,Piping,Market citizen stop,Open,28.54,,GCP-BigQuery
WOT-0001636,WO-000638,2,I&C,Everyone couple parent material itself surface maintain,In Progress,31.51,,GCP-BigQuery
WOT-0001637,WO-000638,3,Piping,Government black well relationship,Completed,15.19,,GCP-BigQuery
WOT-0001638,WO-000638,4,Mechanical,Eye dog wall sound indicate actually final city,Open,28.07,,GCP-BigQuery
WOT-0001639,WO-000639,1,Structural,Financial peace particularly out morning game health read,Completed,26.65,31.57,GCP-BigQuery
WOT-0001640,WO-000639,2,Piping,Hard wife as language,Completed,4.66,4.92,GCP-BigQuery
WOT-0001641,WO-000639,3,Electrical,Early war read travel total plant,Completed,25.96,28.83,GCP-BigQuery
WOT-0001642,WO-000639,4,Mechanical,Skill never officer former create camera focus,Completed,31.0,39.11,GCP-BigQuery
WOT-0001643,WO-000640,1,Structural,Occur treat remain participant spend eat none three,Completed,33.03,43.49,GCP-BigQuery
WOT-0001644,WO-000640,2,Piping,Memory believe seek perhaps ball make,Completed,35.76,27.44,GCP-BigQuery
WOT-0001645,WO-000641,1,Piping,Too water road at hope cover show Republican,In Progress,38.81,,GCP-BigQuery
WOT-0001646,WO-000642,1,I&C,Summer arrive east plan force station,Completed,10.26,,GCP-BigQuery
WOT-0001647,WO-000642,2,Mechanical,No situation what machine fire third customer,In Progress,8.64,,GCP-BigQuery
WOT-0001648,WO-000642,3,Structural,Whatever our build safe save,In Progress,8.54,,GCP-BigQuery
WOT-0001649,WO-000643,1,I&C,Model mean eat heavy red,Completed,20.67,29.81,GCP-BigQuery
WOT-0001650,WO-000643,2,Piping,Fear daughter fast,Completed,20.18,28.44,GCP-BigQuery
WOT-0001651,WO-000644,1,Electrical,Prepare several bad,Completed,33.07,23.49,GCP-BigQuery
WOT-0001652,WO-000644,2,Electrical,Simply year land high church know finish,Completed,25.92,35.66,GCP-BigQuery
WOT-0001653,WO-000644,3,Mechanical,Lay cup paper expect only,Completed,23.01,29.75,GCP-BigQuery
WOT-0001654,WO-000645,1,Electrical,What buy test need hard firm,Completed,27.44,38.16,GCP-BigQuery
WOT-0001655,WO-000646,1,Structural,Nearly pick position how force structure,Completed,31.8,,GCP-BigQuery
WOT-0001656,WO-000646,2,Piping,Poor food series,In Progress,27.26,,GCP-BigQuery
WOT-0001657,WO-000646,3,Piping,Third argue response,In Progress,21.96,,GCP-BigQuery
WOT-0001658,WO-000647,1,Piping,Market until cause bill,Completed,25.2,,GCP-BigQuery
WOT-0001659,WO-000647,2,I&C,Vote dog senior win,In Progress,6.81,,GCP-BigQuery
WOT-0001660,WO-000647,3,Piping,Ball gas attorney hundred artist indicate,In Progress,26.55,,GCP-BigQuery
WOT-0001661,WO-000647,4,Electrical,Reason nature become debate city several,Open,15.54,,GCP-BigQuery
WOT-0001662,WO-000648,1,I&C,Dinner argue raise agency poor,Completed,38.55,,GCP-BigQuery
WOT-0001663,WO-000649,1,I&C,Long among serve wear west,In Progress,17.26,,GCP-BigQuery
WOT-0001664,WO-000649,2,Piping,May follow series prove,In Progress,22.05,,GCP-BigQuery
WOT-0001665,WO-000649,3,Structural,Member face age,In Progress,4.09,,GCP-BigQuery
WOT-0001666,WO-000649,4,Mechanical,Nearly always operation decade old according,In Progress,23.61,,GCP-BigQuery
WOT-0001667,WO-000650,1,Structural,Ok happy together clearly,Completed,24.96,20.23,GCP-BigQuery
WOT-0001668,WO-000651,1,Electrical,Charge account physical performance enter,Completed,18.74,25.62,GCP-BigQuery
WOT-0001669,WO-000651,2,Piping,Memory civil cut parent free force,Completed,20.86,18.04,GCP-BigQuery
WOT-0001670,WO-000651,3,Piping,Hotel practice later knowledge whose,Completed,24.26,31.96,GCP-BigQuery
WOT-0001671,WO-000651,4,I&C,Show daughter both hold blood value day,Completed,23.11,21.34,GCP-BigQuery
WOT-0001672,WO-000652,1,Piping,Save fear ready Democrat order field less,Completed,21.67,18.25,GCP-BigQuery
WOT-0001673,WO-000652,2,Mechanical,Discover three such describe agency actually stop team,Completed,23.4,29.58,GCP-BigQuery
WOT-0001674,WO-000652,3,Structural,Matter result result leader hospital,Completed,13.35,16.94,GCP-BigQuery
WOT-0001675,WO-000653,1,Electrical,Tv lose others some,Completed,22.62,,GCP-BigQuery
WOT-0001676,WO-000653,2,I&C,Back blue a all anyone,In Progress,11.4,,GCP-BigQuery
WOT-0001677,WO-000654,1,Electrical,Water us field,Completed,37.8,50.69,GCP-BigQuery
WOT-0001678,WO-000654,2,Electrical,Rock which best happy position wife,Completed,27.36,30.81,GCP-BigQuery
WOT-0001679,WO-000655,1,Mechanical,Away individual against side together few,Completed,9.77,8.24,GCP-BigQuery
WOT-0001680,WO-000656,1,I&C,Lead usually work trip build,Completed,38.99,54.65,GCP-BigQuery
WOT-0001681,WO-000656,2,Mechanical,They usually company,Completed,2.96,2.44,GCP-BigQuery
WOT-0001682,WO-000656,3,Electrical,Beat doctor thank often,Completed,39.08,34.72,GCP-BigQuery
WOT-0001683,WO-000656,4,Structural,Event against none as reality democratic huge,Completed,9.65,11.05,GCP-BigQuery
WOT-0001684,WO-000657,1,I&C,Air market store include win officer,Completed,10.58,8.23,GCP-BigQuery
WOT-0001685,WO-000657,2,Piping,Prevent where then,Completed,2.74,2.1,GCP-BigQuery
WOT-0001686,WO-000657,3,Electrical,Rest dark environment provide white,Completed,15.86,18.05,GCP-BigQuery
WOT-0001687,WO-000658,1,Piping,Dog language ability practice them,Open,30.68,,GCP-BigQuery
WOT-0001688,WO-000658,2,Structural,Next reflect social resource score expert,Completed,29.33,,GCP-BigQuery
WOT-0001689,WO-000658,3,Structural,Our lead line clearly,Completed,15.59,,GCP-BigQuery
WOT-0001690,WO-000658,4,Piping,Risk must fly police imagine oil,Completed,26.26,,GCP-BigQuery
WOT-0001691,WO-000659,1,Electrical,Level girl factor sport seem manager,Completed,26.44,29.31,GCP-BigQuery
WOT-0001692,WO-000659,2,Piping,Imagine which beat education case under population,Completed,38.34,39.01,GCP-BigQuery
WOT-0001693,WO-000659,3,Structural,Send technology clearly amount media teacher person,Completed,37.98,53.47,GCP-BigQuery
WOT-0001694,WO-000659,4,Piping,Game plan seat surface off with society station,Completed,24.43,20.25,GCP-BigQuery
WOT-0001695,WO-000660,1,Piping,Bank industry born may among billion,Completed,4.92,7.29,GCP-BigQuery
WOT-0001696,WO-000661,1,I&C,Effort nearly walk,Completed,10.06,,GCP-BigQuery
WOT-0001697,WO-000662,1,Piping,Range skin major for student,Completed,25.98,22.49,GCP-BigQuery
WOT-0001698,WO-000662,2,Structural,Nature house prevent hotel officer seek,Completed,24.02,27.77,GCP-BigQuery
WOT-0001699,WO-000662,3,Piping,Difficult popular choose really,Completed,9.07,11.6,GCP-BigQuery
WOT-0001700,WO-000663,1,Mechanical,Respond throw wide son manager,Completed,24.47,25.66,GCP-BigQuery
WOT-0001701,WO-000664,1,Electrical,Reason fill sense field,Completed,32.68,27.48,GCP-BigQuery
WOT-0001702,WO-000665,1,Structural,My benefit sport age all,In Progress,35.61,,GCP-BigQuery
WOT-0001703,WO-000665,2,Electrical,Debate still quite attack,Completed,13.6,,GCP-BigQuery
WOT-0001704,WO-000665,3,Mechanical,Week instead group idea recently feel hold,Completed,36.82,,GCP-BigQuery
WOT-0001705,WO-000666,1,Structural,Field people try play order,Completed,3.21,2.47,GCP-BigQuery
WOT-0001706,WO-000666,2,I&C,With matter goal eight list something send,Completed,23.8,26.35,GCP-BigQuery
WOT-0001707,WO-000666,3,I&C,Institution onto thing we,Completed,5.15,4.68,GCP-BigQuery
WOT-0001708,WO-000667,1,Mechanical,Yes here while service beautiful edge begin,In Progress,22.58,,GCP-BigQuery
WOT-0001709,WO-000667,2,Electrical,Right resource two lawyer see,In Progress,38.57,,GCP-BigQuery
WOT-0001710,WO-000667,3,Structural,Page light follow need region,In Progress,36.86,,GCP-BigQuery
WOT-0001711,WO-000667,4,Electrical,Describe improve act campaign television sit very,Open,34.58,,GCP-BigQuery
WOT-0001712,WO-000668,1,Piping,Attorney Congress ever north soon movie,Open,5.37,,GCP-BigQuery
WOT-0001713,WO-000669,1,Electrical,Education brother might,In Progress,38.25,,GCP-BigQuery
WOT-0001714,WO-000669,2,Mechanical,Total fall clear face,In Progress,21.91,,GCP-BigQuery
WOT-0001715,WO-000669,3,Electrical,Interview rather why baby lot eat,Completed,12.45,,GCP-BigQuery
WOT-0001716,WO-000669,4,I&C,Simply southern town significant analysis consumer,In Progress,28.55,,GCP-BigQuery
WOT-0001717,WO-000670,1,Mechanical,Tend on management research space way,Completed,36.93,29.25,GCP-BigQuery
WOT-0001718,WO-000670,2,Mechanical,Big cause science water,Completed,25.91,21.16,GCP-BigQuery
WOT-0001719,WO-000670,3,Mechanical,Age many some involve remain today happy,Completed,2.78,2.75,GCP-BigQuery
WOT-0001720,WO-000671,1,Piping,Blood list everything newspaper institution assume enjoy,In Progress,21.82,,GCP-BigQuery
WOT-0001721,WO-000671,2,Piping,Listen medical during until case agency,Open,27.65,,GCP-BigQuery
WOT-0001722,WO-000672,1,I&C,Now professor land you,Completed,4.18,5.11,GCP-BigQuery
WOT-0001723,WO-000673,1,I&C,Newspaper long wife prevent old break,Completed,23.15,31.23,GCP-BigQuery
WOT-0001724,WO-000673,2,Electrical,Discussion challenge card,Completed,4.88,5.88,GCP-BigQuery
WOT-0001725,WO-000673,3,Mechanical,Action art small both program one,Completed,6.58,6.8,GCP-BigQuery
WOT-0001726,WO-000674,1,Piping,Field specific floor,Completed,29.29,33.51,GCP-BigQuery
WOT-0001727,WO-000674,2,Mechanical,Team song country listen long,Completed,7.51,9.35,GCP-BigQuery
WOT-0001728,WO-000674,3,Piping,Common need phone teach,Completed,6.56,8.33,GCP-BigQuery
WOT-0001729,WO-000675,1,Structural,Certainly camera member technology,Completed,4.41,6.0,GCP-BigQuery
WOT-0001730,WO-000676,1,Electrical,Local wrong authority clearly,Completed,32.77,31.49,GCP-BigQuery
WOT-0001731,WO-000677,1,Structural,Send style gun different energy arrive it that,Completed,22.07,17.86,GCP-BigQuery
WOT-0001732,WO-000677,2,Piping,Agree public us hospital paper term,Completed,29.53,22.97,GCP-BigQuery
WOT-0001733,WO-000677,3,Electrical,Look we meeting image,Completed,36.7,40.18,GCP-BigQuery
WOT-0001734,WO-000677,4,Piping,Drop miss market avoid,Completed,20.42,17.26,GCP-BigQuery
WOT-0001735,WO-000678,1,Electrical,All at be through certainly political hard hotel,Completed,29.63,33.56,GCP-BigQuery
WOT-0001736,WO-000678,2,Piping,Practice would game student painting try talk,Completed,22.11,27.69,GCP-BigQuery
WOT-0001737,WO-000678,3,Mechanical,Memory history that read receive type painting,Completed,16.9,14.3,GCP-BigQuery
WOT-0001738,WO-000678,4,I&C,Case front reality window mouth pattern as,Completed,37.86,42.5,GCP-BigQuery
WOT-0001739,WO-000679,1,Electrical,Environmental even eye message fine town trade not,Completed,39.29,57.15,GCP-BigQuery
WOT-0001740,WO-000679,2,Electrical,Win court friend put everything our,Completed,28.41,34.27,GCP-BigQuery
WOT-0001741,WO-000679,3,Electrical,Shoulder three cause show far,Completed,10.91,11.46,GCP-BigQuery
WOT-0001742,WO-000680,1,Piping,Republican need daughter leg minute bring,Open,2.39,,GCP-BigQuery
WOT-0001743,WO-000681,1,I&C,Police day so store consumer,Open,29.53,,GCP-BigQuery
WOT-0001744,WO-000682,1,Electrical,Heart hot response usually learn game effort,Completed,29.84,38.62,GCP-BigQuery
WOT-0001745,WO-000683,1,Mechanical,Education whom spend worker,Completed,31.82,,GCP-BigQuery
WOT-0001746,WO-000683,2,Mechanical,At speech effort,In Progress,10.54,,GCP-BigQuery
WOT-0001747,WO-000683,3,I&C,Lawyer yard on everyone note current anything,In Progress,38.07,,GCP-BigQuery
WOT-0001748,WO-000683,4,Piping,Physical majority blue join finish cause,Completed,31.98,,GCP-BigQuery
WOT-0001749,WO-000684,1,Electrical,Guess soon approach suggest,Completed,14.22,17.29,GCP-BigQuery
WOT-0001750,WO-000684,2,Structural,Blue movement camera benefit sea,Completed,2.93,3.94,GCP-BigQuery
WOT-0001751,WO-000684,3,I&C,Daughter through note act front person,Completed,25.2,23.59,GCP-BigQuery
WOT-0001752,WO-000685,1,Piping,Exist drive determine page seem,Completed,7.55,10.69,GCP-BigQuery
WOT-0001753,WO-000685,2,Structural,Government door age once several commercial whom,Completed,5.83,6.41,GCP-BigQuery
WOT-0001754,WO-000685,3,Structural,Data pattern west before science without,Completed,18.29,20.13,GCP-BigQuery
WOT-0001755,WO-000685,4,Mechanical,Special buy east image drug,Completed,9.61,13.26,GCP-BigQuery
WOT-0001756,WO-000686,1,Electrical,Close community detail blue draw final often outside,Completed,32.44,40.18,GCP-BigQuery
WOT-0001757,WO-000686,2,Mechanical,Land discussion suggest impact know character,Completed,34.56,46.86,GCP-BigQuery
WOT-0001758,WO-000687,1,I&C,Sure seek age share day pull,Completed,3.83,5.53,GCP-BigQuery
WOT-0001759,WO-000688,1,Electrical,Smile model focus material past study,Completed,15.72,20.55,GCP-BigQuery
WOT-0001760,WO-000688,2,I&C,Day certain back student raise collection identify design,Completed,12.03,9.15,GCP-BigQuery
WOT-0001761,WO-000688,3,Structural,If eat fact discuss over like,Completed,30.15,44.4,GCP-BigQuery
WOT-0001762,WO-000689,1,Structural,Rather none population,Completed,37.1,51.82,GCP-BigQuery
WOT-0001763,WO-000689,2,Electrical,Laugh son home generation,Completed,12.6,18.17,GCP-BigQuery
WOT-0001764,WO-000689,3,Structural,After job knowledge interest join give,Completed,22.31,22.79,GCP-BigQuery
WOT-0001765,WO-000689,4,Mechanical,Hand young long collection table,Completed,6.15,7.75,GCP-BigQuery
WOT-0001766,WO-000690,1,Mechanical,Out special suffer without hair set bed,Completed,17.35,20.1,GCP-BigQuery
WOT-0001767,WO-000690,2,I&C,Begin receive anyone bad,Completed,3.06,4.48,GCP-BigQuery
WOT-0001768,WO-000690,3,Piping,Laugh fall teach everything trouble,Completed,13.02,9.17,GCP-BigQuery
WOT-0001769,WO-000691,1,Piping,Important coach at the per,Completed,34.56,26.83,GCP-BigQuery
WOT-0001770,WO-000692,1,Mechanical,Pressure six west walk compare nature walk,Completed,7.79,6.61,GCP-BigQuery
WOT-0001771,WO-000692,2,I&C,Door space crime Republican,Completed,29.96,22.36,GCP-BigQuery
WOT-0001772,WO-000692,3,Electrical,Significant especially situation move,Completed,22.89,24.54,GCP-BigQuery
WOT-0001773,WO-000692,4,Electrical,Network hard condition move cost skin for,Completed,18.14,14.92,GCP-BigQuery
WOT-0001774,WO-000693,1,Electrical,Short message again mean,Completed,4.46,3.54,GCP-BigQuery
WOT-0001775,WO-000693,2,Mechanical,Hour cold light suffer,Completed,39.16,37.03,GCP-BigQuery
WOT-0001776,WO-000694,1,I&C,Technology strong off evidence early,Completed,6.83,9.83,GCP-BigQuery
WOT-0001777,WO-000694,2,Piping,Report require class paper,Completed,32.01,38.1,GCP-BigQuery
WOT-0001778,WO-000695,1,Structural,Attack help a,Completed,17.36,24.09,GCP-BigQuery
WOT-0001779,WO-000695,2,Piping,More majority senior nearly risk threat level,Completed,32.34,35.26,GCP-BigQuery
WOT-0001780,WO-000695,3,Mechanical,Government painting responsibility see seem model imagine,Completed,12.06,9.27,GCP-BigQuery
WOT-0001781,WO-000696,1,Structural,Teach call already available yes success break,Completed,2.3,2.96,GCP-BigQuery
WOT-0001782,WO-000696,2,Mechanical,Him federal agency maintain seek democratic,Completed,39.55,39.43,GCP-BigQuery
WOT-0001783,WO-000696,3,I&C,Last opportunity serve cause,Completed,25.02,33.62,GCP-BigQuery
WOT-0001784,WO-000697,1,Electrical,How central too tough education,Completed,11.53,13.67,GCP-BigQuery
WOT-0001785,WO-000698,1,Structural,Letter let think leg indeed anything,Completed,13.34,13.36,GCP-BigQuery
WOT-0001786,WO-000698,2,Electrical,Today two far apply,Completed,39.75,30.27,GCP-BigQuery
WOT-0001787,WO-000698,3,Mechanical,Travel thought the back family start necessary,Completed,24.41,17.56,GCP-BigQuery
WOT-0001788,WO-000699,1,Mechanical,Value than look,Completed,25.64,31.48,GCP-BigQuery
WOT-0001789,WO-000699,2,I&C,Former financial medical action big season,Completed,21.4,24.84,GCP-BigQuery
WOT-0001790,WO-000700,1,Piping,Especially agency despite minute agency idea sometimes,Completed,26.45,,GCP-BigQuery
WOT-0001791,WO-000700,2,Electrical,Get force happy song one third serve,In Progress,32.12,,GCP-BigQuery
WOT-0001792,WO-000701,1,Structural,Shake already single rock not attack,Completed,33.84,27.3,GCP-BigQuery
WOT-0001793,WO-000701,2,Structural,Usually help produce key,Completed,38.35,36.69,GCP-BigQuery
WOT-0001794,WO-000701,3,Structural,Century several cultural pattern every,Completed,2.77,3.27,GCP-BigQuery
WOT-0001795,WO-000701,4,Structural,Among field well create notice,Completed,18.66,20.89,GCP-BigQuery
WOT-0001796,WO-000702,1,Piping,Son third interview nothing wrong decision,Completed,4.91,6.9,GCP-BigQuery
WOT-0001797,WO-000702,2,Electrical,Clear also road skin,Completed,3.43,4.43,GCP-BigQuery
WOT-0001798,WO-000702,3,Structural,Life wonder understand management bag,Completed,13.09,14.73,GCP-BigQuery
WOT-0001799,WO-000703,1,Structural,Speech garden road head light what officer,Completed,11.5,14.43,GCP-BigQuery
WOT-0001800,WO-000703,2,Piping,Threat sport former professor money property structure,Completed,5.23,5.23,GCP-BigQuery
WOT-0001801,WO-000704,1,Piping,Mind everything order to difficult against low foreign,In Progress,29.42,,GCP-BigQuery
WOT-0001802,WO-000704,2,I&C,Feel win yard anything option soon election,Open,31.55,,GCP-BigQuery
WOT-0001803,WO-000704,3,Mechanical,Never such despite what,Open,6.49,,GCP-BigQuery
WOT-0001804,WO-000705,1,Electrical,Toward unit recently media include hundred note,Completed,28.35,,GCP-BigQuery
WOT-0001805,WO-000705,2,Piping,Ball class loss up at,In Progress,8.88,,GCP-BigQuery
WOT-0001806,WO-000705,3,Piping,Unit arm image it increase within,Open,27.11,,GCP-BigQuery
WOT-0001807,WO-000706,1,I&C,Visit brother dog these man when,In Progress,26.26,,GCP-BigQuery
WOT-0001808,WO-000707,1,Electrical,Degree involve dog during source from our order,Open,16.27,,GCP-BigQuery
WOT-0001809,WO-000708,1,Structural,Beyond bank scene change,Completed,11.0,8.76,GCP-BigQuery
WOT-0001810,WO-000708,2,Structural,Manage begin wide space possible yeah,Completed,3.34,2.85,GCP-BigQuery
WOT-0001811,WO-000708,3,Mechanical,Likely allow fact,Completed,25.11,17.93,GCP-BigQuery
WOT-0001812,WO-000709,1,Electrical,Quickly truth record program beautiful close,Open,4.21,,GCP-BigQuery
WOT-0001813,WO-000710,1,I&C,Form although old write pass,Completed,3.85,4.81,GCP-BigQuery
WOT-0001814,WO-000710,2,Piping,Smile today station make environment,Completed,29.79,26.2,GCP-BigQuery
WOT-0001815,WO-000711,1,Structural,Past moment story expect assume,Open,28.23,,GCP-BigQuery
WOT-0001816,WO-000712,1,Electrical,System church simply method market difference exist hotel,Completed,18.75,17.79,GCP-BigQuery
WOT-0001817,WO-000713,1,Piping,Professor reason special grow meeting family,Completed,16.5,12.28,GCP-BigQuery
WOT-0001818,WO-000713,2,Piping,Individual us some suggest program decision,Completed,38.74,32.53,GCP-BigQuery
WOT-0001819,WO-000713,3,Piping,Chance choice bag onto brother blue large,Completed,3.01,3.07,GCP-BigQuery
WOT-0001820,WO-000713,4,Mechanical,Reveal executive four floor,Completed,35.6,48.27,GCP-BigQuery
WOT-0001821,WO-000714,1,Structural,Responsibility itself but popular wall,Completed,22.28,,GCP-BigQuery
WOT-0001822,WO-000714,2,I&C,Role few remember time prevent hair hospital,In Progress,16.66,,GCP-BigQuery
WOT-0001823,WO-000714,3,Mechanical,At all table edge cost marriage,In Progress,36.56,,GCP-BigQuery
WOT-0001824,WO-000714,4,I&C,Situation television last staff seat religious,Completed,19.29,,GCP-BigQuery
WOT-0001825,WO-000715,1,Mechanical,When seem test contain than clearly,Completed,32.18,40.8,GCP-BigQuery
WOT-0001826,WO-000715,2,Electrical,Indeed main write challenge this,Completed,29.01,40.02,GCP-BigQuery
WOT-0001827,WO-000715,3,I&C,Mention manager everyone dark Congress,Completed,2.33,2.51,GCP-BigQuery
WOT-0001828,WO-000716,1,I&C,Side place represent,Completed,34.32,,GCP-BigQuery
WOT-0001829,WO-000717,1,I&C,Health able lot station may decision forward probably,Completed,10.06,8.53,GCP-BigQuery
WOT-0001830,WO-000717,2,I&C,Event hospital more opportunity unit cultural show,Completed,26.3,30.05,GCP-BigQuery
WOT-0001831,WO-000718,1,I&C,Lawyer rest natural,In Progress,33.72,,GCP-BigQuery
WOT-0001832,WO-000719,1,Electrical,You lead expect adult operation whole artist,Completed,3.37,,GCP-BigQuery
WOT-0001833,WO-000719,2,Electrical,Upon trial participant discuss firm opportunity,In Progress,28.53,,GCP-BigQuery
WOT-0001834,WO-000720,1,I&C,Enter through system stage protect often house,Completed,8.02,6.22,GCP-BigQuery
WOT-0001835,WO-000720,2,Mechanical,Most American weight,Completed,27.05,32.19,GCP-BigQuery
WOT-0001836,WO-000721,1,I&C,Dream able answer away sort movement tonight,Open,21.01,,GCP-BigQuery
WOT-0001837,WO-000721,2,Mechanical,Administration than run short small shoulder,Open,21.02,,GCP-BigQuery
WOT-0001838,WO-000722,1,Piping,Market oil move,Open,37.18,,GCP-BigQuery
WOT-0001839,WO-000723,1,I&C,Explain break dog writer night forget nation,Open,2.02,,GCP-BigQuery
WOT-0001840,WO-000723,2,Piping,Add involve forget early look,Open,8.31,,GCP-BigQuery
WOT-0001841,WO-000723,3,Structural,Candidate see election price,Completed,3.67,,GCP-BigQuery
WOT-0001842,WO-000723,4,Structural,Indeed town daughter clearly best,Open,26.95,,GCP-BigQuery
WOT-0001843,WO-000724,1,Electrical,Finally my nature attention work,Completed,9.69,13.21,GCP-BigQuery
WOT-0001844,WO-000725,1,I&C,Table about dream single,Completed,34.75,34.16,GCP-BigQuery
WOT-0001845,WO-000725,2,Mechanical,Whole box later building she,Completed,11.02,8.8,GCP-BigQuery
WOT-0001846,WO-000726,1,Piping,Let business property everything bar smile good,In Progress,15.14,,GCP-BigQuery
WOT-0001847,WO-000726,2,Electrical,Southern nation economy adult trial source,Open,34.91,,GCP-BigQuery
WOT-0001848,WO-000726,3,Piping,Yeah class garden miss,Completed,31.4,,GCP-BigQuery
WOT-0001849,WO-000726,4,Mechanical,Create yard serious goal future home series,Open,36.77,,GCP-BigQuery
WOT-0001850,WO-000727,1,Mechanical,Southern simply I cold,Completed,21.14,29.99,GCP-BigQuery
WOT-0001851,WO-000727,2,Mechanical,Point similar security at year dinner prevent tree,Completed,22.67,30.83,GCP-BigQuery
WOT-0001852,WO-000727,3,Structural,Newspaper leader focus hard tonight already could,Completed,26.91,33.75,GCP-BigQuery
WOT-0001853,WO-000728,1,Mechanical,Green write value possible indeed study wide,Completed,37.0,31.88,GCP-BigQuery
WOT-0001854,WO-000728,2,Electrical,Be successful organization no bring career manager,Completed,29.08,32.02,GCP-BigQuery
WOT-0001855,WO-000728,3,Mechanical,Rise future person allow structure first fine,Completed,24.77,28.18,GCP-BigQuery
WOT-0001856,WO-000728,4,Piping,Fall teach area feel who carry,Completed,31.93,30.5,GCP-BigQuery
WOT-0001857,WO-000729,1,Structural,Staff yourself exactly sure wonder,Completed,6.09,7.35,GCP-BigQuery
WOT-0001858,WO-000729,2,Electrical,Hair marriage school imagine ago expect continue,Completed,35.83,34.44,GCP-BigQuery
WOT-0001859,WO-000729,3,Electrical,Thank use owner surface,Completed,13.61,15.67,GCP-BigQuery
WOT-0001860,WO-000729,4,Electrical,Box window should five buy office,Completed,17.69,25.0,GCP-BigQuery
WOT-0001861,WO-000730,1,Piping,Song discuss everybody success nearly must teacher speech,In Progress,9.78,,GCP-BigQuery
WOT-0001862,WO-000731,1,I&C,Very that national trade price beyond idea,Completed,3.55,2.76,GCP-BigQuery
WOT-0001863,WO-000731,2,Piping,Find there behavior,Completed,38.92,28.29,GCP-BigQuery
WOT-0001864,WO-000731,3,Piping,Especially appear attention we open blood,Completed,32.18,35.62,GCP-BigQuery
WOT-0001865,WO-000732,1,Mechanical,Amount special image blood city vote time,In Progress,27.87,,GCP-BigQuery
WOT-0001866,WO-000732,2,I&C,Bank collection possible notice term,Open,9.79,,GCP-BigQuery
WOT-0001867,WO-000732,3,Structural,Speech like rock call scene state radio draw,Open,13.07,,GCP-BigQuery
WOT-0001868,WO-000732,4,Electrical,Accept mission event some simply could,Completed,12.37,,GCP-BigQuery
WOT-0001869,WO-000733,1,Piping,Draw involve party home stay fall carry,Completed,28.83,,GCP-BigQuery
WOT-0001870,WO-000733,2,I&C,In official especially pattern threat religious effort painting,Completed,10.71,,GCP-BigQuery
WOT-0001871,WO-000733,3,I&C,Within if course,Open,23.78,,GCP-BigQuery
WOT-0001872,WO-000733,4,Piping,Reality office sport oil whose,Completed,3.35,,GCP-BigQuery
WOT-0001873,WO-000734,1,Electrical,Car American your seat rule,Completed,26.01,29.62,GCP-BigQuery
WOT-0001874,WO-000734,2,I&C,Card design where off prepare response,Completed,2.17,2.93,GCP-BigQuery
WOT-0001875,WO-000734,3,Structural,Including game language,Completed,20.49,25.49,GCP-BigQuery
WOT-0001876,WO-000735,1,I&C,Right size than foot,Completed,30.29,24.46,GCP-BigQuery
WOT-0001877,WO-000735,2,Mechanical,Her million every production tax certainly,Completed,18.96,20.25,GCP-BigQuery
WOT-0001878,WO-000735,3,Electrical,Good thank teach production majority we,Completed,19.12,15.57,GCP-BigQuery
WOT-0001879,WO-000736,1,Structural,Any able less article threat arrive,In Progress,2.59,,GCP-BigQuery
WOT-0001880,WO-000737,1,Piping,Modern data book expert exist computer shoulder,Completed,16.19,13.66,GCP-BigQuery
WOT-0001881,WO-000738,1,Structural,Size morning only girl popular last read,Completed,22.26,,GCP-BigQuery
WOT-0001882,WO-000738,2,Structural,Style white especially lose just,Completed,5.57,,GCP-BigQuery
WOT-0001883,WO-000738,3,Piping,Admit doctor magazine despite,In Progress,14.79,,GCP-BigQuery
WOT-0001884,WO-000739,1,Mechanical,Meeting value body return miss ready even,In Progress,28.96,,GCP-BigQuery
WOT-0001885,WO-000739,2,Structural,Son second after note those drop executive,Completed,6.0,,GCP-BigQuery
WOT-0001886,WO-000739,3,Mechanical,Serious protect new party sometimes,Completed,12.68,,GCP-BigQuery
WOT-0001887,WO-000739,4,Mechanical,Two physical within about when force ready,In Progress,39.47,,GCP-BigQuery
WOT-0001888,WO-000740,1,Piping,Information game loss cost run result interesting,Completed,25.09,,GCP-BigQuery
WOT-0001889,WO-000740,2,I&C,Only pick prove whether north,Completed,33.62,,GCP-BigQuery
WOT-0001890,WO-000740,3,I&C,Benefit line cultural each animal from,In Progress,14.9,,GCP-BigQuery
WOT-0001891,WO-000741,1,Electrical,Serve mouth manage issue none ready billion,Completed,15.17,15.11,GCP-BigQuery
WOT-0001892,WO-000741,2,Electrical,Discuss term day include,Completed,7.32,7.74,GCP-BigQuery
WOT-0001893,WO-000742,1,Piping,Bill wrong nature responsibility,Open,13.76,,GCP-BigQuery
WOT-0001894,WO-000742,2,Electrical,Scene despite best either truth,In Progress,16.19,,GCP-BigQuery
WOT-0001895,WO-000743,1,Piping,Build exactly open last decide future,In Progress,29.03,,GCP-BigQuery
WOT-0001896,WO-000744,1,Piping,Partner behavior economy our second,Completed,3.39,2.8,GCP-BigQuery
WOT-0001897,WO-000745,1,Electrical,Analysis ready must price receive,Completed,17.04,,GCP-BigQuery
WOT-0001898,WO-000745,2,I&C,Unit majority yeah,Open,8.88,,GCP-BigQuery
WOT-0001899,WO-000746,1,Piping,Thought beyond mean director offer a,Open,21.35,,GCP-BigQuery
WOT-0001900,WO-000746,2,Mechanical,Various send news clearly school wonder,In Progress,8.14,,GCP-BigQuery
WOT-0001901,WO-000747,1,Structural,Again every common church scene run cultural,In Progress,5.92,,GCP-BigQuery
WOT-0001902,WO-000747,2,I&C,Culture far article last peace,Open,32.11,,GCP-BigQuery
WOT-0001903,WO-000747,3,Piping,Brother treatment daughter,Open,29.55,,GCP-BigQuery
WOT-0001904,WO-000747,4,Structural,Series seven strong it reach street city her,Open,12.82,,GCP-BigQuery
WOT-0001905,WO-000748,1,Structural,Hear mouth range throw,Completed,10.15,8.16,GCP-BigQuery
WOT-0001906,WO-000749,1,Structural,Be church available indeed,Completed,8.15,11.44,GCP-BigQuery
WOT-0001907,WO-000750,1,Piping,Director spend entire minute never quality,Completed,23.92,31.12,GCP-BigQuery
WOT-0001908,WO-000751,1,Piping,Together true worker though church young mouth note,Completed,6.2,9.3,GCP-BigQuery
WOT-0001909,WO-000751,2,Electrical,Interesting particularly some evidence employee degree safe,Completed,37.79,45.27,GCP-BigQuery
WOT-0001910,WO-000751,3,Structural,Cultural far significant,Completed,21.87,24.69,GCP-BigQuery
WOT-0001911,WO-000751,4,Electrical,Until themselves break reason too discover record,Completed,2.57,3.08,GCP-BigQuery
WOT-0001912,WO-000752,1,Mechanical,Nice house power Republican,Completed,27.03,29.11,GCP-BigQuery
WOT-0001913,WO-000752,2,Electrical,Apply conference then sometimes,Completed,26.18,27.3,GCP-BigQuery
WOT-0001914,WO-000753,1,Structural,Traditional meet parent this drop,In Progress,28.81,,GCP-BigQuery
WOT-0001915,WO-000753,2,Mechanical,Base modern behavior end nature stock analysis,Open,2.88,,GCP-BigQuery
WOT-0001916,WO-000753,3,Piping,Sure day sort determine player military person,Completed,17.68,,GCP-BigQuery
WOT-0001917,WO-000753,4,Structural,Instead plant bag set,In Progress,8.57,,GCP-BigQuery
WOT-0001918,WO-000754,1,Piping,Clearly everybody suggest air she sister simple,Completed,16.75,24.74,GCP-BigQuery
WOT-0001919,WO-000755,1,Mechanical,Television rich base,In Progress,35.58,,GCP-BigQuery
WOT-0001920,WO-000755,2,I&C,Serious space one bar,Open,32.89,,GCP-BigQuery
WOT-0001921,WO-000755,3,Piping,Lose south keep thus positive,Completed,23.75,,GCP-BigQuery
WOT-0001922,WO-000756,1,Electrical,Skin security painting rest,Completed,38.48,33.73,GCP-BigQuery
WOT-0001923,WO-000757,1,Mechanical,Fine public some mean face factor,Completed,21.94,31.28,GCP-BigQuery
WOT-0001924,WO-000757,2,Electrical,Be spend outside office,Completed,13.83,11.55,GCP-BigQuery
WOT-0001925,WO-000758,1,Electrical,Expert mission should character station eye perform,Completed,30.33,25.48,GCP-BigQuery
WOT-0001926,WO-000758,2,I&C,Fire light medical,Completed,29.29,37.22,GCP-BigQuery
WOT-0001927,WO-000758,3,Structural,Ago out able end early generation game,Completed,21.59,17.4,GCP-BigQuery
WOT-0001928,WO-000758,4,Electrical,Rich every change help but include,Completed,38.38,47.0,GCP-BigQuery
WOT-0001929,WO-000759,1,Structural,Memory wrong hard any financial,Completed,28.48,38.84,GCP-BigQuery
WOT-0001930,WO-000759,2,Mechanical,Size heart among research,Completed,8.17,10.09,GCP-BigQuery
WOT-0001931,WO-000759,3,I&C,Like image drive own pass least great your,Completed,5.93,4.86,GCP-BigQuery
WOT-0001932,WO-000760,1,Piping,Single well task moment call art soon up,Open,35.01,,GCP-BigQuery
WOT-0001933,WO-000760,2,Piping,Education more three trip school energy,Completed,3.38,,GCP-BigQuery
WOT-0001934,WO-000760,3,Structural,While popular natural list they,In Progress,7.3,,GCP-BigQuery
WOT-0001935,WO-000761,1,Piping,Middle her shake month ask,Completed,39.05,,GCP-BigQuery
WOT-0001936,WO-000762,1,Structural,Drug pull center hundred question,Completed,32.65,,GCP-BigQuery
WOT-0001937,WO-000762,2,Piping,Miss population project film,Completed,12.81,,GCP-BigQuery
WOT-0001938,WO-000763,1,I&C,Citizen drug information response happy,Completed,38.0,37.52,GCP-BigQuery
WOT-0001939,WO-000763,2,Structural,Issue bit whether edge left American hope,Completed,16.18,15.18,GCP-BigQuery
WOT-0001940,WO-000764,1,Electrical,Hope great seek serious term amount idea director,In Progress,34.71,,GCP-BigQuery
WOT-0001941,WO-000764,2,Mechanical,Future raise family where treatment age,In Progress,18.57,,GCP-BigQuery
WOT-0001942,WO-000764,3,Structural,Like film society tell,Open,22.62,,GCP-BigQuery
WOT-0001943,WO-000764,4,I&C,Office spring measure truth sign room happy,Open,13.87,,GCP-BigQuery
WOT-0001944,WO-000765,1,Electrical,Recently million store every rise care particular,Completed,10.53,8.44,GCP-BigQuery
WOT-0001945,WO-000766,1,Electrical,Purpose future face police,Open,8.21,,GCP-BigQuery
WOT-0001946,WO-000767,1,Mechanical,Draw trouble decade share great,Completed,38.11,30.45,GCP-BigQuery
WOT-0001947,WO-000767,2,Structural,Election fire remember house develop center bill,Completed,16.56,13.0,GCP-BigQuery
WOT-0001948,WO-000768,1,Piping,Represent lawyer letter these,Completed,20.38,23.34,GCP-BigQuery
WOT-0001949,WO-000768,2,Structural,Name paper cup order,Completed,9.99,12.88,GCP-BigQuery
WOT-0001950,WO-000768,3,Piping,Quickly manage care popular yourself always image alone,Completed,27.89,20.56,GCP-BigQuery
WOT-0001951,WO-000768,4,Electrical,What truth partner measure,Completed,2.3,3.13,GCP-BigQuery
WOT-0001952,WO-000769,1,Electrical,Yard believe whether teach single result,Completed,7.24,8.07,GCP-BigQuery
WOT-0001953,WO-000769,2,Piping,Through action continue star young ahead blood,Completed,36.99,27.56,GCP-BigQuery
WOT-0001954,WO-000769,3,Mechanical,Born campaign others under each help,Completed,17.85,22.14,GCP-BigQuery
WOT-0001955,WO-000770,1,I&C,Pm market role statement other whether traditional,Completed,36.11,26.55,GCP-BigQuery
WOT-0001956,WO-000771,1,Electrical,Think quite hot,Completed,15.35,14.92,GCP-BigQuery
WOT-0001957,WO-000772,1,I&C,Society care around find audience but moment sign,In Progress,32.04,,GCP-BigQuery
WOT-0001958,WO-000772,2,Electrical,Board factor discuss morning gas,Open,30.29,,GCP-BigQuery
WOT-0001959,WO-000773,1,Electrical,Only series imagine,In Progress,23.31,,GCP-BigQuery
WOT-0001960,WO-000774,1,I&C,Spring citizen democratic own,Completed,6.09,,GCP-BigQuery
WOT-0001961,WO-000774,2,Structural,Available later friend industry,In Progress,36.44,,GCP-BigQuery
WOT-0001962,WO-000774,3,Structural,Effort already second room,Open,35.93,,GCP-BigQuery
WOT-0001963,WO-000775,1,Structural,Mind imagine section stop,Completed,21.14,29.81,GCP-BigQuery
WOT-0001964,WO-000776,1,Electrical,Again society down very investment whom season mind,Open,9.2,,GCP-BigQuery
WOT-0001965,WO-000776,2,I&C,Bring can sister adult,Open,28.1,,GCP-BigQuery
WOT-0001966,WO-000777,1,Piping,Want themselves area,Completed,12.19,14.98,GCP-BigQuery
WOT-0001967,WO-000777,2,Electrical,Guess huge parent stand several,Completed,35.18,30.61,GCP-BigQuery
WOT-0001968,WO-000777,3,Piping,Child lay fly seat beyond compare,Completed,3.87,2.85,GCP-BigQuery
WOT-0001969,WO-000778,1,Mechanical,Effect future appear involve nearly,Completed,24.03,23.52,GCP-BigQuery
WOT-0001970,WO-000778,2,I&C,Occur magazine suggest interesting no total,Completed,11.24,16.39,GCP-BigQuery
WOT-0001971,WO-000778,3,Electrical,Decision modern enough see American drug to above,Completed,6.52,6.15,GCP-BigQuery
WOT-0001972,WO-000779,1,I&C,World sister garden down television tree say,Completed,2.02,2.9,GCP-BigQuery
WOT-0001973,WO-000780,1,Mechanical,Carry animal do hear rich apply project,Completed,27.93,33.61,GCP-BigQuery
WOT-0001974,WO-000780,2,Piping,Reality adult state medical year oil ask,Completed,32.74,43.08,GCP-BigQuery
WOT-0001975,WO-000781,1,I&C,Experience consider administration yet yeah,In Progress,18.01,,GCP-BigQuery
WOT-0001976,WO-000781,2,Mechanical,Southern idea our of wall inside person space,In Progress,28.66,,GCP-BigQuery
WOT-0001977,WO-000781,3,I&C,Store politics service second put,Open,21.44,,GCP-BigQuery
WOT-0001978,WO-000782,1,Electrical,Bed mission certain situation often PM notice,Completed,15.62,11.05,GCP-BigQuery
WOT-0001979,WO-000782,2,Structural,Form bill again matter,Completed,17.86,20.57,GCP-BigQuery
WOT-0001980,WO-000782,3,Mechanical,Notice society task well three,Completed,28.75,33.06,GCP-BigQuery
WOT-0001981,WO-000782,4,I&C,Continue sister standard family,Completed,28.35,21.2,GCP-BigQuery
WOT-0001982,WO-000783,1,I&C,Simply involve nor whether,Completed,28.54,36.37,GCP-BigQuery
WOT-0001983,WO-000784,1,Structural,Imagine record wrong list,Completed,27.19,,GCP-BigQuery
WOT-0001984,WO-000784,2,I&C,Policy lead individual through politics community,Completed,30.1,,GCP-BigQuery
WOT-0001985,WO-000784,3,Piping,Finally wall right mind determine,Open,30.04,,GCP-BigQuery
WOT-0001986,WO-000784,4,Mechanical,Traditional practice together minute price night admit standard,In Progress,4.4,,GCP-BigQuery
WOT-0001987,WO-000785,1,I&C,Stock today whether thought brother,Completed,30.98,29.98,GCP-BigQuery
WOT-0001988,WO-000785,2,Structural,Total not its air,Completed,12.45,11.2,GCP-BigQuery
WOT-0001989,WO-000786,1,Mechanical,Image several name chair,Open,33.19,,GCP-BigQuery
WOT-0001990,WO-000786,2,Piping,Behavior nearly of general piece,In Progress,15.66,,GCP-BigQuery
WOT-0001991,WO-000786,3,Electrical,Address loss international public rate,Open,13.38,,GCP-BigQuery
WOT-0001992,WO-000786,4,Piping,Short southern finish front,In Progress,10.95,,GCP-BigQuery
WOT-0001993,WO-000787,1,Electrical,Edge court environment must,Completed,31.85,23.5,GCP-BigQuery
WOT-0001994,WO-000788,1,Electrical,Onto significant sure evening together,In Progress,3.43,,GCP-BigQuery
WOT-0001995,WO-000788,2,Structural,Strategy clearly sell,Open,32.03,,GCP-BigQuery
WOT-0001996,WO-000788,3,Structural,According system its,Completed,36.59,,GCP-BigQuery
WOT-0001997,WO-000788,4,Electrical,Traditional home your bring woman hit,Open,28.28,,GCP-BigQuery
WOT-0001998,WO-000789,1,Electrical,Avoid property sport friend wide,In Progress,35.75,,GCP-BigQuery
WOT-0001999,WO-000789,2,Piping,Answer at month,Completed,16.28,,GCP-BigQuery
WOT-0002000,WO-000790,1,Structural,Possible bag picture available scene approach imagine concern,Open,38.72,,GCP-BigQuery
WOT-0002001,WO-000790,2,Mechanical,Miss the we politics phone anyone happy point,Completed,11.25,,GCP-BigQuery
WOT-0002002,WO-000790,3,Electrical,Admit manager kind example class,Open,18.13,,GCP-BigQuery
WOT-0002003,WO-000791,1,I&C,Those rise several in candidate case affect,Completed,13.08,,GCP-BigQuery
WOT-0002004,WO-000791,2,Piping,Second man personal listen,Completed,10.48,,GCP-BigQuery
WOT-0002005,WO-000792,1,Structural,Type word not usually at sing,Open,24.94,,GCP-BigQuery
WOT-0002006,WO-000793,1,Electrical,However model move,Open,9.14,,GCP-BigQuery
WOT-0002007,WO-000793,2,Mechanical,Wife cup law become,In Progress,30.28,,GCP-BigQuery
WOT-0002008,WO-000794,1,Mechanical,West fire resource commercial,Completed,39.39,48.72,GCP-BigQuery
WOT-0002009,WO-000794,2,Piping,Trouble husband level until less daughter,Completed,34.08,49.9,GCP-BigQuery
WOT-0002010,WO-000795,1,Electrical,Question bad clear here,Completed,9.58,13.53,GCP-BigQuery
WOT-0002011,WO-000795,2,Mechanical,Seek draw message prove car,Completed,35.89,39.45,GCP-BigQuery
WOT-0002012,WO-000796,1,Mechanical,National with heavy couple language through nation,Open,13.6,,GCP-BigQuery
WOT-0002013,WO-000796,2,Piping,Enough any which ten follow,Completed,34.15,,GCP-BigQuery
WOT-0002014,WO-000796,3,Electrical,Ten family amount stage,In Progress,4.33,,GCP-BigQuery
WOT-0002015,WO-000797,1,Structural,Every yet door daughter economic big,Completed,30.1,35.11,GCP-BigQuery
WOT-0002016,WO-000797,2,I&C,Move until toward scientist matter message trip,Completed,39.52,35.41,GCP-BigQuery
WOT-0002017,WO-000797,3,I&C,Add claim begin man,Completed,23.77,27.08,GCP-BigQuery
WOT-0002018,WO-000798,1,I&C,Movie consumer pick end us information occur future,Completed,35.03,38.75,GCP-BigQuery
WOT-0002019,WO-000798,2,Piping,Six rather just serious term discuss state,Completed,6.67,8.43,GCP-BigQuery
WOT-0002020,WO-000798,3,Mechanical,Theory summer concern race five,Completed,7.02,7.66,GCP-BigQuery
WOT-0002021,WO-000799,1,I&C,Full occur last,Completed,23.75,30.16,GCP-BigQuery
WOT-0002022,WO-000800,1,Electrical,Manage reflect name,Completed,34.25,37.92,GCP-BigQuery
WOT-0002023,WO-000800,2,Electrical,Idea until budget long article team,Completed,39.02,40.35,GCP-BigQuery
WOT-0002024,WO-000800,3,Piping,Door if sister chair society half able,Completed,32.68,28.73,GCP-BigQuery
WOT-0002025,WO-000800,4,I&C,Century probably color difference glass purpose beat,Completed,24.06,21.04,GCP-BigQuery
WOT-0002026,WO-000801,1,Mechanical,Quickly process address friend writer view,Completed,10.96,9.37,GCP-BigQuery
WOT-0002027,WO-000801,2,Mechanical,If change authority prepare view,Completed,16.1,16.26,GCP-BigQuery
WOT-0002028,WO-000801,3,Structural,Word catch nothing why,Completed,34.12,39.05,GCP-BigQuery
WOT-0002029,WO-000802,1,Mechanical,Western newspaper move radio dog perhaps my situation,In Progress,9.17,,GCP-BigQuery
WOT-0002030,WO-000802,2,Structural,Well camera truth,Completed,24.96,,GCP-BigQuery
WOT-0002031,WO-000802,3,Structural,Sometimes week reality discover success item,Open,13.78,,GCP-BigQuery
WOT-0002032,WO-000803,1,I&C,Respond economy why possible fear paper suffer particular,Completed,31.34,,GCP-BigQuery
WOT-0002033,WO-000803,2,Structural,Picture positive exist later nation leader special,Completed,2.69,,GCP-BigQuery
WOT-0002034,WO-000803,3,Structural,Receive kid ground,Completed,16.88,,GCP-BigQuery
WOT-0002035,WO-000804,1,I&C,Dog name language local,In Progress,23.46,,GCP-BigQuery
WOT-0002036,WO-000804,2,Electrical,Shoulder prevent ago past ever sister white,In Progress,33.48,,GCP-BigQuery
WOT-0002037,WO-000805,1,Electrical,Rest professional left particular,Completed,20.71,26.79,GCP-BigQuery
WOT-0002038,WO-000805,2,I&C,His change perhaps trip media responsibility child,Completed,19.92,24.79,GCP-BigQuery
WOT-0002039,WO-000806,1,I&C,Floor officer management seek,Completed,27.05,33.53,GCP-BigQuery
WOT-0002040,WO-000806,2,I&C,Five modern human control personal down appear,Completed,28.96,32.8,GCP-BigQuery
WOT-0002041,WO-000806,3,Structural,Third professional test sense hope,Completed,9.34,11.62,GCP-BigQuery
WOT-0002042,WO-000806,4,Piping,Forward lead although pull collection tonight compare second,Completed,4.93,6.58,GCP-BigQuery
WOT-0002043,WO-000807,1,Mechanical,Environmental consumer model leave hour cell,In Progress,18.53,,GCP-BigQuery
WOT-0002044,WO-000808,1,Structural,Family point plant card mouth office especially hot,Completed,10.94,7.83,GCP-BigQuery
WOT-0002045,WO-000809,1,Mechanical,Term create whether type various,Open,11.29,,GCP-BigQuery
WOT-0002046,WO-000809,2,Piping,If end range trouble cost seven,Completed,31.48,,GCP-BigQuery
WOT-0002047,WO-000809,3,I&C,Concern war home why commercial watch develop,Completed,11.69,,GCP-BigQuery
WOT-0002048,WO-000810,1,I&C,Gas part rather bill team,Completed,2.57,3.06,GCP-BigQuery
WOT-0002049,WO-000810,2,Piping,Blood represent hard agent position million what,Completed,2.83,3.83,GCP-BigQuery
WOT-0002050,WO-000810,3,Mechanical,Food particular series significant expert energy account,Completed,31.01,37.47,GCP-BigQuery
WOT-0002051,WO-000811,1,Piping,Physical build push mention officer,Open,24.86,,GCP-BigQuery
WOT-0002052,WO-000811,2,I&C,Trial out close current,Completed,9.34,,GCP-BigQuery
WOT-0002053,WO-000812,1,Structural,Old especially also stuff decision film,Completed,23.9,27.59,GCP-BigQuery
WOT-0002054,WO-000812,2,I&C,Family blue still dark describe community,Completed,26.57,19.75,GCP-BigQuery
WOT-0002055,WO-000812,3,I&C,Though stage live suffer modern draw international surface,Completed,17.07,24.24,GCP-BigQuery
WOT-0002056,WO-000812,4,I&C,Administration per well,Completed,32.59,26.8,GCP-BigQuery
WOT-0002057,WO-000813,1,Structural,Recent poor board wear,In Progress,21.23,,GCP-BigQuery
WOT-0002058,WO-000813,2,Mechanical,Along government lead past,Open,9.98,,GCP-BigQuery
WOT-0002059,WO-000813,3,I&C,Receive model no painting,Completed,31.72,,GCP-BigQuery
WOT-0002060,WO-000813,4,I&C,Serious according guess dog,Open,26.59,,GCP-BigQuery
WOT-0002061,WO-000814,1,I&C,Money task give clear carry former speak,Open,2.88,,GCP-BigQuery
WOT-0002062,WO-000814,2,Mechanical,Indicate western tell on indeed senior,Open,21.69,,GCP-BigQuery
WOT-0002063,WO-000814,3,Electrical,Kind fear cold manage full front scientist,Completed,38.7,,GCP-BigQuery
WOT-0002064,WO-000814,4,I&C,Must fund open who someone,Completed,5.18,,GCP-BigQuery
WOT-0002065,WO-000815,1,Structural,Skin success explain maybe fight pass,Completed,29.56,25.13,GCP-BigQuery
WOT-0002066,WO-000816,1,I&C,Whose speech into forward,Open,18.1,,GCP-BigQuery
WOT-0002067,WO-000817,1,Piping,Usually according always choose,Completed,20.46,16.14,GCP-BigQuery
WOT-0002068,WO-000817,2,I&C,Head director positive discussion when,Completed,31.82,37.82,GCP-BigQuery
WOT-0002069,WO-000817,3,I&C,Poor stay yard break,Completed,2.15,2.58,GCP-BigQuery
WOT-0002070,WO-000817,4,Mechanical,Than attorney accept future almost daughter,Completed,12.75,11.96,GCP-BigQuery
WOT-0002071,WO-000818,1,Electrical,New consider beyond field surface modern,Open,39.86,,GCP-BigQuery
WOT-0002072,WO-000818,2,I&C,History people respond century white real,Completed,36.69,,GCP-BigQuery
WOT-0002073,WO-000819,1,I&C,Institution together small rest fall,In Progress,13.55,,GCP-BigQuery
WOT-0002074,WO-000819,2,Electrical,Change according hand middle school cold,Open,39.59,,GCP-BigQuery
WOT-0002075,WO-000819,3,Piping,Explain wear attorney despite spend remain,Completed,22.7,,GCP-BigQuery
WOT-0002076,WO-000819,4,Mechanical,Say couple as customer,Completed,34.22,,GCP-BigQuery
WOT-0002077,WO-000820,1,Structural,These population phone perhaps,Completed,3.78,4.09,GCP-BigQuery
