charge_id,project_id,wbs_id,cost_code_id,week_ending,reg_hours,ot_hours,amount,origin_system
LC-00000001,PRJ-001,WBS-00001,CC-00002,2026-07-31,8.0,0.0,262.32,OnPrem-SQLServer
LC-00000002,PRJ-001,WBS-00001,CC-00006,2026-07-03,8.0,0.0,279.92,OnPrem-SQLServer
LC-00000003,PRJ-001,WBS-00001,CC-00006,2026-07-31,8.0,1.09,854.72,OnPrem-SQLServer
LC-00000004,PRJ-001,WBS-00001,CC-00007,2026-05-22,8.0,1.01,647.21,OnPrem-SQLServer
LC-00000005,PRJ-001,WBS-00001,CC-00008,2026-05-01,8.0,0.0,469.28,OnPrem-SQLServer
LC-00000006,PRJ-001,WBS-00001,CC-00008,2026-06-19,8.0,1.95,969.16,OnPrem-SQLServer
LC-00000007,PRJ-001,WBS-00001,CC-00009,2026-05-29,8.0,3.48,433.48,OnPrem-SQLServer
LC-00000008,PRJ-001,WBS-00001,CC-00009,2026-07-17,8.0,2.11,937.53,OnPrem-SQLServer
LC-00000009,PRJ-001,WBS-00002,CC-00001,2026-05-15,8.0,3.56,782.52,OnPrem-SQLServer
LC-00000010,PRJ-001,WBS-00002,CC-00001,2026-06-26,8.0,1.2,666.6,OnPrem-SQLServer
LC-00000011,PRJ-001,WBS-00002,CC-00001,2026-07-03,8.0,3.12,862.49,OnPrem-SQLServer
LC-00000012,PRJ-001,WBS-00002,CC-00001,2026-07-10,8.0,2.38,422.3,OnPrem-SQLServer
LC-00000013,PRJ-001,WBS-00002,CC-00002,2026-06-05,8.0,3.43,1103.79,OnPrem-SQLServer
LC-00000014,PRJ-001,WBS-00002,CC-00004,2026-05-29,8.0,0.0,469.28,OnPrem-SQLServer
LC-00000015,PRJ-001,WBS-00002,CC-00004,2026-07-10,8.0,0.0,544.16,OnPrem-SQLServer
LC-00000016,PRJ-001,WBS-00002,CC-00005,2026-05-01,8.0,0.0,262.32,OnPrem-SQLServer
LC-00000017,PRJ-001,WBS-00002,CC-00005,2026-06-19,8.0,3.88,483.56,OnPrem-SQLServer
LC-00000018,PRJ-001,WBS-00002,CC-00006,2026-06-26,8.0,0.0,279.92,OnPrem-SQLServer
LC-00000019,PRJ-001,WBS-00002,CC-00006,2026-07-03,8.0,1.08,748.34,OnPrem-SQLServer
LC-00000020,PRJ-001,WBS-00002,CC-00006,2026-07-10,8.0,3.71,474.64,OnPrem-SQLServer
LC-00000021,PRJ-001,WBS-00002,CC-00006,2026-07-24,8.0,0.0,279.92,OnPrem-SQLServer
LC-00000022,PRJ-001,WBS-00002,CC-00007,2026-04-17,8.0,0.0,262.32,OnPrem-SQLServer
LC-00000023,PRJ-001,WBS-00002,CC-00007,2026-06-05,8.0,1.26,324.29,OnPrem-SQLServer
LC-00000024,PRJ-001,WBS-00002,CC-00007,2026-06-19,8.0,1.48,906.62,OnPrem-SQLServer
LC-00000025,PRJ-001,WBS-00002,CC-00008,2026-07-03,8.0,0.0,447.28,OnPrem-SQLServer
LC-00000026,PRJ-001,WBS-00002,CC-00009,2026-05-29,8.0,0.0,452.8,OnPrem-SQLServer
LC-00000027,PRJ-001,WBS-00002,CC-00009,2026-06-26,8.0,0.0,469.28,OnPrem-SQLServer
LC-00000028,PRJ-001,WBS-00003,CC-00001,2026-06-12,8.0,0.0,671.76,OnPrem-SQLServer
LC-00000029,PRJ-001,WBS-00003,CC-00001,2026-07-03,16.0,5.81,1441.03,OnPrem-SQLServer
LC-00000030,PRJ-001,WBS-00003,CC-00002,2026-07-17,8.0,2.78,1079.6,OnPrem-SQLServer
LC-00000031,PRJ-001,WBS-00003,CC-00003,2026-05-15,8.0,2.82,951.37,OnPrem-SQLServer
LC-00000032,PRJ-001,WBS-00003,CC-00003,2026-06-05,8.0,1.82,729.85,OnPrem-SQLServer
LC-00000033,PRJ-001,WBS-00003,CC-00004,2026-05-01,8.0,3.1,742.05,OnPrem-SQLServer
LC-00000034,PRJ-001,WBS-00003,CC-00004,2026-05-08,8.0,0.0,594.48,OnPrem-SQLServer
LC-00000035,PRJ-001,WBS-00003,CC-00004,2026-07-17,8.0,0.0,262.32,OnPrem-SQLServer
LC-00000036,PRJ-001,WBS-00003,CC-00005,2026-07-10,8.0,0.0,262.32,OnPrem-SQLServer
LC-00000037,PRJ-001,WBS-00003,CC-00007,2026-07-24,8.0,0.0,279.92,OnPrem-SQLServer
LC-00000038,PRJ-001,WBS-00003,CC-00008,2026-05-15,8.0,2.58,923.37,OnPrem-SQLServer
LC-00000039,PRJ-001,WBS-00003,CC-00008,2026-06-12,8.0,0.0,477.44,OnPrem-SQLServer
LC-00000040,PRJ-001,WBS-00003,CC-00008,2026-07-03,8.0,2.74,423.73,OnPrem-SQLServer
LC-00000041,PRJ-001,WBS-00003,CC-00009,2026-05-22,8.0,0.0,622.32,OnPrem-SQLServer
LC-00000042,PRJ-001,WBS-00003,CC-00009,2026-07-31,8.0,0.0,709.68,OnPrem-SQLServer
LC-00000043,PRJ-001,WBS-00004,CC-00003,2026-06-12,8.0,3.14,862.25,OnPrem-SQLServer
LC-00000044,PRJ-001,WBS-00004,CC-00003,2026-06-26,8.0,11.53,1483.8,OnPrem-SQLServer
LC-00000045,PRJ-001,WBS-00004,CC-00005,2026-05-15,8.0,3.92,1079.73,OnPrem-SQLServer
LC-00000046,PRJ-001,WBS-00004,CC-00005,2026-06-26,8.0,1.57,918.59,OnPrem-SQLServer
LC-00000047,PRJ-001,WBS-00004,CC-00007,2026-06-12,8.0,0.0,622.32,OnPrem-SQLServer
LC-00000048,PRJ-001,WBS-00005,CC-00002,2026-06-26,8.0,1.61,582.3,OnPrem-SQLServer
LC-00000049,PRJ-001,WBS-00005,CC-00002,2026-07-10,8.0,0.0,709.68,OnPrem-SQLServer
LC-00000050,PRJ-001,WBS-00005,CC-00003,2026-06-19,8.0,2.61,1056.98,OnPrem-SQLServer
LC-00000051,PRJ-001,WBS-00005,CC-00003,2026-07-31,8.0,3.88,1225.97,OnPrem-SQLServer
LC-00000052,PRJ-001,WBS-00005,CC-00004,2026-07-24,8.0,2.79,681.26,OnPrem-SQLServer
LC-00000053,PRJ-001,WBS-00005,CC-00005,2026-06-26,8.0,1.79,575.07,OnPrem-SQLServer
LC-00000054,PRJ-001,WBS-00005,CC-00006,2026-06-05,8.0,0.0,452.8,OnPrem-SQLServer
LC-00000055,PRJ-001,WBS-00005,CC-00008,2026-06-26,8.0,2.4,577.22,OnPrem-SQLServer
LC-00000056,PRJ-001,WBS-00005,CC-00009,2026-06-26,8.0,1.78,596.56,OnPrem-SQLServer
LC-00000057,PRJ-001,WBS-00006,CC-00002,2026-07-03,8.0,2.54,387.25,OnPrem-SQLServer
LC-00000058,PRJ-001,WBS-00006,CC-00002,2026-07-24,8.0,1.4,785.68,OnPrem-SQLServer
LC-00000059,PRJ-001,WBS-00006,CC-00003,2026-06-26,0.0,9.73,478.57,OnPrem-SQLServer
LC-00000060,PRJ-001,WBS-00006,CC-00004,2026-04-24,8.0,2.66,393.15,OnPrem-SQLServer
LC-00000061,PRJ-001,WBS-00006,CC-00004,2026-05-29,8.0,1.88,634.7,OnPrem-SQLServer
LC-00000062,PRJ-001,WBS-00006,CC-00004,2026-06-19,8.0,2.68,817.6,OnPrem-SQLServer
LC-00000063,PRJ-001,WBS-00006,CC-00005,2026-05-22,8.0,1.95,640.86,OnPrem-SQLServer
LC-00000064,PRJ-001,WBS-00006,CC-00005,2026-05-29,8.0,0.0,557.84,OnPrem-SQLServer
LC-00000065,PRJ-001,WBS-00006,CC-00007,2026-07-31,8.0,1.47,549.23,OnPrem-SQLServer
LC-00000066,PRJ-001,WBS-00006,CC-00008,2026-06-26,8.0,3.51,741.65,OnPrem-SQLServer
LC-00000067,PRJ-001,WBS-00006,CC-00008,2026-07-17,8.0,3.09,1120.85,OnPrem-SQLServer
LC-00000068,PRJ-001,WBS-00007,CC-00002,2026-07-24,8.0,1.16,817.87,OnPrem-SQLServer
LC-00000069,PRJ-001,WBS-00007,CC-00003,2026-06-19,8.0,2.93,667.1,OnPrem-SQLServer
LC-00000070,PRJ-001,WBS-00007,CC-00003,2026-06-26,8.0,0.0,262.32,OnPrem-SQLServer
LC-00000071,PRJ-001,WBS-00007,CC-00005,2026-06-05,8.0,0.0,262.32,OnPrem-SQLServer
LC-00000072,PRJ-001,WBS-00007,CC-00006,2026-06-26,8.0,0.0,612.8,OnPrem-SQLServer
LC-00000073,PRJ-001,WBS-00008,CC-00002,2026-07-10,8.0,1.08,336.6,OnPrem-SQLServer
LC-00000074,PRJ-001,WBS-00008,CC-00003,2026-06-12,8.0,1.89,635.58,OnPrem-SQLServer
LC-00000075,PRJ-001,WBS-00008,CC-00006,2026-07-03,8.0,1.36,890.65,OnPrem-SQLServer
LC-00000076,PRJ-001,WBS-00008,CC-00008,2026-06-19,8.0,2.79,828.82,OnPrem-SQLServer
LC-00000077,PRJ-001,WBS-00008,CC-00009,2026-05-01,8.0,1.87,633.82,OnPrem-SQLServer
LC-00000078,PRJ-001,WBS-00008,CC-00009,2026-06-19,8.0,1.18,485.96,OnPrem-SQLServer
LC-00000079,PRJ-001,WBS-00009,CC-00002,2026-06-12,8.0,0.0,542.72,OnPrem-SQLServer
LC-00000080,PRJ-001,WBS-00009,CC-00007,2026-07-17,8.0,1.18,552.98,OnPrem-SQLServer
LC-00000081,PRJ-001,WBS-00009,CC-00009,2026-05-08,8.0,0.0,594.48,OnPrem-SQLServer
LC-00000082,PRJ-001,WBS-00009,CC-00009,2026-07-31,8.0,0.0,544.16,OnPrem-SQLServer
LC-00000083,PRJ-001,WBS-00010,CC-00001,2026-07-17,8.0,2.94,727.97,OnPrem-SQLServer
LC-00000084,PRJ-001,WBS-00010,CC-00002,2026-06-05,8.0,3.47,898.2,OnPrem-SQLServer
LC-00000085,PRJ-001,WBS-00010,CC-00002,2026-07-24,0.0,9.28,946.84,OnPrem-SQLServer
LC-00000086,PRJ-001,WBS-00010,CC-00003,2026-07-10,8.0,0.0,430.56,OnPrem-SQLServer
LC-00000087,PRJ-001,WBS-00010,CC-00005,2026-06-26,8.0,1.45,575.9,OnPrem-SQLServer
LC-00000088,PRJ-001,WBS-00010,CC-00005,2026-07-17,8.0,1.82,607.32,OnPrem-SQLServer
LC-00000089,PRJ-001,WBS-00010,CC-00006,2026-07-10,8.0,1.55,555.69,OnPrem-SQLServer
LC-00000090,PRJ-001,WBS-00010,CC-00007,2026-05-22,8.0,1.15,550.44,OnPrem-SQLServer
LC-00000091,PRJ-001,WBS-00010,CC-00007,2026-06-26,8.0,2.74,1074.28,OnPrem-SQLServer
LC-00000092,PRJ-001,WBS-00010,CC-00009,2026-05-08,0.0,8.65,425.45,OnPrem-SQLServer
LC-00000093,PRJ-001,WBS-00011,CC-00002,2026-07-17,8.0,0.0,544.16,OnPrem-SQLServer
LC-00000094,PRJ-001,WBS-00011,CC-00002,2026-07-24,8.0,3.59,720.38,OnPrem-SQLServer
LC-00000095,PRJ-001,WBS-00011,CC-00003,2026-05-22,8.0,0.0,544.16,OnPrem-SQLServer
LC-00000096,PRJ-001,WBS-00011,CC-00004,2026-07-17,16.0,0.0,1215.92,OnPrem-SQLServer
LC-00000097,PRJ-001,WBS-00011,CC-00004,2026-07-24,8.0,0.0,262.32,OnPrem-SQLServer
LC-00000098,PRJ-001,WBS-00011,CC-00006,2026-07-24,8.0,0.0,430.56,OnPrem-SQLServer
LC-00000099,PRJ-001,WBS-00011,CC-00007,2026-06-19,8.0,0.0,469.28,OnPrem-SQLServer
LC-00000100,PRJ-001,WBS-00011,CC-00008,2026-05-22,8.0,0.0,622.32,OnPrem-SQLServer
LC-00000101,PRJ-001,WBS-00011,CC-00009,2026-06-19,8.0,1.54,604.78,OnPrem-SQLServer
LC-00000102,PRJ-001,WBS-00012,CC-00001,2026-05-22,8.0,0.0,622.32,OnPrem-SQLServer
LC-00000103,PRJ-001,WBS-00012,CC-00002,2026-07-31,8.0,0.0,447.28,OnPrem-SQLServer
LC-00000104,PRJ-001,WBS-00012,CC-00003,2026-06-05,8.0,1.47,694.14,OnPrem-SQLServer
LC-00000105,PRJ-001,WBS-00012,CC-00004,2026-05-22,8.0,1.26,580.15,OnPrem-SQLServer
LC-00000106,PRJ-001,WBS-00012,CC-00005,2026-06-26,8.0,1.65,712.51,OnPrem-SQLServer
LC-00000107,PRJ-001,WBS-00012,CC-00007,2026-06-12,8.0,1.59,704.52,OnPrem-SQLServer
LC-00000108,PRJ-001,WBS-00012,CC-00007,2026-07-03,8.0,0.0,671.76,OnPrem-SQLServer
LC-00000109,PRJ-001,WBS-00013,CC-00003,2026-05-29,0.0,9.08,798.95,OnPrem-SQLServer
LC-00000110,PRJ-001,WBS-00013,CC-00004,2026-07-31,8.0,3.14,864.53,OnPrem-SQLServer
LC-00000111,PRJ-001,WBS-00013,CC-00005,2026-07-03,0.0,6.88,701.97,OnPrem-SQLServer
LC-00000112,PRJ-001,WBS-00013,CC-00005,2026-07-24,8.0,0.0,622.32,OnPrem-SQLServer
LC-00000113,PRJ-001,WBS-00013,CC-00006,2026-06-19,0.0,6.08,544.28,OnPrem-SQLServer
LC-00000114,PRJ-001,WBS-00013,CC-00006,2026-07-10,0.0,8.69,886.64,OnPrem-SQLServer
LC-00000115,PRJ-001,WBS-00013,CC-00006,2026-07-24,0.0,6.77,574.77,OnPrem-SQLServer
LC-00000116,PRJ-001,WBS-00013,CC-00007,2026-07-03,8.0,2.15,627.59,OnPrem-SQLServer
LC-00000117,PRJ-001,WBS-00013,CC-00008,2026-06-12,8.0,0.0,709.68,OnPrem-SQLServer
LC-00000118,PRJ-001,WBS-00014,CC-00001,2026-06-19,8.0,0.0,262.32,OnPrem-SQLServer
LC-00000119,PRJ-001,WBS-00014,CC-00002,2026-06-26,8.0,0.0,262.32,OnPrem-SQLServer
LC-00000120,PRJ-001,WBS-00014,CC-00004,2026-06-12,8.0,0.0,262.32,OnPrem-SQLServer
LC-00000121,PRJ-001,WBS-00014,CC-00006,2026-07-10,8.0,2.66,393.15,OnPrem-SQLServer
LC-00000122,PRJ-001,WBS-00014,CC-00007,2026-05-15,8.0,2.05,649.66,OnPrem-SQLServer
LC-00000123,PRJ-001,WBS-00014,CC-00007,2026-07-03,8.0,1.96,918.63,OnPrem-SQLServer
LC-00000124,PRJ-001,WBS-00014,CC-00007,2026-07-10,8.0,2.87,687.97,OnPrem-SQLServer
LC-00000125,PRJ-001,WBS-00014,CC-00008,2026-04-24,8.0,3.44,431.52,OnPrem-SQLServer
LC-00000126,PRJ-001,WBS-00014,CC-00008,2026-06-26,8.0,2.75,424.25,OnPrem-SQLServer
LC-00000127,PRJ-001,WBS-00014,CC-00009,2026-05-15,0.0,6.5,724.52,OnPrem-SQLServer
LC-00000128,PRJ-001,WBS-00015,CC-00001,2026-07-03,8.0,0.0,279.92,OnPrem-SQLServer
LC-00000129,PRJ-001,WBS-00015,CC-00002,2026-07-31,8.0,2.94,667.91,OnPrem-SQLServer
LC-00000130,PRJ-001,WBS-00015,CC-00003,2026-07-24,8.0,0.0,430.56,OnPrem-SQLServer
LC-00000131,PRJ-001,WBS-00015,CC-00004,2026-07-03,8.0,3.82,805.4,OnPrem-SQLServer
LC-00000132,PRJ-001,WBS-00015,CC-00006,2026-06-05,0.0,9.2,962.27,OnPrem-SQLServer
LC-00000133,PRJ-001,WBS-00015,CC-00006,2026-06-26,8.0,3.25,640.66,OnPrem-SQLServer
LC-00000134,PRJ-001,WBS-00015,CC-00007,2026-05-22,8.0,0.0,262.32,OnPrem-SQLServer
LC-00000135,PRJ-001,WBS-00015,CC-00007,2026-06-19,16.0,0.0,942.08,OnPrem-SQLServer
LC-00000136,PRJ-001,WBS-00015,CC-00009,2026-07-10,0.0,6.6,831.3,OnPrem-SQLServer
LC-00000137,PRJ-001,WBS-00015,CC-00009,2026-07-24,8.0,3.46,773.73,OnPrem-SQLServer
LC-00000138,PRJ-001,WBS-00016,CC-00002,2026-06-19,8.0,3.57,437.91,OnPrem-SQLServer
LC-00000139,PRJ-001,WBS-00016,CC-00003,2026-04-24,8.0,1.01,312.0,OnPrem-SQLServer
LC-00000140,PRJ-001,WBS-00016,CC-00003,2026-07-17,8.0,0.0,262.32,OnPrem-SQLServer
LC-00000141,PRJ-001,WBS-00016,CC-00003,2026-07-24,8.0,0.0,671.76,OnPrem-SQLServer
LC-00000142,PRJ-001,WBS-00016,CC-00003,2026-07-31,8.0,0.0,709.68,OnPrem-SQLServer
LC-00000143,PRJ-001,WBS-00016,CC-00005,2026-07-17,0.0,8.14,427.23,OnPrem-SQLServer
LC-00000144,PRJ-001,WBS-00016,CC-00006,2026-07-31,8.0,0.0,447.28,OnPrem-SQLServer
LC-00000145,PRJ-001,WBS-00016,CC-00007,2026-07-03,8.0,0.0,544.16,OnPrem-SQLServer
LC-00000146,PRJ-001,WBS-00016,CC-00007,2026-07-10,8.0,3.15,746.45,OnPrem-SQLServer
LC-00000147,PRJ-001,WBS-00016,CC-00009,2026-05-22,8.0,0.0,544.16,OnPrem-SQLServer
LC-00000148,PRJ-001,WBS-00016,CC-00009,2026-06-05,8.0,0.0,671.76,OnPrem-SQLServer
LC-00000149,PRJ-001,WBS-00016,CC-00009,2026-06-26,8.0,0.0,612.8,OnPrem-SQLServer
LC-00000150,PRJ-001,WBS-00016,CC-00009,2026-07-17,8.0,0.83,628.84,OnPrem-SQLServer
LC-00000151,PRJ-001,WBS-00017,CC-00001,2026-05-08,8.0,0.0,262.32,OnPrem-SQLServer
LC-00000152,PRJ-001,WBS-00017,CC-00001,2026-06-26,8.0,1.67,616.22,OnPrem-SQLServer
LC-00000153,PRJ-001,WBS-00017,CC-00003,2026-06-12,8.0,0.0,477.44,OnPrem-SQLServer
LC-00000154,PRJ-001,WBS-00017,CC-00003,2026-07-24,8.0,0.0,671.76,OnPrem-SQLServer
LC-00000155,PRJ-001,WBS-00017,CC-00004,2026-05-08,8.0,1.19,727.12,OnPrem-SQLServer
LC-00000156,PRJ-001,WBS-00017,CC-00004,2026-06-12,8.0,1.31,584.55,OnPrem-SQLServer
LC-00000157,PRJ-001,WBS-00017,CC-00005,2026-07-10,8.0,0.0,282.64,OnPrem-SQLServer
LC-00000158,PRJ-001,WBS-00017,CC-00005,2026-07-31,8.0,2.46,629.16,OnPrem-SQLServer
LC-00000159,PRJ-001,WBS-00017,CC-00007,2026-05-01,8.0,2.28,374.46,OnPrem-SQLServer
LC-00000160,PRJ-001,WBS-00017,CC-00007,2026-05-15,8.0,1.67,344.46,OnPrem-SQLServer
LC-00000161,PRJ-001,WBS-00017,CC-00007,2026-07-03,8.0,0.0,262.32,OnPrem-SQLServer
LC-00000162,PRJ-001,WBS-00017,CC-00008,2026-06-12,8.0,2.44,979.09,OnPrem-SQLServer
LC-00000163,PRJ-001,WBS-00017,CC-00008,2026-06-19,8.0,1.61,364.42,OnPrem-SQLServer
LC-00000164,PRJ-001,WBS-00017,CC-00008,2026-07-17,16.0,3.54,1443.05,OnPrem-SQLServer
LC-00000165,PRJ-001,WBS-00017,CC-00008,2026-07-24,8.0,0.0,279.92,OnPrem-SQLServer
LC-00000166,PRJ-001,WBS-00017,CC-00009,2026-06-26,8.0,1.58,516.01,OnPrem-SQLServer
LC-00000167,PRJ-001,WBS-00017,CC-00009,2026-07-03,8.0,0.0,469.28,OnPrem-SQLServer
LC-00000168,PRJ-001,WBS-00018,CC-00002,2026-05-01,8.0,1.41,593.35,OnPrem-SQLServer
LC-00000169,PRJ-001,WBS-00018,CC-00002,2026-06-12,8.0,3.9,826.57,OnPrem-SQLServer
LC-00000170,PRJ-001,WBS-00018,CC-00003,2026-05-22,8.0,0.0,262.32,OnPrem-SQLServer
LC-00000171,PRJ-001,WBS-00018,CC-00003,2026-06-12,8.0,0.0,709.68,OnPrem-SQLServer
LC-00000172,PRJ-001,WBS-00018,CC-00003,2026-07-03,8.0,0.0,544.16,OnPrem-SQLServer
LC-00000173,PRJ-001,WBS-00018,CC-00007,2026-07-24,8.0,0.0,279.92,OnPrem-SQLServer
LC-00000174,PRJ-001,WBS-00018,CC-00008,2026-06-12,8.0,0.0,709.68,OnPrem-SQLServer
LC-00000175,PRJ-001,WBS-00019,CC-00001,2026-07-03,8.0,3.71,1139.05,OnPrem-SQLServer
LC-00000176,PRJ-001,WBS-00019,CC-00002,2026-06-26,8.0,2.56,694.53,OnPrem-SQLServer
LC-00000177,PRJ-001,WBS-00019,CC-00004,2026-06-26,8.0,0.0,622.32,OnPrem-SQLServer
LC-00000178,PRJ-001,WBS-00019,CC-00006,2026-06-26,8.0,3.52,1178.07,OnPrem-SQLServer
LC-00000179,PRJ-001,WBS-00019,CC-00007,2026-05-08,8.0,2.48,384.3,OnPrem-SQLServer
LC-00000180,PRJ-001,WBS-00019,CC-00007,2026-05-29,8.0,0.62,523.83,OnPrem-SQLServer
LC-00000181,PRJ-001,WBS-00019,CC-00007,2026-07-03,8.0,1.3,882.66,OnPrem-SQLServer
LC-00000182,PRJ-001,WBS-00019,CC-00008,2026-06-26,8.0,0.0,622.32,OnPrem-SQLServer
LC-00000183,PRJ-001,WBS-00019,CC-00008,2026-07-10,8.0,3.36,1156.78,OnPrem-SQLServer
LC-00000184,PRJ-001,WBS-00020,CC-00002,2026-06-19,8.0,3.94,777.71,OnPrem-SQLServer
LC-00000185,PRJ-001,WBS-00020,CC-00004,2026-07-03,8.0,2.51,690.13,OnPrem-SQLServer
LC-00000186,PRJ-001,WBS-00020,CC-00005,2026-05-29,8.0,2.54,668.45,OnPrem-SQLServer
LC-00000187,PRJ-001,WBS-00020,CC-00007,2026-07-10,8.0,2.44,627.54,OnPrem-SQLServer
LC-00000188,PRJ-001,WBS-00020,CC-00008,2026-05-29,8.0,0.0,262.32,OnPrem-SQLServer
LC-00000189,PRJ-001,WBS-00021,CC-00001,2026-05-08,8.0,3.42,770.21,OnPrem-SQLServer
LC-00000190,PRJ-001,WBS-00021,CC-00001,2026-07-24,8.0,0.0,262.32,OnPrem-SQLServer
LC-00000191,PRJ-001,WBS-00021,CC-00003,2026-05-08,8.0,2.97,925.53,OnPrem-SQLServer
LC-00000192,PRJ-001,WBS-00021,CC-00003,2026-05-22,8.0,0.0,262.32,OnPrem-SQLServer
LC-00000193,PRJ-001,WBS-00021,CC-00003,2026-06-19,8.0,3.15,720.24,OnPrem-SQLServer
LC-00000194,PRJ-001,WBS-00021,CC-00004,2026-05-22,8.0,3.76,772.02,OnPrem-SQLServer
LC-00000195,PRJ-001,WBS-00021,CC-00009,2026-05-15,8.0,1.57,607.42,OnPrem-SQLServer
LC-00000196,PRJ-001,WBS-00022,CC-00001,2026-06-12,8.0,0.0,709.68,OnPrem-SQLServer
LC-00000197,PRJ-001,WBS-00022,CC-00001,2026-07-24,8.0,1.75,594.04,OnPrem-SQLServer
LC-00000198,PRJ-001,WBS-00022,CC-00004,2026-06-12,8.0,0.0,262.32,OnPrem-SQLServer
LC-00000199,PRJ-001,WBS-00022,CC-00004,2026-06-19,8.0,0.0,430.56,OnPrem-SQLServer
LC-00000200,PRJ-001,WBS-00022,CC-00004,2026-06-26,16.0,2.4,668.2,OnPrem-SQLServer
LC-00000201,PRJ-001,WBS-00022,CC-00004,2026-07-17,0.0,8.36,852.97,OnPrem-SQLServer
LC-00000202,PRJ-001,WBS-00022,CC-00005,2026-05-08,8.0,0.0,469.28,OnPrem-SQLServer
LC-00000203,PRJ-001,WBS-00022,CC-00007,2026-05-01,8.0,1.78,349.87,OnPrem-SQLServer
LC-00000204,PRJ-001,WBS-00022,CC-00007,2026-05-29,8.0,0.0,452.8,OnPrem-SQLServer
LC-00000205,PRJ-001,WBS-00022,CC-00008,2026-06-05,8.0,1.07,543.64,OnPrem-SQLServer
LC-00000206,PRJ-001,WBS-00022,CC-00008,2026-06-12,8.0,2.47,982.87,OnPrem-SQLServer
LC-00000207,PRJ-001,WBS-00022,CC-00008,2026-06-26,8.0,3.78,680.22,OnPrem-SQLServer
LC-00000208,PRJ-001,WBS-00022,CC-00008,2026-07-10,8.0,3.38,1159.44,OnPrem-SQLServer
LC-00000209,PRJ-001,WBS-00022,CC-00009,2026-05-29,8.0,1.94,760.75,OnPrem-SQLServer
LC-00000210,PRJ-001,WBS-00022,CC-00009,2026-07-10,8.0,2.72,396.1,OnPrem-SQLServer
LC-00000211,PRJ-001,WBS-00023,CC-00001,2026-06-12,8.0,0.0,622.32,OnPrem-SQLServer
LC-00000212,PRJ-001,WBS-00023,CC-00003,2026-07-24,8.0,0.0,262.32,OnPrem-SQLServer
LC-00000213,PRJ-001,WBS-00023,CC-00006,2026-07-10,8.0,0.0,282.64,OnPrem-SQLServer
LC-00000214,PRJ-001,WBS-00023,CC-00006,2026-07-24,8.0,2.39,647.72,OnPrem-SQLServer
LC-00000215,PRJ-001,WBS-00023,CC-00007,2026-07-17,8.0,1.72,346.92,OnPrem-SQLServer
LC-00000216,PRJ-001,WBS-00023,CC-00008,2026-06-19,8.0,1.39,570.81,OnPrem-SQLServer
LC-00000217,PRJ-001,WBS-00023,CC-00008,2026-07-03,8.0,2.48,687.5,OnPrem-SQLServer
LC-00000218,PRJ-001,WBS-00023,CC-00008,2026-07-10,8.0,1.87,394.38,OnPrem-SQLServer
LC-00000219,PRJ-001,WBS-00024,CC-00001,2026-07-10,8.0,3.14,1000.53,OnPrem-SQLServer
LC-00000220,PRJ-001,WBS-00024,CC-00001,2026-07-24,0.0,9.52,468.24,OnPrem-SQLServer
LC-00000221,PRJ-001,WBS-00024,CC-00002,2026-06-19,8.0,2.37,654.01,OnPrem-SQLServer
LC-00000222,PRJ-001,WBS-00024,CC-00002,2026-07-10,8.0,1.89,538.93,OnPrem-SQLServer
LC-00000223,PRJ-001,WBS-00024,CC-00003,2026-05-15,8.0,0.0,469.28,OnPrem-SQLServer
LC-00000224,PRJ-001,WBS-00024,CC-00003,2026-06-19,8.0,2.04,386.99,OnPrem-SQLServer
LC-00000225,PRJ-001,WBS-00024,CC-00003,2026-07-17,8.0,0.0,452.8,OnPrem-SQLServer
LC-00000226,PRJ-001,WBS-00024,CC-00004,2026-07-03,8.0,0.0,262.32,OnPrem-SQLServer
LC-00000227,PRJ-001,WBS-00024,CC-00004,2026-07-31,8.0,2.74,1074.28,OnPrem-SQLServer
LC-00000228,PRJ-001,WBS-00024,CC-00004,2026-08-07,0.0,9.4,959.08,OnPrem-SQLServer
LC-00000229,PRJ-001,WBS-00024,CC-00005,2026-07-10,8.0,0.0,544.16,OnPrem-SQLServer
LC-00000230,PRJ-001,WBS-00024,CC-00005,2026-07-31,8.0,2.06,363.64,OnPrem-SQLServer
LC-00000231,PRJ-001,WBS-00024,CC-00008,2026-07-10,8.0,2.32,376.43,OnPrem-SQLServer
LC-00000232,PRJ-001,WBS-00024,CC-00008,2026-07-17,0.0,9.15,767.36,OnPrem-SQLServer
LC-00000233,PRJ-001,WBS-00025,CC-00003,2026-06-26,8.0,3.17,721.93,OnPrem-SQLServer
LC-00000234,PRJ-001,WBS-00025,CC-00003,2026-07-10,8.0,0.0,469.28,OnPrem-SQLServer
LC-00000235,PRJ-001,WBS-00025,CC-00003,2026-08-07,0.0,6.82,571.96,OnPrem-SQLServer
LC-00000236,PRJ-001,WBS-00025,CC-00005,2026-07-10,8.0,3.54,485.81,OnPrem-SQLServer
LC-00000237,PRJ-001,WBS-00025,CC-00005,2026-07-31,0.0,6.25,307.41,OnPrem-SQLServer
LC-00000238,PRJ-001,WBS-00025,CC-00006,2026-07-31,8.0,0.0,262.32,OnPrem-SQLServer
LC-00000239,PRJ-001,WBS-00025,CC-00008,2026-07-10,8.0,0.0,447.28,OnPrem-SQLServer
LC-00000240,PRJ-001,WBS-00025,CC-00009,2026-06-12,0.0,9.05,445.12,OnPrem-SQLServer
LC-00000241,PRJ-001,WBS-00025,CC-00009,2026-07-03,8.0,0.0,447.28,OnPrem-SQLServer
LC-00000242,PRJ-001,WBS-00026,CC-00003,2026-05-29,8.0,2.51,385.77,OnPrem-SQLServer
LC-00000243,PRJ-001,WBS-00026,CC-00003,2026-07-24,8.0,3.7,1137.79,OnPrem-SQLServer
LC-00000244,PRJ-001,WBS-00026,CC-00006,2026-06-26,8.0,3.61,750.03,OnPrem-SQLServer
LC-00000245,PRJ-001,WBS-00026,CC-00006,2026-07-10,8.0,0.0,397.92,OnPrem-SQLServer
LC-00000246,PRJ-001,WBS-00026,CC-00008,2026-05-29,8.0,1.09,315.93,OnPrem-SQLServer
LC-00000247,PRJ-001,WBS-00026,CC-00009,2026-07-10,8.0,3.95,788.15,OnPrem-SQLServer
LC-00000248,PRJ-001,WBS-00027,CC-00002,2026-07-24,8.0,1.56,868.25,OnPrem-SQLServer
LC-00000249,PRJ-001,WBS-00027,CC-00003,2026-06-19,8.0,1.22,529.05,OnPrem-SQLServer
LC-00000250,PRJ-001,WBS-00027,CC-00006,2026-07-03,8.0,3.06,703.91,OnPrem-SQLServer
LC-00000251,PRJ-001,WBS-00027,CC-00007,2026-05-08,8.0,3.58,784.28,OnPrem-SQLServer
LC-00000252,PRJ-001,WBS-00027,CC-00007,2026-06-19,8.0,0.0,262.32,OnPrem-SQLServer
LC-00000253,PRJ-001,WBS-00027,CC-00008,2026-07-17,8.0,0.0,447.28,OnPrem-SQLServer
LC-00000254,PRJ-001,WBS-00027,CC-00009,2026-05-08,8.0,1.97,359.21,OnPrem-SQLServer
LC-00000255,PRJ-001,WBS-00027,CC-00009,2026-06-26,8.0,0.0,452.8,OnPrem-SQLServer
LC-00000256,PRJ-001,WBS-00027,CC-00009,2026-07-10,8.0,3.09,1120.85,OnPrem-SQLServer
LC-00000257,PRJ-001,WBS-00028,CC-00003,2026-05-22,8.0,0.0,622.32,OnPrem-SQLServer
LC-00000258,PRJ-001,WBS-00028,CC-00003,2026-07-10,16.0,3.2,1198.13,OnPrem-SQLServer
LC-00000259,PRJ-001,WBS-00028,CC-00004,2026-07-24,8.0,3.64,789.56,OnPrem-SQLServer
LC-00000260,PRJ-001,WBS-00028,CC-00005,2026-06-19,8.0,0.0,544.16,OnPrem-SQLServer
LC-00000261,PRJ-001,WBS-00028,CC-00006,2026-07-10,8.0,2.59,808.42,OnPrem-SQLServer
LC-00000262,PRJ-001,WBS-00028,CC-00007,2026-06-05,8.0,2.08,933.75,OnPrem-SQLServer
LC-00000263,PRJ-001,WBS-00028,CC-00007,2026-06-26,8.0,2.89,431.6,OnPrem-SQLServer
LC-00000264,PRJ-001,WBS-00028,CC-00008,2026-06-05,8.0,3.62,440.37,OnPrem-SQLServer
LC-00000265,PRJ-001,WBS-00028,CC-00008,2026-06-26,8.0,2.13,656.7,OnPrem-SQLServer
LC-00000266,PRJ-001,WBS-00028,CC-00009,2026-05-22,8.0,1.99,747.2,OnPrem-SQLServer
LC-00000267,PRJ-001,WBS-00028,CC-00009,2026-06-12,8.0,0.0,262.32,OnPrem-SQLServer
LC-00000268,PRJ-001,WBS-00029,CC-00001,2026-05-15,8.0,0.0,262.32,OnPrem-SQLServer
LC-00000269,PRJ-001,WBS-00029,CC-00001,2026-07-17,0.0,8.68,460.0,OnPrem-SQLServer
LC-00000270,PRJ-001,WBS-00029,CC-00004,2026-06-19,8.0,0.0,452.8,OnPrem-SQLServer
LC-00000271,PRJ-001,WBS-00029,CC-00005,2026-06-26,8.0,0.0,447.28,OnPrem-SQLServer
LC-00000272,PRJ-001,WBS-00029,CC-00006,2026-07-31,0.0,8.92,1123.52,OnPrem-SQLServer
LC-00000273,PRJ-001,WBS-00029,CC-00007,2026-05-22,8.0,2.49,664.2,OnPrem-SQLServer
LC-00000274,PRJ-001,WBS-00029,CC-00007,2026-06-19,16.0,3.98,1692.08,OnPrem-SQLServer
LC-00000275,PRJ-001,WBS-00029,CC-00008,2026-07-03,8.0,2.14,762.5,OnPrem-SQLServer
LC-00000276,PRJ-001,WBS-00029,CC-00009,2026-07-03,8.0,2.43,381.84,OnPrem-SQLServer
LC-00000277,PRJ-001,WBS-00030,CC-00002,2026-06-26,8.0,0.0,452.8,OnPrem-SQLServer
LC-00000278,PRJ-001,WBS-00030,CC-00003,2026-06-12,8.0,3.45,772.85,OnPrem-SQLServer
LC-00000279,PRJ-001,WBS-00030,CC-00007,2026-06-26,8.0,1.35,779.84,OnPrem-SQLServer
LC-00000280,PRJ-001,WBS-00030,CC-00007,2026-07-03,8.0,0.92,832.1,OnPrem-SQLServer
LC-00000281,PRJ-001,WBS-00030,CC-00007,2026-07-10,8.0,0.5,489.21,OnPrem-SQLServer
LC-00000282,PRJ-001,WBS-00030,CC-00008,2026-05-01,8.0,0.0,262.32,OnPrem-SQLServer
LC-00000283,PRJ-001,WBS-00030,CC-00008,2026-06-12,8.0,0.8,816.13,OnPrem-SQLServer
LC-00000284,PRJ-001,WBS-00031,CC-00003,2026-07-03,0.0,8.17,659.56,OnPrem-SQLServer
LC-00000285,PRJ-001,WBS-00031,CC-00004,2026-06-05,8.0,1.58,870.77,OnPrem-SQLServer
LC-00000286,PRJ-001,WBS-00031,CC-00007,2026-04-24,8.0,0.0,262.32,OnPrem-SQLServer
LC-00000287,PRJ-001,WBS-00031,CC-00008,2026-05-29,8.0,1.96,641.74,OnPrem-SQLServer
LC-00000288,PRJ-001,WBS-00031,CC-00008,2026-07-10,8.0,0.0,279.92,OnPrem-SQLServer
LC-00000289,PRJ-001,WBS-00031,CC-00009,2026-05-15,8.0,2.87,957.21,OnPrem-SQLServer
LC-00000290,PRJ-001,WBS-00031,CC-00009,2026-07-24,8.0,1.27,581.03,OnPrem-SQLServer
LC-00000291,PRJ-001,WBS-00032,CC-00001,2026-07-03,0.0,9.49,498.08,OnPrem-SQLServer
LC-00000292,PRJ-001,WBS-00032,CC-00008,2026-07-10,8.0,0.0,447.28,OnPrem-SQLServer
LC-00000293,PRJ-001,WBS-00033,CC-00001,2026-06-26,8.0,3.42,653.35,OnPrem-SQLServer
LC-00000294,PRJ-001,WBS-00033,CC-00002,2026-07-17,8.0,1.63,583.98,OnPrem-SQLServer
LC-00000295,PRJ-001,WBS-00033,CC-00003,2026-07-24,8.0,2.51,657.78,OnPrem-SQLServer
LC-00000296,PRJ-001,WBS-00033,CC-00004,2026-06-12,8.0,2.3,683.34,OnPrem-SQLServer
LC-00000297,PRJ-001,WBS-00033,CC-00004,2026-07-03,0.0,6.44,739.96,OnPrem-SQLServer
LC-00000298,PRJ-001,WBS-00033,CC-00006,2026-07-17,8.0,1.02,539.4,OnPrem-SQLServer
LC-00000299,PRJ-001,WBS-00033,CC-00007,2026-04-17,8.0,2.98,408.89,OnPrem-SQLServer
LC-00000300,PRJ-001,WBS-00033,CC-00009,2026-06-19,0.0,6.61,832.56,OnPrem-SQLServer
LC-00000301,PRJ-001,WBS-00034,CC-00001,2026-06-19,8.0,1.07,336.08,OnPrem-SQLServer
LC-00000302,PRJ-001,WBS-00034,CC-00001,2026-07-10,8.0,3.52,751.65,OnPrem-SQLServer
LC-00000303,PRJ-001,WBS-00034,CC-00004,2026-06-19,8.0,1.52,699.25,OnPrem-SQLServer
LC-00000304,PRJ-001,WBS-00034,CC-00005,2026-05-08,8.0,3.31,760.53,OnPrem-SQLServer
LC-00000305,PRJ-001,WBS-00034,CC-00005,2026-06-12,8.0,0.0,542.72,OnPrem-SQLServer
LC-00000306,PRJ-001,WBS-00034,CC-00005,2026-06-26,8.0,0.92,307.57,OnPrem-SQLServer
LC-00000307,PRJ-001,WBS-00034,CC-00005,2026-07-10,8.0,1.31,326.75,OnPrem-SQLServer
LC-00000308,PRJ-001,WBS-00035,CC-00001,2026-07-10,8.0,1.42,503.87,OnPrem-SQLServer
LC-00000309,PRJ-001,WBS-00035,CC-00003,2026-07-10,8.0,2.9,724.45,OnPrem-SQLServer
LC-00000310,PRJ-001,WBS-00035,CC-00005,2026-05-08,8.0,3.47,981.26,OnPrem-SQLServer
LC-00000311,PRJ-001,WBS-00035,CC-00005,2026-06-26,8.0,0.0,544.16,OnPrem-SQLServer
LC-00000312,PRJ-001,WBS-00035,CC-00008,2026-04-24,8.0,1.44,333.15,OnPrem-SQLServer
LC-00000313,PRJ-001,WBS-00036,CC-00001,2026-06-12,8.0,1.21,585.76,OnPrem-SQLServer
LC-00000314,PRJ-001,WBS-00036,CC-00001,2026-06-19,8.0,0.0,262.32,OnPrem-SQLServer
LC-00000315,PRJ-001,WBS-00036,CC-00002,2026-06-26,8.0,0.0,430.56,OnPrem-SQLServer
LC-00000316,PRJ-001,WBS-00036,CC-00004,2026-07-10,8.0,3.54,465.72,OnPrem-SQLServer
LC-00000317,PRJ-001,WBS-00036,CC-00005,2026-05-08,8.0,3.79,802.76,OnPrem-SQLServer
LC-00000318,PRJ-001,WBS-00036,CC-00005,2026-07-10,8.0,2.92,433.18,OnPrem-SQLServer
LC-00000319,PRJ-001,WBS-00036,CC-00007,2026-05-01,8.0,0.0,469.28,OnPrem-SQLServer
LC-00000320,PRJ-001,WBS-00036,CC-00007,2026-05-22,8.0,3.71,767.78,OnPrem-SQLServer
LC-00000321,PRJ-001,WBS-00036,CC-00007,2026-06-26,8.0,3.95,1066.65,OnPrem-SQLServer
LC-00000322,PRJ-001,WBS-00036,CC-00008,2026-06-26,0.0,8.59,450.85,OnPrem-SQLServer
LC-00000323,PRJ-001,WBS-00036,CC-00008,2026-07-17,8.0,3.16,1069.78,OnPrem-SQLServer
LC-00000324,PRJ-001,WBS-00036,CC-00009,2026-05-29,8.0,0.0,557.84,OnPrem-SQLServer
LC-00000325,PRJ-001,WBS-00037,CC-00001,2026-05-15,8.0,3.81,1066.89,OnPrem-SQLServer
LC-00000326,PRJ-001,WBS-00037,CC-00002,2026-07-10,8.0,0.0,292.0,OnPrem-SQLServer
LC-00000327,PRJ-001,WBS-00037,CC-00003,2026-06-26,8.0,0.0,612.8,OnPrem-SQLServer
LC-00000328,PRJ-001,WBS-00037,CC-00003,2026-07-17,8.0,3.55,781.64,OnPrem-SQLServer
LC-00000329,PRJ-001,WBS-00037,CC-00005,2026-07-03,8.0,2.17,875.53,OnPrem-SQLServer
LC-00000330,PRJ-001,WBS-00037,CC-00006,2026-07-10,8.0,3.45,1168.75,OnPrem-SQLServer
LC-00000331,PRJ-001,WBS-00037,CC-00009,2026-05-15,8.0,0.0,262.32,OnPrem-SQLServer
LC-00000332,PRJ-001,WBS-00038,CC-00001,2026-05-22,8.0,1.88,612.41,OnPrem-SQLServer
LC-00000333,PRJ-001,WBS-00038,CC-00001,2026-06-12,8.0,2.08,629.39,OnPrem-SQLServer
LC-00000334,PRJ-001,WBS-00038,CC-00001,2026-07-03,0.0,8.49,1129.72,OnPrem-SQLServer
LC-00000335,PRJ-001,WBS-00038,CC-00001,2026-07-17,8.0,1.01,531.98,OnPrem-SQLServer
LC-00000336,PRJ-001,WBS-00038,CC-00003,2026-06-19,8.0,2.88,722.69,OnPrem-SQLServer
LC-00000337,PRJ-001,WBS-00038,CC-00003,2026-07-10,8.0,1.2,554.68,OnPrem-SQLServer
LC-00000338,PRJ-001,WBS-00038,CC-00005,2026-05-29,0.0,6.4,314.78,OnPrem-SQLServer
LC-00000339,PRJ-001,WBS-00038,CC-00006,2026-06-26,8.0,3.71,730.07,OnPrem-SQLServer
LC-00000340,PRJ-001,WBS-00038,CC-00007,2026-07-17,0.0,8.25,451.69,OnPrem-SQLServer
LC-00000341,PRJ-001,WBS-00038,CC-00008,2026-06-05,8.0,2.65,392.66,OnPrem-SQLServer
LC-00000342,PRJ-001,WBS-00038,CC-00008,2026-07-17,8.0,3.89,1161.72,OnPrem-SQLServer
LC-00000343,PRJ-001,WBS-00038,CC-00008,2026-07-31,8.0,1.31,536.32,OnPrem-SQLServer
LC-00000344,PRJ-001,WBS-00038,CC-00009,2026-05-08,8.0,0.0,262.32,OnPrem-SQLServer
LC-00000345,PRJ-001,WBS-00038,CC-00009,2026-06-05,8.0,3.53,1116.38,OnPrem-SQLServer
LC-00000346,PRJ-001,WBS-00038,CC-00009,2026-06-26,0.0,9.61,805.94,OnPrem-SQLServer
LC-00000347,PRJ-001,WBS-00038,CC-00009,2026-07-10,8.0,2.61,810.46,OnPrem-SQLServer
LC-00000348,PRJ-001,WBS-00039,CC-00002,2026-05-22,8.0,0.0,544.16,OnPrem-SQLServer
LC-00000349,PRJ-001,WBS-00039,CC-00002,2026-06-19,8.0,2.9,404.96,OnPrem-SQLServer
LC-00000350,PRJ-001,WBS-00039,CC-00002,2026-07-10,8.0,1.14,764.37,OnPrem-SQLServer
LC-00000351,PRJ-001,WBS-00039,CC-00002,2026-07-17,8.0,3.57,1121.42,OnPrem-SQLServer
LC-00000352,PRJ-001,WBS-00039,CC-00005,2026-06-12,8.0,0.0,469.28,OnPrem-SQLServer
LC-00000353,PRJ-001,WBS-00039,CC-00005,2026-07-10,8.0,0.0,452.8,OnPrem-SQLServer
LC-00000354,PRJ-001,WBS-00039,CC-00007,2026-06-19,8.0,0.0,397.92,OnPrem-SQLServer
LC-00000355,PRJ-001,WBS-00039,CC-00007,2026-07-31,8.0,0.0,262.32,OnPrem-SQLServer
LC-00000356,PRJ-001,WBS-00039,CC-00008,2026-07-31,8.0,0.0,447.28,OnPrem-SQLServer
LC-00000357,PRJ-001,WBS-00039,CC-00009,2026-06-26,8.0,0.0,622.32,OnPrem-SQLServer
LC-00000358,PRJ-001,WBS-00040,CC-00001,2026-07-03,8.0,1.97,383.32,OnPrem-SQLServer
LC-00000359,PRJ-001,WBS-00040,CC-00001,2026-07-24,8.0,1.91,845.19,OnPrem-SQLServer
LC-00000360,PRJ-001,WBS-00040,CC-00002,2026-06-26,0.0,9.73,1294.72,OnPrem-SQLServer
LC-00000361,PRJ-001,WBS-00040,CC-00002,2026-07-03,8.0,3.95,1235.29,OnPrem-SQLServer
LC-00000362,PRJ-001,WBS-00040,CC-00003,2026-06-19,8.0,1.99,591.21,OnPrem-SQLServer
LC-00000363,PRJ-001,WBS-00040,CC-00003,2026-06-26,16.0,3.71,1382.55,OnPrem-SQLServer
LC-00000364,PRJ-001,WBS-00040,CC-00004,2026-05-22,8.0,0.0,262.32,OnPrem-SQLServer
LC-00000365,PRJ-001,WBS-00040,CC-00004,2026-07-10,8.0,1.44,799.8,OnPrem-SQLServer
LC-00000366,PRJ-001,WBS-00040,CC-00005,2026-07-17,0.0,7.49,884.42,OnPrem-SQLServer
LC-00000367,PRJ-001,WBS-00040,CC-00007,2026-06-05,8.0,0.0,262.32,OnPrem-SQLServer
LC-00000368,PRJ-001,WBS-00040,CC-00007,2026-06-19,8.0,0.0,430.56,OnPrem-SQLServer
LC-00000369,PRJ-001,WBS-00040,CC-00008,2026-04-17,8.0,0.0,262.32,OnPrem-SQLServer
LC-00000370,PRJ-001,WBS-00040,CC-00008,2026-05-15,8.0,1.09,315.93,OnPrem-SQLServer
LC-00000371,PRJ-001,WBS-00040,CC-00008,2026-06-12,8.0,2.22,371.51,OnPrem-SQLServer
LC-00000372,PRJ-001,WBS-00040,CC-00008,2026-07-17,8.0,0.0,469.28,OnPrem-SQLServer
LC-00000373,PRJ-001,WBS-00041,CC-00001,2026-06-12,16.0,6.38,1726.13,OnPrem-SQLServer
LC-00000374,PRJ-001,WBS-00041,CC-00001,2026-06-19,8.0,0.0,447.28,OnPrem-SQLServer
LC-00000375,PRJ-001,WBS-00041,CC-00003,2026-07-10,8.0,0.0,397.92,OnPrem-SQLServer
LC-00000376,PRJ-001,WBS-00041,CC-00004,2026-07-24,16.0,2.44,1169.35,OnPrem-SQLServer
LC-00000377,PRJ-001,WBS-00041,CC-00005,2026-05-29,8.0,0.0,557.84,OnPrem-SQLServer
LC-00000378,PRJ-001,WBS-00041,CC-00006,2026-06-12,8.0,2.78,688.82,OnPrem-SQLServer
LC-00000379,PRJ-001,WBS-00041,CC-00006,2026-06-19,8.0,1.91,607.46,OnPrem-SQLServer
LC-00000380,PRJ-001,WBS-00041,CC-00006,2026-07-03,0.0,9.15,450.04,OnPrem-SQLServer
LC-00000381,PRJ-001,WBS-00041,CC-00008,2026-06-05,8.0,1.23,669.66,OnPrem-SQLServer
LC-00000382,PRJ-001,WBS-00041,CC-00008,2026-07-03,8.0,8.61,1323.94,OnPrem-SQLServer
LC-00000383,PRJ-001,WBS-00041,CC-00009,2026-06-12,8.0,2.85,402.5,OnPrem-SQLServer
LC-00000384,PRJ-001,WBS-00041,CC-00009,2026-06-19,8.0,0.5,513.27,OnPrem-SQLServer
LC-00000385,PRJ-001,WBS-00042,CC-00003,2026-06-19,8.0,2.63,594.14,OnPrem-SQLServer
LC-00000386,PRJ-001,WBS-00042,CC-00004,2026-06-19,8.0,1.74,622.38,OnPrem-SQLServer
LC-00000387,PRJ-001,WBS-00042,CC-00005,2026-05-22,8.0,0.0,469.28,OnPrem-SQLServer
LC-00000388,PRJ-001,WBS-00042,CC-00005,2026-06-12,8.0,2.23,769.64,OnPrem-SQLServer
LC-00000389,PRJ-001,WBS-00042,CC-00007,2026-05-29,8.0,2.62,675.24,OnPrem-SQLServer
LC-00000390,PRJ-001,WBS-00042,CC-00007,2026-07-10,16.0,2.44,1204.12,OnPrem-SQLServer
LC-00000391,PRJ-001,WBS-00042,CC-00007,2026-07-17,8.0,3.09,1120.85,OnPrem-SQLServer
LC-00000392,PRJ-001,WBS-00042,CC-00009,2026-05-22,0.0,7.74,681.04,OnPrem-SQLServer
LC-00000393,PRJ-001,WBS-00043,CC-00001,2026-06-05,8.0,3.8,931.87,OnPrem-SQLServer
LC-00000394,PRJ-001,WBS-00043,CC-00003,2026-07-03,8.0,3.01,1110.21,OnPrem-SQLServer
LC-00000395,PRJ-001,WBS-00043,CC-00003,2026-07-17,0.0,8.83,434.3,OnPrem-SQLServer
LC-00000396,PRJ-001,WBS-00043,CC-00004,2026-07-31,8.0,0.0,430.56,OnPrem-SQLServer
LC-00000397,PRJ-001,WBS-00043,CC-00005,2026-06-19,8.0,0.0,447.28,OnPrem-SQLServer
LC-00000398,PRJ-001,WBS-00043,CC-00007,2026-07-03,8.0,2.08,933.75,OnPrem-SQLServer
LC-00000399,PRJ-001,WBS-00043,CC-00007,2026-07-10,0.0,8.13,715.36,OnPrem-SQLServer
LC-00000400,PRJ-001,WBS-00043,CC-00009,2026-06-12,8.0,0.0,469.28,OnPrem-SQLServer
LC-00000401,PRJ-001,WBS-00043,CC-00009,2026-06-26,8.0,0.0,622.32,OnPrem-SQLServer
LC-00000402,PRJ-001,WBS-00043,CC-00009,2026-07-10,8.0,1.18,525.82,OnPrem-SQLServer
LC-00000403,PRJ-001,WBS-00044,CC-00001,2026-06-19,0.0,8.05,819.17,OnPrem-SQLServer
LC-00000404,PRJ-001,WBS-00044,CC-00001,2026-07-10,8.0,3.18,466.11,OnPrem-SQLServer
LC-00000405,PRJ-001,WBS-00044,CC-00001,2026-07-17,8.0,0.0,452.8,OnPrem-SQLServer
LC-00000406,PRJ-001,WBS-00044,CC-00002,2026-07-03,8.0,0.0,622.32,OnPrem-SQLServer
LC-00000407,PRJ-001,WBS-00044,CC-00002,2026-07-24,8.0,0.0,430.56,OnPrem-SQLServer
LC-00000408,PRJ-001,WBS-00044,CC-00003,2026-07-10,8.0,3.78,679.95,OnPrem-SQLServer
LC-00000409,PRJ-001,WBS-00044,CC-00004,2026-06-26,8.0,1.52,553.27,OnPrem-SQLServer
LC-00000410,PRJ-001,WBS-00044,CC-00004,2026-07-10,8.0,2.27,402.94,OnPrem-SQLServer
LC-00000411,PRJ-001,WBS-00044,CC-00005,2026-06-19,8.0,0.0,709.68,OnPrem-SQLServer
LC-00000412,PRJ-001,WBS-00044,CC-00008,2026-06-12,0.0,7.39,627.41,OnPrem-SQLServer
LC-00000413,PRJ-001,WBS-00044,CC-00009,2026-06-12,8.0,1.47,793.85,OnPrem-SQLServer
LC-00000414,PRJ-001,WBS-00045,CC-00001,2026-06-26,8.0,1.71,809.28,OnPrem-SQLServer
LC-00000415,PRJ-001,WBS-00045,CC-00002,2026-05-22,8.0,2.25,667.26,OnPrem-SQLServer
LC-00000416,PRJ-001,WBS-00045,CC-00006,2026-07-31,0.0,6.63,773.62,OnPrem-SQLServer
LC-00000417,PRJ-001,WBS-00045,CC-00007,2026-07-17,8.0,3.73,797.48,OnPrem-SQLServer
LC-00000418,PRJ-001,WBS-00045,CC-00009,2026-05-29,8.0,3.82,450.21,OnPrem-SQLServer
LC-00000419,PRJ-001,WBS-00046,CC-00001,2026-07-31,8.0,1.73,720.67,OnPrem-SQLServer
LC-00000420,PRJ-001,WBS-00046,CC-00002,2026-06-12,8.0,1.25,829.2,OnPrem-SQLServer
LC-00000421,PRJ-001,WBS-00046,CC-00002,2026-07-10,0.0,7.83,656.66,OnPrem-SQLServer
LC-00000422,PRJ-001,WBS-00046,CC-00003,2026-07-03,0.0,6.04,704.78,OnPrem-SQLServer
LC-00000423,PRJ-001,WBS-00046,CC-00003,2026-07-17,8.0,2.94,844.13,OnPrem-SQLServer
LC-00000424,PRJ-001,WBS-00046,CC-00006,2026-05-22,8.0,0.0,469.28,OnPrem-SQLServer
LC-00000425,PRJ-001,WBS-00046,CC-00008,2026-07-31,8.0,0.0,447.28,OnPrem-SQLServer
LC-00000426,PRJ-001,WBS-00046,CC-00009,2026-06-26,8.0,0.0,262.32,OnPrem-SQLServer
LC-00000427,PRJ-001,WBS-00046,CC-00009,2026-07-24,8.0,0.0,469.28,OnPrem-SQLServer
LC-00000428,PRJ-001,WBS-00047,CC-00002,2026-06-12,8.0,0.0,452.8,OnPrem-SQLServer
LC-00000429,PRJ-001,WBS-00047,CC-00002,2026-06-26,16.0,3.03,1266.88,OnPrem-SQLServer
LC-00000430,PRJ-001,WBS-00047,CC-00004,2026-05-08,8.0,0.0,262.32,OnPrem-SQLServer
LC-00000431,PRJ-001,WBS-00047,CC-00004,2026-06-05,8.0,0.0,452.8,OnPrem-SQLServer
LC-00000432,PRJ-001,WBS-00047,CC-00004,2026-07-17,8.0,3.53,435.94,OnPrem-SQLServer
LC-00000433,PRJ-001,WBS-00047,CC-00005,2026-07-03,8.0,2.52,916.37,OnPrem-SQLServer
LC-00000434,PRJ-001,WBS-00047,CC-00007,2026-04-17,8.0,0.0,262.32,OnPrem-SQLServer
LC-00000435,PRJ-001,WBS-00047,CC-00007,2026-05-22,8.0,0.0,262.32,OnPrem-SQLServer
LC-00000436,PRJ-001,WBS-00047,CC-00007,2026-05-29,8.0,3.84,807.16,OnPrem-SQLServer
LC-00000437,PRJ-001,WBS-00047,CC-00007,2026-07-31,8.0,0.0,544.16,OnPrem-SQLServer
LC-00000438,PRJ-001,WBS-00047,CC-00008,2026-07-10,8.0,0.0,282.64,OnPrem-SQLServer
LC-00000439,PRJ-001,WBS-00047,CC-00008,2026-07-24,0.0,8.72,1160.33,OnPrem-SQLServer
LC-00000440,PRJ-001,WBS-00047,CC-00009,2026-07-24,8.0,1.03,333.98,OnPrem-SQLServer
LC-00000441,PRJ-001,WBS-00048,CC-00002,2026-07-03,8.0,0.0,262.32,OnPrem-SQLServer
LC-00000442,PRJ-001,WBS-00048,CC-00004,2026-05-01,8.0,2.79,399.55,OnPrem-SQLServer
LC-00000443,PRJ-001,WBS-00048,CC-00004,2026-06-05,8.0,3.06,712.59,OnPrem-SQLServer
LC-00000444,PRJ-001,WBS-00048,CC-00005,2026-05-15,8.0,0.0,469.28,OnPrem-SQLServer
LC-00000445,PRJ-001,WBS-00048,CC-00005,2026-07-24,16.0,2.83,1165.57,OnPrem-SQLServer
LC-00000446,PRJ-001,WBS-00048,CC-00006,2026-05-15,8.0,1.09,315.93,OnPrem-SQLServer
LC-00000447,PRJ-001,WBS-00048,CC-00006,2026-07-31,8.0,0.0,262.32,OnPrem-SQLServer
LC-00000448,PRJ-001,WBS-00048,CC-00008,2026-06-12,8.0,1.54,865.73,OnPrem-SQLServer
LC-00000449,PRJ-001,WBS-00048,CC-00008,2026-07-03,8.0,1.61,810.18,OnPrem-SQLServer
LC-00000450,PRJ-001,WBS-00048,CC-00009,2026-06-12,8.0,0.0,622.32,OnPrem-SQLServer
LC-00000451,PRJ-001,WBS-00048,CC-00009,2026-06-19,8.0,2.06,551.62,OnPrem-SQLServer
LC-00000452,PRJ-001,WBS-00048,CC-00009,2026-06-26,8.0,2.97,670.33,OnPrem-SQLServer
LC-00000453,PRJ-001,WBS-00048,CC-00009,2026-07-17,8.0,0.0,709.68,OnPrem-SQLServer
LC-00000454,PRJ-001,WBS-00049,CC-00001,2026-07-10,16.0,3.33,982.03,OnPrem-SQLServer
LC-00000455,PRJ-001,WBS-00049,CC-00003,2026-06-12,8.0,0.0,452.8,OnPrem-SQLServer
LC-00000456,PRJ-001,WBS-00049,CC-00003,2026-06-19,8.0,2.56,661.97,OnPrem-SQLServer
LC-00000457,PRJ-001,WBS-00049,CC-00003,2026-07-10,0.0,6.72,330.52,OnPrem-SQLServer
LC-00000458,PRJ-001,WBS-00049,CC-00003,2026-07-17,8.0,1.18,546.24,OnPrem-SQLServer
LC-00000459,PRJ-001,WBS-00049,CC-00004,2026-06-05,8.0,0.0,452.8,OnPrem-SQLServer
LC-00000460,PRJ-001,WBS-00049,CC-00004,2026-07-17,8.0,0.0,544.16,OnPrem-SQLServer
LC-00000461,PRJ-001,WBS-00049,CC-00006,2026-06-26,8.0,0.65,610.48,OnPrem-SQLServer
LC-00000462,PRJ-001,WBS-00049,CC-00006,2026-07-24,8.0,0.0,622.32,OnPrem-SQLServer
LC-00000463,PRJ-001,WBS-00049,CC-00007,2026-05-22,8.0,3.82,1068.06,OnPrem-SQLServer
LC-00000464,PRJ-001,WBS-00049,CC-00007,2026-07-31,8.0,1.85,602.43,OnPrem-SQLServer
LC-00000465,PRJ-001,WBS-00049,CC-00008,2026-07-10,8.0,0.0,629.76,OnPrem-SQLServer
LC-00000466,PRJ-001,WBS-00049,CC-00008,2026-07-24,8.0,1.36,329.21,OnPrem-SQLServer
LC-00000467,PRJ-001,WBS-00049,CC-00009,2026-07-17,8.0,2.92,726.21,OnPrem-SQLServer
LC-00000468,PRJ-001,WBS-00050,CC-00002,2026-07-17,0.0,8.68,1155.0,OnPrem-SQLServer
LC-00000469,PRJ-001,WBS-00050,CC-00003,2026-06-19,8.0,0.0,279.92,OnPrem-SQLServer
LC-00000470,PRJ-001,WBS-00050,CC-00003,2026-07-03,8.0,1.18,546.24,OnPrem-SQLServer
LC-00000471,PRJ-001,WBS-00050,CC-00005,2026-07-24,8.0,0.0,430.56,OnPrem-SQLServer
LC-00000472,PRJ-001,WBS-00050,CC-00006,2026-07-10,8.0,2.62,699.81,OnPrem-SQLServer
LC-00000473,PRJ-001,WBS-00050,CC-00008,2026-06-26,8.0,0.0,709.68,OnPrem-SQLServer
LC-00000474,PRJ-001,WBS-00051,CC-00001,2026-07-31,8.0,0.0,544.16,OnPrem-SQLServer
LC-00000475,PRJ-001,WBS-00051,CC-00002,2026-04-17,8.0,0.0,262.32,OnPrem-SQLServer
LC-00000476,PRJ-001,WBS-00051,CC-00003,2026-05-29,8.0,3.13,718.54,OnPrem-SQLServer
LC-00000477,PRJ-001,WBS-00051,CC-00004,2026-07-10,8.0,0.0,629.76,OnPrem-SQLServer
LC-00000478,PRJ-001,WBS-00051,CC-00007,2026-07-17,8.0,2.87,687.97,OnPrem-SQLServer
LC-00000479,PRJ-001,WBS-00051,CC-00008,2026-05-29,8.0,0.88,649.88,OnPrem-SQLServer
LC-00000480,PRJ-001,WBS-00051,CC-00009,2026-07-03,8.0,1.17,572.23,OnPrem-SQLServer
LC-00000481,PRJ-002,WBS-00052,CC-00010,2026-06-26,8.0,0.96,607.37,OnPrem-SQLServer
LC-00000482,PRJ-002,WBS-00052,CC-00012,2026-07-31,8.0,1.53,602.46,OnPrem-SQLServer
LC-00000483,PRJ-002,WBS-00052,CC-00015,2026-07-31,8.0,0.0,671.76,OnPrem-SQLServer
LC-00000484,PRJ-002,WBS-00052,CC-00017,2026-05-22,8.0,0.0,260.56,OnPrem-SQLServer
LC-00000485,PRJ-002,WBS-00052,CC-00017,2026-06-19,8.0,0.0,477.44,OnPrem-SQLServer
LC-00000486,PRJ-002,WBS-00052,CC-00017,2026-07-03,8.0,0.0,514.72,OnPrem-SQLServer
LC-00000487,PRJ-002,WBS-00053,CC-00012,2026-06-12,8.0,0.0,514.72,OnPrem-SQLServer
LC-00000488,PRJ-002,WBS-00053,CC-00012,2026-06-26,8.0,0.0,557.84,OnPrem-SQLServer
LC-00000489,PRJ-002,WBS-00053,CC-00014,2026-05-22,8.0,0.0,292.4,OnPrem-SQLServer
LC-00000490,PRJ-002,WBS-00053,CC-00015,2026-05-01,8.0,0.0,468.16,OnPrem-SQLServer
LC-00000491,PRJ-002,WBS-00053,CC-00016,2026-06-05,8.0,0.0,477.44,OnPrem-SQLServer
LC-00000492,PRJ-002,WBS-00053,CC-00017,2026-07-24,8.0,0.0,557.84,OnPrem-SQLServer
LC-00000493,PRJ-002,WBS-00053,CC-00018,2026-07-10,8.0,0.0,557.84,OnPrem-SQLServer
LC-00000494,PRJ-002,WBS-00054,CC-00010,2026-05-22,8.0,0.0,477.44,OnPrem-SQLServer
LC-00000495,PRJ-002,WBS-00054,CC-00011,2026-05-29,8.0,0.0,468.16,OnPrem-SQLServer
LC-00000496,PRJ-002,WBS-00054,CC-00011,2026-07-03,8.0,0.0,514.72,OnPrem-SQLServer
LC-00000497,PRJ-002,WBS-00054,CC-00012,2026-06-05,8.0,0.0,260.56,OnPrem-SQLServer
LC-00000498,PRJ-002,WBS-00054,CC-00012,2026-06-19,8.0,0.0,557.84,OnPrem-SQLServer
LC-00000499,PRJ-002,WBS-00054,CC-00014,2026-06-12,8.0,0.0,468.16,OnPrem-SQLServer
LC-00000500,PRJ-002,WBS-00054,CC-00014,2026-07-24,8.0,0.0,470.88,OnPrem-SQLServer
LC-00000501,PRJ-002,WBS-00054,CC-00015,2026-07-03,8.0,0.0,468.16,OnPrem-SQLServer
LC-00000502,PRJ-002,WBS-00054,CC-00015,2026-07-10,8.0,0.0,260.56,OnPrem-SQLServer
LC-00000503,PRJ-002,WBS-00054,CC-00016,2026-07-03,8.0,0.0,453.12,OnPrem-SQLServer
LC-00000504,PRJ-002,WBS-00054,CC-00016,2026-07-24,8.0,0.0,477.44,OnPrem-SQLServer
LC-00000505,PRJ-002,WBS-00054,CC-00017,2026-04-24,8.0,0.52,416.7,OnPrem-SQLServer
LC-00000506,PRJ-002,WBS-00054,CC-00017,2026-05-22,8.0,0.0,470.88,OnPrem-SQLServer
LC-00000507,PRJ-002,WBS-00054,CC-00017,2026-06-19,8.0,1.84,642.16,OnPrem-SQLServer
LC-00000508,PRJ-002,WBS-00054,CC-00017,2026-07-31,8.0,0.0,468.16,OnPrem-SQLServer
LC-00000509,PRJ-002,WBS-00055,CC-00010,2026-05-29,8.0,0.0,468.16,OnPrem-SQLServer
LC-00000510,PRJ-002,WBS-00055,CC-00013,2026-06-05,8.0,0.0,477.44,OnPrem-SQLServer
LC-00000511,PRJ-002,WBS-00055,CC-00014,2026-06-05,8.0,0.0,514.72,OnPrem-SQLServer
LC-00000512,PRJ-002,WBS-00055,CC-00014,2026-06-26,8.0,0.0,477.44,OnPrem-SQLServer
LC-00000513,PRJ-002,WBS-00055,CC-00016,2026-07-03,8.0,0.0,477.44,OnPrem-SQLServer
LC-00000514,PRJ-002,WBS-00055,CC-00017,2026-07-31,8.0,0.0,477.44,OnPrem-SQLServer
LC-00000515,PRJ-002,WBS-00055,CC-00018,2026-06-19,8.0,0.0,477.44,OnPrem-SQLServer
LC-00000516,PRJ-002,WBS-00055,CC-00018,2026-07-31,8.0,0.0,671.76,OnPrem-SQLServer
LC-00000517,PRJ-002,WBS-00056,CC-00012,2026-05-01,8.0,0.0,702.72,OnPrem-SQLServer
LC-00000518,PRJ-002,WBS-00056,CC-00012,2026-07-03,8.0,0.0,453.12,OnPrem-SQLServer
LC-00000519,PRJ-002,WBS-00056,CC-00013,2026-05-29,8.0,0.0,514.72,OnPrem-SQLServer
LC-00000520,PRJ-002,WBS-00056,CC-00015,2026-06-19,8.0,0.0,470.88,OnPrem-SQLServer
LC-00000521,PRJ-002,WBS-00056,CC-00016,2026-05-15,8.0,0.0,453.12,OnPrem-SQLServer
LC-00000522,PRJ-002,WBS-00056,CC-00016,2026-06-26,8.0,0.0,453.12,OnPrem-SQLServer
LC-00000523,PRJ-002,WBS-00056,CC-00017,2026-06-12,8.0,0.0,557.84,OnPrem-SQLServer
LC-00000524,PRJ-002,WBS-00056,CC-00018,2026-07-03,8.0,1.67,595.0,OnPrem-SQLServer
LC-00000525,PRJ-002,WBS-00057,CC-00010,2026-07-10,8.0,0.0,557.84,OnPrem-SQLServer
LC-00000526,PRJ-002,WBS-00057,CC-00011,2026-05-22,8.0,0.0,453.12,OnPrem-SQLServer
LC-00000527,PRJ-002,WBS-00057,CC-00011,2026-07-10,8.0,0.0,260.56,OnPrem-SQLServer
LC-00000528,PRJ-002,WBS-00057,CC-00012,2026-06-05,8.0,0.0,514.72,OnPrem-SQLServer
LC-00000529,PRJ-002,WBS-00057,CC-00012,2026-06-19,8.0,1.42,604.56,OnPrem-SQLServer
LC-00000530,PRJ-002,WBS-00057,CC-00013,2026-06-12,8.0,0.0,514.72,OnPrem-SQLServer
LC-00000531,PRJ-002,WBS-00057,CC-00013,2026-06-26,8.0,0.0,557.84,OnPrem-SQLServer
LC-00000532,PRJ-002,WBS-00057,CC-00013,2026-07-10,8.0,0.0,453.12,OnPrem-SQLServer
LC-00000533,PRJ-002,WBS-00057,CC-00014,2026-05-15,8.0,0.0,260.56,OnPrem-SQLServer
LC-00000534,PRJ-002,WBS-00057,CC-00014,2026-06-26,8.0,1.41,650.8,OnPrem-SQLServer
LC-00000535,PRJ-002,WBS-00057,CC-00016,2026-04-24,8.0,0.0,477.44,OnPrem-SQLServer
LC-00000536,PRJ-002,WBS-00057,CC-00016,2026-05-01,8.0,0.0,477.44,OnPrem-SQLServer
LC-00000537,PRJ-002,WBS-00057,CC-00016,2026-07-03,8.0,1.02,310.39,OnPrem-SQLServer
LC-00000538,PRJ-002,WBS-00057,CC-00017,2026-05-15,8.0,0.0,514.72,OnPrem-SQLServer
LC-00000539,PRJ-002,WBS-00057,CC-00017,2026-05-29,8.0,0.0,514.72,OnPrem-SQLServer
LC-00000540,PRJ-002,WBS-00058,CC-00010,2026-07-17,8.0,0.0,477.44,OnPrem-SQLServer
LC-00000541,PRJ-002,WBS-00058,CC-00011,2026-06-19,8.0,0.0,470.88,OnPrem-SQLServer
LC-00000542,PRJ-002,WBS-00058,CC-00011,2026-07-10,8.0,0.0,453.12,OnPrem-SQLServer
LC-00000543,PRJ-002,WBS-00058,CC-00012,2026-05-29,8.0,0.0,260.56,OnPrem-SQLServer
LC-00000544,PRJ-002,WBS-00058,CC-00016,2026-07-31,8.0,0.0,604.08,OnPrem-SQLServer
LC-00000545,PRJ-002,WBS-00058,CC-00017,2026-07-31,8.0,0.0,702.72,OnPrem-SQLServer
LC-00000546,PRJ-002,WBS-00058,CC-00018,2026-05-22,16.0,0.0,1029.44,OnPrem-SQLServer
LC-00000547,PRJ-002,WBS-00058,CC-00018,2026-07-10,8.0,0.0,477.44,OnPrem-SQLServer
LC-00000548,PRJ-002,WBS-00059,CC-00014,2026-05-15,8.0,0.0,514.72,OnPrem-SQLServer
LC-00000549,PRJ-002,WBS-00059,CC-00014,2026-07-17,8.0,0.58,288.9,OnPrem-SQLServer
LC-00000550,PRJ-002,WBS-00059,CC-00015,2026-07-24,8.0,0.0,514.72,OnPrem-SQLServer
LC-00000551,PRJ-002,WBS-00059,CC-00016,2026-05-15,8.0,0.0,468.16,OnPrem-SQLServer
LC-00000552,PRJ-002,WBS-00059,CC-00016,2026-05-29,8.0,0.0,260.56,OnPrem-SQLServer
LC-00000553,PRJ-002,WBS-00059,CC-00016,2026-07-24,8.0,0.0,702.72,OnPrem-SQLServer
LC-00000554,PRJ-002,WBS-00059,CC-00017,2026-07-10,8.0,0.0,590.88,OnPrem-SQLServer
LC-00000555,PRJ-002,WBS-00060,CC-00010,2026-05-08,8.0,0.0,702.72,OnPrem-SQLServer
LC-00000556,PRJ-002,WBS-00060,CC-00010,2026-07-10,8.0,0.95,562.48,OnPrem-SQLServer
LC-00000557,PRJ-002,WBS-00060,CC-00012,2026-07-10,8.0,0.0,453.12,OnPrem-SQLServer
LC-00000558,PRJ-002,WBS-00060,CC-00013,2026-05-01,8.0,0.0,702.72,OnPrem-SQLServer
LC-00000559,PRJ-002,WBS-00060,CC-00013,2026-06-12,8.0,0.0,453.12,OnPrem-SQLServer
LC-00000560,PRJ-002,WBS-00060,CC-00014,2026-05-22,8.0,0.0,477.44,OnPrem-SQLServer
LC-00000561,PRJ-002,WBS-00060,CC-00016,2026-05-15,8.0,0.0,468.16,OnPrem-SQLServer
LC-00000562,PRJ-002,WBS-00060,CC-00017,2026-06-05,8.0,0.0,453.12,OnPrem-SQLServer
LC-00000563,PRJ-002,WBS-00060,CC-00018,2026-07-24,8.0,0.0,282.64,OnPrem-SQLServer
LC-00000564,PRJ-002,WBS-00061,CC-00010,2026-06-05,8.0,0.0,453.12,OnPrem-SQLServer
LC-00000565,PRJ-002,WBS-00061,CC-00010,2026-07-24,8.0,0.0,260.56,OnPrem-SQLServer
LC-00000566,PRJ-002,WBS-00061,CC-00011,2026-05-15,8.0,0.0,468.16,OnPrem-SQLServer
LC-00000567,PRJ-002,WBS-00061,CC-00012,2026-06-12,8.0,0.0,453.12,OnPrem-SQLServer
LC-00000568,PRJ-002,WBS-00061,CC-00012,2026-07-24,8.0,1.25,321.63,OnPrem-SQLServer
LC-00000569,PRJ-002,WBS-00061,CC-00013,2026-05-29,8.0,0.0,398.24,OnPrem-SQLServer
LC-00000570,PRJ-002,WBS-00061,CC-00013,2026-07-03,8.0,0.0,436.16,OnPrem-SQLServer
LC-00000571,PRJ-002,WBS-00061,CC-00014,2026-07-17,8.0,0.0,260.56,OnPrem-SQLServer
LC-00000572,PRJ-002,WBS-00061,CC-00015,2026-05-01,8.0,0.0,468.16,OnPrem-SQLServer
LC-00000573,PRJ-002,WBS-00061,CC-00015,2026-06-12,8.0,0.0,557.84,OnPrem-SQLServer
LC-00000574,PRJ-002,WBS-00061,CC-00015,2026-07-10,8.0,0.0,260.56,OnPrem-SQLServer
LC-00000575,PRJ-002,WBS-00061,CC-00016,2026-07-24,8.0,0.0,557.84,OnPrem-SQLServer
LC-00000576,PRJ-002,WBS-00061,CC-00016,2026-07-31,8.0,0.0,671.76,OnPrem-SQLServer
LC-00000577,PRJ-002,WBS-00061,CC-00017,2026-05-22,8.0,0.0,453.12,OnPrem-SQLServer
LC-00000578,PRJ-002,WBS-00061,CC-00017,2026-06-12,8.0,0.0,260.56,OnPrem-SQLServer
LC-00000579,PRJ-002,WBS-00062,CC-00010,2026-05-15,8.0,0.0,702.72,OnPrem-SQLServer
LC-00000580,PRJ-002,WBS-00062,CC-00013,2026-07-03,8.0,0.0,468.16,OnPrem-SQLServer
LC-00000581,PRJ-002,WBS-00062,CC-00014,2026-06-19,8.0,0.0,477.44,OnPrem-SQLServer
LC-00000582,PRJ-002,WBS-00062,CC-00016,2026-05-08,8.0,0.0,702.72,OnPrem-SQLServer
LC-00000583,PRJ-002,WBS-00062,CC-00016,2026-05-22,8.0,0.0,292.4,OnPrem-SQLServer
LC-00000584,PRJ-002,WBS-00062,CC-00016,2026-07-31,8.0,0.0,702.72,OnPrem-SQLServer
LC-00000585,PRJ-002,WBS-00062,CC-00018,2026-05-15,8.0,0.0,514.72,OnPrem-SQLServer
LC-00000586,PRJ-002,WBS-00062,CC-00018,2026-07-17,8.0,1.88,633.19,OnPrem-SQLServer
LC-00000587,PRJ-002,WBS-00062,CC-00018,2026-07-24,8.0,0.0,282.64,OnPrem-SQLServer
LC-00000588,PRJ-002,WBS-00063,CC-00010,2026-05-01,8.0,0.0,468.16,OnPrem-SQLServer
LC-00000589,PRJ-002,WBS-00063,CC-00012,2026-05-22,8.0,0.0,514.72,OnPrem-SQLServer
LC-00000590,PRJ-002,WBS-00063,CC-00012,2026-07-03,8.0,0.0,468.16,OnPrem-SQLServer
LC-00000591,PRJ-002,WBS-00063,CC-00012,2026-07-31,8.0,0.0,514.72,OnPrem-SQLServer
LC-00000592,PRJ-002,WBS-00063,CC-00014,2026-05-22,8.0,0.0,453.12,OnPrem-SQLServer
LC-00000593,PRJ-002,WBS-00063,CC-00014,2026-05-29,8.0,0.0,514.72,OnPrem-SQLServer
LC-00000594,PRJ-002,WBS-00063,CC-00015,2026-07-31,8.0,1.14,568.23,OnPrem-SQLServer
LC-00000595,PRJ-002,WBS-00063,CC-00017,2026-05-08,8.0,0.0,468.16,OnPrem-SQLServer
LC-00000596,PRJ-002,WBS-00063,CC-00017,2026-06-26,8.0,0.0,477.44,OnPrem-SQLServer
LC-00000597,PRJ-002,WBS-00063,CC-00017,2026-07-24,8.0,0.0,514.72,OnPrem-SQLServer
LC-00000598,PRJ-002,WBS-00064,CC-00010,2026-05-22,8.0,0.0,292.4,OnPrem-SQLServer
LC-00000599,PRJ-002,WBS-00064,CC-00010,2026-07-31,8.0,1.39,846.84,OnPrem-SQLServer
LC-00000600,PRJ-002,WBS-00064,CC-00011,2026-05-15,8.0,1.16,626.67,OnPrem-SQLServer
LC-00000601,PRJ-002,WBS-00064,CC-00012,2026-05-01,8.0,0.0,702.72,OnPrem-SQLServer
LC-00000602,PRJ-002,WBS-00064,CC-00012,2026-06-05,8.0,1.67,342.15,OnPrem-SQLServer
LC-00000603,PRJ-002,WBS-00064,CC-00012,2026-07-17,8.0,0.0,468.16,OnPrem-SQLServer
LC-00000604,PRJ-002,WBS-00064,CC-00012,2026-07-24,8.0,0.0,282.64,OnPrem-SQLServer
LC-00000605,PRJ-002,WBS-00064,CC-00013,2026-05-15,8.0,0.8,808.13,OnPrem-SQLServer
LC-00000606,PRJ-002,WBS-00064,CC-00013,2026-07-17,8.0,0.0,260.56,OnPrem-SQLServer
LC-00000607,PRJ-002,WBS-00064,CC-00014,2026-05-22,16.0,0.0,939.04,OnPrem-SQLServer
LC-00000608,PRJ-002,WBS-00064,CC-00015,2026-06-12,8.0,1.91,954.38,OnPrem-SQLServer
LC-00000609,PRJ-002,WBS-00064,CC-00016,2026-07-17,8.0,1.95,639.33,OnPrem-SQLServer
LC-00000610,PRJ-002,WBS-00064,CC-00017,2026-05-29,8.0,0.0,260.56,OnPrem-SQLServer
LC-00000611,PRJ-002,WBS-00065,CC-00010,2026-07-10,8.0,0.61,658.46,OnPrem-SQLServer
LC-00000612,PRJ-002,WBS-00065,CC-00011,2026-07-10,8.0,1.01,567.86,OnPrem-SQLServer
LC-00000613,PRJ-002,WBS-00065,CC-00012,2026-05-01,8.0,0.0,468.16,OnPrem-SQLServer
LC-00000614,PRJ-002,WBS-00065,CC-00012,2026-05-08,8.0,0.0,702.72,OnPrem-SQLServer
LC-00000615,PRJ-002,WBS-00065,CC-00012,2026-06-05,8.0,0.0,557.84,OnPrem-SQLServer
LC-00000616,PRJ-002,WBS-00065,CC-00012,2026-07-03,8.0,0.0,477.44,OnPrem-SQLServer
LC-00000617,PRJ-002,WBS-00065,CC-00013,2026-07-10,8.0,0.0,453.12,OnPrem-SQLServer
LC-00000618,PRJ-002,WBS-00065,CC-00014,2026-05-15,8.0,0.0,260.56,OnPrem-SQLServer
LC-00000619,PRJ-002,WBS-00065,CC-00015,2026-06-26,16.0,0.0,1405.44,OnPrem-SQLServer
LC-00000620,PRJ-002,WBS-00065,CC-00015,2026-07-10,8.0,0.0,514.72,OnPrem-SQLServer
LC-00000621,PRJ-002,WBS-00066,CC-00010,2026-04-24,8.0,0.0,379.68,OnPrem-SQLServer
LC-00000622,PRJ-002,WBS-00066,CC-00012,2026-06-05,8.0,0.0,260.56,OnPrem-SQLServer
LC-00000623,PRJ-002,WBS-00066,CC-00014,2026-06-12,8.0,0.0,260.56,OnPrem-SQLServer
LC-00000624,PRJ-002,WBS-00066,CC-00014,2026-07-31,8.0,0.0,702.72,OnPrem-SQLServer
LC-00000625,PRJ-002,WBS-00066,CC-00015,2026-07-03,8.0,0.0,436.16,OnPrem-SQLServer
LC-00000626,PRJ-002,WBS-00066,CC-00016,2026-07-31,8.0,0.0,514.72,OnPrem-SQLServer
LC-00000627,PRJ-002,WBS-00066,CC-00018,2026-07-17,8.0,0.0,477.44,OnPrem-SQLServer
LC-00000628,PRJ-002,WBS-00067,CC-00010,2026-05-15,8.0,0.0,514.72,OnPrem-SQLServer
LC-00000629,PRJ-002,WBS-00067,CC-00010,2026-06-12,8.0,0.0,702.72,OnPrem-SQLServer
LC-00000630,PRJ-002,WBS-00067,CC-00013,2026-06-26,8.0,0.0,702.72,OnPrem-SQLServer
LC-00000631,PRJ-002,WBS-00067,CC-00013,2026-07-03,8.0,0.0,436.16,OnPrem-SQLServer
LC-00000632,PRJ-002,WBS-00067,CC-00018,2026-04-17,8.0,0.0,477.44,OnPrem-SQLServer
LC-00000633,PRJ-002,WBS-00067,CC-00018,2026-07-10,8.0,0.0,557.84,OnPrem-SQLServer
LC-00000634,PRJ-002,WBS-00067,CC-00018,2026-07-31,8.0,0.0,514.72,OnPrem-SQLServer
LC-00000635,PRJ-002,WBS-00068,CC-00010,2026-05-29,8.0,0.0,260.56,OnPrem-SQLServer
LC-00000636,PRJ-002,WBS-00068,CC-00010,2026-07-24,8.0,0.0,557.84,OnPrem-SQLServer
LC-00000637,PRJ-002,WBS-00068,CC-00012,2026-07-24,8.0,0.0,282.64,OnPrem-SQLServer
LC-00000638,PRJ-002,WBS-00068,CC-00013,2026-06-26,8.0,1.95,618.79,OnPrem-SQLServer
LC-00000639,PRJ-002,WBS-00068,CC-00014,2026-07-10,8.0,0.0,514.72,OnPrem-SQLServer
LC-00000640,PRJ-002,WBS-00068,CC-00015,2026-05-29,8.0,0.0,702.72,OnPrem-SQLServer
LC-00000641,PRJ-002,WBS-00068,CC-00015,2026-07-03,8.0,0.0,453.12,OnPrem-SQLServer
LC-00000642,PRJ-002,WBS-00068,CC-00015,2026-07-10,8.0,0.0,514.72,OnPrem-SQLServer
LC-00000643,PRJ-002,WBS-00068,CC-00016,2026-05-15,8.0,0.0,468.16,OnPrem-SQLServer
LC-00000644,PRJ-002,WBS-00068,CC-00018,2026-05-22,16.0,0.0,1173.6,OnPrem-SQLServer
LC-00000645,PRJ-002,WBS-00069,CC-00010,2026-07-31,8.0,0.0,604.08,OnPrem-SQLServer
LC-00000646,PRJ-002,WBS-00069,CC-00011,2026-06-19,8.0,0.0,557.84,OnPrem-SQLServer
LC-00000647,PRJ-002,WBS-00069,CC-00012,2026-05-15,8.0,0.0,260.56,OnPrem-SQLServer
LC-00000648,PRJ-002,WBS-00069,CC-00013,2026-07-17,8.0,1.09,575.02,OnPrem-SQLServer
LC-00000649,PRJ-002,WBS-00069,CC-00014,2026-05-29,8.0,0.0,453.12,OnPrem-SQLServer
LC-00000650,PRJ-002,WBS-00069,CC-00014,2026-07-31,8.0,0.0,514.72,OnPrem-SQLServer
LC-00000651,PRJ-002,WBS-00069,CC-00016,2026-05-29,8.0,0.0,453.12,OnPrem-SQLServer
LC-00000652,PRJ-002,WBS-00069,CC-00016,2026-07-24,16.0,0.0,1072.56,OnPrem-SQLServer
LC-00000653,PRJ-002,WBS-00069,CC-00017,2026-07-03,8.0,0.0,436.16,OnPrem-SQLServer
LC-00000654,PRJ-002,WBS-00069,CC-00018,2026-07-10,8.0,0.66,789.68,OnPrem-SQLServer
LC-00000655,PRJ-002,WBS-00070,CC-00011,2026-07-03,8.0,0.0,260.56,OnPrem-SQLServer
LC-00000656,PRJ-002,WBS-00070,CC-00012,2026-05-01,8.0,0.0,477.44,OnPrem-SQLServer
LC-00000657,PRJ-002,WBS-00070,CC-00012,2026-07-24,16.0,0.0,1173.6,OnPrem-SQLServer
LC-00000658,PRJ-002,WBS-00070,CC-00015,2026-07-24,16.0,0.0,954.88,OnPrem-SQLServer
LC-00000659,PRJ-002,WBS-00070,CC-00016,2026-05-22,8.0,0.0,702.72,OnPrem-SQLServer
LC-00000660,PRJ-002,WBS-00070,CC-00017,2026-04-17,8.0,0.0,477.44,OnPrem-SQLServer
LC-00000661,PRJ-002,WBS-00070,CC-00017,2026-04-24,8.0,0.0,477.44,OnPrem-SQLServer
LC-00000662,PRJ-002,WBS-00070,CC-00017,2026-07-10,16.0,0.0,963.28,OnPrem-SQLServer
LC-00000663,PRJ-002,WBS-00070,CC-00018,2026-06-05,8.0,0.0,453.12,OnPrem-SQLServer
LC-00000664,PRJ-002,WBS-00071,CC-00011,2026-07-10,8.0,0.0,477.44,OnPrem-SQLServer
LC-00000665,PRJ-002,WBS-00071,CC-00012,2026-05-29,8.0,0.0,468.16,OnPrem-SQLServer
LC-00000666,PRJ-002,WBS-00071,CC-00012,2026-07-03,8.0,0.0,514.72,OnPrem-SQLServer
LC-00000667,PRJ-002,WBS-00071,CC-00012,2026-07-31,8.0,0.75,587.1,OnPrem-SQLServer
LC-00000668,PRJ-002,WBS-00071,CC-00013,2026-05-29,8.0,0.0,468.16,OnPrem-SQLServer
LC-00000669,PRJ-002,WBS-00071,CC-00013,2026-07-03,8.0,0.0,468.16,OnPrem-SQLServer
LC-00000670,PRJ-002,WBS-00071,CC-00015,2026-06-05,8.0,1.15,580.39,OnPrem-SQLServer
LC-00000671,PRJ-002,WBS-00071,CC-00015,2026-07-24,8.0,0.0,557.84,OnPrem-SQLServer
LC-00000672,PRJ-002,WBS-00071,CC-00015,2026-07-31,8.0,0.0,260.56,OnPrem-SQLServer
LC-00000673,PRJ-002,WBS-00071,CC-00016,2026-04-24,8.0,0.0,379.68,OnPrem-SQLServer
LC-00000674,PRJ-002,WBS-00071,CC-00016,2026-05-22,8.0,0.0,292.4,OnPrem-SQLServer
LC-00000675,PRJ-002,WBS-00071,CC-00016,2026-07-10,8.0,0.0,590.88,OnPrem-SQLServer
LC-00000676,PRJ-002,WBS-00072,CC-00014,2026-06-12,8.0,0.0,468.16,OnPrem-SQLServer
LC-00000677,PRJ-002,WBS-00072,CC-00017,2026-06-05,8.0,0.0,557.84,OnPrem-SQLServer
LC-00000678,PRJ-002,WBS-00072,CC-00018,2026-05-01,8.0,0.0,477.44,OnPrem-SQLServer
LC-00000679,PRJ-002,WBS-00072,CC-00018,2026-06-05,8.0,0.0,557.84,OnPrem-SQLServer
LC-00000680,PRJ-002,WBS-00073,CC-00010,2026-05-29,8.0,0.0,702.72,OnPrem-SQLServer
LC-00000681,PRJ-002,WBS-00073,CC-00010,2026-07-03,8.0,0.0,468.16,OnPrem-SQLServer
LC-00000682,PRJ-002,WBS-00073,CC-00012,2026-06-26,8.0,0.69,511.74,OnPrem-SQLServer
LC-00000683,PRJ-002,WBS-00073,CC-00012,2026-07-31,8.0,0.0,477.44,OnPrem-SQLServer
LC-00000684,PRJ-002,WBS-00073,CC-00013,2026-06-26,8.0,0.0,477.44,OnPrem-SQLServer
LC-00000685,PRJ-002,WBS-00073,CC-00014,2026-07-31,8.0,0.0,604.08,OnPrem-SQLServer
LC-00000686,PRJ-002,WBS-00073,CC-00016,2026-04-24,8.0,0.0,379.68,OnPrem-SQLServer
LC-00000687,PRJ-002,WBS-00073,CC-00017,2026-05-29,8.0,0.0,398.24,OnPrem-SQLServer
LC-00000688,PRJ-002,WBS-00073,CC-00017,2026-06-26,16.0,0.0,1180.16,OnPrem-SQLServer
LC-00000689,PRJ-002,WBS-00073,CC-00017,2026-07-03,8.0,1.4,328.96,OnPrem-SQLServer
LC-00000690,PRJ-002,WBS-00073,CC-00018,2026-05-29,8.0,0.6,504.1,OnPrem-SQLServer
LC-00000691,PRJ-002,WBS-00074,CC-00010,2026-07-17,8.0,0.0,468.16,OnPrem-SQLServer
LC-00000692,PRJ-002,WBS-00074,CC-00010,2026-07-24,16.0,1.6,838.31,OnPrem-SQLServer
LC-00000693,PRJ-002,WBS-00074,CC-00010,2026-07-31,8.0,0.0,468.16,OnPrem-SQLServer
LC-00000694,PRJ-002,WBS-00074,CC-00012,2026-05-15,8.0,0.0,702.72,OnPrem-SQLServer
LC-00000695,PRJ-002,WBS-00074,CC-00012,2026-05-22,8.0,0.0,477.44,OnPrem-SQLServer
LC-00000696,PRJ-002,WBS-00074,CC-00012,2026-07-10,8.0,0.0,453.12,OnPrem-SQLServer
LC-00000697,PRJ-002,WBS-00074,CC-00013,2026-04-17,8.0,0.0,477.44,OnPrem-SQLServer
LC-00000698,PRJ-002,WBS-00074,CC-00013,2026-05-01,8.0,1.92,955.7,OnPrem-SQLServer
LC-00000699,PRJ-002,WBS-00074,CC-00014,2026-06-05,8.0,0.0,260.56,OnPrem-SQLServer
LC-00000700,PRJ-002,WBS-00074,CC-00015,2026-07-31,8.0,0.0,604.08,OnPrem-SQLServer
LC-00000701,PRJ-002,WBS-00074,CC-00016,2026-06-12,8.0,0.0,453.12,OnPrem-SQLServer
LC-00000702,PRJ-002,WBS-00074,CC-00017,2026-05-15,8.0,0.0,702.72,OnPrem-SQLServer
LC-00000703,PRJ-002,WBS-00074,CC-00018,2026-06-05,8.0,0.0,557.84,OnPrem-SQLServer
LC-00000704,PRJ-002,WBS-00075,CC-00010,2026-07-24,8.0,0.0,470.88,OnPrem-SQLServer
LC-00000705,PRJ-002,WBS-00075,CC-00011,2026-06-12,8.0,0.0,260.56,OnPrem-SQLServer
LC-00000706,PRJ-002,WBS-00075,CC-00012,2026-05-22,8.0,0.0,514.72,OnPrem-SQLServer
LC-00000707,PRJ-002,WBS-00075,CC-00014,2026-05-15,8.0,0.0,453.12,OnPrem-SQLServer
LC-00000708,PRJ-002,WBS-00075,CC-00014,2026-05-22,8.0,0.0,260.56,OnPrem-SQLServer
LC-00000709,PRJ-002,WBS-00075,CC-00014,2026-05-29,8.0,0.0,514.72,OnPrem-SQLServer
LC-00000710,PRJ-002,WBS-00075,CC-00014,2026-06-12,8.0,0.0,260.56,OnPrem-SQLServer
LC-00000711,PRJ-002,WBS-00075,CC-00016,2026-06-12,8.0,0.0,468.16,OnPrem-SQLServer
LC-00000712,PRJ-002,WBS-00075,CC-00017,2026-05-22,8.0,0.0,477.44,OnPrem-SQLServer
LC-00000713,PRJ-002,WBS-00075,CC-00018,2026-05-08,8.0,0.0,468.16,OnPrem-SQLServer
LC-00000714,PRJ-002,WBS-00075,CC-00018,2026-06-26,8.0,0.0,453.12,OnPrem-SQLServer
LC-00000715,PRJ-002,WBS-00075,CC-00018,2026-07-31,8.0,0.0,702.72,OnPrem-SQLServer
LC-00000716,PRJ-002,WBS-00076,CC-00011,2026-06-26,8.0,0.0,557.84,OnPrem-SQLServer
LC-00000717,PRJ-002,WBS-00076,CC-00012,2026-05-22,8.0,0.0,514.72,OnPrem-SQLServer
LC-00000718,PRJ-002,WBS-00076,CC-00012,2026-05-29,8.0,0.0,398.24,OnPrem-SQLServer
LC-00000719,PRJ-002,WBS-00076,CC-00013,2026-05-15,16.0,0.0,906.24,OnPrem-SQLServer
LC-00000720,PRJ-002,WBS-00076,CC-00013,2026-05-29,16.0,0.0,1155.84,OnPrem-SQLServer
LC-00000721,PRJ-002,WBS-00076,CC-00013,2026-07-03,8.0,0.0,477.44,OnPrem-SQLServer
LC-00000722,PRJ-002,WBS-00076,CC-00015,2026-05-29,8.0,0.0,260.56,OnPrem-SQLServer
LC-00000723,PRJ-002,WBS-00076,CC-00015,2026-06-12,8.0,0.0,260.56,OnPrem-SQLServer
LC-00000724,PRJ-002,WBS-00076,CC-00018,2026-05-22,8.0,0.0,468.16,OnPrem-SQLServer
LC-00000725,PRJ-002,WBS-00076,CC-00018,2026-06-05,8.0,0.0,260.56,OnPrem-SQLServer
LC-00000726,PRJ-002,WBS-00077,CC-00013,2026-06-05,16.0,0.0,967.84,OnPrem-SQLServer
LC-00000727,PRJ-002,WBS-00077,CC-00014,2026-06-05,8.0,0.0,453.12,OnPrem-SQLServer
LC-00000728,PRJ-002,WBS-00077,CC-00016,2026-07-03,8.0,0.0,514.72,OnPrem-SQLServer
LC-00000729,PRJ-002,WBS-00077,CC-00017,2026-07-24,8.0,0.0,260.56,OnPrem-SQLServer
LC-00000730,PRJ-002,WBS-00077,CC-00018,2026-05-01,8.0,0.0,477.44,OnPrem-SQLServer
LC-00000731,PRJ-002,WBS-00077,CC-00018,2026-06-26,8.0,0.0,514.72,OnPrem-SQLServer
LC-00000732,PRJ-002,WBS-00078,CC-00010,2026-05-01,8.0,0.0,477.44,OnPrem-SQLServer
LC-00000733,PRJ-002,WBS-00078,CC-00010,2026-05-08,8.0,0.0,468.16,OnPrem-SQLServer
LC-00000734,PRJ-002,WBS-00078,CC-00010,2026-05-22,8.0,0.0,260.56,OnPrem-SQLServer
LC-00000735,PRJ-002,WBS-00078,CC-00010,2026-07-31,8.0,0.0,468.16,OnPrem-SQLServer
LC-00000736,PRJ-002,WBS-00078,CC-00011,2026-05-22,8.0,0.0,468.16,OnPrem-SQLServer
LC-00000737,PRJ-002,WBS-00078,CC-00014,2026-04-24,8.0,0.0,702.72,OnPrem-SQLServer
LC-00000738,PRJ-002,WBS-00078,CC-00014,2026-06-26,8.0,0.0,514.72,OnPrem-SQLServer
LC-00000739,PRJ-002,WBS-00078,CC-00015,2026-05-22,8.0,0.0,260.56,OnPrem-SQLServer
LC-00000740,PRJ-002,WBS-00078,CC-00015,2026-07-10,8.0,0.0,590.88,OnPrem-SQLServer
LC-00000741,PRJ-002,WBS-00078,CC-00016,2026-07-24,8.0,0.0,702.72,OnPrem-SQLServer
LC-00000742,PRJ-002,WBS-00078,CC-00017,2026-07-10,8.0,0.0,702.72,OnPrem-SQLServer
LC-00000743,PRJ-002,WBS-00078,CC-00018,2026-04-17,8.0,0.0,477.44,OnPrem-SQLServer
LC-00000744,PRJ-002,WBS-00078,CC-00018,2026-05-08,8.0,0.0,468.16,OnPrem-SQLServer
LC-00000745,PRJ-002,WBS-00079,CC-00011,2026-07-10,8.0,0.0,514.72,OnPrem-SQLServer
LC-00000746,PRJ-002,WBS-00079,CC-00011,2026-07-24,16.0,0.0,1217.44,OnPrem-SQLServer
LC-00000747,PRJ-002,WBS-00079,CC-00012,2026-05-22,8.0,0.0,468.16,OnPrem-SQLServer
LC-00000748,PRJ-002,WBS-00079,CC-00012,2026-06-05,8.0,0.0,557.84,OnPrem-SQLServer
LC-00000749,PRJ-002,WBS-00079,CC-00012,2026-07-03,8.0,0.0,477.44,OnPrem-SQLServer
LC-00000750,PRJ-002,WBS-00079,CC-00013,2026-07-10,8.0,0.0,590.88,OnPrem-SQLServer
LC-00000751,PRJ-002,WBS-00079,CC-00013,2026-07-24,8.0,1.54,615.3,OnPrem-SQLServer
LC-00000752,PRJ-002,WBS-00079,CC-00014,2026-05-15,8.0,0.0,702.72,OnPrem-SQLServer
LC-00000753,PRJ-002,WBS-00079,CC-00016,2026-04-24,8.0,0.0,477.44,OnPrem-SQLServer
LC-00000754,PRJ-002,WBS-00079,CC-00016,2026-06-12,8.0,0.0,557.84,OnPrem-SQLServer
LC-00000755,PRJ-002,WBS-00079,CC-00018,2026-06-12,8.0,1.11,848.97,OnPrem-SQLServer
LC-00000756,PRJ-002,WBS-00080,CC-00010,2026-06-26,8.0,0.0,477.44,OnPrem-SQLServer
LC-00000757,PRJ-002,WBS-00080,CC-00011,2026-05-01,8.0,0.0,468.16,OnPrem-SQLServer
LC-00000758,PRJ-002,WBS-00080,CC-00011,2026-06-19,8.0,0.0,557.84,OnPrem-SQLServer
LC-00000759,PRJ-002,WBS-00080,CC-00011,2026-07-24,8.0,0.0,260.56,OnPrem-SQLServer
LC-00000760,PRJ-002,WBS-00080,CC-00013,2026-04-24,8.0,0.0,702.72,OnPrem-SQLServer
LC-00000761,PRJ-002,WBS-00080,CC-00013,2026-07-10,8.0,0.63,785.73,OnPrem-SQLServer
LC-00000762,PRJ-002,WBS-00080,CC-00016,2026-06-12,16.0,1.12,1269.19,OnPrem-SQLServer
LC-00000763,PRJ-002,WBS-00080,CC-00017,2026-05-29,8.0,0.0,514.72,OnPrem-SQLServer
LC-00000764,PRJ-002,WBS-00080,CC-00017,2026-06-12,8.0,1.06,543.18,OnPrem-SQLServer
LC-00000765,PRJ-002,WBS-00080,CC-00018,2026-06-05,8.0,0.0,477.44,OnPrem-SQLServer
LC-00000766,PRJ-002,WBS-00081,CC-00011,2026-05-22,8.0,0.0,470.88,OnPrem-SQLServer
LC-00000767,PRJ-002,WBS-00081,CC-00011,2026-05-29,8.0,0.0,398.24,OnPrem-SQLServer
LC-00000768,PRJ-002,WBS-00081,CC-00011,2026-06-05,8.0,0.0,514.72,OnPrem-SQLServer
LC-00000769,PRJ-002,WBS-00081,CC-00012,2026-05-22,8.0,1.52,903.0,OnPrem-SQLServer
LC-00000770,PRJ-002,WBS-00081,CC-00013,2026-07-03,8.0,0.0,453.12,OnPrem-SQLServer
LC-00000771,PRJ-002,WBS-00081,CC-00013,2026-07-24,8.0,1.81,689.4,OnPrem-SQLServer
LC-00000772,PRJ-002,WBS-00081,CC-00015,2026-06-12,8.0,0.0,453.12,OnPrem-SQLServer
LC-00000773,PRJ-002,WBS-00081,CC-00017,2026-06-26,8.0,0.0,702.72,OnPrem-SQLServer
LC-00000774,PRJ-002,WBS-00081,CC-00017,2026-07-31,8.0,0.0,604.08,OnPrem-SQLServer
LC-00000775,PRJ-002,WBS-00081,CC-00018,2026-05-08,8.0,0.65,525.22,OnPrem-SQLServer
LC-00000776,PRJ-002,WBS-00081,CC-00018,2026-05-15,8.0,0.0,260.56,OnPrem-SQLServer
LC-00000777,PRJ-002,WBS-00082,CC-00010,2026-07-10,8.0,0.0,477.44,OnPrem-SQLServer
LC-00000778,PRJ-002,WBS-00082,CC-00013,2026-05-22,8.0,0.0,453.12,OnPrem-SQLServer
LC-00000779,PRJ-002,WBS-00082,CC-00014,2026-06-12,8.0,0.72,584.21,OnPrem-SQLServer
LC-00000780,PRJ-002,WBS-00082,CC-00017,2026-06-12,16.0,0.89,1158.45,OnPrem-SQLServer
LC-00000781,PRJ-002,WBS-00082,CC-00018,2026-05-15,8.0,0.0,453.12,OnPrem-SQLServer
LC-00000782,PRJ-002,WBS-00083,CC-00010,2026-07-03,16.0,0.76,1060.2,OnPrem-SQLServer
LC-00000783,PRJ-002,WBS-00083,CC-00014,2026-06-12,8.0,0.9,821.3,OnPrem-SQLServer
LC-00000784,PRJ-002,WBS-00083,CC-00015,2026-06-12,8.0,0.0,514.72,OnPrem-SQLServer
LC-00000785,PRJ-002,WBS-00083,CC-00015,2026-06-19,8.0,0.0,470.88,OnPrem-SQLServer
LC-00000786,PRJ-002,WBS-00083,CC-00016,2026-05-22,8.0,0.0,470.88,OnPrem-SQLServer
LC-00000787,PRJ-002,WBS-00083,CC-00016,2026-06-19,8.0,0.0,470.88,OnPrem-SQLServer
LC-00000788,PRJ-002,WBS-00083,CC-00016,2026-07-03,8.0,0.0,436.16,OnPrem-SQLServer
LC-00000789,PRJ-002,WBS-00083,CC-00018,2026-06-19,8.0,0.0,470.88,OnPrem-SQLServer
LC-00000790,PRJ-002,WBS-00084,CC-00010,2026-05-22,8.0,0.0,477.44,OnPrem-SQLServer
LC-00000791,PRJ-002,WBS-00084,CC-00010,2026-05-29,8.0,0.0,398.24,OnPrem-SQLServer
LC-00000792,PRJ-002,WBS-00084,CC-00010,2026-07-24,16.0,0.0,948.32,OnPrem-SQLServer
LC-00000793,PRJ-002,WBS-00084,CC-00010,2026-07-31,8.0,0.0,260.56,OnPrem-SQLServer
LC-00000794,PRJ-002,WBS-00084,CC-00011,2026-07-10,8.0,0.0,557.84,OnPrem-SQLServer
LC-00000795,PRJ-002,WBS-00084,CC-00014,2026-04-24,8.0,0.0,702.72,OnPrem-SQLServer
LC-00000796,PRJ-002,WBS-00084,CC-00014,2026-07-17,8.0,0.0,468.16,OnPrem-SQLServer
LC-00000797,PRJ-002,WBS-00084,CC-00015,2026-07-17,8.0,0.0,260.56,OnPrem-SQLServer
LC-00000798,PRJ-002,WBS-00084,CC-00015,2026-07-31,8.0,0.0,260.56,OnPrem-SQLServer
LC-00000799,PRJ-002,WBS-00084,CC-00016,2026-07-31,8.0,0.0,477.44,OnPrem-SQLServer
LC-00000800,PRJ-002,WBS-00084,CC-00017,2026-05-01,8.0,0.0,702.72,OnPrem-SQLServer
LC-00000801,PRJ-002,WBS-00084,CC-00017,2026-05-22,8.0,0.0,702.72,OnPrem-SQLServer
LC-00000802,PRJ-002,WBS-00084,CC-00018,2026-07-10,8.0,0.0,702.72,OnPrem-SQLServer
LC-00000803,PRJ-002,WBS-00084,CC-00018,2026-07-17,8.0,0.0,477.44,OnPrem-SQLServer
LC-00000804,PRJ-002,WBS-00085,CC-00010,2026-05-22,8.0,0.0,468.16,OnPrem-SQLServer
LC-00000805,PRJ-002,WBS-00085,CC-00010,2026-05-29,8.0,1.96,619.64,OnPrem-SQLServer
LC-00000806,PRJ-002,WBS-00085,CC-00010,2026-07-10,8.0,0.0,514.72,OnPrem-SQLServer
LC-00000807,PRJ-002,WBS-00085,CC-00011,2026-06-19,8.0,0.0,557.84,OnPrem-SQLServer
LC-00000808,PRJ-002,WBS-00085,CC-00011,2026-06-26,8.0,0.85,646.75,OnPrem-SQLServer
LC-00000809,PRJ-002,WBS-00085,CC-00012,2026-05-22,8.0,0.0,260.56,OnPrem-SQLServer
LC-00000810,PRJ-002,WBS-00085,CC-00013,2026-06-05,8.0,0.0,477.44,OnPrem-SQLServer
LC-00000811,PRJ-002,WBS-00085,CC-00013,2026-07-10,8.0,0.0,557.84,OnPrem-SQLServer
LC-00000812,PRJ-002,WBS-00085,CC-00013,2026-07-31,8.0,1.91,353.87,OnPrem-SQLServer
LC-00000813,PRJ-002,WBS-00085,CC-00014,2026-04-24,8.0,0.0,477.44,OnPrem-SQLServer
LC-00000814,PRJ-002,WBS-00085,CC-00014,2026-05-15,8.0,1.0,309.42,OnPrem-SQLServer
LC-00000815,PRJ-002,WBS-00085,CC-00014,2026-07-31,8.0,0.0,702.72,OnPrem-SQLServer
LC-00000816,PRJ-002,WBS-00085,CC-00015,2026-04-17,8.0,0.0,477.44,OnPrem-SQLServer
LC-00000817,PRJ-002,WBS-00085,CC-00015,2026-04-24,8.0,0.0,702.72,OnPrem-SQLServer
LC-00000818,PRJ-002,WBS-00085,CC-00016,2026-06-26,8.0,0.0,514.72,OnPrem-SQLServer
LC-00000819,PRJ-002,WBS-00085,CC-00017,2026-07-17,8.0,0.0,260.56,OnPrem-SQLServer
LC-00000820,PRJ-002,WBS-00085,CC-00018,2026-04-24,8.0,0.0,702.72,OnPrem-SQLServer
LC-00000821,PRJ-002,WBS-00085,CC-00018,2026-07-10,8.0,0.0,260.56,OnPrem-SQLServer
LC-00000822,PRJ-002,WBS-00086,CC-00010,2026-05-29,8.0,0.0,468.16,OnPrem-SQLServer
LC-00000823,PRJ-002,WBS-00086,CC-00010,2026-06-26,8.0,1.32,695.91,OnPrem-SQLServer
LC-00000824,PRJ-002,WBS-00086,CC-00011,2026-05-29,8.0,1.0,834.48,OnPrem-SQLServer
LC-00000825,PRJ-002,WBS-00086,CC-00011,2026-06-26,8.0,0.0,453.12,OnPrem-SQLServer
LC-00000826,PRJ-002,WBS-00086,CC-00011,2026-07-31,8.0,0.0,477.44,OnPrem-SQLServer
LC-00000827,PRJ-002,WBS-00086,CC-00014,2026-05-08,8.0,0.0,702.72,OnPrem-SQLServer
LC-00000828,PRJ-002,WBS-00086,CC-00014,2026-07-31,8.0,0.0,671.76,OnPrem-SQLServer
LC-00000829,PRJ-002,WBS-00086,CC-00015,2026-07-03,8.0,0.0,260.56,OnPrem-SQLServer
LC-00000830,PRJ-002,WBS-00086,CC-00015,2026-07-31,8.0,0.0,260.56,OnPrem-SQLServer
LC-00000831,PRJ-002,WBS-00086,CC-00016,2026-05-22,8.0,0.0,702.72,OnPrem-SQLServer
LC-00000832,PRJ-002,WBS-00086,CC-00017,2026-05-29,8.0,0.0,702.72,OnPrem-SQLServer
LC-00000833,PRJ-002,WBS-00086,CC-00018,2026-07-24,8.0,2.0,966.24,OnPrem-SQLServer
LC-00000834,PRJ-002,WBS-00087,CC-00011,2026-05-15,8.0,1.56,605.1,OnPrem-SQLServer
LC-00000835,PRJ-002,WBS-00087,CC-00011,2026-06-12,8.0,0.0,557.84,OnPrem-SQLServer
LC-00000836,PRJ-002,WBS-00087,CC-00011,2026-07-17,8.0,0.0,477.44,OnPrem-SQLServer
LC-00000837,PRJ-002,WBS-00087,CC-00011,2026-07-24,8.0,0.0,260.56,OnPrem-SQLServer
LC-00000838,PRJ-002,WBS-00087,CC-00012,2026-06-05,8.0,0.0,514.72,OnPrem-SQLServer
LC-00000839,PRJ-002,WBS-00087,CC-00012,2026-07-31,8.0,0.0,477.44,OnPrem-SQLServer
LC-00000840,PRJ-002,WBS-00087,CC-00013,2026-07-03,8.0,0.0,260.56,OnPrem-SQLServer
LC-00000841,PRJ-002,WBS-00087,CC-00015,2026-04-24,16.0,0.96,925.46,OnPrem-SQLServer
LC-00000842,PRJ-002,WBS-00087,CC-00015,2026-05-22,8.0,0.0,292.4,OnPrem-SQLServer
LC-00000843,PRJ-002,WBS-00087,CC-00015,2026-06-19,8.0,0.0,557.84,OnPrem-SQLServer
LC-00000844,PRJ-002,WBS-00087,CC-00017,2026-06-12,8.0,0.0,468.16,OnPrem-SQLServer
LC-00000845,PRJ-002,WBS-00087,CC-00018,2026-05-08,8.0,0.61,783.09,OnPrem-SQLServer
LC-00000846,PRJ-002,WBS-00087,CC-00018,2026-05-22,8.0,0.0,453.12,OnPrem-SQLServer
LC-00000847,PRJ-003,WBS-00088,CC-00019,2026-06-12,8.0,1.18,501.69,OnPrem-SQLServer
LC-00000848,PRJ-003,WBS-00088,CC-00019,2026-07-03,8.0,0.0,884.64,OnPrem-SQLServer
LC-00000849,PRJ-003,WBS-00088,CC-00021,2026-07-17,8.0,0.0,292.0,OnPrem-SQLServer
LC-00000850,PRJ-003,WBS-00088,CC-00023,2026-05-29,8.0,0.0,292.0,OnPrem-SQLServer
LC-00000851,PRJ-003,WBS-00088,CC-00023,2026-07-31,8.0,0.0,398.24,OnPrem-SQLServer
LC-00000852,PRJ-003,WBS-00088,CC-00024,2026-06-12,8.0,0.0,289.04,OnPrem-SQLServer
LC-00000853,PRJ-003,WBS-00088,CC-00024,2026-07-24,8.0,0.0,442.24,OnPrem-SQLServer
LC-00000854,PRJ-003,WBS-00088,CC-00026,2026-05-01,8.0,0.0,379.68,OnPrem-SQLServer
LC-00000855,PRJ-003,WBS-00088,CC-00026,2026-07-31,8.0,0.0,398.24,OnPrem-SQLServer
LC-00000856,PRJ-003,WBS-00088,CC-00027,2026-07-03,8.0,0.0,472.0,OnPrem-SQLServer
LC-00000857,PRJ-003,WBS-00088,CC-00027,2026-07-24,8.0,0.0,398.24,OnPrem-SQLServer
LC-00000858,PRJ-003,WBS-00089,CC-00019,2026-07-24,8.0,0.0,379.68,OnPrem-SQLServer
LC-00000859,PRJ-003,WBS-00089,CC-00019,2026-07-31,8.0,0.0,410.8,OnPrem-SQLServer
LC-00000860,PRJ-003,WBS-00089,CC-00020,2026-05-29,16.0,0.72,872.49,OnPrem-SQLServer
LC-00000861,PRJ-003,WBS-00089,CC-00020,2026-06-26,8.0,0.0,884.64,OnPrem-SQLServer
LC-00000862,PRJ-003,WBS-00089,CC-00021,2026-05-22,8.0,0.0,884.64,OnPrem-SQLServer
LC-00000863,PRJ-003,WBS-00089,CC-00021,2026-07-31,8.0,0.0,884.64,OnPrem-SQLServer
LC-00000864,PRJ-003,WBS-00089,CC-00022,2026-05-22,8.0,0.0,474.96,OnPrem-SQLServer
LC-00000865,PRJ-003,WBS-00089,CC-00023,2026-05-08,8.0,0.0,417.84,OnPrem-SQLServer
LC-00000866,PRJ-003,WBS-00089,CC-00024,2026-05-15,8.0,0.0,594.48,OnPrem-SQLServer
LC-00000867,PRJ-003,WBS-00089,CC-00027,2026-07-03,8.0,0.0,379.68,OnPrem-SQLServer
LC-00000868,PRJ-003,WBS-00089,CC-00027,2026-07-17,8.0,1.43,602.31,OnPrem-SQLServer
LC-00000869,PRJ-003,WBS-00090,CC-00019,2026-05-15,8.0,0.0,410.8,OnPrem-SQLServer
LC-00000870,PRJ-003,WBS-00090,CC-00019,2026-06-05,8.0,0.82,1020.65,OnPrem-SQLServer
LC-00000871,PRJ-003,WBS-00090,CC-00019,2026-07-24,8.0,0.0,404.56,OnPrem-SQLServer
LC-00000872,PRJ-003,WBS-00090,CC-00020,2026-05-01,8.0,0.0,379.68,OnPrem-SQLServer
LC-00000873,PRJ-003,WBS-00090,CC-00021,2026-06-05,8.0,0.87,528.52,OnPrem-SQLServer
LC-00000874,PRJ-003,WBS-00090,CC-00021,2026-07-24,8.0,0.0,417.84,OnPrem-SQLServer
LC-00000875,PRJ-003,WBS-00090,CC-00022,2026-05-01,8.0,0.0,474.96,OnPrem-SQLServer
LC-00000876,PRJ-003,WBS-00090,CC-00022,2026-06-12,8.0,0.0,474.96,OnPrem-SQLServer
LC-00000877,PRJ-003,WBS-00090,CC-00022,2026-07-17,8.0,0.0,410.8,OnPrem-SQLServer
LC-00000878,PRJ-003,WBS-00090,CC-00023,2026-06-05,8.0,0.0,474.96,OnPrem-SQLServer
LC-00000879,PRJ-003,WBS-00090,CC-00024,2026-05-01,8.0,0.0,474.96,OnPrem-SQLServer
LC-00000880,PRJ-003,WBS-00090,CC-00024,2026-05-15,8.0,0.0,884.64,OnPrem-SQLServer
LC-00000881,PRJ-003,WBS-00090,CC-00024,2026-06-12,8.0,1.31,496.06,OnPrem-SQLServer
LC-00000882,PRJ-003,WBS-00090,CC-00024,2026-07-17,8.0,0.0,379.68,OnPrem-SQLServer
LC-00000883,PRJ-003,WBS-00090,CC-00025,2026-05-15,8.0,0.0,417.84,OnPrem-SQLServer
LC-00000884,PRJ-003,WBS-00090,CC-00027,2026-07-24,8.0,0.0,398.08,OnPrem-SQLServer
LC-00000885,PRJ-003,WBS-00091,CC-00019,2026-06-26,8.0,1.61,494.3,OnPrem-SQLServer
LC-00000886,PRJ-003,WBS-00091,CC-00019,2026-07-10,8.0,0.0,398.24,OnPrem-SQLServer
LC-00000887,PRJ-003,WBS-00091,CC-00019,2026-07-24,16.0,0.0,944.0,OnPrem-SQLServer
LC-00000888,PRJ-003,WBS-00091,CC-00021,2026-05-29,8.0,0.58,523.33,OnPrem-SQLServer
LC-00000889,PRJ-003,WBS-00091,CC-00021,2026-06-19,8.0,0.0,292.0,OnPrem-SQLServer
LC-00000890,PRJ-003,WBS-00091,CC-00021,2026-07-24,8.0,1.63,519.74,OnPrem-SQLServer
LC-00000891,PRJ-003,WBS-00091,CC-00022,2026-07-03,8.0,1.58,378.5,OnPrem-SQLServer
LC-00000892,PRJ-003,WBS-00091,CC-00023,2026-06-19,8.0,0.0,417.84,OnPrem-SQLServer
LC-00000893,PRJ-003,WBS-00091,CC-00023,2026-07-10,8.0,1.09,568.47,OnPrem-SQLServer
LC-00000894,PRJ-003,WBS-00091,CC-00024,2026-06-19,8.0,0.0,292.0,OnPrem-SQLServer
LC-00000895,PRJ-003,WBS-00091,CC-00024,2026-07-10,8.0,0.0,472.0,OnPrem-SQLServer
LC-00000896,PRJ-003,WBS-00091,CC-00025,2026-05-15,8.0,0.0,410.8,OnPrem-SQLServer
LC-00000897,PRJ-003,WBS-00091,CC-00026,2026-05-22,8.0,0.0,472.0,OnPrem-SQLServer
LC-00000898,PRJ-003,WBS-00091,CC-00026,2026-06-26,8.0,0.88,553.33,OnPrem-SQLServer
LC-00000899,PRJ-003,WBS-00091,CC-00027,2026-06-19,8.0,0.0,474.96,OnPrem-SQLServer
LC-00000900,PRJ-003,WBS-00091,CC-00027,2026-07-31,8.0,0.0,410.8,OnPrem-SQLServer
LC-00000901,PRJ-003,WBS-00092,CC-00019,2026-06-12,8.0,0.0,417.84,OnPrem-SQLServer
LC-00000902,PRJ-003,WBS-00092,CC-00019,2026-07-24,8.0,0.0,410.8,OnPrem-SQLServer
LC-00000903,PRJ-003,WBS-00092,CC-00021,2026-06-05,8.0,0.0,379.68,OnPrem-SQLServer
LC-00000904,PRJ-003,WBS-00092,CC-00021,2026-07-10,8.0,0.0,472.0,OnPrem-SQLServer
LC-00000905,PRJ-003,WBS-00092,CC-00021,2026-07-24,8.0,0.0,398.24,OnPrem-SQLServer
LC-00000906,PRJ-003,WBS-00092,CC-00022,2026-05-29,8.0,0.0,472.0,OnPrem-SQLServer
LC-00000907,PRJ-003,WBS-00092,CC-00023,2026-05-08,8.0,0.0,410.8,OnPrem-SQLServer
LC-00000908,PRJ-003,WBS-00092,CC-00023,2026-06-05,8.0,0.0,884.64,OnPrem-SQLServer
LC-00000909,PRJ-003,WBS-00092,CC-00023,2026-07-17,8.0,1.42,369.75,OnPrem-SQLServer
LC-00000910,PRJ-003,WBS-00092,CC-00024,2026-07-10,8.0,0.0,379.68,OnPrem-SQLServer
LC-00000911,PRJ-003,WBS-00092,CC-00026,2026-05-15,8.0,0.0,477.44,OnPrem-SQLServer
LC-00000912,PRJ-003,WBS-00093,CC-00019,2026-07-03,16.0,0.0,1224.32,OnPrem-SQLServer
LC-00000913,PRJ-003,WBS-00093,CC-00021,2026-05-15,8.0,0.0,379.68,OnPrem-SQLServer
LC-00000914,PRJ-003,WBS-00093,CC-00022,2026-05-15,8.0,0.0,477.44,OnPrem-SQLServer
LC-00000915,PRJ-003,WBS-00093,CC-00022,2026-06-05,8.0,1.59,379.05,OnPrem-SQLServer
LC-00000916,PRJ-003,WBS-00093,CC-00023,2026-06-05,8.0,0.0,410.8,OnPrem-SQLServer
LC-00000917,PRJ-003,WBS-00093,CC-00023,2026-06-12,8.0,0.0,454.4,OnPrem-SQLServer
LC-00000918,PRJ-003,WBS-00093,CC-00023,2026-07-31,8.0,0.0,410.8,OnPrem-SQLServer
LC-00000919,PRJ-003,WBS-00093,CC-00024,2026-05-01,8.0,0.0,474.96,OnPrem-SQLServer
LC-00000920,PRJ-003,WBS-00093,CC-00024,2026-07-17,8.0,0.0,472.0,OnPrem-SQLServer
LC-00000921,PRJ-003,WBS-00093,CC-00027,2026-07-17,8.0,0.0,410.8,OnPrem-SQLServer
LC-00000922,PRJ-003,WBS-00094,CC-00019,2026-07-03,16.0,0.0,1211.76,OnPrem-SQLServer
LC-00000923,PRJ-003,WBS-00094,CC-00019,2026-07-24,8.0,0.0,379.68,OnPrem-SQLServer
LC-00000924,PRJ-003,WBS-00094,CC-00020,2026-07-10,8.0,0.0,884.64,OnPrem-SQLServer
LC-00000925,PRJ-003,WBS-00094,CC-00021,2026-06-26,8.0,0.61,457.79,OnPrem-SQLServer
LC-00000926,PRJ-003,WBS-00094,CC-00021,2026-07-03,8.0,0.0,398.24,OnPrem-SQLServer
LC-00000927,PRJ-003,WBS-00094,CC-00022,2026-05-29,8.0,0.0,472.0,OnPrem-SQLServer
LC-00000928,PRJ-003,WBS-00094,CC-00022,2026-06-19,8.0,0.0,417.84,OnPrem-SQLServer
LC-00000929,PRJ-003,WBS-00094,CC-00022,2026-07-31,8.0,0.0,689.44,OnPrem-SQLServer
LC-00000930,PRJ-003,WBS-00094,CC-00023,2026-05-29,8.0,0.0,417.84,OnPrem-SQLServer
LC-00000931,PRJ-003,WBS-00094,CC-00023,2026-07-31,8.0,0.0,689.44,OnPrem-SQLServer
LC-00000932,PRJ-003,WBS-00094,CC-00025,2026-06-12,8.0,0.0,417.84,OnPrem-SQLServer
LC-00000933,PRJ-003,WBS-00094,CC-00025,2026-06-19,8.0,0.0,292.4,OnPrem-SQLServer
LC-00000934,PRJ-003,WBS-00094,CC-00026,2026-05-29,8.0,1.46,371.94,OnPrem-SQLServer
LC-00000935,PRJ-003,WBS-00094,CC-00026,2026-07-24,8.0,0.0,398.24,OnPrem-SQLServer
LC-00000936,PRJ-003,WBS-00094,CC-00027,2026-05-08,8.0,0.0,417.84,OnPrem-SQLServer
LC-00000937,PRJ-003,WBS-00094,CC-00027,2026-07-10,8.0,0.0,454.4,OnPrem-SQLServer
LC-00000938,PRJ-003,WBS-00095,CC-00020,2026-05-08,8.0,0.0,417.84,OnPrem-SQLServer
LC-00000939,PRJ-003,WBS-00095,CC-00020,2026-06-19,8.0,0.0,417.84,OnPrem-SQLServer
LC-00000940,PRJ-003,WBS-00095,CC-00020,2026-07-24,8.0,0.0,417.84,OnPrem-SQLServer
LC-00000941,PRJ-003,WBS-00095,CC-00020,2026-07-31,8.0,0.0,292.0,OnPrem-SQLServer
LC-00000942,PRJ-003,WBS-00095,CC-00021,2026-05-15,8.0,0.0,454.4,OnPrem-SQLServer
LC-00000943,PRJ-003,WBS-00095,CC-00023,2026-05-08,8.0,0.0,379.68,OnPrem-SQLServer
LC-00000944,PRJ-003,WBS-00095,CC-00023,2026-06-19,16.0,0.0,1177.04,OnPrem-SQLServer
LC-00000945,PRJ-003,WBS-00095,CC-00024,2026-05-29,8.0,0.0,398.24,OnPrem-SQLServer
LC-00000946,PRJ-003,WBS-00095,CC-00024,2026-06-19,8.0,0.0,379.68,OnPrem-SQLServer
LC-00000947,PRJ-003,WBS-00095,CC-00024,2026-07-24,8.0,0.0,472.0,OnPrem-SQLServer
LC-00000948,PRJ-003,WBS-00095,CC-00025,2026-05-08,8.0,0.0,472.0,OnPrem-SQLServer
LC-00000949,PRJ-003,WBS-00095,CC-00025,2026-06-12,8.0,0.0,884.64,OnPrem-SQLServer
LC-00000950,PRJ-003,WBS-00095,CC-00027,2026-05-15,8.0,0.0,477.44,OnPrem-SQLServer
LC-00000951,PRJ-003,WBS-00095,CC-00027,2026-06-19,8.0,0.0,454.4,OnPrem-SQLServer
LC-00000952,PRJ-003,WBS-00096,CC-00019,2026-06-19,8.0,0.0,292.0,OnPrem-SQLServer
LC-00000953,PRJ-003,WBS-00096,CC-00019,2026-06-26,8.0,0.0,884.64,OnPrem-SQLServer
LC-00000954,PRJ-003,WBS-00096,CC-00019,2026-07-31,8.0,0.0,379.68,OnPrem-SQLServer
LC-00000955,PRJ-003,WBS-00096,CC-00020,2026-07-03,8.0,0.0,379.68,OnPrem-SQLServer
LC-00000956,PRJ-003,WBS-00096,CC-00021,2026-06-26,8.0,0.0,379.68,OnPrem-SQLServer
LC-00000957,PRJ-003,WBS-00096,CC-00021,2026-07-10,8.0,0.0,417.84,OnPrem-SQLServer
LC-00000958,PRJ-003,WBS-00096,CC-00021,2026-07-17,8.0,1.44,1123.49,OnPrem-SQLServer
LC-00000959,PRJ-003,WBS-00096,CC-00022,2026-05-08,8.0,0.0,474.96,OnPrem-SQLServer
LC-00000960,PRJ-003,WBS-00096,CC-00022,2026-07-24,8.0,0.0,398.24,OnPrem-SQLServer
LC-00000961,PRJ-003,WBS-00096,CC-00023,2026-06-26,8.0,0.0,379.68,OnPrem-SQLServer
LC-00000962,PRJ-003,WBS-00096,CC-00024,2026-06-19,8.0,1.5,1133.44,OnPrem-SQLServer
LC-00000963,PRJ-003,WBS-00096,CC-00025,2026-05-08,8.0,0.0,472.0,OnPrem-SQLServer
LC-00000964,PRJ-003,WBS-00096,CC-00025,2026-05-15,8.0,0.0,884.64,OnPrem-SQLServer
LC-00000965,PRJ-003,WBS-00096,CC-00025,2026-06-12,8.0,0.0,474.96,OnPrem-SQLServer
LC-00000966,PRJ-003,WBS-00097,CC-00019,2026-04-24,8.0,0.0,474.96,OnPrem-SQLServer
LC-00000967,PRJ-003,WBS-00097,CC-00019,2026-05-08,8.0,0.0,379.68,OnPrem-SQLServer
LC-00000968,PRJ-003,WBS-00097,CC-00019,2026-06-12,8.0,1.53,1138.42,OnPrem-SQLServer
LC-00000969,PRJ-003,WBS-00097,CC-00019,2026-07-10,8.0,0.0,379.68,OnPrem-SQLServer
LC-00000970,PRJ-003,WBS-00097,CC-00019,2026-07-31,8.0,0.0,398.24,OnPrem-SQLServer
LC-00000971,PRJ-003,WBS-00097,CC-00021,2026-05-22,8.0,0.0,454.4,OnPrem-SQLServer
LC-00000972,PRJ-003,WBS-00097,CC-00021,2026-06-12,8.0,0.67,328.68,OnPrem-SQLServer
LC-00000973,PRJ-003,WBS-00097,CC-00021,2026-07-31,8.0,0.0,398.24,OnPrem-SQLServer
LC-00000974,PRJ-003,WBS-00097,CC-00022,2026-05-15,8.0,0.0,594.48,OnPrem-SQLServer
LC-00000975,PRJ-003,WBS-00097,CC-00023,2026-05-29,8.0,0.0,379.68,OnPrem-SQLServer
LC-00000976,PRJ-003,WBS-00097,CC-00023,2026-07-03,8.0,0.0,410.8,OnPrem-SQLServer
LC-00000977,PRJ-003,WBS-00097,CC-00024,2026-07-24,8.0,0.0,410.8,OnPrem-SQLServer
LC-00000978,PRJ-003,WBS-00097,CC-00024,2026-07-31,8.0,0.0,472.0,OnPrem-SQLServer
LC-00000979,PRJ-003,WBS-00097,CC-00025,2026-05-01,8.0,0.0,474.96,OnPrem-SQLServer
LC-00000980,PRJ-003,WBS-00097,CC-00025,2026-06-05,8.0,0.0,442.24,OnPrem-SQLServer
LC-00000981,PRJ-003,WBS-00097,CC-00025,2026-07-31,8.0,0.0,379.68,OnPrem-SQLServer
LC-00000982,PRJ-003,WBS-00098,CC-00019,2026-07-03,8.0,0.0,474.96,OnPrem-SQLServer
LC-00000983,PRJ-003,WBS-00098,CC-00019,2026-07-10,8.0,0.0,454.4,OnPrem-SQLServer
LC-00000984,PRJ-003,WBS-00098,CC-00020,2026-05-29,8.0,0.0,379.68,OnPrem-SQLServer
LC-00000985,PRJ-003,WBS-00098,CC-00020,2026-06-26,8.0,0.0,379.68,OnPrem-SQLServer
LC-00000986,PRJ-003,WBS-00098,CC-00021,2026-05-08,8.0,0.0,474.96,OnPrem-SQLServer
LC-00000987,PRJ-003,WBS-00098,CC-00021,2026-06-12,8.0,0.0,454.4,OnPrem-SQLServer
LC-00000988,PRJ-003,WBS-00098,CC-00021,2026-07-03,8.0,0.0,884.64,OnPrem-SQLServer
LC-00000989,PRJ-003,WBS-00098,CC-00021,2026-07-24,8.0,0.0,292.0,OnPrem-SQLServer
LC-00000990,PRJ-003,WBS-00098,CC-00025,2026-05-22,8.0,0.0,474.96,OnPrem-SQLServer
LC-00000991,PRJ-003,WBS-00098,CC-00025,2026-07-10,8.0,0.83,460.22,OnPrem-SQLServer
LC-00000992,PRJ-003,WBS-00098,CC-00025,2026-07-24,8.0,0.0,398.08,OnPrem-SQLServer
LC-00000993,PRJ-003,WBS-00098,CC-00026,2026-06-19,8.0,0.76,519.15,OnPrem-SQLServer
LC-00000994,PRJ-003,WBS-00098,CC-00027,2026-07-17,8.0,0.84,546.34,OnPrem-SQLServer
LC-00000995,PRJ-003,WBS-00099,CC-00019,2026-05-29,8.0,1.77,505.69,OnPrem-SQLServer
LC-00000996,PRJ-003,WBS-00099,CC-00019,2026-06-05,8.0,0.0,410.8,OnPrem-SQLServer
LC-00000997,PRJ-003,WBS-00099,CC-00020,2026-07-03,8.0,0.0,292.0,OnPrem-SQLServer
LC-00000998,PRJ-003,WBS-00099,CC-00020,2026-07-10,8.0,0.0,379.68,OnPrem-SQLServer
LC-00000999,PRJ-003,WBS-00099,CC-00021,2026-06-26,8.0,0.0,398.24,OnPrem-SQLServer
LC-00001000,PRJ-003,WBS-00099,CC-00022,2026-06-19,8.0,0.0,292.4,OnPrem-SQLServer
LC-00001001,PRJ-003,WBS-00099,CC-00022,2026-06-26,8.0,0.0,410.8,OnPrem-SQLServer
LC-00001002,PRJ-003,WBS-00099,CC-00022,2026-07-03,8.0,0.0,410.8,OnPrem-SQLServer
LC-00001003,PRJ-003,WBS-00099,CC-00022,2026-07-31,8.0,1.07,501.67,OnPrem-SQLServer
LC-00001004,PRJ-003,WBS-00099,CC-00023,2026-06-05,8.0,0.0,454.4,OnPrem-SQLServer
LC-00001005,PRJ-003,WBS-00099,CC-00024,2026-06-19,8.0,0.0,472.0,OnPrem-SQLServer
LC-00001006,PRJ-003,WBS-00099,CC-00025,2026-07-10,8.0,0.0,884.64,OnPrem-SQLServer
LC-00001007,PRJ-003,WBS-00099,CC-00026,2026-06-05,8.0,0.0,417.84,OnPrem-SQLServer
LC-00001008,PRJ-003,WBS-00100,CC-00020,2026-06-05,8.0,0.0,472.0,OnPrem-SQLServer
LC-00001009,PRJ-003,WBS-00100,CC-00021,2026-07-17,8.0,0.0,410.8,OnPrem-SQLServer
LC-00001010,PRJ-003,WBS-00100,CC-00024,2026-06-12,8.0,0.0,398.24,OnPrem-SQLServer
LC-00001011,PRJ-003,WBS-00100,CC-00024,2026-06-26,8.0,1.41,519.41,OnPrem-SQLServer
LC-00001012,PRJ-003,WBS-00100,CC-00025,2026-06-05,8.0,0.0,410.8,OnPrem-SQLServer
LC-00001013,PRJ-003,WBS-00100,CC-00026,2026-07-17,8.0,0.0,410.8,OnPrem-SQLServer
LC-00001014,PRJ-003,WBS-00100,CC-00027,2026-06-05,8.0,0.0,472.0,OnPrem-SQLServer
LC-00001015,PRJ-003,WBS-00100,CC-00027,2026-07-17,8.0,0.0,472.0,OnPrem-SQLServer
LC-00001016,PRJ-003,WBS-00101,CC-00020,2026-05-29,8.0,0.69,463.95,OnPrem-SQLServer
LC-00001017,PRJ-003,WBS-00101,CC-00022,2026-05-15,8.0,0.0,884.64,OnPrem-SQLServer
LC-00001018,PRJ-003,WBS-00101,CC-00022,2026-07-24,8.0,0.0,442.24,OnPrem-SQLServer
LC-00001019,PRJ-003,WBS-00101,CC-00024,2026-05-15,8.0,0.0,474.96,OnPrem-SQLServer
LC-00001020,PRJ-003,WBS-00101,CC-00024,2026-07-17,8.0,0.0,472.0,OnPrem-SQLServer
LC-00001021,PRJ-003,WBS-00101,CC-00025,2026-07-17,8.0,0.0,292.0,OnPrem-SQLServer
LC-00001022,PRJ-003,WBS-00101,CC-00026,2026-05-15,8.0,0.0,454.4,OnPrem-SQLServer
LC-00001023,PRJ-003,WBS-00101,CC-00027,2026-05-15,8.0,0.0,594.48,OnPrem-SQLServer
LC-00001024,PRJ-003,WBS-00101,CC-00027,2026-05-29,8.0,0.0,292.0,OnPrem-SQLServer
LC-00001025,PRJ-003,WBS-00102,CC-00019,2026-07-10,8.0,0.0,884.64,OnPrem-SQLServer
LC-00001026,PRJ-003,WBS-00102,CC-00021,2026-07-03,8.0,1.78,1179.89,OnPrem-SQLServer
LC-00001027,PRJ-003,WBS-00102,CC-00021,2026-07-10,8.0,0.0,472.0,OnPrem-SQLServer
LC-00001028,PRJ-003,WBS-00102,CC-00022,2026-05-29,8.0,0.0,454.4,OnPrem-SQLServer
LC-00001029,PRJ-003,WBS-00102,CC-00022,2026-07-10,8.0,0.0,884.64,OnPrem-SQLServer
LC-00001030,PRJ-003,WBS-00102,CC-00023,2026-07-03,8.0,0.0,410.8,OnPrem-SQLServer
LC-00001031,PRJ-003,WBS-00102,CC-00023,2026-07-24,8.0,0.0,472.0,OnPrem-SQLServer
LC-00001032,PRJ-003,WBS-00102,CC-00024,2026-07-03,8.0,0.0,813.52,OnPrem-SQLServer
LC-00001033,PRJ-003,WBS-00102,CC-00025,2026-07-17,8.0,0.0,292.0,OnPrem-SQLServer
LC-00001034,PRJ-003,WBS-00103,CC-00019,2026-04-24,8.0,0.0,474.96,OnPrem-SQLServer
LC-00001035,PRJ-003,WBS-00103,CC-00019,2026-06-12,8.0,0.0,410.8,OnPrem-SQLServer
LC-00001036,PRJ-003,WBS-00103,CC-00019,2026-07-17,8.0,0.0,884.64,OnPrem-SQLServer
LC-00001037,PRJ-003,WBS-00103,CC-00019,2026-07-24,8.0,0.0,884.64,OnPrem-SQLServer
LC-00001038,PRJ-003,WBS-00103,CC-00020,2026-06-05,8.0,0.0,442.24,OnPrem-SQLServer
LC-00001039,PRJ-003,WBS-00103,CC-00023,2026-06-05,8.0,0.0,474.96,OnPrem-SQLServer
LC-00001040,PRJ-003,WBS-00103,CC-00024,2026-06-05,8.0,0.0,292.0,OnPrem-SQLServer
LC-00001041,PRJ-003,WBS-00103,CC-00024,2026-07-03,8.0,0.0,454.4,OnPrem-SQLServer
LC-00001042,PRJ-003,WBS-00103,CC-00026,2026-05-15,8.0,0.0,454.4,OnPrem-SQLServer
LC-00001043,PRJ-003,WBS-00103,CC-00026,2026-07-03,16.0,0.0,944.0,OnPrem-SQLServer
LC-00001044,PRJ-003,WBS-00103,CC-00027,2026-06-12,8.0,0.0,292.0,OnPrem-SQLServer
LC-00001045,PRJ-003,WBS-00103,CC-00027,2026-07-17,8.0,0.0,379.68,OnPrem-SQLServer
LC-00001046,PRJ-003,WBS-00104,CC-00020,2026-07-10,8.0,0.0,454.4,OnPrem-SQLServer
LC-00001047,PRJ-003,WBS-00104,CC-00021,2026-05-22,8.0,0.0,379.68,OnPrem-SQLServer
LC-00001048,PRJ-003,WBS-00104,CC-00022,2026-06-12,8.0,0.0,454.4,OnPrem-SQLServer
LC-00001049,PRJ-003,WBS-00104,CC-00022,2026-07-31,24.0,1.44,1905.68,OnPrem-SQLServer
LC-00001050,PRJ-003,WBS-00104,CC-00023,2026-06-19,8.0,0.0,379.68,OnPrem-SQLServer
LC-00001051,PRJ-003,WBS-00104,CC-00024,2026-06-05,8.0,0.87,339.63,OnPrem-SQLServer
LC-00001052,PRJ-003,WBS-00104,CC-00024,2026-07-24,8.0,0.0,292.0,OnPrem-SQLServer
LC-00001053,PRJ-003,WBS-00104,CC-00025,2026-05-29,8.0,0.0,410.8,OnPrem-SQLServer
LC-00001054,PRJ-003,WBS-00104,CC-00025,2026-07-17,8.0,0.0,379.68,OnPrem-SQLServer
LC-00001055,PRJ-003,WBS-00104,CC-00026,2026-05-15,8.0,0.0,379.68,OnPrem-SQLServer
LC-00001056,PRJ-003,WBS-00104,CC-00027,2026-07-24,8.0,0.0,410.8,OnPrem-SQLServer
LC-00001057,PRJ-003,WBS-00105,CC-00019,2026-05-29,8.0,0.0,292.0,OnPrem-SQLServer
LC-00001058,PRJ-003,WBS-00105,CC-00020,2026-05-29,8.0,0.0,454.4,OnPrem-SQLServer
LC-00001059,PRJ-003,WBS-00105,CC-00020,2026-07-03,8.0,0.0,813.52,OnPrem-SQLServer
LC-00001060,PRJ-003,WBS-00105,CC-00022,2026-05-29,8.0,0.0,410.8,OnPrem-SQLServer
LC-00001061,PRJ-003,WBS-00105,CC-00022,2026-07-31,8.0,0.0,417.84,OnPrem-SQLServer
LC-00001062,PRJ-003,WBS-00105,CC-00023,2026-06-05,8.0,0.0,474.96,OnPrem-SQLServer
LC-00001063,PRJ-003,WBS-00105,CC-00024,2026-05-22,8.0,1.43,1121.83,OnPrem-SQLServer
LC-00001064,PRJ-003,WBS-00105,CC-00024,2026-06-19,8.0,0.0,292.4,OnPrem-SQLServer
LC-00001065,PRJ-003,WBS-00105,CC-00024,2026-07-17,8.0,0.0,410.8,OnPrem-SQLServer
LC-00001066,PRJ-003,WBS-00105,CC-00026,2026-06-12,8.0,0.0,474.96,OnPrem-SQLServer
LC-00001067,PRJ-003,WBS-00105,CC-00027,2026-05-15,8.0,0.0,474.96,OnPrem-SQLServer
LC-00001068,PRJ-003,WBS-00106,CC-00019,2026-07-10,8.0,1.42,529.09,OnPrem-SQLServer
LC-00001069,PRJ-003,WBS-00106,CC-00019,2026-07-17,8.0,1.63,495.72,OnPrem-SQLServer
LC-00001070,PRJ-003,WBS-00106,CC-00021,2026-05-22,8.0,0.0,472.0,OnPrem-SQLServer
LC-00001071,PRJ-003,WBS-00106,CC-00022,2026-07-03,8.0,0.0,379.68,OnPrem-SQLServer
LC-00001072,PRJ-003,WBS-00106,CC-00024,2026-05-08,8.0,0.0,410.8,OnPrem-SQLServer
LC-00001073,PRJ-003,WBS-00106,CC-00024,2026-07-03,8.0,0.0,454.4,OnPrem-SQLServer
LC-00001074,PRJ-003,WBS-00106,CC-00025,2026-05-08,8.0,0.0,379.68,OnPrem-SQLServer
LC-00001075,PRJ-003,WBS-00106,CC-00025,2026-05-29,8.0,0.0,398.24,OnPrem-SQLServer
LC-00001076,PRJ-003,WBS-00106,CC-00025,2026-06-05,8.0,0.0,410.8,OnPrem-SQLServer
LC-00001077,PRJ-003,WBS-00106,CC-00025,2026-07-03,8.0,0.0,410.8,OnPrem-SQLServer
LC-00001078,PRJ-003,WBS-00106,CC-00025,2026-07-24,8.0,0.0,417.84,OnPrem-SQLServer
LC-00001079,PRJ-003,WBS-00106,CC-00026,2026-05-29,8.0,0.0,417.84,OnPrem-SQLServer
LC-00001080,PRJ-003,WBS-00106,CC-00027,2026-05-29,8.0,0.65,460.87,OnPrem-SQLServer
LC-00001081,PRJ-003,WBS-00106,CC-00027,2026-06-12,8.0,0.0,884.64,OnPrem-SQLServer
LC-00001082,PRJ-003,WBS-00107,CC-00020,2026-06-12,8.0,1.02,344.32,OnPrem-SQLServer
LC-00001083,PRJ-003,WBS-00107,CC-00022,2026-05-22,8.0,0.0,474.96,OnPrem-SQLServer
LC-00001084,PRJ-003,WBS-00107,CC-00022,2026-06-26,8.0,0.0,417.84,OnPrem-SQLServer
LC-00001085,PRJ-003,WBS-00107,CC-00022,2026-07-03,8.0,0.0,884.64,OnPrem-SQLServer
LC-00001086,PRJ-003,WBS-00107,CC-00023,2026-05-29,8.0,0.0,379.68,OnPrem-SQLServer
LC-00001087,PRJ-003,WBS-00107,CC-00026,2026-07-10,8.0,0.0,410.8,OnPrem-SQLServer
LC-00001088,PRJ-003,WBS-00108,CC-00019,2026-06-26,8.0,0.0,398.24,OnPrem-SQLServer
LC-00001089,PRJ-003,WBS-00108,CC-00020,2026-06-05,8.0,0.0,472.0,OnPrem-SQLServer
LC-00001090,PRJ-003,WBS-00108,CC-00020,2026-07-24,8.0,0.0,292.0,OnPrem-SQLServer
LC-00001091,PRJ-003,WBS-00108,CC-00021,2026-06-19,8.0,0.0,417.84,OnPrem-SQLServer
LC-00001092,PRJ-003,WBS-00108,CC-00021,2026-07-31,8.0,0.0,472.0,OnPrem-SQLServer
LC-00001093,PRJ-003,WBS-00108,CC-00022,2026-05-29,8.0,0.0,398.24,OnPrem-SQLServer
LC-00001094,PRJ-003,WBS-00108,CC-00022,2026-06-26,8.0,0.0,417.84,OnPrem-SQLServer
LC-00001095,PRJ-003,WBS-00108,CC-00022,2026-07-24,24.0,0.0,1218.4,OnPrem-SQLServer
LC-00001096,PRJ-003,WBS-00108,CC-00023,2026-07-24,8.0,0.0,884.64,OnPrem-SQLServer
LC-00001097,PRJ-003,WBS-00108,CC-00024,2026-05-29,8.0,0.0,417.84,OnPrem-SQLServer
LC-00001098,PRJ-003,WBS-00108,CC-00024,2026-07-31,8.0,1.53,537.71,OnPrem-SQLServer
LC-00001099,PRJ-003,WBS-00108,CC-00025,2026-06-26,8.0,0.0,292.0,OnPrem-SQLServer
LC-00001100,PRJ-003,WBS-00108,CC-00025,2026-07-31,8.0,0.0,379.68,OnPrem-SQLServer
LC-00001101,PRJ-003,WBS-00108,CC-00026,2026-05-15,8.0,0.0,410.8,OnPrem-SQLServer
LC-00001102,PRJ-003,WBS-00108,CC-00026,2026-05-22,8.0,0.0,472.0,OnPrem-SQLServer
LC-00001103,PRJ-003,WBS-00108,CC-00026,2026-07-03,8.0,0.0,454.4,OnPrem-SQLServer
LC-00001104,PRJ-003,WBS-00109,CC-00020,2026-07-10,8.0,0.0,398.24,OnPrem-SQLServer
LC-00001105,PRJ-003,WBS-00109,CC-00021,2026-06-26,8.0,0.0,410.8,OnPrem-SQLServer
LC-00001106,PRJ-003,WBS-00109,CC-00021,2026-07-24,8.0,0.0,379.68,OnPrem-SQLServer
LC-00001107,PRJ-003,WBS-00109,CC-00021,2026-07-31,8.0,0.0,292.0,OnPrem-SQLServer
LC-00001108,PRJ-003,WBS-00109,CC-00022,2026-07-24,8.0,0.0,442.24,OnPrem-SQLServer
LC-00001109,PRJ-003,WBS-00109,CC-00023,2026-06-26,8.0,0.0,398.24,OnPrem-SQLServer
LC-00001110,PRJ-003,WBS-00109,CC-00023,2026-07-03,8.0,0.0,454.4,OnPrem-SQLServer
LC-00001111,PRJ-003,WBS-00109,CC-00024,2026-05-15,8.0,0.0,884.64,OnPrem-SQLServer
LC-00001112,PRJ-003,WBS-00109,CC-00024,2026-05-22,16.0,0.0,929.36,OnPrem-SQLServer
LC-00001113,PRJ-003,WBS-00109,CC-00025,2026-07-31,8.0,0.84,549.77,OnPrem-SQLServer
LC-00001114,PRJ-003,WBS-00109,CC-00026,2026-06-12,8.0,0.0,398.24,OnPrem-SQLServer
LC-00001115,PRJ-003,WBS-00109,CC-00026,2026-07-31,8.0,0.0,689.44,OnPrem-SQLServer
LC-00001116,PRJ-003,WBS-00109,CC-00027,2026-06-26,8.0,0.0,292.0,OnPrem-SQLServer
LC-00001117,PRJ-003,WBS-00110,CC-00019,2026-06-05,8.0,0.0,442.24,OnPrem-SQLServer
LC-00001118,PRJ-003,WBS-00110,CC-00020,2026-06-12,8.0,1.04,475.9,OnPrem-SQLServer
LC-00001119,PRJ-003,WBS-00110,CC-00020,2026-07-03,8.0,0.0,398.24,OnPrem-SQLServer
LC-00001120,PRJ-003,WBS-00110,CC-00020,2026-07-10,8.0,0.0,410.8,OnPrem-SQLServer
LC-00001121,PRJ-003,WBS-00110,CC-00020,2026-07-17,8.0,0.0,472.0,OnPrem-SQLServer
LC-00001122,PRJ-003,WBS-00110,CC-00021,2026-07-24,8.0,0.0,454.4,OnPrem-SQLServer
LC-00001123,PRJ-003,WBS-00110,CC-00022,2026-07-03,8.0,0.0,474.96,OnPrem-SQLServer
LC-00001124,PRJ-003,WBS-00110,CC-00023,2026-05-15,8.0,0.0,477.44,OnPrem-SQLServer
LC-00001125,PRJ-003,WBS-00110,CC-00023,2026-07-10,8.0,0.0,410.8,OnPrem-SQLServer
LC-00001126,PRJ-003,WBS-00110,CC-00024,2026-06-12,8.0,1.39,572.83,OnPrem-SQLServer
LC-00001127,PRJ-003,WBS-00110,CC-00025,2026-06-19,8.0,0.0,379.68,OnPrem-SQLServer
LC-00001128,PRJ-003,WBS-00110,CC-00026,2026-06-26,8.0,0.0,417.84,OnPrem-SQLServer
LC-00001129,PRJ-003,WBS-00110,CC-00026,2026-07-03,8.0,0.0,472.0,OnPrem-SQLServer
LC-00001130,PRJ-003,WBS-00110,CC-00027,2026-06-05,8.0,0.0,454.4,OnPrem-SQLServer
LC-00001131,PRJ-003,WBS-00111,CC-00020,2026-07-31,8.0,0.0,472.0,OnPrem-SQLServer
LC-00001132,PRJ-003,WBS-00111,CC-00021,2026-05-15,8.0,0.94,491.48,OnPrem-SQLServer
LC-00001133,PRJ-003,WBS-00111,CC-00021,2026-05-29,8.0,0.0,379.68,OnPrem-SQLServer
LC-00001134,PRJ-003,WBS-00111,CC-00021,2026-06-12,8.0,0.0,292.0,OnPrem-SQLServer
LC-00001135,PRJ-003,WBS-00111,CC-00022,2026-05-15,8.0,0.0,477.44,OnPrem-SQLServer
LC-00001136,PRJ-003,WBS-00111,CC-00023,2026-06-12,16.0,0.0,764.0,OnPrem-SQLServer
LC-00001137,PRJ-003,WBS-00111,CC-00023,2026-06-19,8.0,0.0,454.4,OnPrem-SQLServer
LC-00001138,PRJ-003,WBS-00111,CC-00027,2026-07-17,8.0,0.0,292.0,OnPrem-SQLServer
LC-00001139,PRJ-003,WBS-00111,CC-00027,2026-07-24,16.0,0.78,868.29,OnPrem-SQLServer
LC-00001140,PRJ-003,WBS-00112,CC-00022,2026-05-29,8.0,0.0,454.4,OnPrem-SQLServer
LC-00001141,PRJ-003,WBS-00112,CC-00023,2026-07-31,8.0,0.0,292.0,OnPrem-SQLServer
LC-00001142,PRJ-003,WBS-00112,CC-00026,2026-07-24,8.0,0.0,292.0,OnPrem-SQLServer
LC-00001143,PRJ-003,WBS-00112,CC-00026,2026-07-31,8.0,0.0,884.64,OnPrem-SQLServer
LC-00001144,PRJ-003,WBS-00112,CC-00027,2026-05-29,8.0,1.92,397.12,OnPrem-SQLServer
LC-00001145,PRJ-003,WBS-00113,CC-00019,2026-05-08,8.0,0.0,474.96,OnPrem-SQLServer
LC-00001146,PRJ-003,WBS-00113,CC-00019,2026-06-05,8.0,0.0,292.0,OnPrem-SQLServer
LC-00001147,PRJ-003,WBS-00113,CC-00021,2026-07-03,8.0,1.94,517.79,OnPrem-SQLServer
LC-00001148,PRJ-003,WBS-00113,CC-00022,2026-06-26,8.0,0.0,410.8,OnPrem-SQLServer
LC-00001149,PRJ-003,WBS-00113,CC-00022,2026-07-03,8.0,0.0,398.24,OnPrem-SQLServer
LC-00001150,PRJ-003,WBS-00113,CC-00023,2026-06-05,8.0,0.0,442.24,OnPrem-SQLServer
LC-00001151,PRJ-003,WBS-00113,CC-00023,2026-06-19,8.0,0.0,292.0,OnPrem-SQLServer
LC-00001152,PRJ-003,WBS-00113,CC-00026,2026-05-22,8.0,0.0,379.68,OnPrem-SQLServer
LC-00001153,PRJ-003,WBS-00113,CC-00026,2026-07-24,8.0,0.0,379.68,OnPrem-SQLServer
LC-00001154,PRJ-003,WBS-00113,CC-00027,2026-04-24,8.0,0.0,474.96,OnPrem-SQLServer
LC-00001155,PRJ-003,WBS-00114,CC-00020,2026-05-15,8.0,0.0,474.96,OnPrem-SQLServer
LC-00001156,PRJ-003,WBS-00114,CC-00020,2026-06-12,8.0,0.0,289.04,OnPrem-SQLServer
LC-00001157,PRJ-003,WBS-00114,CC-00020,2026-07-03,8.0,0.0,474.96,OnPrem-SQLServer
LC-00001158,PRJ-003,WBS-00114,CC-00020,2026-07-24,8.0,0.0,884.64,OnPrem-SQLServer
LC-00001159,PRJ-003,WBS-00114,CC-00021,2026-05-15,8.0,0.0,474.96,OnPrem-SQLServer
LC-00001160,PRJ-003,WBS-00114,CC-00021,2026-07-17,8.0,0.0,417.84,OnPrem-SQLServer
LC-00001161,PRJ-003,WBS-00114,CC-00023,2026-06-26,8.0,0.0,417.84,OnPrem-SQLServer
LC-00001162,PRJ-003,WBS-00114,CC-00024,2026-07-24,8.0,0.0,442.24,OnPrem-SQLServer
LC-00001163,PRJ-003,WBS-00114,CC-00025,2026-07-03,8.0,0.0,379.68,OnPrem-SQLServer
LC-00001164,PRJ-003,WBS-00114,CC-00026,2026-06-05,8.0,0.0,442.24,OnPrem-SQLServer
LC-00001165,PRJ-003,WBS-00114,CC-00027,2026-06-26,8.0,0.0,292.0,OnPrem-SQLServer
LC-00001166,PRJ-003,WBS-00114,CC-00027,2026-07-03,8.0,0.0,884.64,OnPrem-SQLServer
LC-00001167,PRJ-003,WBS-00115,CC-00019,2026-06-26,8.0,0.0,884.64,OnPrem-SQLServer
LC-00001168,PRJ-003,WBS-00115,CC-00023,2026-05-22,8.0,1.25,560.9,OnPrem-SQLServer
LC-00001169,PRJ-003,WBS-00115,CC-00023,2026-06-19,8.0,0.0,884.64,OnPrem-SQLServer
LC-00001170,PRJ-003,WBS-00115,CC-00023,2026-07-03,8.0,0.0,292.0,OnPrem-SQLServer
LC-00001171,PRJ-003,WBS-00115,CC-00024,2026-05-08,8.0,0.0,410.8,OnPrem-SQLServer
LC-00001172,PRJ-003,WBS-00115,CC-00024,2026-05-15,8.0,0.0,417.84,OnPrem-SQLServer
LC-00001173,PRJ-003,WBS-00115,CC-00024,2026-06-26,8.0,0.0,292.0,OnPrem-SQLServer
LC-00001174,PRJ-003,WBS-00115,CC-00025,2026-06-26,8.0,0.0,474.96,OnPrem-SQLServer
LC-00001175,PRJ-003,WBS-00115,CC-00025,2026-07-10,8.0,0.0,417.84,OnPrem-SQLServer
LC-00001176,PRJ-003,WBS-00115,CC-00025,2026-07-24,8.0,0.0,442.24,OnPrem-SQLServer
LC-00001177,PRJ-003,WBS-00115,CC-00026,2026-06-05,8.0,0.0,588.08,OnPrem-SQLServer
LC-00001178,PRJ-003,WBS-00115,CC-00027,2026-06-19,8.0,0.0,417.84,OnPrem-SQLServer
LC-00001179,PRJ-003,WBS-00115,CC-00027,2026-07-10,8.0,0.0,454.4,OnPrem-SQLServer
LC-00001180,PRJ-003,WBS-00116,CC-00019,2026-07-03,8.0,0.0,454.4,OnPrem-SQLServer
LC-00001181,PRJ-003,WBS-00116,CC-00020,2026-05-22,8.0,0.0,884.64,OnPrem-SQLServer
LC-00001182,PRJ-003,WBS-00116,CC-00021,2026-07-31,8.0,0.0,292.0,OnPrem-SQLServer
LC-00001183,PRJ-003,WBS-00116,CC-00023,2026-05-01,8.0,0.0,474.96,OnPrem-SQLServer
LC-00001184,PRJ-003,WBS-00116,CC-00023,2026-05-08,8.0,0.0,472.0,OnPrem-SQLServer
LC-00001185,PRJ-003,WBS-00116,CC-00024,2026-06-19,8.0,0.0,472.0,OnPrem-SQLServer
LC-00001186,PRJ-003,WBS-00116,CC-00024,2026-07-17,8.0,0.0,417.84,OnPrem-SQLServer
LC-00001187,PRJ-003,WBS-00116,CC-00025,2026-05-08,8.0,1.56,540.06,OnPrem-SQLServer
LC-00001188,PRJ-003,WBS-00116,CC-00025,2026-06-12,8.0,0.0,289.04,OnPrem-SQLServer
LC-00001189,PRJ-003,WBS-00116,CC-00025,2026-07-10,8.0,1.55,513.98,OnPrem-SQLServer
LC-00001190,PRJ-003,WBS-00116,CC-00026,2026-06-05,8.0,0.0,472.0,OnPrem-SQLServer
LC-00001191,PRJ-003,WBS-00116,CC-00026,2026-06-12,8.0,0.0,474.96,OnPrem-SQLServer
LC-00001192,PRJ-003,WBS-00116,CC-00027,2026-05-22,8.0,0.0,472.0,OnPrem-SQLServer
LC-00001193,PRJ-003,WBS-00116,CC-00027,2026-07-31,8.0,0.0,474.96,OnPrem-SQLServer
LC-00001194,PRJ-003,WBS-00117,CC-00019,2026-05-22,8.0,1.91,1201.45,OnPrem-SQLServer
LC-00001195,PRJ-003,WBS-00117,CC-00019,2026-06-05,8.0,0.0,884.64,OnPrem-SQLServer
LC-00001196,PRJ-003,WBS-00117,CC-00022,2026-05-29,8.0,1.54,529.42,OnPrem-SQLServer
LC-00001197,PRJ-003,WBS-00117,CC-00022,2026-06-12,8.0,0.65,468.76,OnPrem-SQLServer
LC-00001198,PRJ-003,WBS-00117,CC-00022,2026-06-19,8.0,0.0,379.68,OnPrem-SQLServer
LC-00001199,PRJ-003,WBS-00117,CC-00023,2026-06-19,8.0,0.0,884.64,OnPrem-SQLServer
LC-00001200,PRJ-003,WBS-00117,CC-00023,2026-07-24,8.0,0.53,972.55,OnPrem-SQLServer
LC-00001201,PRJ-003,WBS-00117,CC-00024,2026-07-10,8.0,0.0,379.68,OnPrem-SQLServer
LC-00001202,PRJ-003,WBS-00117,CC-00025,2026-05-08,8.0,0.73,536.61,OnPrem-SQLServer
LC-00001203,PRJ-003,WBS-00117,CC-00025,2026-06-05,8.0,0.0,588.08,OnPrem-SQLServer
LC-00001204,PRJ-003,WBS-00117,CC-00026,2026-05-29,8.0,0.0,398.24,OnPrem-SQLServer
LC-00001205,PRJ-003,WBS-00117,CC-00026,2026-06-05,8.0,0.0,379.68,OnPrem-SQLServer
LC-00001206,PRJ-003,WBS-00117,CC-00027,2026-06-26,8.0,0.0,398.24,OnPrem-SQLServer
LC-00001207,PRJ-003,WBS-00117,CC-00027,2026-07-24,8.0,0.0,454.4,OnPrem-SQLServer
LC-00001208,PRJ-003,WBS-00118,CC-00019,2026-05-15,8.0,0.0,379.68,OnPrem-SQLServer
LC-00001209,PRJ-003,WBS-00118,CC-00020,2026-06-05,8.0,0.0,417.84,OnPrem-SQLServer
LC-00001210,PRJ-003,WBS-00118,CC-00020,2026-07-03,8.0,0.0,474.96,OnPrem-SQLServer
LC-00001211,PRJ-003,WBS-00118,CC-00021,2026-05-08,8.0,0.0,379.68,OnPrem-SQLServer
LC-00001212,PRJ-003,WBS-00118,CC-00022,2026-07-24,8.0,0.0,417.84,OnPrem-SQLServer
LC-00001213,PRJ-003,WBS-00118,CC-00023,2026-07-17,8.0,0.0,379.68,OnPrem-SQLServer
LC-00001214,PRJ-003,WBS-00118,CC-00024,2026-04-24,8.0,0.0,474.96,OnPrem-SQLServer
LC-00001215,PRJ-003,WBS-00118,CC-00024,2026-06-12,8.0,0.83,482.87,OnPrem-SQLServer
LC-00001216,PRJ-003,WBS-00118,CC-00024,2026-07-03,8.0,0.0,472.0,OnPrem-SQLServer
LC-00001217,PRJ-003,WBS-00118,CC-00026,2026-07-03,8.0,0.0,292.0,OnPrem-SQLServer
LC-00001218,PRJ-003,WBS-00118,CC-00026,2026-07-31,8.0,0.6,984.16,OnPrem-SQLServer
LC-00001219,PRJ-003,WBS-00118,CC-00027,2026-07-24,8.0,0.0,379.68,OnPrem-SQLServer
LC-00001220,PRJ-003,WBS-00119,CC-00019,2026-06-05,8.0,0.0,884.64,OnPrem-SQLServer
LC-00001221,PRJ-003,WBS-00119,CC-00020,2026-06-05,8.0,0.0,410.8,OnPrem-SQLServer
LC-00001222,PRJ-003,WBS-00119,CC-00020,2026-07-24,8.0,0.0,398.08,OnPrem-SQLServer
LC-00001223,PRJ-003,WBS-00119,CC-00020,2026-07-31,16.0,0.0,1164.4,OnPrem-SQLServer
LC-00001224,PRJ-003,WBS-00119,CC-00021,2026-05-01,8.0,0.73,431.65,OnPrem-SQLServer
LC-00001225,PRJ-003,WBS-00119,CC-00022,2026-05-08,8.0,0.0,410.8,OnPrem-SQLServer
LC-00001226,PRJ-003,WBS-00119,CC-00022,2026-06-19,8.0,0.0,884.64,OnPrem-SQLServer
LC-00001227,PRJ-003,WBS-00119,CC-00025,2026-06-12,16.0,1.63,1265.88,OnPrem-SQLServer
LC-00001228,PRJ-003,WBS-00119,CC-00027,2026-07-24,8.0,0.0,454.4,OnPrem-SQLServer
LC-00001229,PRJ-003,WBS-00120,CC-00019,2026-06-05,8.0,0.0,417.84,OnPrem-SQLServer
LC-00001230,PRJ-003,WBS-00120,CC-00020,2026-05-22,8.0,0.0,379.68,OnPrem-SQLServer
LC-00001231,PRJ-003,WBS-00120,CC-00020,2026-07-17,8.0,0.58,463.28,OnPrem-SQLServer
LC-00001232,PRJ-003,WBS-00120,CC-00021,2026-06-05,8.0,0.0,379.68,OnPrem-SQLServer
LC-00001233,PRJ-003,WBS-00120,CC-00022,2026-05-15,8.0,0.0,379.68,OnPrem-SQLServer
LC-00001234,PRJ-003,WBS-00120,CC-00022,2026-06-05,8.0,0.0,417.84,OnPrem-SQLServer
LC-00001235,PRJ-003,WBS-00120,CC-00023,2026-05-15,8.0,0.0,454.4,OnPrem-SQLServer
LC-00001236,PRJ-003,WBS-00120,CC-00023,2026-07-31,8.0,0.0,884.64,OnPrem-SQLServer
LC-00001237,PRJ-003,WBS-00120,CC-00024,2026-06-26,8.0,0.0,474.96,OnPrem-SQLServer
LC-00001238,PRJ-003,WBS-00120,CC-00025,2026-07-31,8.0,0.0,689.44,OnPrem-SQLServer
LC-00001239,PRJ-003,WBS-00120,CC-00026,2026-06-12,8.0,0.0,410.8,OnPrem-SQLServer
LC-00001240,PRJ-003,WBS-00120,CC-00026,2026-06-19,8.0,0.0,474.96,OnPrem-SQLServer
LC-00001241,PRJ-003,WBS-00120,CC-00026,2026-06-26,8.0,0.0,379.68,OnPrem-SQLServer
LC-00001242,PRJ-003,WBS-00120,CC-00026,2026-07-10,8.0,0.0,417.84,OnPrem-SQLServer
LC-00001243,PRJ-003,WBS-00121,CC-00021,2026-06-05,8.0,0.0,474.96,OnPrem-SQLServer
LC-00001244,PRJ-003,WBS-00121,CC-00021,2026-06-12,8.0,0.0,884.64,OnPrem-SQLServer
LC-00001245,PRJ-003,WBS-00121,CC-00022,2026-06-05,8.0,0.0,588.08,OnPrem-SQLServer
LC-00001246,PRJ-003,WBS-00121,CC-00022,2026-07-17,8.0,0.0,474.96,OnPrem-SQLServer
LC-00001247,PRJ-003,WBS-00121,CC-00023,2026-05-08,8.0,0.0,410.8,OnPrem-SQLServer
LC-00001248,PRJ-003,WBS-00121,CC-00023,2026-06-12,8.0,0.0,410.8,OnPrem-SQLServer
LC-00001249,PRJ-003,WBS-00121,CC-00023,2026-06-19,8.0,0.0,292.0,OnPrem-SQLServer
LC-00001250,PRJ-003,WBS-00121,CC-00026,2026-05-22,8.0,0.0,472.0,OnPrem-SQLServer
LC-00001251,PRJ-003,WBS-00121,CC-00026,2026-05-29,8.0,0.0,454.4,OnPrem-SQLServer
LC-00001252,PRJ-003,WBS-00121,CC-00026,2026-06-26,8.0,0.0,417.84,OnPrem-SQLServer
LC-00001253,PRJ-003,WBS-00122,CC-00020,2026-05-29,8.0,1.46,532.22,OnPrem-SQLServer
LC-00001254,PRJ-003,WBS-00122,CC-00022,2026-07-17,8.0,0.0,417.84,OnPrem-SQLServer
LC-00001255,PRJ-003,WBS-00122,CC-00023,2026-06-05,8.0,0.0,379.68,OnPrem-SQLServer
LC-00001256,PRJ-003,WBS-00122,CC-00023,2026-06-19,16.0,1.49,863.6,OnPrem-SQLServer
LC-00001257,PRJ-003,WBS-00122,CC-00023,2026-07-03,8.0,0.0,398.24,OnPrem-SQLServer
LC-00001258,PRJ-003,WBS-00122,CC-00023,2026-07-31,8.0,0.0,474.96,OnPrem-SQLServer
LC-00001259,PRJ-003,WBS-00122,CC-00024,2026-06-05,8.0,0.0,588.08,OnPrem-SQLServer
LC-00001260,PRJ-003,WBS-00122,CC-00024,2026-06-26,8.0,0.0,884.64,OnPrem-SQLServer
LC-00001261,PRJ-003,WBS-00122,CC-00025,2026-06-19,8.0,0.0,474.96,OnPrem-SQLServer
LC-00001262,PRJ-003,WBS-00122,CC-00027,2026-05-15,8.0,0.0,410.8,OnPrem-SQLServer
LC-00001263,PRJ-003,WBS-00122,CC-00027,2026-06-05,8.0,0.0,472.0,OnPrem-SQLServer
LC-00001264,PRJ-003,WBS-00122,CC-00027,2026-06-26,8.0,0.0,474.96,OnPrem-SQLServer
LC-00001265,PRJ-003,WBS-00123,CC-00020,2026-05-15,8.0,1.9,566.7,OnPrem-SQLServer
LC-00001266,PRJ-003,WBS-00123,CC-00020,2026-06-05,8.0,0.0,292.0,OnPrem-SQLServer
LC-00001267,PRJ-003,WBS-00123,CC-00020,2026-07-31,8.0,0.61,423.11,OnPrem-SQLServer
LC-00001268,PRJ-003,WBS-00123,CC-00022,2026-07-10,8.0,0.0,417.84,OnPrem-SQLServer
LC-00001269,PRJ-003,WBS-00123,CC-00022,2026-07-31,8.0,0.0,292.0,OnPrem-SQLServer
LC-00001270,PRJ-003,WBS-00123,CC-00023,2026-05-01,8.0,0.0,379.68,OnPrem-SQLServer
LC-00001271,PRJ-003,WBS-00123,CC-00023,2026-05-22,8.0,0.0,884.64,OnPrem-SQLServer
LC-00001272,PRJ-003,WBS-00123,CC-00024,2026-05-22,8.0,0.0,454.4,OnPrem-SQLServer
LC-00001273,PRJ-003,WBS-00123,CC-00025,2026-05-22,8.0,0.0,474.96,OnPrem-SQLServer
LC-00001274,PRJ-003,WBS-00123,CC-00025,2026-07-17,8.0,0.0,884.64,OnPrem-SQLServer
LC-00001275,PRJ-003,WBS-00123,CC-00027,2026-05-15,8.0,0.0,417.84,OnPrem-SQLServer
LC-00001276,PRJ-003,WBS-00123,CC-00027,2026-07-24,8.0,0.0,404.56,OnPrem-SQLServer
LC-00001277,PRJ-003,WBS-00124,CC-00020,2026-05-08,8.0,0.84,549.77,OnPrem-SQLServer
LC-00001278,PRJ-003,WBS-00124,CC-00021,2026-06-19,8.0,0.0,472.0,OnPrem-SQLServer
LC-00001279,PRJ-003,WBS-00124,CC-00022,2026-06-19,8.0,0.0,474.96,OnPrem-SQLServer
LC-00001280,PRJ-003,WBS-00124,CC-00022,2026-06-26,8.0,0.0,398.24,OnPrem-SQLServer
LC-00001281,PRJ-003,WBS-00124,CC-00023,2026-05-15,8.0,0.0,454.4,OnPrem-SQLServer
LC-00001282,PRJ-003,WBS-00124,CC-00023,2026-07-10,8.0,0.0,410.8,OnPrem-SQLServer
LC-00001283,PRJ-003,WBS-00124,CC-00024,2026-07-31,8.0,0.0,472.0,OnPrem-SQLServer
LC-00001284,PRJ-003,WBS-00124,CC-00027,2026-07-17,8.0,0.0,884.64,OnPrem-SQLServer
LC-00001285,PRJ-003,WBS-00125,CC-00020,2026-06-19,8.0,0.0,454.4,OnPrem-SQLServer
LC-00001286,PRJ-003,WBS-00125,CC-00021,2026-07-17,8.0,0.0,474.96,OnPrem-SQLServer
LC-00001287,PRJ-003,WBS-00125,CC-00022,2026-07-17,8.0,0.0,474.96,OnPrem-SQLServer
LC-00001288,PRJ-003,WBS-00125,CC-00023,2026-05-22,8.0,0.0,379.68,OnPrem-SQLServer
LC-00001289,PRJ-003,WBS-00125,CC-00023,2026-07-24,8.0,1.77,538.82,OnPrem-SQLServer
LC-00001290,PRJ-003,WBS-00125,CC-00024,2026-06-05,24.0,0.0,1347.2,OnPrem-SQLServer
LC-00001291,PRJ-003,WBS-00125,CC-00024,2026-07-31,8.0,0.0,417.84,OnPrem-SQLServer
LC-00001292,PRJ-003,WBS-00126,CC-00019,2026-05-29,8.0,0.0,472.0,OnPrem-SQLServer
LC-00001293,PRJ-003,WBS-00126,CC-00023,2026-05-15,8.0,0.0,594.48,OnPrem-SQLServer
LC-00001294,PRJ-003,WBS-00126,CC-00024,2026-06-19,8.0,0.0,454.4,OnPrem-SQLServer
LC-00001295,PRJ-003,WBS-00126,CC-00024,2026-06-26,8.0,0.0,292.0,OnPrem-SQLServer
LC-00001296,PRJ-003,WBS-00126,CC-00026,2026-07-10,8.0,0.0,410.8,OnPrem-SQLServer
LC-00001297,PRJ-003,WBS-00126,CC-00027,2026-05-08,16.0,0.0,797.52,OnPrem-SQLServer
LC-00001298,PRJ-003,WBS-00126,CC-00027,2026-06-05,8.0,0.0,884.64,OnPrem-SQLServer
LC-00001299,PRJ-003,WBS-00126,CC-00027,2026-07-17,8.0,0.0,417.84,OnPrem-SQLServer
LC-00001300,PRJ-003,WBS-00127,CC-00020,2026-05-01,8.0,0.0,379.68,OnPrem-SQLServer
LC-00001301,PRJ-003,WBS-00127,CC-00022,2026-07-31,8.0,0.0,472.0,OnPrem-SQLServer
LC-00001302,PRJ-003,WBS-00127,CC-00023,2026-07-10,8.0,0.0,472.0,OnPrem-SQLServer
LC-00001303,PRJ-003,WBS-00127,CC-00024,2026-06-26,8.0,0.0,474.96,OnPrem-SQLServer
LC-00001304,PRJ-003,WBS-00127,CC-00025,2026-05-15,8.0,0.0,474.96,OnPrem-SQLServer
LC-00001305,PRJ-003,WBS-00127,CC-00026,2026-05-15,8.0,0.62,423.82,OnPrem-SQLServer
LC-00001306,PRJ-003,WBS-00127,CC-00026,2026-06-12,8.0,0.0,417.84,OnPrem-SQLServer
LC-00001307,PRJ-003,WBS-00127,CC-00026,2026-06-19,8.0,0.0,472.0,OnPrem-SQLServer
LC-00001308,PRJ-003,WBS-00127,CC-00026,2026-07-10,8.0,0.0,398.24,OnPrem-SQLServer
LC-00001309,PRJ-003,WBS-00127,CC-00027,2026-06-05,8.0,0.0,379.68,OnPrem-SQLServer
LC-00001310,PRJ-003,WBS-00127,CC-00027,2026-07-24,16.0,0.0,821.6,OnPrem-SQLServer
LC-00001311,PRJ-003,WBS-00128,CC-00019,2026-05-08,8.0,0.0,472.0,OnPrem-SQLServer
LC-00001312,PRJ-003,WBS-00128,CC-00020,2026-06-12,8.0,0.0,398.24,OnPrem-SQLServer
LC-00001313,PRJ-003,WBS-00128,CC-00022,2026-04-24,8.0,0.0,474.96,OnPrem-SQLServer
LC-00001314,PRJ-003,WBS-00128,CC-00022,2026-07-31,8.0,0.0,410.8,OnPrem-SQLServer
LC-00001315,PRJ-003,WBS-00128,CC-00023,2026-07-03,8.0,0.0,474.96,OnPrem-SQLServer
LC-00001316,PRJ-003,WBS-00128,CC-00024,2026-07-03,8.0,1.36,1020.97,OnPrem-SQLServer
LC-00001317,PRJ-003,WBS-00128,CC-00025,2026-06-05,8.0,0.0,454.4,OnPrem-SQLServer
LC-00001318,PRJ-003,WBS-00128,CC-00026,2026-05-22,8.0,0.0,454.4,OnPrem-SQLServer
LC-00001319,PRJ-003,WBS-00128,CC-00026,2026-06-05,8.0,0.59,653.14,OnPrem-SQLServer
LC-00001320,PRJ-003,WBS-00128,CC-00026,2026-07-24,8.0,0.0,398.24,OnPrem-SQLServer
LC-00001321,PRJ-003,WBS-00128,CC-00027,2026-07-24,8.0,0.99,495.4,OnPrem-SQLServer
LC-00001322,PRJ-003,WBS-00129,CC-00019,2026-06-12,8.0,0.0,410.8,OnPrem-SQLServer
LC-00001323,PRJ-003,WBS-00129,CC-00020,2026-07-10,8.0,0.0,454.4,OnPrem-SQLServer
LC-00001324,PRJ-003,WBS-00129,CC-00020,2026-07-17,8.0,0.0,884.64,OnPrem-SQLServer
LC-00001325,PRJ-003,WBS-00129,CC-00022,2026-05-08,8.0,0.0,474.96,OnPrem-SQLServer
LC-00001326,PRJ-003,WBS-00129,CC-00022,2026-07-31,8.0,0.0,398.24,OnPrem-SQLServer
LC-00001327,PRJ-003,WBS-00129,CC-00023,2026-05-15,8.0,0.0,884.64,OnPrem-SQLServer
LC-00001328,PRJ-003,WBS-00129,CC-00023,2026-07-10,8.0,0.0,884.64,OnPrem-SQLServer
LC-00001329,PRJ-003,WBS-00129,CC-00026,2026-05-15,8.0,0.0,410.8,OnPrem-SQLServer
LC-00001330,PRJ-003,WBS-00129,CC-00026,2026-05-29,8.0,0.0,454.4,OnPrem-SQLServer
LC-00001331,PRJ-003,WBS-00129,CC-00027,2026-07-03,8.0,0.0,292.0,OnPrem-SQLServer
LC-00001332,PRJ-003,WBS-00130,CC-00019,2026-05-22,8.0,0.0,379.68,OnPrem-SQLServer
LC-00001333,PRJ-003,WBS-00130,CC-00019,2026-06-19,8.0,0.0,379.68,OnPrem-SQLServer
LC-00001334,PRJ-003,WBS-00130,CC-00020,2026-05-15,8.0,0.0,594.48,OnPrem-SQLServer
LC-00001335,PRJ-003,WBS-00130,CC-00020,2026-05-29,8.0,0.0,472.0,OnPrem-SQLServer
LC-00001336,PRJ-003,WBS-00130,CC-00021,2026-06-12,8.0,0.56,322.66,OnPrem-SQLServer
LC-00001337,PRJ-003,WBS-00130,CC-00023,2026-07-10,8.0,0.0,379.68,OnPrem-SQLServer
LC-00001338,PRJ-003,WBS-00130,CC-00023,2026-07-24,8.0,0.0,398.08,OnPrem-SQLServer
LC-00001339,PRJ-003,WBS-00130,CC-00025,2026-07-24,8.0,0.0,454.4,OnPrem-SQLServer
LC-00001340,PRJ-003,WBS-00130,CC-00026,2026-06-19,8.0,0.0,474.96,OnPrem-SQLServer
LC-00001341,PRJ-003,WBS-00130,CC-00026,2026-07-17,8.0,0.0,474.96,OnPrem-SQLServer
LC-00001342,PRJ-003,WBS-00130,CC-00026,2026-07-24,8.0,0.0,884.64,OnPrem-SQLServer
LC-00001343,PRJ-003,WBS-00130,CC-00026,2026-07-31,8.0,0.0,379.68,OnPrem-SQLServer
LC-00001344,PRJ-003,WBS-00130,CC-00027,2026-06-12,8.0,0.0,454.4,OnPrem-SQLServer
LC-00001345,PRJ-003,WBS-00130,CC-00027,2026-06-26,8.0,0.0,884.64,OnPrem-SQLServer
LC-00001346,PRJ-003,WBS-00130,CC-00027,2026-07-31,8.0,0.0,410.8,OnPrem-SQLServer
LC-00001347,PRJ-004,WBS-00131,CC-00030,2026-07-17,8.0,0.0,289.12,OnPrem-SQLServer
LC-00001348,PRJ-004,WBS-00131,CC-00031,2026-07-10,8.0,0.0,398.24,OnPrem-SQLServer
LC-00001349,PRJ-004,WBS-00131,CC-00032,2026-06-26,8.0,0.0,558.48,OnPrem-SQLServer
LC-00001350,PRJ-004,WBS-00131,CC-00033,2026-07-17,8.0,0.83,281.97,OnPrem-SQLServer
LC-00001351,PRJ-004,WBS-00131,CC-00034,2026-05-22,8.0,0.0,400.8,OnPrem-SQLServer
LC-00001352,PRJ-004,WBS-00131,CC-00035,2026-07-31,8.0,0.0,404.72,OnPrem-SQLServer
LC-00001353,PRJ-004,WBS-00131,CC-00036,2026-07-31,8.0,0.0,256.48,OnPrem-SQLServer
LC-00001354,PRJ-004,WBS-00132,CC-00029,2026-06-05,8.0,0.0,244.0,OnPrem-SQLServer
LC-00001355,PRJ-004,WBS-00132,CC-00029,2026-07-03,8.0,1.89,347.37,OnPrem-SQLServer
LC-00001356,PRJ-004,WBS-00132,CC-00029,2026-07-10,8.0,0.0,400.8,OnPrem-SQLServer
LC-00001357,PRJ-004,WBS-00132,CC-00030,2026-06-26,16.0,0.0,814.96,OnPrem-SQLServer
LC-00001358,PRJ-004,WBS-00132,CC-00030,2026-07-03,8.0,0.0,289.12,OnPrem-SQLServer
LC-00001359,PRJ-004,WBS-00132,CC-00032,2026-07-10,8.0,0.0,289.12,OnPrem-SQLServer
LC-00001360,PRJ-004,WBS-00132,CC-00033,2026-07-03,8.0,0.0,244.0,OnPrem-SQLServer
LC-00001361,PRJ-004,WBS-00132,CC-00034,2026-06-12,16.0,0.0,802.48,OnPrem-SQLServer
LC-00001362,PRJ-004,WBS-00132,CC-00034,2026-07-10,8.0,0.0,470.72,OnPrem-SQLServer
LC-00001363,PRJ-004,WBS-00132,CC-00034,2026-07-31,8.0,0.0,289.12,OnPrem-SQLServer
LC-00001364,PRJ-004,WBS-00132,CC-00035,2026-06-12,16.0,0.0,875.28,OnPrem-SQLServer
LC-00001365,PRJ-004,WBS-00132,CC-00036,2026-06-19,16.0,1.33,1071.72,OnPrem-SQLServer
LC-00001366,PRJ-004,WBS-00133,CC-00028,2026-06-19,16.0,0.0,512.96,OnPrem-SQLServer
LC-00001367,PRJ-004,WBS-00133,CC-00029,2026-05-15,8.0,1.89,637.53,OnPrem-SQLServer
LC-00001368,PRJ-004,WBS-00133,CC-00029,2026-07-31,8.0,0.0,256.48,OnPrem-SQLServer
LC-00001369,PRJ-004,WBS-00133,CC-00030,2026-06-05,8.0,0.0,440.8,OnPrem-SQLServer
LC-00001370,PRJ-004,WBS-00133,CC-00030,2026-07-10,8.0,0.0,244.0,OnPrem-SQLServer
LC-00001371,PRJ-004,WBS-00133,CC-00031,2026-06-26,8.0,0.0,671.44,OnPrem-SQLServer
LC-00001372,PRJ-004,WBS-00133,CC-00032,2026-06-19,8.0,0.0,289.12,OnPrem-SQLServer
LC-00001373,PRJ-004,WBS-00133,CC-00032,2026-06-26,8.0,0.0,474.48,OnPrem-SQLServer
LC-00001374,PRJ-004,WBS-00133,CC-00033,2026-06-05,8.0,0.0,440.8,OnPrem-SQLServer
LC-00001375,PRJ-004,WBS-00133,CC-00034,2026-06-05,8.0,0.0,244.0,OnPrem-SQLServer
LC-00001376,PRJ-004,WBS-00133,CC-00035,2026-06-19,8.0,0.0,558.48,OnPrem-SQLServer
LC-00001377,PRJ-004,WBS-00133,CC-00036,2026-07-10,8.0,0.81,333.03,OnPrem-SQLServer
LC-00001378,PRJ-004,WBS-00133,CC-00036,2026-07-17,8.0,0.0,289.12,OnPrem-SQLServer
LC-00001379,PRJ-004,WBS-00134,CC-00028,2026-06-26,8.0,0.0,558.48,OnPrem-SQLServer
LC-00001380,PRJ-004,WBS-00134,CC-00028,2026-07-03,8.0,0.0,558.48,OnPrem-SQLServer
LC-00001381,PRJ-004,WBS-00134,CC-00029,2026-07-03,8.0,0.0,558.48,OnPrem-SQLServer
LC-00001382,PRJ-004,WBS-00134,CC-00030,2026-07-24,8.0,0.0,398.24,OnPrem-SQLServer
LC-00001383,PRJ-004,WBS-00134,CC-00031,2026-07-10,8.0,0.0,462.8,OnPrem-SQLServer
LC-00001384,PRJ-004,WBS-00134,CC-00031,2026-07-17,8.0,0.0,474.48,OnPrem-SQLServer
LC-00001385,PRJ-004,WBS-00134,CC-00032,2026-06-12,8.0,1.42,504.27,OnPrem-SQLServer
LC-00001386,PRJ-004,WBS-00134,CC-00032,2026-07-17,8.0,0.0,292.4,OnPrem-SQLServer
LC-00001387,PRJ-004,WBS-00134,CC-00033,2026-06-12,8.0,0.0,400.8,OnPrem-SQLServer
LC-00001388,PRJ-004,WBS-00134,CC-00035,2026-07-10,16.0,0.0,727.2,OnPrem-SQLServer
LC-00001389,PRJ-004,WBS-00135,CC-00028,2026-06-12,8.0,0.0,544.16,OnPrem-SQLServer
LC-00001390,PRJ-004,WBS-00135,CC-00028,2026-06-19,8.0,0.0,400.8,OnPrem-SQLServer
LC-00001391,PRJ-004,WBS-00135,CC-00030,2026-06-19,8.0,0.78,293.99,OnPrem-SQLServer
LC-00001392,PRJ-004,WBS-00135,CC-00031,2026-06-12,8.0,0.0,474.48,OnPrem-SQLServer
LC-00001393,PRJ-004,WBS-00135,CC-00032,2026-06-26,8.0,0.0,244.0,OnPrem-SQLServer
LC-00001394,PRJ-004,WBS-00135,CC-00032,2026-07-03,8.0,0.0,289.12,OnPrem-SQLServer
LC-00001395,PRJ-004,WBS-00135,CC-00033,2026-06-26,8.0,0.0,244.0,OnPrem-SQLServer
LC-00001396,PRJ-004,WBS-00135,CC-00035,2026-05-29,8.0,0.69,452.65,OnPrem-SQLServer
LC-00001397,PRJ-004,WBS-00135,CC-00035,2026-06-19,16.0,1.63,562.57,OnPrem-SQLServer
LC-00001398,PRJ-004,WBS-00136,CC-00029,2026-07-17,8.0,0.0,292.4,OnPrem-SQLServer
LC-00001399,PRJ-004,WBS-00136,CC-00030,2026-06-19,8.0,0.0,398.24,OnPrem-SQLServer
LC-00001400,PRJ-004,WBS-00136,CC-00030,2026-07-10,8.0,1.51,716.6,OnPrem-SQLServer
LC-00001401,PRJ-004,WBS-00136,CC-00031,2026-07-10,8.0,0.0,558.48,OnPrem-SQLServer
LC-00001402,PRJ-004,WBS-00136,CC-00031,2026-07-24,8.0,0.0,474.48,OnPrem-SQLServer
LC-00001403,PRJ-004,WBS-00136,CC-00036,2026-07-03,8.0,0.61,285.81,OnPrem-SQLServer
LC-00001404,PRJ-004,WBS-00136,CC-00036,2026-07-31,8.0,0.0,558.48,OnPrem-SQLServer
LC-00001405,PRJ-004,WBS-00137,CC-00028,2026-07-17,8.0,0.0,558.48,OnPrem-SQLServer
LC-00001406,PRJ-004,WBS-00137,CC-00028,2026-07-24,8.0,0.0,244.0,OnPrem-SQLServer
LC-00001407,PRJ-004,WBS-00137,CC-00031,2026-07-10,8.0,0.0,400.8,OnPrem-SQLServer
LC-00001408,PRJ-004,WBS-00137,CC-00032,2026-05-29,8.0,1.82,749.06,OnPrem-SQLServer
LC-00001409,PRJ-004,WBS-00137,CC-00032,2026-06-05,8.0,0.0,702.72,OnPrem-SQLServer
LC-00001410,PRJ-004,WBS-00137,CC-00033,2026-07-03,8.0,0.0,470.72,OnPrem-SQLServer
LC-00001411,PRJ-004,WBS-00137,CC-00033,2026-07-24,8.0,0.0,398.24,OnPrem-SQLServer
LC-00001412,PRJ-004,WBS-00137,CC-00034,2026-06-26,8.0,0.0,256.48,OnPrem-SQLServer
LC-00001413,PRJ-004,WBS-00137,CC-00035,2026-07-17,8.0,0.0,474.48,OnPrem-SQLServer
LC-00001414,PRJ-004,WBS-00137,CC-00036,2026-07-24,8.0,0.0,558.48,OnPrem-SQLServer
LC-00001415,PRJ-004,WBS-00138,CC-00028,2026-06-26,8.0,0.0,474.48,OnPrem-SQLServer
LC-00001416,PRJ-004,WBS-00138,CC-00029,2026-06-05,8.0,0.0,398.24,OnPrem-SQLServer
LC-00001417,PRJ-004,WBS-00138,CC-00030,2026-07-17,8.0,0.0,444.16,OnPrem-SQLServer
LC-00001418,PRJ-004,WBS-00138,CC-00031,2026-07-24,24.0,1.21,1114.55,OnPrem-SQLServer
LC-00001419,PRJ-004,WBS-00138,CC-00032,2026-05-15,8.0,0.0,400.8,OnPrem-SQLServer
LC-00001420,PRJ-004,WBS-00138,CC-00032,2026-06-12,8.0,0.0,398.24,OnPrem-SQLServer
LC-00001421,PRJ-004,WBS-00138,CC-00033,2026-06-26,16.0,0.0,893.2,OnPrem-SQLServer
LC-00001422,PRJ-004,WBS-00138,CC-00033,2026-07-24,8.0,0.0,558.48,OnPrem-SQLServer
LC-00001423,PRJ-004,WBS-00138,CC-00033,2026-07-31,8.0,0.0,398.24,OnPrem-SQLServer
LC-00001424,PRJ-004,WBS-00138,CC-00034,2026-07-31,8.0,0.0,404.72,OnPrem-SQLServer
LC-00001425,PRJ-004,WBS-00138,CC-00035,2026-05-29,8.0,0.79,641.2,OnPrem-SQLServer
LC-00001426,PRJ-004,WBS-00138,CC-00036,2026-06-12,8.0,0.0,558.48,OnPrem-SQLServer
LC-00001427,PRJ-004,WBS-00138,CC-00036,2026-07-03,8.0,0.0,289.12,OnPrem-SQLServer
LC-00001428,PRJ-004,WBS-00139,CC-00029,2026-06-12,8.0,0.0,544.16,OnPrem-SQLServer
LC-00001429,PRJ-004,WBS-00139,CC-00029,2026-06-26,8.0,0.0,289.12,OnPrem-SQLServer
LC-00001430,PRJ-004,WBS-00139,CC-00029,2026-07-17,8.0,0.0,289.12,OnPrem-SQLServer
LC-00001431,PRJ-004,WBS-00139,CC-00030,2026-05-15,8.0,0.0,470.72,OnPrem-SQLServer
LC-00001432,PRJ-004,WBS-00139,CC-00030,2026-07-31,8.0,0.0,404.72,OnPrem-SQLServer
LC-00001433,PRJ-004,WBS-00139,CC-00031,2026-05-29,8.0,0.0,474.96,OnPrem-SQLServer
LC-00001434,PRJ-004,WBS-00139,CC-00031,2026-06-26,8.0,1.87,390.49,OnPrem-SQLServer
LC-00001435,PRJ-004,WBS-00139,CC-00031,2026-07-03,8.0,1.9,540.11,OnPrem-SQLServer
LC-00001436,PRJ-004,WBS-00139,CC-00031,2026-07-17,8.0,0.0,400.8,OnPrem-SQLServer
LC-00001437,PRJ-004,WBS-00139,CC-00033,2026-06-12,8.0,0.0,544.16,OnPrem-SQLServer
LC-00001438,PRJ-004,WBS-00139,CC-00033,2026-07-10,8.0,0.0,256.48,OnPrem-SQLServer
LC-00001439,PRJ-004,WBS-00139,CC-00033,2026-07-24,8.0,0.0,474.48,OnPrem-SQLServer
LC-00001440,PRJ-004,WBS-00139,CC-00035,2026-06-19,8.0,0.0,398.24,OnPrem-SQLServer
LC-00001441,PRJ-004,WBS-00139,CC-00035,2026-07-24,8.0,0.0,244.0,OnPrem-SQLServer
LC-00001442,PRJ-004,WBS-00139,CC-00036,2026-07-10,8.0,0.0,244.0,OnPrem-SQLServer
LC-00001443,PRJ-004,WBS-00140,CC-00029,2026-07-24,8.0,1.03,566.11,OnPrem-SQLServer
LC-00001444,PRJ-004,WBS-00140,CC-00029,2026-07-31,8.0,0.0,398.24,OnPrem-SQLServer
LC-00001445,PRJ-004,WBS-00140,CC-00031,2026-06-19,8.0,1.48,713.46,OnPrem-SQLServer
LC-00001446,PRJ-004,WBS-00140,CC-00033,2026-06-26,8.0,0.0,474.48,OnPrem-SQLServer
LC-00001447,PRJ-004,WBS-00140,CC-00034,2026-06-19,8.0,0.0,244.0,OnPrem-SQLServer
LC-00001448,PRJ-004,WBS-00140,CC-00034,2026-07-10,8.0,0.0,462.8,OnPrem-SQLServer
LC-00001449,PRJ-004,WBS-00140,CC-00035,2026-06-26,8.0,0.0,256.48,OnPrem-SQLServer
LC-00001450,PRJ-004,WBS-00140,CC-00036,2026-06-12,8.0,0.0,474.48,OnPrem-SQLServer
LC-00001451,PRJ-004,WBS-00140,CC-00036,2026-06-26,16.0,0.68,738.14,OnPrem-SQLServer
LC-00001452,PRJ-004,WBS-00141,CC-00028,2026-05-22,8.0,0.0,558.48,OnPrem-SQLServer
LC-00001453,PRJ-004,WBS-00141,CC-00032,2026-05-29,8.0,0.0,400.8,OnPrem-SQLServer
LC-00001454,PRJ-004,WBS-00141,CC-00033,2026-05-29,8.0,0.0,558.48,OnPrem-SQLServer
LC-00001455,PRJ-004,WBS-00141,CC-00033,2026-07-17,8.0,0.0,256.48,OnPrem-SQLServer
LC-00001456,PRJ-004,WBS-00141,CC-00033,2026-07-24,8.0,0.0,400.8,OnPrem-SQLServer
LC-00001457,PRJ-004,WBS-00141,CC-00034,2026-05-29,8.0,0.0,474.96,OnPrem-SQLServer
LC-00001458,PRJ-004,WBS-00142,CC-00028,2026-05-29,8.0,0.0,400.8,OnPrem-SQLServer
LC-00001459,PRJ-004,WBS-00142,CC-00029,2026-07-10,8.0,0.0,244.0,OnPrem-SQLServer
LC-00001460,PRJ-004,WBS-00142,CC-00029,2026-07-17,8.0,0.0,292.4,OnPrem-SQLServer
LC-00001461,PRJ-004,WBS-00142,CC-00031,2026-05-15,8.0,0.0,400.8,OnPrem-SQLServer
LC-00001462,PRJ-004,WBS-00142,CC-00032,2026-06-12,8.0,0.0,558.48,OnPrem-SQLServer
LC-00001463,PRJ-004,WBS-00142,CC-00032,2026-07-17,8.0,0.0,256.48,OnPrem-SQLServer
LC-00001464,PRJ-004,WBS-00142,CC-00033,2026-06-05,8.0,0.0,702.72,OnPrem-SQLServer
LC-00001465,PRJ-004,WBS-00142,CC-00036,2026-07-03,8.0,0.0,244.0,OnPrem-SQLServer
LC-00001466,PRJ-004,WBS-00143,CC-00028,2026-07-24,8.0,0.0,289.12,OnPrem-SQLServer
LC-00001467,PRJ-004,WBS-00143,CC-00033,2026-06-12,8.0,0.0,379.68,OnPrem-SQLServer
LC-00001468,PRJ-004,WBS-00143,CC-00033,2026-07-17,8.0,0.0,558.48,OnPrem-SQLServer
LC-00001469,PRJ-004,WBS-00143,CC-00034,2026-06-26,8.0,0.0,604.08,OnPrem-SQLServer
LC-00001470,PRJ-004,WBS-00143,CC-00036,2026-07-10,8.0,0.0,558.48,OnPrem-SQLServer
LC-00001471,PRJ-004,WBS-00144,CC-00028,2026-07-24,8.0,0.0,244.0,OnPrem-SQLServer
LC-00001472,PRJ-004,WBS-00144,CC-00030,2026-07-10,8.0,0.0,540.8,OnPrem-SQLServer
LC-00001473,PRJ-004,WBS-00144,CC-00031,2026-07-31,8.0,0.84,334.66,OnPrem-SQLServer
LC-00001474,PRJ-004,WBS-00144,CC-00032,2026-07-03,8.0,0.0,470.72,OnPrem-SQLServer
LC-00001475,PRJ-004,WBS-00144,CC-00034,2026-06-26,8.0,0.0,256.48,OnPrem-SQLServer
LC-00001476,PRJ-004,WBS-00144,CC-00034,2026-07-31,8.0,0.0,470.72,OnPrem-SQLServer
LC-00001477,PRJ-004,WBS-00144,CC-00035,2026-06-12,8.0,1.61,617.71,OnPrem-SQLServer
LC-00001478,PRJ-004,WBS-00144,CC-00036,2026-06-12,8.0,0.0,400.8,OnPrem-SQLServer
LC-00001479,PRJ-004,WBS-00145,CC-00029,2026-07-31,8.0,0.0,470.72,OnPrem-SQLServer
LC-00001480,PRJ-004,WBS-00145,CC-00030,2026-06-05,16.0,1.32,948.14,OnPrem-SQLServer
LC-00001481,PRJ-004,WBS-00145,CC-00031,2026-05-15,8.0,0.0,400.8,OnPrem-SQLServer
LC-00001482,PRJ-004,WBS-00145,CC-00031,2026-05-22,8.0,0.0,400.8,OnPrem-SQLServer
LC-00001483,PRJ-004,WBS-00145,CC-00031,2026-07-17,8.0,0.0,292.4,OnPrem-SQLServer
LC-00001484,PRJ-004,WBS-00145,CC-00034,2026-05-22,8.0,0.0,558.48,OnPrem-SQLServer
LC-00001485,PRJ-004,WBS-00145,CC-00034,2026-06-19,16.0,0.0,821.6,OnPrem-SQLServer
LC-00001486,PRJ-004,WBS-00145,CC-00035,2026-06-26,8.0,0.0,244.0,OnPrem-SQLServer
LC-00001487,PRJ-004,WBS-00145,CC-00035,2026-07-31,8.0,0.0,256.48,OnPrem-SQLServer
LC-00001488,PRJ-004,WBS-00145,CC-00036,2026-06-19,8.0,0.0,474.48,OnPrem-SQLServer
LC-00001489,PRJ-004,WBS-00146,CC-00028,2026-07-31,8.0,0.0,398.24,OnPrem-SQLServer
LC-00001490,PRJ-004,WBS-00146,CC-00029,2026-05-15,8.0,0.0,470.72,OnPrem-SQLServer
LC-00001491,PRJ-004,WBS-00146,CC-00030,2026-07-03,8.0,0.0,244.0,OnPrem-SQLServer
LC-00001492,PRJ-004,WBS-00146,CC-00031,2026-07-17,8.0,0.0,289.12,OnPrem-SQLServer
LC-00001493,PRJ-004,WBS-00146,CC-00031,2026-07-24,8.0,0.0,256.48,OnPrem-SQLServer
LC-00001494,PRJ-004,WBS-00146,CC-00031,2026-07-31,8.0,0.0,398.24,OnPrem-SQLServer
LC-00001495,PRJ-004,WBS-00146,CC-00033,2026-05-22,8.0,0.0,400.8,OnPrem-SQLServer
LC-00001496,PRJ-004,WBS-00146,CC-00033,2026-06-26,8.0,0.0,558.48,OnPrem-SQLServer
LC-00001497,PRJ-004,WBS-00146,CC-00033,2026-07-03,8.0,1.6,726.02,OnPrem-SQLServer
LC-00001498,PRJ-004,WBS-00146,CC-00034,2026-06-05,8.0,0.0,702.72,OnPrem-SQLServer
LC-00001499,PRJ-004,WBS-00146,CC-00035,2026-05-22,8.0,0.0,470.72,OnPrem-SQLServer
LC-00001500,PRJ-004,WBS-00146,CC-00035,2026-06-12,8.0,0.0,558.48,OnPrem-SQLServer
LC-00001501,PRJ-004,WBS-00146,CC-00035,2026-06-19,8.0,1.92,558.69,OnPrem-SQLServer
LC-00001502,PRJ-004,WBS-00146,CC-00036,2026-06-05,8.0,0.0,702.72,OnPrem-SQLServer
LC-00001503,PRJ-004,WBS-00146,CC-00036,2026-07-24,8.0,1.79,628.71,OnPrem-SQLServer
LC-00001504,PRJ-004,WBS-00147,CC-00029,2026-06-05,8.0,0.0,256.48,OnPrem-SQLServer
LC-00001505,PRJ-004,WBS-00147,CC-00030,2026-05-22,8.0,0.0,470.72,OnPrem-SQLServer
LC-00001506,PRJ-004,WBS-00147,CC-00030,2026-06-26,8.0,0.0,398.24,OnPrem-SQLServer
LC-00001507,PRJ-004,WBS-00147,CC-00030,2026-07-10,8.0,1.94,641.94,OnPrem-SQLServer
LC-00001508,PRJ-004,WBS-00147,CC-00030,2026-07-17,8.0,0.0,444.16,OnPrem-SQLServer
LC-00001509,PRJ-004,WBS-00147,CC-00031,2026-06-19,8.0,0.0,410.8,OnPrem-SQLServer
LC-00001510,PRJ-004,WBS-00147,CC-00033,2026-07-24,8.0,0.0,400.8,OnPrem-SQLServer
LC-00001511,PRJ-004,WBS-00147,CC-00034,2026-07-31,8.0,0.0,289.12,OnPrem-SQLServer
LC-00001512,PRJ-004,WBS-00147,CC-00035,2026-06-26,8.0,0.0,244.0,OnPrem-SQLServer
LC-00001513,PRJ-004,WBS-00147,CC-00036,2026-07-31,8.0,0.0,558.48,OnPrem-SQLServer
LC-00001514,PRJ-004,WBS-00148,CC-00028,2026-06-05,8.0,0.0,244.0,OnPrem-SQLServer
LC-00001515,PRJ-004,WBS-00148,CC-00031,2026-05-29,8.0,0.0,400.8,OnPrem-SQLServer
LC-00001516,PRJ-004,WBS-00148,CC-00033,2026-07-17,8.0,0.0,558.48,OnPrem-SQLServer
LC-00001517,PRJ-004,WBS-00148,CC-00034,2026-05-29,8.0,0.0,400.8,OnPrem-SQLServer
LC-00001518,PRJ-004,WBS-00148,CC-00034,2026-07-17,8.0,0.0,256.48,OnPrem-SQLServer
LC-00001519,PRJ-004,WBS-00148,CC-00035,2026-06-05,8.0,0.0,256.48,OnPrem-SQLServer
LC-00001520,PRJ-004,WBS-00148,CC-00035,2026-07-10,8.0,0.0,462.8,OnPrem-SQLServer
LC-00001521,PRJ-004,WBS-00148,CC-00036,2026-07-17,8.0,0.0,474.48,OnPrem-SQLServer
LC-00001522,PRJ-004,WBS-00148,CC-00036,2026-07-31,8.0,0.0,256.48,OnPrem-SQLServer
LC-00001523,PRJ-004,WBS-00149,CC-00028,2026-06-05,8.0,0.0,398.24,OnPrem-SQLServer
LC-00001524,PRJ-004,WBS-00149,CC-00031,2026-06-12,8.0,0.0,244.0,OnPrem-SQLServer
LC-00001525,PRJ-004,WBS-00149,CC-00031,2026-06-19,8.0,0.0,244.0,OnPrem-SQLServer
LC-00001526,PRJ-004,WBS-00149,CC-00032,2026-07-24,8.0,0.0,470.72,OnPrem-SQLServer
LC-00001527,PRJ-004,WBS-00149,CC-00033,2026-07-31,8.0,1.51,519.31,OnPrem-SQLServer
LC-00001528,PRJ-004,WBS-00149,CC-00034,2026-06-12,8.0,0.0,379.68,OnPrem-SQLServer
LC-00001529,PRJ-004,WBS-00149,CC-00034,2026-07-03,8.0,0.0,256.48,OnPrem-SQLServer
LC-00001530,PRJ-004,WBS-00149,CC-00035,2026-06-19,8.0,0.0,256.48,OnPrem-SQLServer
LC-00001531,PRJ-004,WBS-00149,CC-00035,2026-07-31,8.0,0.0,474.48,OnPrem-SQLServer
LC-00001532,PRJ-004,WBS-00150,CC-00028,2026-07-10,8.0,0.0,244.0,OnPrem-SQLServer
LC-00001533,PRJ-004,WBS-00150,CC-00030,2026-06-05,8.0,0.0,400.8,OnPrem-SQLServer
LC-00001534,PRJ-004,WBS-00150,CC-00031,2026-06-12,8.0,0.0,558.48,OnPrem-SQLServer
LC-00001535,PRJ-004,WBS-00150,CC-00032,2026-05-15,8.0,0.0,400.8,OnPrem-SQLServer
LC-00001536,PRJ-004,WBS-00150,CC-00032,2026-06-26,8.0,0.0,470.72,OnPrem-SQLServer
LC-00001537,PRJ-004,WBS-00150,CC-00032,2026-07-10,8.0,0.0,558.48,OnPrem-SQLServer
LC-00001538,PRJ-004,WBS-00150,CC-00033,2026-05-08,8.0,0.0,470.72,OnPrem-SQLServer
LC-00001539,PRJ-004,WBS-00150,CC-00033,2026-07-17,8.0,0.0,400.8,OnPrem-SQLServer
LC-00001540,PRJ-004,WBS-00150,CC-00034,2026-05-29,8.0,0.0,470.72,OnPrem-SQLServer
LC-00001541,PRJ-004,WBS-00150,CC-00035,2026-05-22,8.0,0.0,470.72,OnPrem-SQLServer
LC-00001542,PRJ-004,WBS-00150,CC-00035,2026-06-19,8.0,0.0,470.72,OnPrem-SQLServer
LC-00001543,PRJ-004,WBS-00150,CC-00036,2026-05-29,8.0,0.0,470.72,OnPrem-SQLServer
LC-00001544,PRJ-004,WBS-00150,CC-00036,2026-07-17,8.0,0.0,244.0,OnPrem-SQLServer
LC-00001545,PRJ-004,WBS-00150,CC-00036,2026-07-24,8.0,0.0,558.48,OnPrem-SQLServer
LC-00001546,PRJ-004,WBS-00151,CC-00028,2026-05-29,8.0,0.0,470.72,OnPrem-SQLServer
LC-00001547,PRJ-004,WBS-00151,CC-00028,2026-07-10,8.0,0.0,289.12,OnPrem-SQLServer
LC-00001548,PRJ-004,WBS-00151,CC-00028,2026-07-24,8.0,0.0,398.24,OnPrem-SQLServer
LC-00001549,PRJ-004,WBS-00151,CC-00028,2026-07-31,8.0,0.0,474.48,OnPrem-SQLServer
LC-00001550,PRJ-004,WBS-00151,CC-00030,2026-07-10,8.0,0.0,256.48,OnPrem-SQLServer
LC-00001551,PRJ-004,WBS-00151,CC-00031,2026-05-29,8.0,0.0,474.96,OnPrem-SQLServer
LC-00001552,PRJ-004,WBS-00151,CC-00031,2026-06-26,8.0,0.0,289.12,OnPrem-SQLServer
LC-00001553,PRJ-004,WBS-00151,CC-00031,2026-07-03,8.0,0.0,398.24,OnPrem-SQLServer
LC-00001554,PRJ-004,WBS-00151,CC-00032,2026-07-24,16.0,0.0,959.28,OnPrem-SQLServer
LC-00001555,PRJ-004,WBS-00151,CC-00035,2026-05-22,8.0,0.0,558.48,OnPrem-SQLServer
LC-00001556,PRJ-004,WBS-00151,CC-00036,2026-05-08,8.0,0.0,470.72,OnPrem-SQLServer
LC-00001557,PRJ-004,WBS-00151,CC-00036,2026-05-29,8.0,1.29,318.52,OnPrem-SQLServer
LC-00001558,PRJ-004,WBS-00151,CC-00036,2026-06-05,8.0,0.0,702.72,OnPrem-SQLServer
LC-00001559,PRJ-004,WBS-00152,CC-00028,2026-06-12,16.0,1.39,858.31,OnPrem-SQLServer
LC-00001560,PRJ-004,WBS-00152,CC-00028,2026-07-03,16.0,0.0,578.24,OnPrem-SQLServer
LC-00001561,PRJ-004,WBS-00152,CC-00030,2026-06-19,8.0,0.0,470.72,OnPrem-SQLServer
LC-00001562,PRJ-004,WBS-00152,CC-00030,2026-06-26,8.0,0.0,400.8,OnPrem-SQLServer
LC-00001563,PRJ-004,WBS-00152,CC-00030,2026-07-31,8.0,0.0,558.48,OnPrem-SQLServer
LC-00001564,PRJ-004,WBS-00152,CC-00032,2026-06-26,8.0,1.66,732.31,OnPrem-SQLServer
LC-00001565,PRJ-004,WBS-00152,CC-00033,2026-06-19,8.0,0.0,470.72,OnPrem-SQLServer
LC-00001566,PRJ-004,WBS-00152,CC-00034,2026-06-19,8.0,0.0,558.48,OnPrem-SQLServer
LC-00001567,PRJ-004,WBS-00152,CC-00034,2026-07-24,8.0,0.0,289.12,OnPrem-SQLServer
LC-00001568,PRJ-004,WBS-00152,CC-00034,2026-07-31,8.0,0.0,558.48,OnPrem-SQLServer
LC-00001569,PRJ-004,WBS-00152,CC-00036,2026-07-03,8.0,0.0,400.8,OnPrem-SQLServer
LC-00001570,PRJ-004,WBS-00153,CC-00028,2026-06-19,8.0,0.0,400.8,OnPrem-SQLServer
LC-00001571,PRJ-004,WBS-00153,CC-00028,2026-06-26,8.0,0.0,400.8,OnPrem-SQLServer
LC-00001572,PRJ-004,WBS-00153,CC-00028,2026-07-17,8.0,0.0,474.48,OnPrem-SQLServer
LC-00001573,PRJ-004,WBS-00153,CC-00029,2026-07-10,8.0,0.0,540.8,OnPrem-SQLServer
LC-00001574,PRJ-004,WBS-00153,CC-00030,2026-06-12,8.0,0.0,544.16,OnPrem-SQLServer
LC-00001575,PRJ-004,WBS-00153,CC-00030,2026-07-31,8.0,0.0,470.72,OnPrem-SQLServer
LC-00001576,PRJ-004,WBS-00153,CC-00031,2026-06-26,8.0,0.0,398.24,OnPrem-SQLServer
LC-00001577,PRJ-004,WBS-00153,CC-00031,2026-07-31,8.0,0.0,289.12,OnPrem-SQLServer
LC-00001578,PRJ-004,WBS-00153,CC-00034,2026-06-19,8.0,0.0,474.48,OnPrem-SQLServer
LC-00001579,PRJ-004,WBS-00153,CC-00036,2026-06-19,8.0,0.0,244.0,OnPrem-SQLServer
LC-00001580,PRJ-004,WBS-00153,CC-00036,2026-07-10,8.0,0.0,540.8,OnPrem-SQLServer
LC-00001581,PRJ-004,WBS-00153,CC-00036,2026-07-24,8.0,0.0,256.48,OnPrem-SQLServer
LC-00001582,PRJ-004,WBS-00154,CC-00032,2026-07-17,8.0,1.45,710.32,OnPrem-SQLServer
LC-00001583,PRJ-004,WBS-00154,CC-00033,2026-07-24,8.0,0.0,474.48,OnPrem-SQLServer
LC-00001584,PRJ-004,WBS-00154,CC-00035,2026-05-22,8.0,0.0,558.48,OnPrem-SQLServer
LC-00001585,PRJ-004,WBS-00154,CC-00035,2026-07-03,8.0,0.0,256.48,OnPrem-SQLServer
LC-00001586,PRJ-004,WBS-00154,CC-00035,2026-07-10,8.0,1.15,657.41,OnPrem-SQLServer
LC-00001587,PRJ-004,WBS-00154,CC-00036,2026-06-19,8.0,0.0,474.48,OnPrem-SQLServer
LC-00001588,PRJ-004,WBS-00154,CC-00036,2026-06-26,8.0,0.0,671.44,OnPrem-SQLServer
LC-00001589,PRJ-004,WBS-00155,CC-00028,2026-06-26,8.0,0.0,400.8,OnPrem-SQLServer
LC-00001590,PRJ-004,WBS-00155,CC-00030,2026-05-15,8.0,0.0,400.8,OnPrem-SQLServer
LC-00001591,PRJ-004,WBS-00155,CC-00030,2026-07-24,8.0,0.87,336.28,OnPrem-SQLServer
LC-00001592,PRJ-004,WBS-00155,CC-00031,2026-07-10,8.0,0.0,289.12,OnPrem-SQLServer
LC-00001593,PRJ-004,WBS-00155,CC-00032,2026-05-22,8.0,0.0,470.72,OnPrem-SQLServer
LC-00001594,PRJ-004,WBS-00155,CC-00032,2026-05-29,16.0,0.0,1029.2,OnPrem-SQLServer
LC-00001595,PRJ-004,WBS-00155,CC-00034,2026-06-19,8.0,0.0,289.12,OnPrem-SQLServer
LC-00001596,PRJ-004,WBS-00155,CC-00034,2026-07-24,8.0,0.0,244.0,OnPrem-SQLServer
LC-00001597,PRJ-004,WBS-00155,CC-00035,2026-07-10,8.0,0.0,470.72,OnPrem-SQLServer
LC-00001598,PRJ-004,WBS-00155,CC-00036,2026-07-10,8.0,0.0,244.0,OnPrem-SQLServer
LC-00001599,PRJ-004,WBS-00156,CC-00028,2026-07-17,8.0,0.0,400.8,OnPrem-SQLServer
LC-00001600,PRJ-004,WBS-00156,CC-00029,2026-07-17,16.0,0.0,801.6,OnPrem-SQLServer
LC-00001601,PRJ-004,WBS-00156,CC-00030,2026-06-19,8.0,0.0,398.24,OnPrem-SQLServer
LC-00001602,PRJ-004,WBS-00156,CC-00031,2026-05-22,8.0,0.0,400.8,OnPrem-SQLServer
LC-00001603,PRJ-004,WBS-00156,CC-00031,2026-07-17,8.0,0.0,256.48,OnPrem-SQLServer
LC-00001604,PRJ-004,WBS-00156,CC-00032,2026-05-22,8.0,0.93,655.86,OnPrem-SQLServer
LC-00001605,PRJ-004,WBS-00156,CC-00032,2026-06-19,8.0,0.0,256.48,OnPrem-SQLServer
LC-00001606,PRJ-004,WBS-00156,CC-00032,2026-06-26,8.0,0.0,671.44,OnPrem-SQLServer
LC-00001607,PRJ-004,WBS-00156,CC-00033,2026-07-24,8.0,0.0,400.8,OnPrem-SQLServer
LC-00001608,PRJ-004,WBS-00156,CC-00034,2026-05-08,8.0,0.0,470.72,OnPrem-SQLServer
LC-00001609,PRJ-004,WBS-00156,CC-00035,2026-07-17,8.0,0.0,292.4,OnPrem-SQLServer
LC-00001610,PRJ-004,WBS-00156,CC-00036,2026-06-26,8.0,0.0,604.08,OnPrem-SQLServer
LC-00001611,PRJ-004,WBS-00156,CC-00036,2026-07-24,8.0,0.0,256.48,OnPrem-SQLServer
LC-00001612,PRJ-004,WBS-00157,CC-00028,2026-05-29,8.0,1.67,623.68,OnPrem-SQLServer
LC-00001613,PRJ-004,WBS-00157,CC-00029,2026-07-03,8.0,0.0,398.24,OnPrem-SQLServer
LC-00001614,PRJ-004,WBS-00157,CC-00030,2026-06-19,8.0,0.0,474.48,OnPrem-SQLServer
LC-00001615,PRJ-004,WBS-00157,CC-00031,2026-06-05,8.0,0.0,398.24,OnPrem-SQLServer
LC-00001616,PRJ-004,WBS-00157,CC-00031,2026-07-24,8.0,1.54,606.64,OnPrem-SQLServer
LC-00001617,PRJ-004,WBS-00157,CC-00031,2026-07-31,8.0,0.0,470.72,OnPrem-SQLServer
LC-00001618,PRJ-004,WBS-00157,CC-00032,2026-07-17,8.0,0.0,244.0,OnPrem-SQLServer
LC-00001619,PRJ-004,WBS-00157,CC-00033,2026-07-17,8.0,0.0,444.16,OnPrem-SQLServer
LC-00001620,PRJ-004,WBS-00157,CC-00033,2026-07-31,8.0,0.0,398.24,OnPrem-SQLServer
LC-00001621,PRJ-004,WBS-00157,CC-00036,2026-06-05,8.0,1.14,296.15,OnPrem-SQLServer
LC-00001622,PRJ-004,WBS-00158,CC-00028,2026-05-29,8.0,0.0,256.48,OnPrem-SQLServer
LC-00001623,PRJ-004,WBS-00158,CC-00030,2026-06-19,8.0,0.0,289.12,OnPrem-SQLServer
LC-00001624,PRJ-004,WBS-00158,CC-00030,2026-06-26,8.0,0.0,470.72,OnPrem-SQLServer
LC-00001625,PRJ-004,WBS-00158,CC-00030,2026-07-10,8.0,0.0,400.8,OnPrem-SQLServer
LC-00001626,PRJ-004,WBS-00158,CC-00030,2026-07-31,8.0,0.0,404.72,OnPrem-SQLServer
LC-00001627,PRJ-004,WBS-00158,CC-00032,2026-05-08,8.0,0.0,470.72,OnPrem-SQLServer
LC-00001628,PRJ-004,WBS-00158,CC-00033,2026-05-15,8.0,0.0,470.72,OnPrem-SQLServer
LC-00001629,PRJ-004,WBS-00158,CC-00033,2026-06-19,16.0,1.34,969.02,OnPrem-SQLServer
LC-00001630,PRJ-004,WBS-00158,CC-00033,2026-07-10,8.0,0.0,540.8,OnPrem-SQLServer
LC-00001631,PRJ-004,WBS-00158,CC-00034,2026-05-08,8.0,0.0,470.72,OnPrem-SQLServer
LC-00001632,PRJ-004,WBS-00158,CC-00034,2026-06-19,8.0,0.0,398.24,OnPrem-SQLServer
LC-00001633,PRJ-004,WBS-00158,CC-00034,2026-07-10,8.0,0.0,398.24,OnPrem-SQLServer
LC-00001634,PRJ-004,WBS-00158,CC-00034,2026-07-31,8.0,0.0,474.48,OnPrem-SQLServer
LC-00001635,PRJ-004,WBS-00159,CC-00028,2026-07-24,8.0,0.0,474.48,OnPrem-SQLServer
LC-00001636,PRJ-004,WBS-00159,CC-00028,2026-07-31,8.0,0.0,256.48,OnPrem-SQLServer
LC-00001637,PRJ-004,WBS-00159,CC-00029,2026-07-10,8.0,1.1,309.38,OnPrem-SQLServer
LC-00001638,PRJ-004,WBS-00159,CC-00031,2026-07-10,8.0,0.0,256.48,OnPrem-SQLServer
LC-00001639,PRJ-004,WBS-00159,CC-00032,2026-06-26,8.0,1.73,800.03,OnPrem-SQLServer
LC-00001640,PRJ-004,WBS-00159,CC-00032,2026-07-03,8.0,0.0,558.48,OnPrem-SQLServer
LC-00001641,PRJ-004,WBS-00159,CC-00033,2026-06-19,8.0,0.0,289.12,OnPrem-SQLServer
LC-00001642,PRJ-004,WBS-00159,CC-00035,2026-07-03,8.0,1.34,588.99,OnPrem-SQLServer
LC-00001643,PRJ-004,WBS-00159,CC-00036,2026-05-29,8.0,1.08,308.42,OnPrem-SQLServer
LC-00001644,PRJ-004,WBS-00159,CC-00036,2026-06-19,8.0,0.0,400.8,OnPrem-SQLServer
LC-00001645,PRJ-004,WBS-00160,CC-00028,2026-06-05,8.0,0.0,256.48,OnPrem-SQLServer
LC-00001646,PRJ-004,WBS-00160,CC-00029,2026-06-12,8.0,0.0,244.0,OnPrem-SQLServer
LC-00001647,PRJ-004,WBS-00160,CC-00030,2026-06-12,8.0,0.0,474.48,OnPrem-SQLServer
LC-00001648,PRJ-004,WBS-00160,CC-00030,2026-07-17,8.0,0.54,318.39,OnPrem-SQLServer
LC-00001649,PRJ-004,WBS-00160,CC-00032,2026-07-03,8.0,0.0,244.0,OnPrem-SQLServer
LC-00001650,PRJ-004,WBS-00160,CC-00033,2026-06-26,8.0,0.0,256.48,OnPrem-SQLServer
LC-00001651,PRJ-004,WBS-00160,CC-00033,2026-07-17,8.0,0.0,256.48,OnPrem-SQLServer
LC-00001652,PRJ-004,WBS-00160,CC-00034,2026-06-05,8.0,0.96,520.14,OnPrem-SQLServer
LC-00001653,PRJ-004,WBS-00160,CC-00034,2026-07-24,8.0,1.14,311.3,OnPrem-SQLServer
LC-00001654,PRJ-004,WBS-00161,CC-00028,2026-06-19,8.0,0.0,470.72,OnPrem-SQLServer
LC-00001655,PRJ-004,WBS-00161,CC-00028,2026-07-17,16.0,0.0,688.16,OnPrem-SQLServer
LC-00001656,PRJ-004,WBS-00161,CC-00028,2026-07-31,8.0,0.0,558.48,OnPrem-SQLServer
LC-00001657,PRJ-004,WBS-00161,CC-00029,2026-07-17,8.0,0.0,558.48,OnPrem-SQLServer
LC-00001658,PRJ-004,WBS-00161,CC-00030,2026-06-26,8.0,0.0,474.48,OnPrem-SQLServer
LC-00001659,PRJ-004,WBS-00161,CC-00033,2026-07-17,8.0,0.0,444.16,OnPrem-SQLServer
LC-00001660,PRJ-004,WBS-00161,CC-00035,2026-06-12,8.0,1.3,303.48,OnPrem-SQLServer
LC-00001661,PRJ-004,WBS-00162,CC-00029,2026-06-05,8.0,0.0,398.24,OnPrem-SQLServer
LC-00001662,PRJ-004,WBS-00162,CC-00029,2026-06-12,8.0,0.0,400.8,OnPrem-SQLServer
LC-00001663,PRJ-004,WBS-00162,CC-00029,2026-06-19,8.0,0.0,400.8,OnPrem-SQLServer
LC-00001664,PRJ-004,WBS-00162,CC-00031,2026-06-05,8.0,0.0,400.8,OnPrem-SQLServer
LC-00001665,PRJ-004,WBS-00162,CC-00031,2026-07-10,8.0,0.0,470.72,OnPrem-SQLServer
LC-00001666,PRJ-004,WBS-00162,CC-00032,2026-07-10,8.0,0.0,400.8,OnPrem-SQLServer
LC-00001667,PRJ-004,WBS-00162,CC-00032,2026-07-31,8.0,0.0,474.48,OnPrem-SQLServer
LC-00001668,PRJ-004,WBS-00162,CC-00033,2026-06-12,8.0,0.0,544.16,OnPrem-SQLServer
LC-00001669,PRJ-004,WBS-00162,CC-00036,2026-06-12,8.0,0.0,398.24,OnPrem-SQLServer
LC-00001670,PRJ-004,WBS-00162,CC-00036,2026-06-26,8.0,0.0,400.8,OnPrem-SQLServer
LC-00001671,PRJ-004,WBS-00162,CC-00036,2026-07-03,8.0,0.0,244.0,OnPrem-SQLServer
LC-00001672,PRJ-004,WBS-00162,CC-00036,2026-07-24,8.0,0.0,256.48,OnPrem-SQLServer
LC-00001673,PRJ-004,WBS-00163,CC-00028,2026-05-29,8.0,0.0,470.72,OnPrem-SQLServer
LC-00001674,PRJ-004,WBS-00163,CC-00028,2026-06-12,8.0,0.0,244.0,OnPrem-SQLServer
LC-00001675,PRJ-004,WBS-00163,CC-00028,2026-06-26,8.0,0.0,398.24,OnPrem-SQLServer
LC-00001676,PRJ-004,WBS-00163,CC-00028,2026-07-10,8.0,0.0,289.12,OnPrem-SQLServer
LC-00001677,PRJ-004,WBS-00163,CC-00030,2026-06-12,8.0,0.0,398.24,OnPrem-SQLServer
LC-00001678,PRJ-004,WBS-00163,CC-00031,2026-07-03,8.0,0.0,470.72,OnPrem-SQLServer
LC-00001679,PRJ-004,WBS-00163,CC-00033,2026-06-26,8.0,0.0,244.0,OnPrem-SQLServer
LC-00001680,PRJ-004,WBS-00163,CC-00033,2026-07-10,8.0,1.51,510.99,OnPrem-SQLServer
LC-00001681,PRJ-004,WBS-00163,CC-00035,2026-06-05,8.0,0.0,400.8,OnPrem-SQLServer
LC-00001682,PRJ-004,WBS-00163,CC-00036,2026-06-05,8.0,0.0,400.8,OnPrem-SQLServer
LC-00001683,PRJ-004,WBS-00164,CC-00028,2026-05-29,8.0,0.0,558.48,OnPrem-SQLServer
LC-00001684,PRJ-004,WBS-00164,CC-00029,2026-06-05,16.0,1.95,1002.77,OnPrem-SQLServer
LC-00001685,PRJ-004,WBS-00164,CC-00029,2026-06-26,8.0,0.0,470.72,OnPrem-SQLServer
LC-00001686,PRJ-004,WBS-00164,CC-00030,2026-06-19,8.0,0.0,474.48,OnPrem-SQLServer
LC-00001687,PRJ-004,WBS-00164,CC-00031,2026-06-26,8.0,0.0,604.08,OnPrem-SQLServer
LC-00001688,PRJ-004,WBS-00164,CC-00032,2026-07-03,8.0,0.0,400.8,OnPrem-SQLServer
LC-00001689,PRJ-004,WBS-00164,CC-00033,2026-07-10,8.0,0.0,462.8,OnPrem-SQLServer
LC-00001690,PRJ-004,WBS-00164,CC-00034,2026-06-26,8.0,0.0,470.72,OnPrem-SQLServer
LC-00001691,PRJ-004,WBS-00164,CC-00034,2026-07-10,8.0,0.0,398.24,OnPrem-SQLServer
LC-00001692,PRJ-004,WBS-00164,CC-00035,2026-07-10,8.0,0.0,398.24,OnPrem-SQLServer
LC-00001693,PRJ-004,WBS-00164,CC-00036,2026-05-29,8.0,0.0,256.48,OnPrem-SQLServer
LC-00001694,PRJ-004,WBS-00164,CC-00036,2026-07-24,8.0,0.97,556.33,OnPrem-SQLServer
LC-00001695,PRJ-004,WBS-00165,CC-00028,2026-06-26,8.0,0.0,671.44,OnPrem-SQLServer
LC-00001696,PRJ-004,WBS-00165,CC-00028,2026-07-03,8.0,0.0,470.72,OnPrem-SQLServer
LC-00001697,PRJ-004,WBS-00165,CC-00028,2026-07-24,8.0,0.0,400.8,OnPrem-SQLServer
LC-00001698,PRJ-004,WBS-00165,CC-00029,2026-07-31,8.0,0.7,536.76,OnPrem-SQLServer
LC-00001699,PRJ-004,WBS-00165,CC-00030,2026-07-10,8.0,1.47,511.27,OnPrem-SQLServer
LC-00001700,PRJ-004,WBS-00165,CC-00031,2026-05-22,8.0,1.09,566.92,OnPrem-SQLServer
LC-00001701,PRJ-004,WBS-00165,CC-00031,2026-06-12,8.0,0.0,400.8,OnPrem-SQLServer
LC-00001702,PRJ-004,WBS-00165,CC-00031,2026-06-19,8.0,1.84,751.16,OnPrem-SQLServer
LC-00001703,PRJ-004,WBS-00165,CC-00031,2026-07-31,8.0,0.0,289.12,OnPrem-SQLServer
LC-00001704,PRJ-004,WBS-00165,CC-00032,2026-07-24,8.0,0.0,558.48,OnPrem-SQLServer
LC-00001705,PRJ-004,WBS-00165,CC-00034,2026-06-12,8.0,0.0,379.68,OnPrem-SQLServer
LC-00001706,PRJ-004,WBS-00165,CC-00034,2026-07-24,8.0,0.0,398.24,OnPrem-SQLServer
LC-00001707,PRJ-004,WBS-00165,CC-00036,2026-06-05,8.0,0.0,256.48,OnPrem-SQLServer
LC-00001708,PRJ-004,WBS-00165,CC-00036,2026-06-26,8.0,0.0,470.72,OnPrem-SQLServer
LC-00001709,PRJ-004,WBS-00166,CC-00028,2026-06-26,8.0,0.0,671.44,OnPrem-SQLServer
LC-00001710,PRJ-004,WBS-00166,CC-00029,2026-07-17,8.0,0.0,244.0,OnPrem-SQLServer
LC-00001711,PRJ-004,WBS-00166,CC-00030,2026-06-19,8.0,0.0,400.8,OnPrem-SQLServer
LC-00001712,PRJ-004,WBS-00166,CC-00030,2026-07-03,8.0,0.0,256.48,OnPrem-SQLServer
LC-00001713,PRJ-004,WBS-00166,CC-00031,2026-06-26,8.0,0.0,400.8,OnPrem-SQLServer
LC-00001714,PRJ-004,WBS-00166,CC-00032,2026-06-05,8.0,0.0,256.48,OnPrem-SQLServer
LC-00001715,PRJ-004,WBS-00166,CC-00033,2026-06-05,8.0,0.58,270.53,OnPrem-SQLServer
LC-00001716,PRJ-004,WBS-00166,CC-00033,2026-07-03,8.0,0.0,400.8,OnPrem-SQLServer
LC-00001717,PRJ-004,WBS-00166,CC-00034,2026-05-22,8.0,0.0,400.8,OnPrem-SQLServer
LC-00001718,PRJ-004,WBS-00166,CC-00035,2026-06-26,8.0,0.0,474.48,OnPrem-SQLServer
LC-00001719,PRJ-004,WBS-00166,CC-00035,2026-07-31,8.0,0.0,470.72,OnPrem-SQLServer
LC-00001720,PRJ-004,WBS-00166,CC-00036,2026-06-12,8.0,0.0,398.24,OnPrem-SQLServer
LC-00001721,PRJ-004,WBS-00166,CC-00036,2026-06-19,8.0,0.0,289.12,OnPrem-SQLServer
LC-00001722,PRJ-004,WBS-00166,CC-00036,2026-07-03,8.0,0.0,400.8,OnPrem-SQLServer
LC-00001723,PRJ-004,WBS-00166,CC-00036,2026-07-10,8.0,0.0,462.8,OnPrem-SQLServer
LC-00001724,PRJ-004,WBS-00167,CC-00028,2026-07-03,16.0,0.0,959.28,OnPrem-SQLServer
LC-00001725,PRJ-004,WBS-00167,CC-00029,2026-06-26,8.0,0.0,398.24,OnPrem-SQLServer
LC-00001726,PRJ-004,WBS-00167,CC-00029,2026-07-24,8.0,0.66,447.52,OnPrem-SQLServer
LC-00001727,PRJ-004,WBS-00167,CC-00030,2026-05-29,8.0,0.0,474.96,OnPrem-SQLServer
LC-00001728,PRJ-004,WBS-00167,CC-00030,2026-07-03,8.0,0.0,398.24,OnPrem-SQLServer
LC-00001729,PRJ-004,WBS-00167,CC-00032,2026-05-15,8.0,0.0,470.72,OnPrem-SQLServer
LC-00001730,PRJ-004,WBS-00167,CC-00032,2026-05-29,8.0,1.96,350.74,OnPrem-SQLServer
LC-00001731,PRJ-004,WBS-00167,CC-00033,2026-07-03,8.0,0.0,398.24,OnPrem-SQLServer
LC-00001732,PRJ-004,WBS-00167,CC-00033,2026-07-17,8.0,0.0,474.48,OnPrem-SQLServer
LC-00001733,PRJ-004,WBS-00167,CC-00033,2026-07-24,8.0,1.48,311.71,OnPrem-SQLServer
LC-00001734,PRJ-004,WBS-00167,CC-00034,2026-07-10,8.0,0.0,558.48,OnPrem-SQLServer
LC-00001735,PRJ-005,WBS-00168,CC-00037,2026-07-31,8.0,0.0,419.84,OnPrem-SQLServer
LC-00001736,PRJ-005,WBS-00168,CC-00038,2026-07-24,8.0,0.0,609.36,OnPrem-SQLServer
LC-00001737,PRJ-005,WBS-00168,CC-00038,2026-07-31,8.0,0.0,254.72,OnPrem-SQLServer
LC-00001738,PRJ-005,WBS-00168,CC-00041,2026-05-22,8.0,0.0,398.24,OnPrem-SQLServer
LC-00001739,PRJ-005,WBS-00168,CC-00041,2026-06-26,8.0,0.0,289.04,OnPrem-SQLServer
LC-00001740,PRJ-005,WBS-00168,CC-00042,2026-06-19,8.0,0.0,254.72,OnPrem-SQLServer
LC-00001741,PRJ-005,WBS-00168,CC-00043,2026-05-15,8.0,0.0,813.52,OnPrem-SQLServer
LC-00001742,PRJ-005,WBS-00168,CC-00043,2026-06-12,8.0,0.0,254.72,OnPrem-SQLServer
LC-00001743,PRJ-005,WBS-00168,CC-00043,2026-06-19,8.0,0.0,289.04,OnPrem-SQLServer
LC-00001744,PRJ-005,WBS-00168,CC-00044,2026-07-24,8.0,0.0,609.36,OnPrem-SQLServer
LC-00001745,PRJ-005,WBS-00168,CC-00045,2026-07-17,8.0,0.85,943.17,OnPrem-SQLServer
LC-00001746,PRJ-005,WBS-00169,CC-00037,2026-05-29,8.0,0.0,813.52,OnPrem-SQLServer
LC-00001747,PRJ-005,WBS-00169,CC-00040,2026-06-19,8.0,0.0,254.72,OnPrem-SQLServer
LC-00001748,PRJ-005,WBS-00169,CC-00040,2026-07-17,8.0,1.54,585.61,OnPrem-SQLServer
LC-00001749,PRJ-005,WBS-00169,CC-00042,2026-06-19,8.0,0.0,289.04,OnPrem-SQLServer
LC-00001750,PRJ-005,WBS-00169,CC-00042,2026-07-31,8.0,0.72,276.94,OnPrem-SQLServer
LC-00001751,PRJ-005,WBS-00169,CC-00043,2026-07-10,8.0,0.0,289.04,OnPrem-SQLServer
LC-00001752,PRJ-005,WBS-00169,CC-00043,2026-07-31,8.0,0.0,419.84,OnPrem-SQLServer
LC-00001753,PRJ-005,WBS-00169,CC-00045,2026-06-12,8.0,0.0,275.92,OnPrem-SQLServer
LC-00001754,PRJ-005,WBS-00170,CC-00037,2026-07-31,8.0,1.9,569.41,OnPrem-SQLServer
LC-00001755,PRJ-005,WBS-00170,CC-00040,2026-06-12,8.0,0.0,254.72,OnPrem-SQLServer
LC-00001756,PRJ-005,WBS-00170,CC-00041,2026-06-05,8.0,0.0,419.84,OnPrem-SQLServer
LC-00001757,PRJ-005,WBS-00170,CC-00042,2026-07-03,8.0,0.0,254.72,OnPrem-SQLServer
LC-00001758,PRJ-005,WBS-00170,CC-00043,2026-07-03,8.0,0.0,257.92,OnPrem-SQLServer
LC-00001759,PRJ-005,WBS-00170,CC-00044,2026-06-05,8.0,0.0,254.72,OnPrem-SQLServer
LC-00001760,PRJ-005,WBS-00171,CC-00037,2026-06-12,8.0,0.0,813.52,OnPrem-SQLServer
LC-00001761,PRJ-005,WBS-00171,CC-00038,2026-07-24,8.0,0.0,289.04,OnPrem-SQLServer
LC-00001762,PRJ-005,WBS-00171,CC-00039,2026-05-22,8.0,0.0,275.92,OnPrem-SQLServer
LC-00001763,PRJ-005,WBS-00171,CC-00039,2026-06-12,8.0,0.0,813.52,OnPrem-SQLServer
LC-00001764,PRJ-005,WBS-00171,CC-00042,2026-06-26,8.0,0.0,275.92,OnPrem-SQLServer
LC-00001765,PRJ-005,WBS-00171,CC-00042,2026-07-03,8.0,0.0,275.92,OnPrem-SQLServer
LC-00001766,PRJ-005,WBS-00171,CC-00042,2026-07-10,8.0,0.0,419.84,OnPrem-SQLServer
LC-00001767,PRJ-005,WBS-00171,CC-00044,2026-07-31,8.0,0.0,275.92,OnPrem-SQLServer
LC-00001768,PRJ-005,WBS-00172,CC-00038,2026-06-26,8.0,0.0,254.72,OnPrem-SQLServer
LC-00001769,PRJ-005,WBS-00172,CC-00038,2026-07-17,8.0,0.0,594.48,OnPrem-SQLServer
LC-00001770,PRJ-005,WBS-00172,CC-00039,2026-07-24,8.0,0.0,609.36,OnPrem-SQLServer
LC-00001771,PRJ-005,WBS-00172,CC-00041,2026-05-01,8.0,0.0,813.52,OnPrem-SQLServer
LC-00001772,PRJ-005,WBS-00172,CC-00041,2026-06-05,8.0,0.0,594.48,OnPrem-SQLServer
LC-00001773,PRJ-005,WBS-00172,CC-00041,2026-07-31,8.0,0.0,254.72,OnPrem-SQLServer
LC-00001774,PRJ-005,WBS-00173,CC-00038,2026-06-05,8.0,0.0,813.52,OnPrem-SQLServer
LC-00001775,PRJ-005,WBS-00173,CC-00038,2026-07-17,8.0,0.0,419.84,OnPrem-SQLServer
LC-00001776,PRJ-005,WBS-00173,CC-00039,2026-06-26,8.0,0.0,254.72,OnPrem-SQLServer
LC-00001777,PRJ-005,WBS-00173,CC-00039,2026-07-17,8.0,0.0,419.84,OnPrem-SQLServer
LC-00001778,PRJ-005,WBS-00173,CC-00040,2026-07-03,8.0,0.0,254.72,OnPrem-SQLServer
LC-00001779,PRJ-005,WBS-00173,CC-00040,2026-07-24,8.0,0.0,254.72,OnPrem-SQLServer
LC-00001780,PRJ-005,WBS-00173,CC-00041,2026-06-05,8.0,0.0,254.72,OnPrem-SQLServer
LC-00001781,PRJ-005,WBS-00173,CC-00043,2026-05-22,8.0,1.88,547.17,OnPrem-SQLServer
LC-00001782,PRJ-005,WBS-00173,CC-00043,2026-07-24,8.0,0.0,275.92,OnPrem-SQLServer
LC-00001783,PRJ-005,WBS-00173,CC-00043,2026-07-31,8.0,0.0,813.52,OnPrem-SQLServer
LC-00001784,PRJ-005,WBS-00173,CC-00045,2026-07-24,8.0,1.43,323.02,OnPrem-SQLServer
LC-00001785,PRJ-005,WBS-00174,CC-00037,2026-06-05,8.0,0.0,419.84,OnPrem-SQLServer
LC-00001786,PRJ-005,WBS-00174,CC-00037,2026-07-03,8.0,0.0,257.92,OnPrem-SQLServer
LC-00001787,PRJ-005,WBS-00174,CC-00039,2026-07-10,8.0,0.0,609.36,OnPrem-SQLServer
LC-00001788,PRJ-005,WBS-00174,CC-00040,2026-05-22,8.0,0.0,275.92,OnPrem-SQLServer
LC-00001789,PRJ-005,WBS-00174,CC-00042,2026-07-31,8.0,0.0,419.84,OnPrem-SQLServer
LC-00001790,PRJ-005,WBS-00174,CC-00043,2026-07-03,8.0,1.86,389.84,OnPrem-SQLServer
LC-00001791,PRJ-005,WBS-00174,CC-00045,2026-07-24,8.0,0.0,275.92,OnPrem-SQLServer
LC-00001792,PRJ-005,WBS-00175,CC-00037,2026-05-22,8.0,0.0,275.92,OnPrem-SQLServer
LC-00001793,PRJ-005,WBS-00175,CC-00038,2026-06-12,8.0,0.0,275.92,OnPrem-SQLServer
LC-00001794,PRJ-005,WBS-00175,CC-00039,2026-06-05,8.0,0.0,398.24,OnPrem-SQLServer
LC-00001795,PRJ-005,WBS-00175,CC-00040,2026-06-26,8.0,0.0,389.92,OnPrem-SQLServer
LC-00001796,PRJ-005,WBS-00175,CC-00041,2026-07-17,8.0,0.0,454.4,OnPrem-SQLServer
LC-00001797,PRJ-005,WBS-00175,CC-00044,2026-06-26,8.0,0.0,389.92,OnPrem-SQLServer
LC-00001798,PRJ-005,WBS-00175,CC-00044,2026-07-31,8.0,0.0,275.92,OnPrem-SQLServer
LC-00001799,PRJ-005,WBS-00175,CC-00045,2026-06-26,8.0,0.0,594.48,OnPrem-SQLServer
LC-00001800,PRJ-005,WBS-00176,CC-00038,2026-07-10,8.0,0.0,404.56,OnPrem-SQLServer
LC-00001801,PRJ-005,WBS-00176,CC-00038,2026-07-31,16.0,0.0,1057.52,OnPrem-SQLServer
LC-00001802,PRJ-005,WBS-00176,CC-00039,2026-06-05,8.0,0.0,813.52,OnPrem-SQLServer
LC-00001803,PRJ-005,WBS-00176,CC-00039,2026-07-24,8.0,0.0,289.04,OnPrem-SQLServer
LC-00001804,PRJ-005,WBS-00176,CC-00041,2026-07-31,8.0,0.0,609.36,OnPrem-SQLServer
LC-00001805,PRJ-005,WBS-00176,CC-00042,2026-06-19,8.0,0.0,275.92,OnPrem-SQLServer
LC-00001806,PRJ-005,WBS-00176,CC-00042,2026-07-24,8.0,0.0,275.92,OnPrem-SQLServer
LC-00001807,PRJ-005,WBS-00176,CC-00043,2026-06-26,8.0,0.0,275.92,OnPrem-SQLServer
LC-00001808,PRJ-005,WBS-00176,CC-00045,2026-07-17,8.0,0.0,254.72,OnPrem-SQLServer
LC-00001809,PRJ-005,WBS-00177,CC-00038,2026-07-10,8.0,0.99,964.53,OnPrem-SQLServer
LC-00001810,PRJ-005,WBS-00177,CC-00042,2026-06-05,8.0,0.0,558.48,OnPrem-SQLServer
LC-00001811,PRJ-005,WBS-00177,CC-00043,2026-07-31,8.0,0.0,275.92,OnPrem-SQLServer
LC-00001812,PRJ-005,WBS-00177,CC-00044,2026-07-24,8.0,0.0,254.72,OnPrem-SQLServer
LC-00001813,PRJ-005,WBS-00178,CC-00038,2026-06-19,8.0,0.0,254.72,OnPrem-SQLServer
LC-00001814,PRJ-005,WBS-00178,CC-00038,2026-07-17,8.0,0.0,555.2,OnPrem-SQLServer
LC-00001815,PRJ-005,WBS-00178,CC-00039,2026-07-17,8.0,0.0,609.36,OnPrem-SQLServer
LC-00001816,PRJ-005,WBS-00178,CC-00040,2026-06-05,8.0,1.62,775.05,OnPrem-SQLServer
LC-00001817,PRJ-005,WBS-00178,CC-00041,2026-06-19,8.0,0.0,419.84,OnPrem-SQLServer
LC-00001818,PRJ-005,WBS-00178,CC-00042,2026-06-26,8.0,0.0,254.72,OnPrem-SQLServer
LC-00001819,PRJ-005,WBS-00178,CC-00043,2026-06-05,8.0,0.0,254.72,OnPrem-SQLServer
LC-00001820,PRJ-005,WBS-00178,CC-00043,2026-06-12,8.0,0.9,490.69,OnPrem-SQLServer
LC-00001821,PRJ-005,WBS-00178,CC-00045,2026-06-26,8.0,0.0,279.84,OnPrem-SQLServer
LC-00001822,PRJ-005,WBS-00178,CC-00045,2026-07-03,8.0,0.0,289.04,OnPrem-SQLServer
LC-00001823,PRJ-005,WBS-00179,CC-00037,2026-06-12,8.0,0.0,254.72,OnPrem-SQLServer
LC-00001824,PRJ-005,WBS-00179,CC-00041,2026-05-22,8.0,1.39,502.03,OnPrem-SQLServer
LC-00001825,PRJ-005,WBS-00180,CC-00037,2026-06-12,8.0,0.0,275.92,OnPrem-SQLServer
LC-00001826,PRJ-005,WBS-00180,CC-00042,2026-07-03,8.0,0.89,337.27,OnPrem-SQLServer
LC-00001827,PRJ-005,WBS-00180,CC-00042,2026-07-17,8.0,0.0,289.04,OnPrem-SQLServer
LC-00001828,PRJ-005,WBS-00180,CC-00043,2026-05-29,8.0,0.0,275.92,OnPrem-SQLServer
LC-00001829,PRJ-005,WBS-00180,CC-00044,2026-06-19,8.0,0.0,254.72,OnPrem-SQLServer
LC-00001830,PRJ-005,WBS-00180,CC-00044,2026-07-24,8.0,0.0,289.04,OnPrem-SQLServer
LC-00001831,PRJ-005,WBS-00181,CC-00037,2026-07-17,8.0,0.0,594.48,OnPrem-SQLServer
LC-00001832,PRJ-005,WBS-00181,CC-00039,2026-07-31,8.0,0.0,594.48,OnPrem-SQLServer
LC-00001833,PRJ-005,WBS-00181,CC-00040,2026-06-26,8.0,0.0,289.04,OnPrem-SQLServer
LC-00001834,PRJ-005,WBS-00181,CC-00040,2026-07-17,8.0,0.0,609.36,OnPrem-SQLServer
LC-00001835,PRJ-005,WBS-00181,CC-00041,2026-06-05,8.0,0.81,643.3,OnPrem-SQLServer
LC-00001836,PRJ-005,WBS-00181,CC-00041,2026-07-17,8.0,0.0,430.56,OnPrem-SQLServer
LC-00001837,PRJ-005,WBS-00181,CC-00042,2026-07-24,8.0,0.68,473.37,OnPrem-SQLServer
LC-00001838,PRJ-005,WBS-00181,CC-00044,2026-06-05,8.0,0.0,275.92,OnPrem-SQLServer
LC-00001839,PRJ-005,WBS-00182,CC-00037,2026-06-19,8.0,0.0,419.84,OnPrem-SQLServer
LC-00001840,PRJ-005,WBS-00182,CC-00038,2026-07-10,8.0,0.0,289.04,OnPrem-SQLServer
LC-00001841,PRJ-005,WBS-00182,CC-00041,2026-06-26,8.0,0.0,254.72,OnPrem-SQLServer
LC-00001842,PRJ-005,WBS-00182,CC-00044,2026-07-17,8.0,0.0,289.04,OnPrem-SQLServer
LC-00001843,PRJ-005,WBS-00183,CC-00037,2026-06-05,8.0,0.0,813.52,OnPrem-SQLServer
LC-00001844,PRJ-005,WBS-00183,CC-00037,2026-06-12,8.0,0.0,275.92,OnPrem-SQLServer
LC-00001845,PRJ-005,WBS-00183,CC-00039,2026-06-26,8.0,0.0,279.84,OnPrem-SQLServer
LC-00001846,PRJ-005,WBS-00183,CC-00040,2026-05-29,16.0,0.0,948.96,OnPrem-SQLServer
LC-00001847,PRJ-005,WBS-00183,CC-00041,2026-06-26,8.0,0.0,389.92,OnPrem-SQLServer
LC-00001848,PRJ-005,WBS-00183,CC-00041,2026-07-31,8.0,0.0,609.36,OnPrem-SQLServer
LC-00001849,PRJ-005,WBS-00183,CC-00042,2026-05-22,8.0,0.0,292.0,OnPrem-SQLServer
LC-00001850,PRJ-005,WBS-00183,CC-00042,2026-05-29,8.0,0.0,813.52,OnPrem-SQLServer
LC-00001851,PRJ-005,WBS-00183,CC-00042,2026-06-26,8.0,0.0,609.36,OnPrem-SQLServer
LC-00001852,PRJ-005,WBS-00183,CC-00044,2026-06-19,8.0,0.0,409.92,OnPrem-SQLServer
LC-00001853,PRJ-005,WBS-00183,CC-00044,2026-07-24,8.0,0.0,254.72,OnPrem-SQLServer
LC-00001854,PRJ-005,WBS-00184,CC-00037,2026-05-22,8.0,0.0,813.52,OnPrem-SQLServer
LC-00001855,PRJ-005,WBS-00184,CC-00038,2026-05-29,8.0,0.0,813.52,OnPrem-SQLServer
LC-00001856,PRJ-005,WBS-00184,CC-00038,2026-06-05,8.0,0.0,398.24,OnPrem-SQLServer
LC-00001857,PRJ-005,WBS-00184,CC-00040,2026-07-24,8.0,0.0,254.72,OnPrem-SQLServer
LC-00001858,PRJ-005,WBS-00184,CC-00041,2026-07-10,8.0,0.0,609.36,OnPrem-SQLServer
LC-00001859,PRJ-005,WBS-00184,CC-00042,2026-06-19,8.0,0.77,930.97,OnPrem-SQLServer
LC-00001860,PRJ-005,WBS-00184,CC-00043,2026-07-10,8.0,0.0,289.04,OnPrem-SQLServer
LC-00001861,PRJ-005,WBS-00184,CC-00043,2026-07-17,16.0,0.0,1102.56,OnPrem-SQLServer
LC-00001862,PRJ-005,WBS-00184,CC-00044,2026-05-01,8.0,0.0,594.48,OnPrem-SQLServer
LC-00001863,PRJ-005,WBS-00184,CC-00044,2026-05-15,8.0,0.0,813.52,OnPrem-SQLServer
LC-00001864,PRJ-005,WBS-00184,CC-00044,2026-05-22,8.0,0.0,292.0,OnPrem-SQLServer
LC-00001865,PRJ-005,WBS-00184,CC-00044,2026-06-05,8.0,0.0,275.92,OnPrem-SQLServer
LC-00001866,PRJ-005,WBS-00184,CC-00044,2026-07-31,8.0,0.0,609.36,OnPrem-SQLServer
LC-00001867,PRJ-005,WBS-00184,CC-00045,2026-05-22,8.0,0.0,813.52,OnPrem-SQLServer
LC-00001868,PRJ-005,WBS-00185,CC-00037,2026-06-19,8.0,0.0,594.48,OnPrem-SQLServer
LC-00001869,PRJ-005,WBS-00185,CC-00037,2026-07-17,8.0,0.0,609.36,OnPrem-SQLServer
LC-00001870,PRJ-005,WBS-00185,CC-00038,2026-05-22,8.0,1.66,530.48,OnPrem-SQLServer
LC-00001871,PRJ-005,WBS-00185,CC-00040,2026-06-19,8.0,0.0,289.04,OnPrem-SQLServer
LC-00001872,PRJ-005,WBS-00185,CC-00042,2026-05-15,8.0,0.0,813.52,OnPrem-SQLServer
LC-00001873,PRJ-005,WBS-00185,CC-00043,2026-07-10,8.0,0.0,813.52,OnPrem-SQLServer
LC-00001874,PRJ-005,WBS-00185,CC-00044,2026-07-03,8.0,0.0,254.72,OnPrem-SQLServer
LC-00001875,PRJ-005,WBS-00185,CC-00045,2026-05-01,8.0,0.0,813.52,OnPrem-SQLServer
LC-00001876,PRJ-005,WBS-00186,CC-00037,2026-06-05,8.0,0.0,275.92,OnPrem-SQLServer
LC-00001877,PRJ-005,WBS-00186,CC-00037,2026-07-10,8.0,0.0,609.36,OnPrem-SQLServer
LC-00001878,PRJ-005,WBS-00186,CC-00038,2026-06-05,16.0,0.0,992.72,OnPrem-SQLServer
LC-00001879,PRJ-005,WBS-00186,CC-00040,2026-07-31,8.0,0.0,289.04,OnPrem-SQLServer
LC-00001880,PRJ-005,WBS-00186,CC-00041,2026-07-24,8.0,0.0,813.52,OnPrem-SQLServer
LC-00001881,PRJ-005,WBS-00186,CC-00043,2026-06-12,8.0,1.03,500.92,OnPrem-SQLServer
LC-00001882,PRJ-005,WBS-00187,CC-00037,2026-06-19,8.0,0.0,275.92,OnPrem-SQLServer
LC-00001883,PRJ-005,WBS-00187,CC-00039,2026-05-15,8.0,0.0,813.52,OnPrem-SQLServer
LC-00001884,PRJ-005,WBS-00187,CC-00039,2026-06-26,8.0,1.95,376.8,OnPrem-SQLServer
LC-00001885,PRJ-005,WBS-00187,CC-00039,2026-07-03,8.0,0.0,289.04,OnPrem-SQLServer
LC-00001886,PRJ-005,WBS-00187,CC-00040,2026-06-19,8.0,0.0,275.92,OnPrem-SQLServer
LC-00001887,PRJ-005,WBS-00187,CC-00041,2026-05-08,8.0,0.0,813.52,OnPrem-SQLServer
LC-00001888,PRJ-005,WBS-00187,CC-00043,2026-05-29,8.0,0.0,275.92,OnPrem-SQLServer
LC-00001889,PRJ-005,WBS-00187,CC-00043,2026-07-17,8.0,0.0,813.52,OnPrem-SQLServer
LC-00001890,PRJ-005,WBS-00187,CC-00044,2026-06-19,8.0,0.0,594.48,OnPrem-SQLServer
LC-00001891,PRJ-005,WBS-00187,CC-00044,2026-07-17,8.0,0.0,594.48,OnPrem-SQLServer
LC-00001892,PRJ-005,WBS-00188,CC-00037,2026-06-19,8.0,0.0,409.92,OnPrem-SQLServer
LC-00001893,PRJ-005,WBS-00188,CC-00037,2026-07-10,8.0,0.0,289.04,OnPrem-SQLServer
LC-00001894,PRJ-005,WBS-00188,CC-00039,2026-05-08,8.0,0.0,813.52,OnPrem-SQLServer
LC-00001895,PRJ-005,WBS-00188,CC-00045,2026-07-10,8.0,0.0,404.56,OnPrem-SQLServer
LC-00001896,PRJ-005,WBS-00189,CC-00037,2026-07-24,8.0,0.0,419.84,OnPrem-SQLServer
LC-00001897,PRJ-005,WBS-00189,CC-00039,2026-05-22,8.0,0.0,594.48,OnPrem-SQLServer
LC-00001898,PRJ-005,WBS-00189,CC-00039,2026-06-26,8.0,1.72,364.9,OnPrem-SQLServer
LC-00001899,PRJ-005,WBS-00189,CC-00039,2026-07-17,8.0,0.0,419.84,OnPrem-SQLServer
LC-00001900,PRJ-005,WBS-00189,CC-00040,2026-06-12,8.0,0.0,254.72,OnPrem-SQLServer
LC-00001901,PRJ-005,WBS-00189,CC-00041,2026-07-03,8.0,0.0,257.92,OnPrem-SQLServer
LC-00001902,PRJ-005,WBS-00189,CC-00042,2026-06-05,8.0,1.06,669.48,OnPrem-SQLServer
LC-00001903,PRJ-005,WBS-00189,CC-00042,2026-06-19,8.0,0.0,594.48,OnPrem-SQLServer
LC-00001904,PRJ-005,WBS-00190,CC-00037,2026-05-01,8.0,0.0,594.48,OnPrem-SQLServer
LC-00001905,PRJ-005,WBS-00190,CC-00038,2026-05-22,8.0,0.0,594.48,OnPrem-SQLServer
LC-00001906,PRJ-005,WBS-00190,CC-00039,2026-07-10,16.0,0.56,949.26,OnPrem-SQLServer
LC-00001907,PRJ-005,WBS-00190,CC-00040,2026-06-26,8.0,0.0,609.36,OnPrem-SQLServer
LC-00001908,PRJ-005,WBS-00190,CC-00041,2026-07-10,8.0,0.0,419.84,OnPrem-SQLServer
LC-00001909,PRJ-005,WBS-00190,CC-00042,2026-05-01,8.0,0.0,594.48,OnPrem-SQLServer
LC-00001910,PRJ-005,WBS-00190,CC-00042,2026-06-26,8.0,0.0,389.92,OnPrem-SQLServer
LC-00001911,PRJ-005,WBS-00190,CC-00044,2026-07-17,8.0,0.0,594.48,OnPrem-SQLServer
LC-00001912,PRJ-005,WBS-00191,CC-00037,2026-05-22,8.0,1.36,1020.97,OnPrem-SQLServer
LC-00001913,PRJ-005,WBS-00191,CC-00037,2026-07-10,8.0,0.0,813.52,OnPrem-SQLServer
LC-00001914,PRJ-005,WBS-00191,CC-00038,2026-07-31,8.0,0.0,244.0,OnPrem-SQLServer
LC-00001915,PRJ-005,WBS-00191,CC-00039,2026-06-26,8.0,0.0,594.48,OnPrem-SQLServer
LC-00001916,PRJ-005,WBS-00191,CC-00041,2026-06-26,8.0,0.0,279.84,OnPrem-SQLServer
LC-00001917,PRJ-005,WBS-00191,CC-00042,2026-07-17,8.0,1.96,574.13,OnPrem-SQLServer
LC-00001918,PRJ-005,WBS-00191,CC-00042,2026-07-31,8.0,0.0,289.04,OnPrem-SQLServer
LC-00001919,PRJ-005,WBS-00191,CC-00043,2026-07-17,8.0,0.0,430.56,OnPrem-SQLServer
LC-00001920,PRJ-005,WBS-00191,CC-00044,2026-06-12,8.0,0.0,813.52,OnPrem-SQLServer
LC-00001921,PRJ-005,WBS-00191,CC-00045,2026-07-10,8.0,0.0,419.84,OnPrem-SQLServer
LC-00001922,PRJ-005,WBS-00192,CC-00037,2026-07-03,8.0,0.0,254.72,OnPrem-SQLServer
LC-00001923,PRJ-005,WBS-00192,CC-00037,2026-07-24,8.0,0.0,609.36,OnPrem-SQLServer
LC-00001924,PRJ-005,WBS-00192,CC-00038,2026-05-29,8.0,0.0,474.48,OnPrem-SQLServer
LC-00001925,PRJ-005,WBS-00192,CC-00038,2026-07-10,8.0,0.0,404.56,OnPrem-SQLServer
LC-00001926,PRJ-005,WBS-00192,CC-00038,2026-07-17,8.0,0.0,430.56,OnPrem-SQLServer
LC-00001927,PRJ-005,WBS-00192,CC-00039,2026-06-12,8.0,0.0,813.52,OnPrem-SQLServer
LC-00001928,PRJ-005,WBS-00192,CC-00041,2026-07-17,8.0,0.0,289.04,OnPrem-SQLServer
LC-00001929,PRJ-005,WBS-00192,CC-00041,2026-07-31,8.0,0.0,275.92,OnPrem-SQLServer
LC-00001930,PRJ-005,WBS-00192,CC-00044,2026-07-10,8.0,0.0,275.92,OnPrem-SQLServer
LC-00001931,PRJ-005,WBS-00192,CC-00044,2026-07-24,8.0,0.0,289.04,OnPrem-SQLServer
LC-00001932,PRJ-005,WBS-00192,CC-00045,2026-05-01,8.0,0.0,813.52,OnPrem-SQLServer
LC-00001933,PRJ-005,WBS-00192,CC-00045,2026-06-19,8.0,0.0,419.84,OnPrem-SQLServer
LC-00001934,PRJ-005,WBS-00192,CC-00045,2026-07-17,8.0,0.0,275.92,OnPrem-SQLServer
LC-00001935,PRJ-005,WBS-00193,CC-00037,2026-06-26,8.0,0.0,389.92,OnPrem-SQLServer
LC-00001936,PRJ-005,WBS-00193,CC-00039,2026-05-29,8.0,0.0,275.92,OnPrem-SQLServer
LC-00001937,PRJ-005,WBS-00193,CC-00045,2026-06-26,8.0,0.0,289.04,OnPrem-SQLServer
LC-00001938,PRJ-005,WBS-00193,CC-00045,2026-07-31,8.0,0.0,609.36,OnPrem-SQLServer
LC-00001939,PRJ-005,WBS-00194,CC-00038,2026-07-17,8.0,1.38,767.03,OnPrem-SQLServer
LC-00001940,PRJ-005,WBS-00194,CC-00038,2026-07-31,8.0,1.37,346.8,OnPrem-SQLServer
LC-00001941,PRJ-005,WBS-00194,CC-00039,2026-07-03,8.0,0.0,275.92,OnPrem-SQLServer
LC-00001942,PRJ-005,WBS-00194,CC-00040,2026-06-26,8.0,0.0,594.48,OnPrem-SQLServer
LC-00001943,PRJ-005,WBS-00194,CC-00041,2026-07-10,8.0,0.0,609.36,OnPrem-SQLServer
LC-00001944,PRJ-005,WBS-00194,CC-00042,2026-07-31,8.0,0.0,289.04,OnPrem-SQLServer
LC-00001945,PRJ-005,WBS-00194,CC-00045,2026-06-12,8.0,0.0,419.84,OnPrem-SQLServer
LC-00001946,PRJ-005,WBS-00195,CC-00037,2026-07-17,8.0,0.0,289.04,OnPrem-SQLServer
LC-00001947,PRJ-005,WBS-00195,CC-00038,2026-07-31,8.0,0.0,244.0,OnPrem-SQLServer
LC-00001948,PRJ-005,WBS-00195,CC-00040,2026-06-19,8.0,0.0,289.04,OnPrem-SQLServer
LC-00001949,PRJ-005,WBS-00195,CC-00043,2026-06-05,8.0,0.0,275.92,OnPrem-SQLServer
LC-00001950,PRJ-005,WBS-00195,CC-00043,2026-07-24,8.0,1.18,352.99,OnPrem-SQLServer
LC-00001951,PRJ-005,WBS-00195,CC-00045,2026-07-17,8.0,0.0,594.48,OnPrem-SQLServer
LC-00001952,PRJ-005,WBS-00196,CC-00037,2026-07-31,8.0,0.0,609.36,OnPrem-SQLServer
LC-00001953,PRJ-005,WBS-00196,CC-00038,2026-07-17,8.0,0.9,648.89,OnPrem-SQLServer
LC-00001954,PRJ-005,WBS-00196,CC-00040,2026-05-08,8.0,0.0,766.32,OnPrem-SQLServer
LC-00001955,PRJ-005,WBS-00196,CC-00040,2026-05-29,8.0,0.0,474.48,OnPrem-SQLServer
LC-00001956,PRJ-005,WBS-00196,CC-00042,2026-05-01,8.0,0.0,813.52,OnPrem-SQLServer
LC-00001957,PRJ-005,WBS-00196,CC-00042,2026-06-05,8.0,0.0,254.72,OnPrem-SQLServer
LC-00001958,PRJ-005,WBS-00196,CC-00042,2026-07-31,8.0,0.0,594.48,OnPrem-SQLServer
LC-00001959,PRJ-005,WBS-00196,CC-00044,2026-06-05,8.0,0.0,594.48,OnPrem-SQLServer
LC-00001960,PRJ-005,WBS-00196,CC-00044,2026-06-26,8.0,0.0,594.48,OnPrem-SQLServer
LC-00001961,PRJ-005,WBS-00196,CC-00044,2026-07-10,8.0,0.0,404.56,OnPrem-SQLServer
LC-00001962,PRJ-005,WBS-00197,CC-00037,2026-06-19,8.0,0.0,594.48,OnPrem-SQLServer
LC-00001963,PRJ-005,WBS-00197,CC-00038,2026-06-12,8.0,0.0,254.72,OnPrem-SQLServer
LC-00001964,PRJ-005,WBS-00197,CC-00040,2026-07-17,8.0,0.0,454.4,OnPrem-SQLServer
LC-00001965,PRJ-005,WBS-00197,CC-00041,2026-06-12,8.0,0.0,419.84,OnPrem-SQLServer
LC-00001966,PRJ-005,WBS-00197,CC-00041,2026-07-31,8.0,0.0,813.52,OnPrem-SQLServer
LC-00001967,PRJ-005,WBS-00197,CC-00044,2026-07-31,8.0,0.0,289.04,OnPrem-SQLServer
LC-00001968,PRJ-005,WBS-00197,CC-00045,2026-07-03,8.0,0.0,257.92,OnPrem-SQLServer
LC-00001969,PRJ-005,WBS-00198,CC-00038,2026-07-17,8.0,0.67,511.48,OnPrem-SQLServer
LC-00001970,PRJ-005,WBS-00198,CC-00039,2026-07-10,8.0,0.0,275.92,OnPrem-SQLServer
LC-00001971,PRJ-005,WBS-00198,CC-00040,2026-06-19,8.0,0.0,594.48,OnPrem-SQLServer
LC-00001972,PRJ-005,WBS-00198,CC-00041,2026-05-22,8.0,0.0,398.24,OnPrem-SQLServer
LC-00001973,PRJ-005,WBS-00198,CC-00042,2026-06-05,8.0,0.0,398.24,OnPrem-SQLServer
LC-00001974,PRJ-005,WBS-00198,CC-00043,2026-05-22,8.0,0.0,275.92,OnPrem-SQLServer
LC-00001975,PRJ-005,WBS-00198,CC-00043,2026-06-19,8.0,0.0,409.92,OnPrem-SQLServer
LC-00001976,PRJ-005,WBS-00198,CC-00043,2026-07-10,8.0,0.0,419.84,OnPrem-SQLServer
LC-00001977,PRJ-005,WBS-00198,CC-00043,2026-07-17,8.0,1.08,667.63,OnPrem-SQLServer
LC-00001978,PRJ-005,WBS-00198,CC-00044,2026-05-22,8.0,0.0,404.56,OnPrem-SQLServer
LC-00001979,PRJ-005,WBS-00198,CC-00045,2026-05-22,8.0,0.0,404.56,OnPrem-SQLServer
LC-00001980,PRJ-005,WBS-00199,CC-00037,2026-05-22,8.0,0.0,594.48,OnPrem-SQLServer
LC-00001981,PRJ-005,WBS-00199,CC-00037,2026-06-26,8.0,0.0,275.92,OnPrem-SQLServer
LC-00001982,PRJ-005,WBS-00199,CC-00037,2026-07-24,8.0,0.0,813.52,OnPrem-SQLServer
LC-00001983,PRJ-005,WBS-00199,CC-00038,2026-06-05,8.0,0.0,594.48,OnPrem-SQLServer
LC-00001984,PRJ-005,WBS-00199,CC-00038,2026-07-31,8.0,0.0,244.0,OnPrem-SQLServer
LC-00001985,PRJ-005,WBS-00199,CC-00039,2026-06-05,8.0,1.56,514.73,OnPrem-SQLServer
LC-00001986,PRJ-005,WBS-00199,CC-00040,2026-05-22,8.0,0.0,275.92,OnPrem-SQLServer
LC-00001987,PRJ-005,WBS-00199,CC-00041,2026-07-24,8.0,0.0,419.84,OnPrem-SQLServer
LC-00001988,PRJ-005,WBS-00199,CC-00042,2026-07-31,8.0,0.0,419.84,OnPrem-SQLServer
LC-00001989,PRJ-005,WBS-00199,CC-00044,2026-05-01,8.0,0.0,594.48,OnPrem-SQLServer
LC-00001990,PRJ-005,WBS-00199,CC-00045,2026-05-08,8.0,0.0,766.32,OnPrem-SQLServer
LC-00001991,PRJ-005,WBS-00199,CC-00045,2026-07-03,8.0,0.0,275.92,OnPrem-SQLServer
LC-00001992,PRJ-005,WBS-00199,CC-00045,2026-07-10,8.0,0.0,275.92,OnPrem-SQLServer
LC-00001993,PRJ-005,WBS-00200,CC-00041,2026-06-05,8.0,0.0,419.84,OnPrem-SQLServer
LC-00001994,PRJ-005,WBS-00200,CC-00041,2026-06-19,8.0,1.0,498.56,OnPrem-SQLServer
LC-00001995,PRJ-005,WBS-00200,CC-00043,2026-05-08,8.0,0.0,813.52,OnPrem-SQLServer
LC-00001996,PRJ-005,WBS-00200,CC-00043,2026-06-19,8.0,0.0,813.52,OnPrem-SQLServer
LC-00001997,PRJ-005,WBS-00200,CC-00045,2026-05-22,8.0,0.0,398.24,OnPrem-SQLServer
LC-00001998,PRJ-005,WBS-00200,CC-00045,2026-05-29,8.0,0.0,813.52,OnPrem-SQLServer
LC-00001999,PRJ-005,WBS-00200,CC-00045,2026-06-19,8.0,0.0,813.52,OnPrem-SQLServer
LC-00002000,PRJ-005,WBS-00200,CC-00045,2026-07-24,8.0,0.0,813.52,OnPrem-SQLServer
LC-00002001,PRJ-005,WBS-00201,CC-00039,2026-07-03,8.0,0.0,257.92,OnPrem-SQLServer
LC-00002002,PRJ-005,WBS-00201,CC-00040,2026-06-12,8.0,0.0,813.52,OnPrem-SQLServer
LC-00002003,PRJ-005,WBS-00201,CC-00040,2026-07-17,8.0,0.0,254.72,OnPrem-SQLServer
LC-00002004,PRJ-005,WBS-00201,CC-00043,2026-07-17,8.0,0.79,482.03,OnPrem-SQLServer
LC-00002005,PRJ-005,WBS-00201,CC-00044,2026-07-17,8.0,0.0,254.72,OnPrem-SQLServer
LC-00002006,PRJ-005,WBS-00201,CC-00045,2026-06-26,16.0,0.0,568.88,OnPrem-SQLServer
LC-00002007,PRJ-005,WBS-00201,CC-00045,2026-07-31,8.0,0.63,909.62,OnPrem-SQLServer
LC-00002008,PRJ-005,WBS-00202,CC-00037,2026-07-17,8.0,0.0,555.2,OnPrem-SQLServer
LC-00002009,PRJ-005,WBS-00202,CC-00038,2026-07-31,8.0,0.0,254.72,OnPrem-SQLServer
LC-00002010,PRJ-005,WBS-00202,CC-00040,2026-07-24,8.0,0.0,419.84,OnPrem-SQLServer
LC-00002011,PRJ-005,WBS-00202,CC-00043,2026-06-19,8.0,0.0,254.72,OnPrem-SQLServer
LC-00002012,PRJ-005,WBS-00203,CC-00037,2026-05-22,8.0,0.0,594.48,OnPrem-SQLServer
LC-00002013,PRJ-005,WBS-00203,CC-00037,2026-06-26,8.0,0.0,609.36,OnPrem-SQLServer
LC-00002014,PRJ-005,WBS-00203,CC-00038,2026-07-24,8.0,0.0,275.92,OnPrem-SQLServer
LC-00002015,PRJ-005,WBS-00203,CC-00040,2026-05-29,8.0,0.0,813.52,OnPrem-SQLServer
LC-00002016,PRJ-005,WBS-00203,CC-00041,2026-06-05,8.0,0.0,254.72,OnPrem-SQLServer
LC-00002017,PRJ-005,WBS-00203,CC-00041,2026-07-31,8.0,0.0,594.48,OnPrem-SQLServer
LC-00002018,PRJ-005,WBS-00203,CC-00042,2026-06-12,8.0,0.0,275.92,OnPrem-SQLServer
LC-00002019,PRJ-005,WBS-00203,CC-00042,2026-07-17,16.0,1.17,1805.51,OnPrem-SQLServer
LC-00002020,PRJ-005,WBS-00203,CC-00045,2026-07-17,16.0,0.0,685.28,OnPrem-SQLServer
LC-00002021,PRJ-005,WBS-00204,CC-00037,2026-07-31,8.0,0.0,254.72,OnPrem-SQLServer
LC-00002022,PRJ-005,WBS-00204,CC-00038,2026-07-31,8.0,0.0,813.52,OnPrem-SQLServer
LC-00002023,PRJ-005,WBS-00204,CC-00039,2026-06-26,8.0,1.19,353.53,OnPrem-SQLServer
LC-00002024,PRJ-005,WBS-00204,CC-00040,2026-07-10,8.0,0.0,404.56,OnPrem-SQLServer
LC-00002025,PRJ-005,WBS-00204,CC-00041,2026-06-19,8.0,0.0,813.52,OnPrem-SQLServer
LC-00002026,PRJ-005,WBS-00204,CC-00041,2026-07-03,16.0,1.86,648.07,OnPrem-SQLServer
LC-00002027,PRJ-005,WBS-00204,CC-00041,2026-07-24,8.0,0.0,419.84,OnPrem-SQLServer
LC-00002028,PRJ-005,WBS-00204,CC-00042,2026-07-10,8.0,1.72,1075.88,OnPrem-SQLServer
LC-00002029,PRJ-005,WBS-00204,CC-00043,2026-06-19,8.0,1.96,574.13,OnPrem-SQLServer
LC-00002030,PRJ-005,WBS-00204,CC-00044,2026-05-01,8.0,0.0,594.48,OnPrem-SQLServer
LC-00002031,PRJ-005,WBS-00204,CC-00045,2026-05-29,8.0,0.0,474.48,OnPrem-SQLServer
LC-00002032,PRJ-005,WBS-00205,CC-00038,2026-07-24,8.0,0.0,275.92,OnPrem-SQLServer
LC-00002033,PRJ-005,WBS-00205,CC-00039,2026-05-01,8.0,0.0,813.52,OnPrem-SQLServer
LC-00002034,PRJ-005,WBS-00205,CC-00039,2026-06-05,8.0,0.0,419.84,OnPrem-SQLServer
LC-00002035,PRJ-005,WBS-00205,CC-00041,2026-05-22,8.0,0.0,398.24,OnPrem-SQLServer
LC-00002036,PRJ-005,WBS-00205,CC-00041,2026-06-26,8.0,0.0,609.36,OnPrem-SQLServer
LC-00002037,PRJ-005,WBS-00205,CC-00044,2026-07-03,8.0,1.03,344.86,OnPrem-SQLServer
LC-00002038,PRJ-005,WBS-00205,CC-00044,2026-07-24,8.0,0.0,813.52,OnPrem-SQLServer
LC-00002039,PRJ-005,WBS-00206,CC-00037,2026-06-26,8.0,0.0,279.84,OnPrem-SQLServer
LC-00002040,PRJ-005,WBS-00206,CC-00038,2026-05-29,8.0,0.0,275.92,OnPrem-SQLServer
LC-00002041,PRJ-005,WBS-00206,CC-00038,2026-06-19,8.0,0.0,289.04,OnPrem-SQLServer
LC-00002042,PRJ-005,WBS-00206,CC-00038,2026-07-03,8.0,0.0,254.72,OnPrem-SQLServer
LC-00002043,PRJ-005,WBS-00206,CC-00042,2026-07-17,8.0,0.0,609.36,OnPrem-SQLServer
LC-00002044,PRJ-005,WBS-00206,CC-00043,2026-05-08,16.0,0.78,1698.82,OnPrem-SQLServer
LC-00002045,PRJ-005,WBS-00207,CC-00037,2026-06-19,8.0,0.0,409.92,OnPrem-SQLServer
LC-00002046,PRJ-005,WBS-00207,CC-00039,2026-06-26,8.0,0.0,594.48,OnPrem-SQLServer
LC-00002047,PRJ-005,WBS-00207,CC-00039,2026-07-17,8.0,0.0,254.72,OnPrem-SQLServer
LC-00002048,PRJ-005,WBS-00207,CC-00040,2026-07-17,8.0,0.0,275.92,OnPrem-SQLServer
LC-00002049,PRJ-005,WBS-00207,CC-00042,2026-05-29,8.0,0.0,275.92,OnPrem-SQLServer
LC-00002050,PRJ-005,WBS-00207,CC-00044,2026-07-17,8.0,0.0,275.92,OnPrem-SQLServer
LC-00002051,PRJ-005,WBS-00207,CC-00044,2026-07-31,8.0,0.0,594.48,OnPrem-SQLServer
LC-00002052,PRJ-005,WBS-00207,CC-00045,2026-05-22,8.0,1.37,367.01,OnPrem-SQLServer
LC-00002053,PRJ-005,WBS-00207,CC-00045,2026-06-05,8.0,0.0,558.48,OnPrem-SQLServer
LC-00002054,PRJ-005,WBS-00207,CC-00045,2026-07-17,8.0,0.0,430.56,OnPrem-SQLServer
LC-00002055,PRJ-005,WBS-00208,CC-00039,2026-07-17,8.0,0.0,555.2,OnPrem-SQLServer
LC-00002056,PRJ-005,WBS-00208,CC-00043,2026-05-08,8.0,0.0,766.32,OnPrem-SQLServer
LC-00002057,PRJ-005,WBS-00208,CC-00043,2026-07-10,8.0,0.0,813.52,OnPrem-SQLServer
LC-00002058,PRJ-005,WBS-00208,CC-00043,2026-07-17,8.0,0.0,454.4,OnPrem-SQLServer
LC-00002059,PRJ-005,WBS-00208,CC-00043,2026-07-31,8.0,0.0,289.04,OnPrem-SQLServer
LC-00002060,PRJ-005,WBS-00209,CC-00037,2026-07-10,8.0,1.03,344.86,OnPrem-SQLServer
LC-00002061,PRJ-005,WBS-00209,CC-00037,2026-07-17,8.0,0.0,275.92,OnPrem-SQLServer
LC-00002062,PRJ-005,WBS-00209,CC-00038,2026-05-15,8.0,0.0,813.52,OnPrem-SQLServer
LC-00002063,PRJ-005,WBS-00209,CC-00038,2026-06-05,8.0,0.64,625.5,OnPrem-SQLServer
LC-00002064,PRJ-005,WBS-00209,CC-00039,2026-05-22,8.0,0.0,813.52,OnPrem-SQLServer
LC-00002065,PRJ-005,WBS-00209,CC-00042,2026-05-22,8.0,1.88,1100.29,OnPrem-SQLServer
LC-00002066,PRJ-005,WBS-00210,CC-00037,2026-07-31,8.0,0.0,254.72,OnPrem-SQLServer
LC-00002067,PRJ-005,WBS-00210,CC-00038,2026-05-08,8.0,0.0,766.32,OnPrem-SQLServer
LC-00002068,PRJ-005,WBS-00210,CC-00038,2026-07-10,8.0,0.0,275.92,OnPrem-SQLServer
LC-00002069,PRJ-005,WBS-00210,CC-00041,2026-06-05,8.0,0.0,275.92,OnPrem-SQLServer
LC-00002070,PRJ-005,WBS-00210,CC-00041,2026-06-19,8.0,0.0,409.92,OnPrem-SQLServer
LC-00002071,PRJ-005,WBS-00210,CC-00044,2026-06-19,8.0,0.0,813.52,OnPrem-SQLServer
LC-00002072,PRJ-005,WBS-00210,CC-00045,2026-07-24,8.0,0.0,813.52,OnPrem-SQLServer
LC-00002073,PRJ-005,WBS-00211,CC-00038,2026-06-19,8.0,0.0,275.92,OnPrem-SQLServer
LC-00002074,PRJ-005,WBS-00211,CC-00038,2026-07-31,8.0,0.0,594.48,OnPrem-SQLServer
LC-00002075,PRJ-005,WBS-00211,CC-00040,2026-06-05,8.0,0.0,813.52,OnPrem-SQLServer
LC-00002076,PRJ-005,WBS-00211,CC-00041,2026-05-08,8.0,0.0,813.52,OnPrem-SQLServer
LC-00002077,PRJ-005,WBS-00211,CC-00045,2026-07-10,8.0,0.0,419.84,OnPrem-SQLServer
LC-00002078,PRJ-005,WBS-00212,CC-00037,2026-05-22,8.0,0.0,292.0,OnPrem-SQLServer
LC-00002079,PRJ-005,WBS-00212,CC-00037,2026-06-12,8.0,0.0,419.84,OnPrem-SQLServer
LC-00002080,PRJ-005,WBS-00212,CC-00039,2026-07-24,8.0,1.46,776.17,OnPrem-SQLServer
LC-00002081,PRJ-005,WBS-00212,CC-00042,2026-05-22,8.0,0.0,594.48,OnPrem-SQLServer
LC-00002082,PRJ-005,WBS-00212,CC-00043,2026-05-22,8.0,0.0,292.0,OnPrem-SQLServer
LC-00002083,PRJ-005,WBS-00212,CC-00044,2026-06-26,8.0,0.0,254.72,OnPrem-SQLServer
LC-00002084,PRJ-005,WBS-00213,CC-00038,2026-06-05,8.0,0.0,813.52,OnPrem-SQLServer
LC-00002085,PRJ-005,WBS-00213,CC-00039,2026-06-19,8.0,0.0,275.92,OnPrem-SQLServer
LC-00002086,PRJ-005,WBS-00213,CC-00039,2026-06-26,8.0,0.0,609.36,OnPrem-SQLServer
LC-00002087,PRJ-005,WBS-00213,CC-00043,2026-05-22,8.0,0.0,404.56,OnPrem-SQLServer
LC-00002088,PRJ-005,WBS-00213,CC-00043,2026-06-05,8.0,0.0,419.84,OnPrem-SQLServer
LC-00002089,PRJ-005,WBS-00213,CC-00043,2026-07-17,8.0,0.0,275.92,OnPrem-SQLServer
LC-00002090,PRJ-006,WBS-00214,CC-00047,2026-06-05,8.0,0.0,553.28,OnPrem-SQLServer
LC-00002091,PRJ-006,WBS-00214,CC-00047,2026-06-19,8.0,0.0,440.8,OnPrem-SQLServer
LC-00002092,PRJ-006,WBS-00214,CC-00047,2026-07-24,8.0,0.61,515.73,OnPrem-SQLServer
LC-00002093,PRJ-006,WBS-00214,CC-00047,2026-07-31,8.0,0.0,462.8,OnPrem-SQLServer
LC-00002094,PRJ-006,WBS-00214,CC-00048,2026-07-31,8.0,0.0,440.8,OnPrem-SQLServer
LC-00002095,PRJ-006,WBS-00214,CC-00049,2026-06-05,8.0,1.5,791.81,OnPrem-SQLServer
LC-00002096,PRJ-006,WBS-00214,CC-00050,2026-05-29,8.0,0.0,730.96,OnPrem-SQLServer
LC-00002097,PRJ-006,WBS-00214,CC-00050,2026-06-12,8.0,0.0,561.44,OnPrem-SQLServer
LC-00002098,PRJ-006,WBS-00214,CC-00051,2026-06-26,8.0,0.0,440.8,OnPrem-SQLServer
LC-00002099,PRJ-006,WBS-00214,CC-00052,2026-06-12,8.0,0.0,231.12,OnPrem-SQLServer
LC-00002100,PRJ-006,WBS-00214,CC-00052,2026-07-03,8.0,0.0,618.0,OnPrem-SQLServer
LC-00002101,PRJ-006,WBS-00214,CC-00053,2026-05-22,8.0,0.0,462.8,OnPrem-SQLServer
LC-00002102,PRJ-006,WBS-00214,CC-00053,2026-06-05,8.0,0.0,723.04,OnPrem-SQLServer
LC-00002103,PRJ-006,WBS-00214,CC-00053,2026-07-17,16.0,0.9,1263.94,OnPrem-SQLServer
LC-00002104,PRJ-006,WBS-00214,CC-00053,2026-07-24,8.0,1.73,968.07,OnPrem-SQLServer
LC-00002105,PRJ-006,WBS-00214,CC-00054,2026-05-01,8.0,0.0,231.12,OnPrem-SQLServer
LC-00002106,PRJ-006,WBS-00214,CC-00054,2026-07-03,8.0,0.0,231.12,OnPrem-SQLServer
LC-00002107,PRJ-006,WBS-00215,CC-00046,2026-05-01,8.0,0.0,723.04,OnPrem-SQLServer
LC-00002108,PRJ-006,WBS-00215,CC-00046,2026-07-03,8.0,0.0,231.12,OnPrem-SQLServer
LC-00002109,PRJ-006,WBS-00215,CC-00046,2026-07-17,8.0,0.0,518.72,OnPrem-SQLServer
LC-00002110,PRJ-006,WBS-00215,CC-00047,2026-05-29,8.0,0.0,730.96,OnPrem-SQLServer
LC-00002111,PRJ-006,WBS-00215,CC-00047,2026-07-17,8.0,0.0,279.92,OnPrem-SQLServer
LC-00002112,PRJ-006,WBS-00215,CC-00049,2026-06-19,8.0,0.0,725.52,OnPrem-SQLServer
LC-00002113,PRJ-006,WBS-00215,CC-00050,2026-07-24,16.0,0.0,1176.16,OnPrem-SQLServer
LC-00002114,PRJ-006,WBS-00215,CC-00051,2026-05-01,8.0,0.0,470.72,OnPrem-SQLServer
LC-00002115,PRJ-006,WBS-00215,CC-00051,2026-06-19,8.0,0.0,723.04,OnPrem-SQLServer
LC-00002116,PRJ-006,WBS-00215,CC-00051,2026-07-24,8.0,0.0,725.52,OnPrem-SQLServer
LC-00002117,PRJ-006,WBS-00215,CC-00051,2026-07-31,8.0,1.46,924.13,OnPrem-SQLServer
LC-00002118,PRJ-006,WBS-00215,CC-00052,2026-05-15,8.0,0.79,830.14,OnPrem-SQLServer
LC-00002119,PRJ-006,WBS-00215,CC-00052,2026-05-29,8.0,0.0,279.84,OnPrem-SQLServer
LC-00002120,PRJ-006,WBS-00215,CC-00053,2026-07-10,8.0,0.0,725.52,OnPrem-SQLServer
LC-00002121,PRJ-006,WBS-00215,CC-00053,2026-07-17,8.0,0.0,615.36,OnPrem-SQLServer
LC-00002122,PRJ-006,WBS-00216,CC-00046,2026-05-01,8.0,0.0,723.04,OnPrem-SQLServer
LC-00002123,PRJ-006,WBS-00216,CC-00046,2026-07-31,8.0,0.0,462.8,OnPrem-SQLServer
LC-00002124,PRJ-006,WBS-00216,CC-00047,2026-07-03,16.0,0.0,1280.88,OnPrem-SQLServer
LC-00002125,PRJ-006,WBS-00216,CC-00047,2026-07-10,8.0,0.0,618.0,OnPrem-SQLServer
LC-00002126,PRJ-006,WBS-00216,CC-00048,2026-07-17,8.0,1.42,779.2,OnPrem-SQLServer
LC-00002127,PRJ-006,WBS-00216,CC-00049,2026-07-24,8.0,1.74,816.12,OnPrem-SQLServer
LC-00002128,PRJ-006,WBS-00216,CC-00049,2026-07-31,8.0,0.0,231.12,OnPrem-SQLServer
LC-00002129,PRJ-006,WBS-00216,CC-00050,2026-06-19,8.0,1.32,674.65,OnPrem-SQLServer
LC-00002130,PRJ-006,WBS-00216,CC-00051,2026-06-19,8.0,0.0,231.12,OnPrem-SQLServer
LC-00002131,PRJ-006,WBS-00216,CC-00052,2026-06-12,8.0,0.0,518.72,OnPrem-SQLServer
LC-00002132,PRJ-006,WBS-00216,CC-00052,2026-06-26,8.0,1.77,783.25,OnPrem-SQLServer
LC-00002133,PRJ-006,WBS-00216,CC-00053,2026-06-05,8.0,1.69,810.35,OnPrem-SQLServer
LC-00002134,PRJ-006,WBS-00216,CC-00053,2026-07-17,8.0,0.0,542.72,OnPrem-SQLServer
LC-00002135,PRJ-006,WBS-00216,CC-00053,2026-07-24,8.0,0.0,414.72,OnPrem-SQLServer
LC-00002136,PRJ-006,WBS-00216,CC-00054,2026-07-31,8.0,0.0,518.72,OnPrem-SQLServer
LC-00002137,PRJ-006,WBS-00217,CC-00046,2026-05-15,8.0,0.57,255.82,OnPrem-SQLServer
LC-00002138,PRJ-006,WBS-00217,CC-00046,2026-07-31,8.0,0.0,452.8,OnPrem-SQLServer
LC-00002139,PRJ-006,WBS-00217,CC-00047,2026-07-24,8.0,0.0,725.52,OnPrem-SQLServer
LC-00002140,PRJ-006,WBS-00217,CC-00048,2026-05-08,8.0,0.0,440.8,OnPrem-SQLServer
LC-00002141,PRJ-006,WBS-00217,CC-00048,2026-05-22,8.0,0.0,462.8,OnPrem-SQLServer
LC-00002142,PRJ-006,WBS-00217,CC-00048,2026-06-19,8.0,0.0,518.72,OnPrem-SQLServer
LC-00002143,PRJ-006,WBS-00217,CC-00048,2026-06-26,8.0,0.0,414.72,OnPrem-SQLServer
LC-00002144,PRJ-006,WBS-00217,CC-00049,2026-06-19,8.0,0.0,725.52,OnPrem-SQLServer
LC-00002145,PRJ-006,WBS-00217,CC-00050,2026-07-10,8.0,0.0,689.44,OnPrem-SQLServer
LC-00002146,PRJ-006,WBS-00217,CC-00051,2026-04-24,8.0,0.0,231.12,OnPrem-SQLServer
LC-00002147,PRJ-006,WBS-00217,CC-00051,2026-05-08,8.0,0.0,440.8,OnPrem-SQLServer
LC-00002148,PRJ-006,WBS-00217,CC-00051,2026-07-03,8.0,0.0,730.96,OnPrem-SQLServer
LC-00002149,PRJ-006,WBS-00217,CC-00051,2026-07-24,8.0,1.04,738.51,OnPrem-SQLServer
LC-00002150,PRJ-006,WBS-00217,CC-00053,2026-05-29,8.0,0.0,588.08,OnPrem-SQLServer
LC-00002151,PRJ-006,WBS-00217,CC-00053,2026-06-19,8.0,1.16,880.3,OnPrem-SQLServer
LC-00002152,PRJ-006,WBS-00217,CC-00054,2026-05-22,8.0,0.0,730.96,OnPrem-SQLServer
LC-00002153,PRJ-006,WBS-00217,CC-00054,2026-06-19,8.0,0.0,730.96,OnPrem-SQLServer
LC-00002154,PRJ-006,WBS-00218,CC-00046,2026-07-10,8.0,0.0,231.12,OnPrem-SQLServer
LC-00002155,PRJ-006,WBS-00218,CC-00046,2026-07-24,8.0,0.0,414.72,OnPrem-SQLServer
LC-00002156,PRJ-006,WBS-00218,CC-00047,2026-06-05,8.0,0.0,462.8,OnPrem-SQLServer
LC-00002157,PRJ-006,WBS-00218,CC-00047,2026-07-17,8.0,0.0,618.0,OnPrem-SQLServer
LC-00002158,PRJ-006,WBS-00218,CC-00049,2026-06-19,8.0,0.0,730.96,OnPrem-SQLServer
LC-00002159,PRJ-006,WBS-00218,CC-00049,2026-07-03,8.0,0.0,231.12,OnPrem-SQLServer
LC-00002160,PRJ-006,WBS-00218,CC-00050,2026-07-24,8.0,0.0,518.72,OnPrem-SQLServer
LC-00002161,PRJ-006,WBS-00218,CC-00051,2026-06-19,8.0,0.0,730.96,OnPrem-SQLServer
LC-00002162,PRJ-006,WBS-00218,CC-00053,2026-06-19,8.0,0.0,460.56,OnPrem-SQLServer
LC-00002163,PRJ-006,WBS-00218,CC-00053,2026-07-03,8.0,0.0,540.8,OnPrem-SQLServer
LC-00002164,PRJ-006,WBS-00218,CC-00054,2026-06-05,8.0,0.0,615.36,OnPrem-SQLServer
LC-00002165,PRJ-006,WBS-00218,CC-00054,2026-06-19,8.0,0.0,588.08,OnPrem-SQLServer
LC-00002166,PRJ-006,WBS-00219,CC-00046,2026-06-05,8.0,0.0,730.96,OnPrem-SQLServer
LC-00002167,PRJ-006,WBS-00219,CC-00046,2026-07-17,8.0,0.0,618.0,OnPrem-SQLServer
LC-00002168,PRJ-006,WBS-00219,CC-00047,2026-06-12,8.0,1.94,737.52,OnPrem-SQLServer
LC-00002169,PRJ-006,WBS-00219,CC-00047,2026-06-19,8.0,0.0,231.12,OnPrem-SQLServer
LC-00002170,PRJ-006,WBS-00219,CC-00047,2026-07-17,8.0,0.0,540.8,OnPrem-SQLServer
LC-00002171,PRJ-006,WBS-00219,CC-00049,2026-07-31,8.0,0.0,723.04,OnPrem-SQLServer
LC-00002172,PRJ-006,WBS-00219,CC-00050,2026-05-08,8.0,0.0,440.8,OnPrem-SQLServer
LC-00002173,PRJ-006,WBS-00219,CC-00051,2026-07-10,8.0,0.0,436.16,OnPrem-SQLServer
LC-00002174,PRJ-006,WBS-00219,CC-00051,2026-07-17,8.0,0.0,540.8,OnPrem-SQLServer
LC-00002175,PRJ-006,WBS-00219,CC-00051,2026-07-31,8.0,0.0,452.8,OnPrem-SQLServer
LC-00002176,PRJ-006,WBS-00219,CC-00053,2026-07-03,8.0,0.0,474.48,OnPrem-SQLServer
LC-00002177,PRJ-006,WBS-00220,CC-00046,2026-06-12,8.0,0.0,618.0,OnPrem-SQLServer
LC-00002178,PRJ-006,WBS-00220,CC-00046,2026-06-19,8.0,1.38,522.03,OnPrem-SQLServer
LC-00002179,PRJ-006,WBS-00220,CC-00046,2026-07-31,16.0,1.24,1221.23,OnPrem-SQLServer
LC-00002180,PRJ-006,WBS-00220,CC-00047,2026-05-22,8.0,0.0,440.8,OnPrem-SQLServer
LC-00002181,PRJ-006,WBS-00220,CC-00047,2026-06-26,8.0,1.53,930.46,OnPrem-SQLServer
LC-00002182,PRJ-006,WBS-00220,CC-00049,2026-06-05,8.0,0.0,231.12,OnPrem-SQLServer
LC-00002183,PRJ-006,WBS-00220,CC-00051,2026-05-01,8.0,0.0,470.72,OnPrem-SQLServer
LC-00002184,PRJ-006,WBS-00220,CC-00051,2026-06-26,8.0,0.0,615.36,OnPrem-SQLServer
LC-00002185,PRJ-006,WBS-00220,CC-00052,2026-05-01,8.0,0.0,470.72,OnPrem-SQLServer
LC-00002186,PRJ-006,WBS-00220,CC-00052,2026-06-26,16.0,0.0,1150.8,OnPrem-SQLServer
LC-00002187,PRJ-006,WBS-00220,CC-00053,2026-06-05,8.0,0.0,730.96,OnPrem-SQLServer
LC-00002188,PRJ-006,WBS-00220,CC-00054,2026-06-19,8.0,0.0,462.8,OnPrem-SQLServer
LC-00002189,PRJ-006,WBS-00220,CC-00054,2026-07-10,8.0,0.0,414.72,OnPrem-SQLServer
LC-00002190,PRJ-006,WBS-00220,CC-00054,2026-07-31,8.0,0.0,730.96,OnPrem-SQLServer
LC-00002191,PRJ-006,WBS-00221,CC-00046,2026-06-26,8.0,0.0,730.96,OnPrem-SQLServer
LC-00002192,PRJ-006,WBS-00221,CC-00047,2026-06-05,8.0,0.0,618.0,OnPrem-SQLServer
LC-00002193,PRJ-006,WBS-00221,CC-00050,2026-05-29,8.0,0.0,723.04,OnPrem-SQLServer
LC-00002194,PRJ-006,WBS-00221,CC-00050,2026-06-12,8.0,0.0,618.0,OnPrem-SQLServer
LC-00002195,PRJ-006,WBS-00221,CC-00050,2026-07-03,8.0,0.0,474.48,OnPrem-SQLServer
LC-00002196,PRJ-006,WBS-00221,CC-00050,2026-07-31,8.0,0.0,440.8,OnPrem-SQLServer
LC-00002197,PRJ-006,WBS-00221,CC-00051,2026-04-24,8.0,0.0,231.12,OnPrem-SQLServer
LC-00002198,PRJ-006,WBS-00221,CC-00051,2026-06-19,16.0,1.67,1570.7,OnPrem-SQLServer
LC-00002199,PRJ-006,WBS-00221,CC-00051,2026-07-31,8.0,0.0,462.8,OnPrem-SQLServer
LC-00002200,PRJ-006,WBS-00221,CC-00052,2026-06-26,8.0,0.0,723.04,OnPrem-SQLServer
LC-00002201,PRJ-006,WBS-00221,CC-00052,2026-07-17,8.0,1.22,343.95,OnPrem-SQLServer
LC-00002202,PRJ-006,WBS-00221,CC-00053,2026-07-17,8.0,0.0,440.8,OnPrem-SQLServer
LC-00002203,PRJ-006,WBS-00221,CC-00054,2026-07-24,8.0,0.0,723.04,OnPrem-SQLServer
LC-00002204,PRJ-006,WBS-00222,CC-00046,2026-07-03,8.0,0.0,561.44,OnPrem-SQLServer
LC-00002205,PRJ-006,WBS-00222,CC-00047,2026-05-01,8.0,0.0,723.04,OnPrem-SQLServer
LC-00002206,PRJ-006,WBS-00222,CC-00047,2026-06-12,8.0,0.0,618.0,OnPrem-SQLServer
LC-00002207,PRJ-006,WBS-00222,CC-00048,2026-06-26,16.0,0.0,749.84,OnPrem-SQLServer
LC-00002208,PRJ-006,WBS-00222,CC-00048,2026-07-10,8.0,0.0,618.0,OnPrem-SQLServer
LC-00002209,PRJ-006,WBS-00222,CC-00049,2026-07-10,8.0,0.0,723.04,OnPrem-SQLServer
LC-00002210,PRJ-006,WBS-00222,CC-00049,2026-07-17,8.0,0.0,615.36,OnPrem-SQLServer
LC-00002211,PRJ-006,WBS-00222,CC-00050,2026-04-24,8.0,0.0,231.12,OnPrem-SQLServer
LC-00002212,PRJ-006,WBS-00222,CC-00051,2026-06-12,8.0,1.07,868.1,OnPrem-SQLServer
LC-00002213,PRJ-006,WBS-00222,CC-00051,2026-07-31,8.0,0.0,730.96,OnPrem-SQLServer
LC-00002214,PRJ-006,WBS-00222,CC-00053,2026-06-05,8.0,0.67,260.15,OnPrem-SQLServer
LC-00002215,PRJ-006,WBS-00222,CC-00054,2026-06-26,8.0,0.0,588.08,OnPrem-SQLServer
LC-00002216,PRJ-006,WBS-00222,CC-00054,2026-07-03,8.0,0.0,474.48,OnPrem-SQLServer
LC-00002217,PRJ-006,WBS-00223,CC-00046,2026-04-24,8.0,0.0,231.12,OnPrem-SQLServer
LC-00002218,PRJ-006,WBS-00223,CC-00046,2026-07-03,8.0,0.0,462.8,OnPrem-SQLServer
LC-00002219,PRJ-006,WBS-00223,CC-00046,2026-07-10,8.0,0.0,689.44,OnPrem-SQLServer
LC-00002220,PRJ-006,WBS-00223,CC-00047,2026-07-03,8.0,0.0,462.8,OnPrem-SQLServer
LC-00002221,PRJ-006,WBS-00223,CC-00047,2026-07-31,8.0,0.0,730.96,OnPrem-SQLServer
LC-00002222,PRJ-006,WBS-00223,CC-00048,2026-07-03,8.0,0.0,414.72,OnPrem-SQLServer
LC-00002223,PRJ-006,WBS-00223,CC-00048,2026-07-24,8.0,0.0,588.08,OnPrem-SQLServer
LC-00002224,PRJ-006,WBS-00223,CC-00049,2026-07-24,8.0,0.0,725.52,OnPrem-SQLServer
LC-00002225,PRJ-006,WBS-00223,CC-00049,2026-07-31,8.0,0.0,452.8,OnPrem-SQLServer
LC-00002226,PRJ-006,WBS-00223,CC-00050,2026-07-10,8.0,0.0,723.04,OnPrem-SQLServer
LC-00002227,PRJ-006,WBS-00223,CC-00051,2026-05-15,8.0,0.0,588.08,OnPrem-SQLServer
LC-00002228,PRJ-006,WBS-00223,CC-00051,2026-06-12,16.0,0.0,925.6,OnPrem-SQLServer
LC-00002229,PRJ-006,WBS-00223,CC-00051,2026-07-17,8.0,0.0,725.52,OnPrem-SQLServer
LC-00002230,PRJ-006,WBS-00223,CC-00052,2026-06-26,8.0,0.0,419.84,OnPrem-SQLServer
LC-00002231,PRJ-006,WBS-00223,CC-00052,2026-07-10,8.0,0.0,588.08,OnPrem-SQLServer
LC-00002232,PRJ-006,WBS-00223,CC-00054,2026-06-26,16.0,0.67,1277.32,OnPrem-SQLServer
LC-00002233,PRJ-006,WBS-00223,CC-00054,2026-07-03,8.0,0.0,540.8,OnPrem-SQLServer
LC-00002234,PRJ-006,WBS-00224,CC-00046,2026-07-10,8.0,0.0,518.72,OnPrem-SQLServer
LC-00002235,PRJ-006,WBS-00224,CC-00047,2026-07-03,8.0,1.14,880.6,OnPrem-SQLServer
LC-00002236,PRJ-006,WBS-00224,CC-00047,2026-07-24,8.0,0.0,594.48,OnPrem-SQLServer
LC-00002237,PRJ-006,WBS-00224,CC-00047,2026-07-31,8.0,1.85,792.07,OnPrem-SQLServer
LC-00002238,PRJ-006,WBS-00224,CC-00049,2026-06-12,8.0,0.0,561.44,OnPrem-SQLServer
LC-00002239,PRJ-006,WBS-00224,CC-00049,2026-06-26,8.0,0.0,440.8,OnPrem-SQLServer
LC-00002240,PRJ-006,WBS-00224,CC-00049,2026-07-03,8.0,0.69,819.38,OnPrem-SQLServer
LC-00002241,PRJ-006,WBS-00224,CC-00050,2026-05-08,16.0,3.23,1260.16,OnPrem-SQLServer
LC-00002242,PRJ-006,WBS-00224,CC-00050,2026-06-19,8.0,0.0,723.04,OnPrem-SQLServer
LC-00002243,PRJ-006,WBS-00224,CC-00050,2026-07-03,8.0,0.0,730.96,OnPrem-SQLServer
LC-00002244,PRJ-006,WBS-00224,CC-00051,2026-05-29,8.0,0.0,440.8,OnPrem-SQLServer
LC-00002245,PRJ-006,WBS-00224,CC-00051,2026-07-31,8.0,1.56,536.03,OnPrem-SQLServer
LC-00002246,PRJ-006,WBS-00224,CC-00052,2026-05-15,8.0,0.0,440.8,OnPrem-SQLServer
LC-00002247,PRJ-006,WBS-00224,CC-00052,2026-05-22,8.0,0.0,231.12,OnPrem-SQLServer
LC-00002248,PRJ-006,WBS-00224,CC-00052,2026-07-03,16.0,0.0,1343.52,OnPrem-SQLServer
LC-00002249,PRJ-006,WBS-00224,CC-00053,2026-07-03,8.0,0.0,414.72,OnPrem-SQLServer
LC-00002250,PRJ-006,WBS-00224,CC-00054,2026-07-10,8.0,0.0,414.72,OnPrem-SQLServer
LC-00002251,PRJ-006,WBS-00224,CC-00054,2026-07-17,8.0,0.0,414.72,OnPrem-SQLServer
LC-00002252,PRJ-006,WBS-00225,CC-00047,2026-07-10,8.0,0.0,615.36,OnPrem-SQLServer
LC-00002253,PRJ-006,WBS-00225,CC-00047,2026-07-31,8.0,0.0,618.0,OnPrem-SQLServer
LC-00002254,PRJ-006,WBS-00225,CC-00048,2026-05-29,8.0,0.0,730.96,OnPrem-SQLServer
LC-00002255,PRJ-006,WBS-00225,CC-00049,2026-06-26,8.0,0.0,231.12,OnPrem-SQLServer
LC-00002256,PRJ-006,WBS-00225,CC-00051,2026-06-19,8.0,0.0,618.0,OnPrem-SQLServer
LC-00002257,PRJ-006,WBS-00225,CC-00051,2026-07-10,8.0,0.0,618.0,OnPrem-SQLServer
LC-00002258,PRJ-006,WBS-00225,CC-00051,2026-07-24,16.0,0.0,1317.52,OnPrem-SQLServer
LC-00002259,PRJ-006,WBS-00225,CC-00054,2026-06-12,8.0,1.6,703.04,OnPrem-SQLServer
LC-00002260,PRJ-006,WBS-00225,CC-00054,2026-07-24,16.0,0.0,1271.76,OnPrem-SQLServer
LC-00002261,PRJ-006,WBS-00226,CC-00046,2026-07-17,8.0,0.0,414.72,OnPrem-SQLServer
LC-00002262,PRJ-006,WBS-00226,CC-00047,2026-05-15,8.0,0.0,231.12,OnPrem-SQLServer
LC-00002263,PRJ-006,WBS-00226,CC-00047,2026-05-29,8.0,0.0,588.08,OnPrem-SQLServer
LC-00002264,PRJ-006,WBS-00226,CC-00047,2026-07-17,8.0,0.0,723.04,OnPrem-SQLServer
LC-00002265,PRJ-006,WBS-00226,CC-00048,2026-06-26,8.0,0.0,588.08,OnPrem-SQLServer
LC-00002266,PRJ-006,WBS-00226,CC-00050,2026-05-22,16.0,0.0,877.52,OnPrem-SQLServer
LC-00002267,PRJ-006,WBS-00226,CC-00050,2026-05-29,8.0,0.0,279.84,OnPrem-SQLServer
LC-00002268,PRJ-006,WBS-00226,CC-00050,2026-06-26,8.0,0.0,462.8,OnPrem-SQLServer
LC-00002269,PRJ-006,WBS-00226,CC-00051,2026-07-24,8.0,0.0,518.72,OnPrem-SQLServer
LC-00002270,PRJ-006,WBS-00226,CC-00052,2026-06-05,8.0,0.0,723.04,OnPrem-SQLServer
LC-00002271,PRJ-006,WBS-00226,CC-00053,2026-05-29,8.0,0.0,279.84,OnPrem-SQLServer
LC-00002272,PRJ-006,WBS-00226,CC-00054,2026-06-26,8.0,1.4,682.76,OnPrem-SQLServer
LC-00002273,PRJ-006,WBS-00227,CC-00046,2026-05-08,8.0,0.0,440.8,OnPrem-SQLServer
LC-00002274,PRJ-006,WBS-00227,CC-00046,2026-05-22,8.0,0.0,440.8,OnPrem-SQLServer
LC-00002275,PRJ-006,WBS-00227,CC-00047,2026-06-19,8.0,0.0,462.8,OnPrem-SQLServer
LC-00002276,PRJ-006,WBS-00227,CC-00048,2026-05-15,8.0,0.0,588.08,OnPrem-SQLServer
LC-00002277,PRJ-006,WBS-00227,CC-00048,2026-07-31,8.0,0.0,231.12,OnPrem-SQLServer
LC-00002278,PRJ-006,WBS-00227,CC-00049,2026-05-22,8.0,0.0,231.12,OnPrem-SQLServer
LC-00002279,PRJ-006,WBS-00227,CC-00050,2026-05-22,8.0,0.0,231.12,OnPrem-SQLServer
LC-00002280,PRJ-006,WBS-00227,CC-00050,2026-06-26,8.0,0.0,615.36,OnPrem-SQLServer
LC-00002281,PRJ-006,WBS-00227,CC-00051,2026-06-05,8.0,0.0,618.0,OnPrem-SQLServer
LC-00002282,PRJ-006,WBS-00227,CC-00051,2026-06-12,8.0,0.0,540.8,OnPrem-SQLServer
LC-00002283,PRJ-006,WBS-00227,CC-00051,2026-07-10,8.0,0.0,588.08,OnPrem-SQLServer
LC-00002284,PRJ-006,WBS-00227,CC-00052,2026-06-12,8.0,0.0,730.96,OnPrem-SQLServer
LC-00002285,PRJ-006,WBS-00227,CC-00053,2026-06-05,8.0,0.0,553.28,OnPrem-SQLServer
LC-00002286,PRJ-006,WBS-00227,CC-00053,2026-07-31,8.0,0.0,440.8,OnPrem-SQLServer
LC-00002287,PRJ-006,WBS-00227,CC-00054,2026-07-10,8.0,0.0,231.12,OnPrem-SQLServer
LC-00002288,PRJ-006,WBS-00227,CC-00054,2026-07-17,16.0,0.0,981.6,OnPrem-SQLServer
LC-00002289,PRJ-006,WBS-00228,CC-00046,2026-05-15,8.0,0.0,730.96,OnPrem-SQLServer
LC-00002290,PRJ-006,WBS-00228,CC-00046,2026-05-22,8.0,0.0,440.8,OnPrem-SQLServer
LC-00002291,PRJ-006,WBS-00228,CC-00047,2026-06-26,8.0,0.54,571.24,OnPrem-SQLServer
LC-00002292,PRJ-006,WBS-00228,CC-00048,2026-06-19,8.0,0.0,440.8,OnPrem-SQLServer
LC-00002293,PRJ-006,WBS-00228,CC-00049,2026-06-26,16.0,1.24,1081.26,OnPrem-SQLServer
LC-00002294,PRJ-006,WBS-00228,CC-00049,2026-07-17,8.0,0.0,279.92,OnPrem-SQLServer
LC-00002295,PRJ-006,WBS-00228,CC-00049,2026-07-31,8.0,0.0,518.72,OnPrem-SQLServer
LC-00002296,PRJ-006,WBS-00228,CC-00050,2026-05-29,8.0,0.0,723.04,OnPrem-SQLServer
LC-00002297,PRJ-006,WBS-00228,CC-00051,2026-05-01,8.0,0.0,231.12,OnPrem-SQLServer
LC-00002298,PRJ-006,WBS-00228,CC-00052,2026-07-17,8.0,0.77,504.44,OnPrem-SQLServer
LC-00002299,PRJ-006,WBS-00228,CC-00053,2026-06-26,8.0,0.0,618.0,OnPrem-SQLServer
LC-00002300,PRJ-006,WBS-00228,CC-00053,2026-07-17,8.0,0.0,462.8,OnPrem-SQLServer
LC-00002301,PRJ-006,WBS-00228,CC-00053,2026-07-24,8.0,0.0,588.08,OnPrem-SQLServer
LC-00002302,PRJ-006,WBS-00228,CC-00054,2026-06-26,8.0,0.0,618.0,OnPrem-SQLServer
LC-00002303,PRJ-006,WBS-00228,CC-00054,2026-07-24,8.0,0.0,414.72,OnPrem-SQLServer
LC-00002304,PRJ-006,WBS-00229,CC-00046,2026-07-10,8.0,0.0,725.52,OnPrem-SQLServer
LC-00002305,PRJ-006,WBS-00229,CC-00047,2026-05-01,8.0,0.0,440.8,OnPrem-SQLServer
LC-00002306,PRJ-006,WBS-00229,CC-00047,2026-05-29,8.0,1.53,940.65,OnPrem-SQLServer
LC-00002307,PRJ-006,WBS-00229,CC-00047,2026-06-26,8.0,0.0,723.04,OnPrem-SQLServer
LC-00002308,PRJ-006,WBS-00229,CC-00048,2026-07-03,8.0,0.0,730.96,OnPrem-SQLServer
LC-00002309,PRJ-006,WBS-00229,CC-00050,2026-06-26,8.0,0.0,462.8,OnPrem-SQLServer
LC-00002310,PRJ-006,WBS-00229,CC-00050,2026-07-10,8.0,0.0,231.12,OnPrem-SQLServer
LC-00002311,PRJ-006,WBS-00229,CC-00051,2026-07-03,8.0,0.0,557.84,OnPrem-SQLServer
LC-00002312,PRJ-006,WBS-00229,CC-00051,2026-07-10,8.0,0.0,436.16,OnPrem-SQLServer
LC-00002313,PRJ-006,WBS-00229,CC-00052,2026-07-17,16.0,1.21,1184.57,OnPrem-SQLServer
LC-00002314,PRJ-006,WBS-00229,CC-00053,2026-07-31,8.0,0.0,730.96,OnPrem-SQLServer
LC-00002315,PRJ-006,WBS-00229,CC-00054,2026-05-15,8.0,0.0,730.96,OnPrem-SQLServer
LC-00002316,PRJ-006,WBS-00229,CC-00054,2026-07-17,8.0,0.0,261.04,OnPrem-SQLServer
LC-00002317,PRJ-006,WBS-00230,CC-00046,2026-06-12,8.0,0.0,723.04,OnPrem-SQLServer
LC-00002318,PRJ-006,WBS-00230,CC-00046,2026-07-03,8.0,0.0,231.12,OnPrem-SQLServer
LC-00002319,PRJ-006,WBS-00230,CC-00046,2026-07-31,8.0,0.0,231.12,OnPrem-SQLServer
LC-00002320,PRJ-006,WBS-00230,CC-00047,2026-05-22,8.0,0.0,440.8,OnPrem-SQLServer
LC-00002321,PRJ-006,WBS-00230,CC-00047,2026-07-24,8.0,1.72,786.2,OnPrem-SQLServer
LC-00002322,PRJ-006,WBS-00230,CC-00047,2026-07-31,8.0,0.0,615.36,OnPrem-SQLServer
LC-00002323,PRJ-006,WBS-00230,CC-00048,2026-07-10,8.0,0.0,615.36,OnPrem-SQLServer
LC-00002324,PRJ-006,WBS-00230,CC-00049,2026-05-15,8.0,0.0,588.08,OnPrem-SQLServer
LC-00002325,PRJ-006,WBS-00230,CC-00049,2026-07-10,8.0,0.0,618.0,OnPrem-SQLServer
LC-00002326,PRJ-006,WBS-00230,CC-00049,2026-07-24,8.0,0.0,588.08,OnPrem-SQLServer
LC-00002327,PRJ-006,WBS-00230,CC-00050,2026-05-15,8.0,1.46,561.47,OnPrem-SQLServer
LC-00002328,PRJ-006,WBS-00230,CC-00050,2026-06-19,8.0,1.93,706.43,OnPrem-SQLServer
LC-00002329,PRJ-006,WBS-00230,CC-00050,2026-07-17,8.0,0.0,723.04,OnPrem-SQLServer
LC-00002330,PRJ-006,WBS-00230,CC-00052,2026-07-03,8.0,0.0,557.84,OnPrem-SQLServer
LC-00002331,PRJ-006,WBS-00230,CC-00053,2026-07-10,8.0,0.0,725.52,OnPrem-SQLServer
LC-00002332,PRJ-006,WBS-00230,CC-00054,2026-05-08,8.0,0.0,723.04,OnPrem-SQLServer
LC-00002333,PRJ-006,WBS-00230,CC-00054,2026-07-31,8.0,0.0,730.96,OnPrem-SQLServer
LC-00002334,PRJ-006,WBS-00231,CC-00046,2026-07-24,8.0,0.0,414.72,OnPrem-SQLServer
LC-00002335,PRJ-006,WBS-00231,CC-00047,2026-06-05,8.0,0.0,618.0,OnPrem-SQLServer
LC-00002336,PRJ-006,WBS-00231,CC-00047,2026-06-19,8.0,0.0,618.0,OnPrem-SQLServer
LC-00002337,PRJ-006,WBS-00231,CC-00047,2026-06-26,8.0,0.0,618.0,OnPrem-SQLServer
LC-00002338,PRJ-006,WBS-00231,CC-00047,2026-07-17,8.0,0.0,723.04,OnPrem-SQLServer
LC-00002339,PRJ-006,WBS-00231,CC-00049,2026-07-17,8.0,0.0,730.96,OnPrem-SQLServer
LC-00002340,PRJ-006,WBS-00231,CC-00049,2026-07-31,8.0,0.0,588.08,OnPrem-SQLServer
LC-00002341,PRJ-006,WBS-00231,CC-00050,2026-06-12,16.0,1.05,1061.99,OnPrem-SQLServer
LC-00002342,PRJ-006,WBS-00231,CC-00050,2026-07-17,8.0,0.0,518.72,OnPrem-SQLServer
LC-00002343,PRJ-006,WBS-00231,CC-00050,2026-07-31,16.0,1.24,1412.92,OnPrem-SQLServer
LC-00002344,PRJ-006,WBS-00231,CC-00051,2026-06-05,8.0,0.0,414.72,OnPrem-SQLServer
LC-00002345,PRJ-006,WBS-00231,CC-00051,2026-07-31,8.0,0.0,615.36,OnPrem-SQLServer
LC-00002346,PRJ-006,WBS-00231,CC-00052,2026-05-15,8.0,0.0,231.12,OnPrem-SQLServer
LC-00002347,PRJ-006,WBS-00231,CC-00052,2026-05-29,8.0,0.0,440.8,OnPrem-SQLServer
LC-00002348,PRJ-006,WBS-00231,CC-00052,2026-06-12,8.0,0.93,609.17,OnPrem-SQLServer
LC-00002349,PRJ-006,WBS-00231,CC-00052,2026-07-17,8.0,0.0,730.96,OnPrem-SQLServer
LC-00002350,PRJ-006,WBS-00231,CC-00052,2026-07-24,8.0,0.0,730.96,OnPrem-SQLServer
LC-00002351,PRJ-006,WBS-00231,CC-00052,2026-07-31,8.0,0.0,723.04,OnPrem-SQLServer
LC-00002352,PRJ-006,WBS-00231,CC-00053,2026-07-24,8.0,0.0,723.04,OnPrem-SQLServer
LC-00002353,PRJ-006,WBS-00232,CC-00046,2026-05-29,8.0,0.0,730.96,OnPrem-SQLServer
LC-00002354,PRJ-006,WBS-00232,CC-00046,2026-07-24,8.0,0.0,723.04,OnPrem-SQLServer
LC-00002355,PRJ-006,WBS-00232,CC-00047,2026-06-12,8.0,0.0,723.04,OnPrem-SQLServer
LC-00002356,PRJ-006,WBS-00232,CC-00048,2026-07-10,8.0,0.0,436.16,OnPrem-SQLServer
LC-00002357,PRJ-006,WBS-00232,CC-00049,2026-06-26,8.0,0.0,440.8,OnPrem-SQLServer
LC-00002358,PRJ-006,WBS-00232,CC-00049,2026-07-10,8.0,0.0,231.12,OnPrem-SQLServer
LC-00002359,PRJ-006,WBS-00232,CC-00049,2026-07-31,8.0,0.0,588.08,OnPrem-SQLServer
LC-00002360,PRJ-006,WBS-00232,CC-00051,2026-05-01,8.0,0.0,440.8,OnPrem-SQLServer
LC-00002361,PRJ-006,WBS-00232,CC-00052,2026-05-29,8.0,0.0,440.8,OnPrem-SQLServer
LC-00002362,PRJ-006,WBS-00232,CC-00052,2026-07-03,8.0,0.8,707.66,OnPrem-SQLServer
LC-00002363,PRJ-006,WBS-00232,CC-00052,2026-07-17,8.0,0.0,462.8,OnPrem-SQLServer
LC-00002364,PRJ-006,WBS-00232,CC-00054,2026-07-17,8.0,0.0,440.8,OnPrem-SQLServer
LC-00002365,PRJ-006,WBS-00232,CC-00054,2026-07-24,8.0,0.0,462.8,OnPrem-SQLServer
LC-00002366,PRJ-006,WBS-00233,CC-00046,2026-06-26,8.0,0.0,725.52,OnPrem-SQLServer
LC-00002367,PRJ-006,WBS-00233,CC-00046,2026-07-24,8.0,0.0,474.96,OnPrem-SQLServer
LC-00002368,PRJ-006,WBS-00233,CC-00047,2026-06-12,8.0,0.0,723.04,OnPrem-SQLServer
LC-00002369,PRJ-006,WBS-00233,CC-00047,2026-07-03,8.0,1.33,903.35,OnPrem-SQLServer
LC-00002370,PRJ-006,WBS-00233,CC-00048,2026-06-05,8.0,0.0,723.04,OnPrem-SQLServer
LC-00002371,PRJ-006,WBS-00233,CC-00048,2026-07-31,8.0,0.0,231.12,OnPrem-SQLServer
LC-00002372,PRJ-006,WBS-00233,CC-00049,2026-05-01,8.0,0.0,723.04,OnPrem-SQLServer
LC-00002373,PRJ-006,WBS-00233,CC-00049,2026-06-05,8.0,0.0,618.0,OnPrem-SQLServer
LC-00002374,PRJ-006,WBS-00233,CC-00050,2026-06-26,8.0,0.0,414.72,OnPrem-SQLServer
LC-00002375,PRJ-006,WBS-00233,CC-00050,2026-07-03,8.0,0.0,518.72,OnPrem-SQLServer
LC-00002376,PRJ-006,WBS-00233,CC-00051,2026-06-26,8.0,0.0,231.12,OnPrem-SQLServer
LC-00002377,PRJ-006,WBS-00233,CC-00052,2026-06-19,8.0,0.0,231.12,OnPrem-SQLServer
LC-00002378,PRJ-006,WBS-00233,CC-00053,2026-06-19,8.0,0.0,460.56,OnPrem-SQLServer
LC-00002379,PRJ-006,WBS-00233,CC-00054,2026-06-19,8.0,0.75,616.85,OnPrem-SQLServer
LC-00002380,PRJ-006,WBS-00233,CC-00054,2026-07-24,16.0,0.0,1158.8,OnPrem-SQLServer
LC-00002381,PRJ-006,WBS-00234,CC-00046,2026-05-01,8.0,0.0,231.12,OnPrem-SQLServer
LC-00002382,PRJ-006,WBS-00234,CC-00046,2026-07-17,8.0,0.0,542.72,OnPrem-SQLServer
LC-00002383,PRJ-006,WBS-00234,CC-00048,2026-06-26,8.0,1.58,940.46,OnPrem-SQLServer
LC-00002384,PRJ-006,WBS-00234,CC-00048,2026-07-10,8.0,0.0,730.96,OnPrem-SQLServer
LC-00002385,PRJ-006,WBS-00234,CC-00049,2026-07-03,8.0,0.7,635.13,OnPrem-SQLServer
LC-00002386,PRJ-006,WBS-00234,CC-00049,2026-07-10,8.0,0.0,689.44,OnPrem-SQLServer
LC-00002387,PRJ-006,WBS-00234,CC-00049,2026-07-17,8.0,1.98,847.43,OnPrem-SQLServer
LC-00002388,PRJ-006,WBS-00234,CC-00050,2026-06-12,8.0,1.96,316.06,OnPrem-SQLServer
LC-00002389,PRJ-006,WBS-00234,CC-00050,2026-06-26,8.0,0.0,588.08,OnPrem-SQLServer
LC-00002390,PRJ-006,WBS-00234,CC-00052,2026-05-01,8.0,0.0,470.72,OnPrem-SQLServer
LC-00002391,PRJ-006,WBS-00234,CC-00052,2026-05-15,8.0,0.81,841.97,OnPrem-SQLServer
LC-00002392,PRJ-006,WBS-00234,CC-00052,2026-07-10,8.0,0.0,723.04,OnPrem-SQLServer
LC-00002393,PRJ-006,WBS-00234,CC-00053,2026-06-19,8.0,0.0,460.56,OnPrem-SQLServer
LC-00002394,PRJ-006,WBS-00234,CC-00053,2026-07-24,16.0,0.0,1209.84,OnPrem-SQLServer
LC-00002395,PRJ-006,WBS-00235,CC-00046,2026-05-01,8.0,0.0,470.72,OnPrem-SQLServer
LC-00002396,PRJ-006,WBS-00235,CC-00046,2026-07-17,8.0,0.0,440.8,OnPrem-SQLServer
LC-00002397,PRJ-006,WBS-00235,CC-00047,2026-05-15,8.0,0.0,231.12,OnPrem-SQLServer
LC-00002398,PRJ-006,WBS-00235,CC-00047,2026-05-29,8.0,0.0,588.08,OnPrem-SQLServer
LC-00002399,PRJ-006,WBS-00235,CC-00047,2026-07-31,8.0,0.0,540.8,OnPrem-SQLServer
LC-00002400,PRJ-006,WBS-00235,CC-00049,2026-05-15,8.0,0.0,588.08,OnPrem-SQLServer
LC-00002401,PRJ-006,WBS-00235,CC-00049,2026-07-03,8.0,1.33,592.8,OnPrem-SQLServer
LC-00002402,PRJ-006,WBS-00235,CC-00050,2026-06-12,8.0,0.0,615.36,OnPrem-SQLServer
LC-00002403,PRJ-006,WBS-00235,CC-00050,2026-07-03,8.0,0.0,557.84,OnPrem-SQLServer
LC-00002404,PRJ-006,WBS-00235,CC-00051,2026-07-31,8.0,1.88,832.27,OnPrem-SQLServer
LC-00002405,PRJ-006,WBS-00235,CC-00052,2026-05-22,8.0,0.0,730.96,OnPrem-SQLServer
LC-00002406,PRJ-006,WBS-00235,CC-00052,2026-07-10,8.0,0.0,615.36,OnPrem-SQLServer
LC-00002407,PRJ-006,WBS-00235,CC-00053,2026-07-03,8.0,0.0,518.72,OnPrem-SQLServer
LC-00002408,PRJ-006,WBS-00235,CC-00053,2026-07-31,8.0,0.0,588.08,OnPrem-SQLServer
LC-00002409,PRJ-006,WBS-00236,CC-00048,2026-07-03,8.0,0.0,518.72,OnPrem-SQLServer
LC-00002410,PRJ-006,WBS-00236,CC-00049,2026-07-24,8.0,0.0,730.96,OnPrem-SQLServer
LC-00002411,PRJ-006,WBS-00236,CC-00050,2026-05-29,8.0,0.0,440.8,OnPrem-SQLServer
LC-00002412,PRJ-006,WBS-00236,CC-00050,2026-06-26,8.0,0.0,618.0,OnPrem-SQLServer
LC-00002413,PRJ-006,WBS-00236,CC-00051,2026-07-24,8.0,0.0,618.0,OnPrem-SQLServer
LC-00002414,PRJ-006,WBS-00236,CC-00052,2026-06-26,8.0,0.0,414.72,OnPrem-SQLServer
LC-00002415,PRJ-006,WBS-00236,CC-00052,2026-07-31,8.0,0.0,618.0,OnPrem-SQLServer
LC-00002416,PRJ-006,WBS-00236,CC-00054,2026-07-17,16.0,0.0,1078.16,OnPrem-SQLServer
LC-00002417,PRJ-006,WBS-00237,CC-00046,2026-06-12,8.0,0.0,561.44,OnPrem-SQLServer
LC-00002418,PRJ-006,WBS-00237,CC-00047,2026-06-05,8.0,0.0,615.36,OnPrem-SQLServer
LC-00002419,PRJ-006,WBS-00237,CC-00048,2026-05-22,8.0,1.22,283.99,OnPrem-SQLServer
LC-00002420,PRJ-006,WBS-00237,CC-00049,2026-05-22,8.0,0.55,457.49,OnPrem-SQLServer
LC-00002421,PRJ-006,WBS-00237,CC-00049,2026-07-10,8.0,0.0,414.72,OnPrem-SQLServer
LC-00002422,PRJ-006,WBS-00237,CC-00050,2026-06-19,8.0,0.0,723.04,OnPrem-SQLServer
LC-00002423,PRJ-006,WBS-00237,CC-00051,2026-06-19,8.0,0.0,615.36,OnPrem-SQLServer
LC-00002424,PRJ-006,WBS-00237,CC-00051,2026-06-26,8.0,0.0,419.84,OnPrem-SQLServer
LC-00002425,PRJ-006,WBS-00237,CC-00052,2026-07-24,16.0,1.94,1409.89,OnPrem-SQLServer
LC-00002426,PRJ-006,WBS-00237,CC-00053,2026-05-29,8.0,0.0,279.84,OnPrem-SQLServer
LC-00002427,PRJ-006,WBS-00237,CC-00053,2026-06-05,8.0,0.0,231.12,OnPrem-SQLServer
LC-00002428,PRJ-006,WBS-00237,CC-00054,2026-07-17,8.0,0.0,261.04,OnPrem-SQLServer
LC-00002429,PRJ-006,WBS-00238,CC-00046,2026-07-10,8.0,0.0,618.0,OnPrem-SQLServer
LC-00002430,PRJ-006,WBS-00238,CC-00047,2026-07-03,8.0,0.0,618.0,OnPrem-SQLServer
LC-00002431,PRJ-006,WBS-00238,CC-00048,2026-05-08,8.0,0.0,723.04,OnPrem-SQLServer
LC-00002432,PRJ-006,WBS-00238,CC-00048,2026-05-22,8.0,0.0,730.96,OnPrem-SQLServer
LC-00002433,PRJ-006,WBS-00238,CC-00048,2026-06-12,8.0,0.0,561.44,OnPrem-SQLServer
LC-00002434,PRJ-006,WBS-00238,CC-00050,2026-06-19,8.0,0.0,723.04,OnPrem-SQLServer
LC-00002435,PRJ-006,WBS-00238,CC-00050,2026-07-10,8.0,0.0,730.96,OnPrem-SQLServer
LC-00002436,PRJ-006,WBS-00238,CC-00050,2026-07-17,8.0,0.0,725.52,OnPrem-SQLServer
LC-00002437,PRJ-006,WBS-00238,CC-00051,2026-06-19,8.0,0.0,618.0,OnPrem-SQLServer
LC-00002438,PRJ-006,WBS-00238,CC-00051,2026-07-17,8.0,0.0,279.92,OnPrem-SQLServer
LC-00002439,PRJ-006,WBS-00238,CC-00052,2026-06-05,8.0,0.7,696.13,OnPrem-SQLServer
LC-00002440,PRJ-006,WBS-00238,CC-00053,2026-06-19,8.0,0.0,615.36,OnPrem-SQLServer
LC-00002441,PRJ-006,WBS-00238,CC-00053,2026-06-26,8.0,0.0,725.52,OnPrem-SQLServer
LC-00002442,PRJ-006,WBS-00238,CC-00053,2026-07-03,8.0,0.0,518.72,OnPrem-SQLServer
LC-00002443,PRJ-006,WBS-00238,CC-00054,2026-06-12,8.0,0.0,462.8,OnPrem-SQLServer
LC-00002444,PRJ-006,WBS-00239,CC-00046,2026-07-31,8.0,0.0,588.08,OnPrem-SQLServer
LC-00002445,PRJ-006,WBS-00239,CC-00047,2026-06-12,16.0,1.39,706.08,OnPrem-SQLServer
LC-00002446,PRJ-006,WBS-00239,CC-00047,2026-07-24,8.0,0.0,462.8,OnPrem-SQLServer
LC-00002447,PRJ-006,WBS-00239,CC-00049,2026-07-31,8.0,0.0,618.0,OnPrem-SQLServer
LC-00002448,PRJ-006,WBS-00239,CC-00050,2026-05-15,8.0,0.0,730.96,OnPrem-SQLServer
LC-00002449,PRJ-006,WBS-00239,CC-00050,2026-06-19,8.0,0.0,730.96,OnPrem-SQLServer
LC-00002450,PRJ-006,WBS-00239,CC-00050,2026-07-17,8.0,0.0,518.72,OnPrem-SQLServer
LC-00002451,PRJ-006,WBS-00239,CC-00051,2026-06-19,8.0,0.0,462.8,OnPrem-SQLServer
LC-00002452,PRJ-006,WBS-00239,CC-00051,2026-07-10,8.0,0.0,588.08,OnPrem-SQLServer
LC-00002453,PRJ-006,WBS-00239,CC-00052,2026-06-19,8.0,0.0,588.08,OnPrem-SQLServer
LC-00002454,PRJ-006,WBS-00239,CC-00053,2026-07-10,8.0,0.0,723.04,OnPrem-SQLServer
LC-00002455,PRJ-006,WBS-00239,CC-00054,2026-05-22,8.0,1.46,561.47,OnPrem-SQLServer
LC-00002456,PRJ-006,WBS-00240,CC-00046,2026-07-03,8.0,0.0,618.0,OnPrem-SQLServer
LC-00002457,PRJ-006,WBS-00240,CC-00047,2026-06-19,16.0,0.0,1266.32,OnPrem-SQLServer
LC-00002458,PRJ-006,WBS-00240,CC-00047,2026-06-26,8.0,0.0,518.72,OnPrem-SQLServer
LC-00002459,PRJ-006,WBS-00240,CC-00050,2026-06-19,8.0,0.0,588.08,OnPrem-SQLServer
LC-00002460,PRJ-006,WBS-00240,CC-00050,2026-07-03,16.0,0.0,1263.84,OnPrem-SQLServer
LC-00002461,PRJ-006,WBS-00240,CC-00050,2026-07-31,8.0,0.0,540.8,OnPrem-SQLServer
LC-00002462,PRJ-006,WBS-00240,CC-00054,2026-05-01,8.0,0.0,723.04,OnPrem-SQLServer
LC-00002463,PRJ-006,WBS-00240,CC-00054,2026-06-26,8.0,0.0,730.96,OnPrem-SQLServer
LC-00002464,PRJ-006,WBS-00240,CC-00054,2026-07-17,8.0,0.98,331.36,OnPrem-SQLServer
LC-00002465,PRJ-006,WBS-00241,CC-00047,2026-05-08,8.0,0.0,723.04,OnPrem-SQLServer
LC-00002466,PRJ-006,WBS-00241,CC-00048,2026-06-05,8.0,0.0,462.8,OnPrem-SQLServer
LC-00002467,PRJ-006,WBS-00241,CC-00048,2026-07-31,8.0,1.48,578.45,OnPrem-SQLServer
LC-00002468,PRJ-006,WBS-00241,CC-00049,2026-07-17,8.0,0.0,540.8,OnPrem-SQLServer
LC-00002469,PRJ-006,WBS-00241,CC-00050,2026-05-08,16.0,0.0,462.24,OnPrem-SQLServer
LC-00002470,PRJ-006,WBS-00241,CC-00053,2026-05-29,8.0,0.0,588.08,OnPrem-SQLServer
LC-00002471,PRJ-006,WBS-00241,CC-00053,2026-07-31,8.0,0.0,618.0,OnPrem-SQLServer
LC-00002472,PRJ-006,WBS-00241,CC-00054,2026-07-10,8.0,0.0,518.72,OnPrem-SQLServer
LC-00002473,PRJ-006,WBS-00242,CC-00046,2026-07-31,8.0,0.0,518.72,OnPrem-SQLServer
LC-00002474,PRJ-006,WBS-00242,CC-00047,2026-06-05,8.0,0.0,723.04,OnPrem-SQLServer
LC-00002475,PRJ-006,WBS-00242,CC-00047,2026-06-19,8.0,0.0,414.72,OnPrem-SQLServer
LC-00002476,PRJ-006,WBS-00242,CC-00048,2026-06-12,16.0,0.0,1346.32,OnPrem-SQLServer
LC-00002477,PRJ-006,WBS-00242,CC-00049,2026-06-05,8.0,0.0,231.12,OnPrem-SQLServer
LC-00002478,PRJ-006,WBS-00242,CC-00049,2026-07-10,16.0,0.0,1208.16,OnPrem-SQLServer
LC-00002479,PRJ-006,WBS-00242,CC-00050,2026-07-03,8.0,0.0,414.72,OnPrem-SQLServer
LC-00002480,PRJ-006,WBS-00242,CC-00051,2026-06-05,8.0,0.0,553.28,OnPrem-SQLServer
LC-00002481,PRJ-006,WBS-00242,CC-00051,2026-07-10,24.0,0.0,2042.08,OnPrem-SQLServer
LC-00002482,PRJ-006,WBS-00242,CC-00053,2026-06-12,8.0,0.0,440.8,OnPrem-SQLServer
LC-00002483,PRJ-006,WBS-00242,CC-00054,2026-07-31,8.0,0.0,440.8,OnPrem-SQLServer
LC-00002484,PRJ-006,WBS-00243,CC-00046,2026-06-05,8.0,1.31,576.48,OnPrem-SQLServer
LC-00002485,PRJ-006,WBS-00243,CC-00048,2026-05-22,8.0,1.82,825.35,OnPrem-SQLServer
LC-00002486,PRJ-006,WBS-00243,CC-00048,2026-06-12,8.0,0.0,440.8,OnPrem-SQLServer
LC-00002487,PRJ-006,WBS-00243,CC-00048,2026-06-19,16.0,0.97,1157.84,OnPrem-SQLServer
LC-00002488,PRJ-006,WBS-00243,CC-00048,2026-07-03,8.0,0.0,723.04,OnPrem-SQLServer
LC-00002489,PRJ-006,WBS-00243,CC-00049,2026-06-26,8.0,0.0,419.84,OnPrem-SQLServer
LC-00002490,PRJ-006,WBS-00243,CC-00049,2026-07-10,8.0,0.92,270.99,OnPrem-SQLServer
LC-00002491,PRJ-006,WBS-00243,CC-00050,2026-06-19,8.0,0.0,462.8,OnPrem-SQLServer
LC-00002492,PRJ-006,WBS-00243,CC-00050,2026-07-24,8.0,0.0,462.8,OnPrem-SQLServer
LC-00002493,PRJ-006,WBS-00243,CC-00051,2026-05-29,8.0,0.0,440.8,OnPrem-SQLServer
LC-00002494,PRJ-006,WBS-00243,CC-00051,2026-06-19,8.0,0.0,518.72,OnPrem-SQLServer
LC-00002495,PRJ-006,WBS-00243,CC-00051,2026-06-26,8.0,0.0,725.52,OnPrem-SQLServer
LC-00002496,PRJ-006,WBS-00243,CC-00052,2026-06-05,8.0,0.0,414.72,OnPrem-SQLServer
LC-00002497,PRJ-006,WBS-00243,CC-00052,2026-07-10,8.0,0.0,436.16,OnPrem-SQLServer
LC-00002498,PRJ-006,WBS-00243,CC-00053,2026-06-05,8.0,0.0,723.04,OnPrem-SQLServer
LC-00002499,PRJ-006,WBS-00243,CC-00053,2026-07-31,8.0,0.0,414.72,OnPrem-SQLServer
LC-00002500,PRJ-006,WBS-00243,CC-00054,2026-06-26,16.0,1.35,1090.82,OnPrem-SQLServer
LC-00002501,PRJ-006,WBS-00244,CC-00046,2026-06-12,8.0,1.28,906.39,OnPrem-SQLServer
LC-00002502,PRJ-006,WBS-00244,CC-00046,2026-07-31,8.0,0.0,231.12,OnPrem-SQLServer
LC-00002503,PRJ-006,WBS-00244,CC-00047,2026-05-15,8.0,0.0,231.12,OnPrem-SQLServer
LC-00002504,PRJ-006,WBS-00244,CC-00047,2026-06-12,8.0,0.0,440.8,OnPrem-SQLServer
LC-00002505,PRJ-006,WBS-00244,CC-00047,2026-07-03,8.0,0.0,725.52,OnPrem-SQLServer
LC-00002506,PRJ-006,WBS-00244,CC-00047,2026-07-24,8.0,0.0,474.96,OnPrem-SQLServer
LC-00002507,PRJ-006,WBS-00244,CC-00048,2026-07-03,8.0,0.0,474.48,OnPrem-SQLServer
LC-00002508,PRJ-006,WBS-00244,CC-00050,2026-07-31,8.0,0.0,440.8,OnPrem-SQLServer
LC-00002509,PRJ-006,WBS-00244,CC-00051,2026-07-10,16.0,1.81,1555.16,OnPrem-SQLServer
LC-00002510,PRJ-006,WBS-00244,CC-00051,2026-07-24,8.0,0.0,474.96,OnPrem-SQLServer
LC-00002511,PRJ-006,WBS-00244,CC-00053,2026-07-24,8.0,0.0,615.36,OnPrem-SQLServer
LC-00002512,PRJ-006,WBS-00244,CC-00054,2026-06-12,8.0,0.69,825.53,OnPrem-SQLServer
LC-00002513,PRJ-006,WBS-00244,CC-00054,2026-07-24,8.0,0.0,540.8,OnPrem-SQLServer
LC-00002514,PRJ-006,WBS-00245,CC-00046,2026-07-03,16.0,0.0,955.52,OnPrem-SQLServer
LC-00002515,PRJ-006,WBS-00245,CC-00046,2026-07-24,8.0,0.0,462.8,OnPrem-SQLServer
LC-00002516,PRJ-006,WBS-00245,CC-00046,2026-07-31,8.0,0.0,452.8,OnPrem-SQLServer
LC-00002517,PRJ-006,WBS-00245,CC-00047,2026-06-12,8.0,0.0,462.8,OnPrem-SQLServer
LC-00002518,PRJ-006,WBS-00245,CC-00047,2026-07-03,8.0,0.0,557.84,OnPrem-SQLServer
LC-00002519,PRJ-006,WBS-00245,CC-00048,2026-06-26,8.0,0.0,540.8,OnPrem-SQLServer
LC-00002520,PRJ-006,WBS-00245,CC-00049,2026-06-12,8.0,0.0,540.8,OnPrem-SQLServer
LC-00002521,PRJ-006,WBS-00245,CC-00049,2026-07-17,8.0,0.0,261.04,OnPrem-SQLServer
LC-00002522,PRJ-006,WBS-00245,CC-00051,2026-05-15,8.0,0.0,723.04,OnPrem-SQLServer
LC-00002523,PRJ-006,WBS-00245,CC-00052,2026-05-08,8.0,0.0,231.12,OnPrem-SQLServer
LC-00002524,PRJ-006,WBS-00245,CC-00053,2026-06-19,8.0,0.0,615.36,OnPrem-SQLServer
LC-00002525,PRJ-006,WBS-00245,CC-00053,2026-07-31,8.0,0.0,540.8,OnPrem-SQLServer
LC-00002526,PRJ-006,WBS-00246,CC-00046,2026-07-24,8.0,0.0,518.72,OnPrem-SQLServer
LC-00002527,PRJ-006,WBS-00246,CC-00047,2026-05-15,8.0,0.0,723.04,OnPrem-SQLServer
LC-00002528,PRJ-006,WBS-00246,CC-00047,2026-06-05,8.0,0.0,231.12,OnPrem-SQLServer
LC-00002529,PRJ-006,WBS-00246,CC-00047,2026-07-31,8.0,0.0,414.72,OnPrem-SQLServer
LC-00002530,PRJ-006,WBS-00246,CC-00048,2026-06-12,8.0,0.0,231.12,OnPrem-SQLServer
LC-00002531,PRJ-006,WBS-00246,CC-00048,2026-06-26,8.0,0.0,518.72,OnPrem-SQLServer
LC-00002532,PRJ-006,WBS-00246,CC-00050,2026-06-26,8.0,1.1,652.34,OnPrem-SQLServer
LC-00002533,PRJ-006,WBS-00246,CC-00051,2026-05-22,8.0,0.0,462.8,OnPrem-SQLServer
LC-00002534,PRJ-006,WBS-00246,CC-00051,2026-06-19,16.0,0.0,933.44,OnPrem-SQLServer
LC-00002535,PRJ-006,WBS-00246,CC-00051,2026-07-17,8.0,0.0,261.04,OnPrem-SQLServer
LC-00002536,PRJ-006,WBS-00246,CC-00052,2026-05-15,8.0,0.0,440.8,OnPrem-SQLServer
LC-00002537,PRJ-006,WBS-00246,CC-00052,2026-06-19,8.0,0.0,440.8,OnPrem-SQLServer
LC-00002538,PRJ-006,WBS-00246,CC-00052,2026-07-03,16.0,0.0,1176.8,OnPrem-SQLServer
LC-00002539,PRJ-006,WBS-00246,CC-00053,2026-07-10,8.0,0.0,615.36,OnPrem-SQLServer
LC-00002540,PRJ-006,WBS-00246,CC-00053,2026-07-24,8.0,0.0,730.96,OnPrem-SQLServer
LC-00002541,PRJ-006,WBS-00246,CC-00054,2026-06-19,8.0,0.0,460.56,OnPrem-SQLServer
LC-00002542,PRJ-006,WBS-00246,CC-00054,2026-07-24,8.0,0.0,518.72,OnPrem-SQLServer
LC-00002543,PRJ-006,WBS-00247,CC-00046,2026-07-03,8.0,1.37,918.73,OnPrem-SQLServer
LC-00002544,PRJ-006,WBS-00247,CC-00048,2026-07-03,8.0,1.53,930.46,OnPrem-SQLServer
LC-00002545,PRJ-006,WBS-00247,CC-00049,2026-05-08,8.0,0.0,440.8,OnPrem-SQLServer
LC-00002546,PRJ-006,WBS-00247,CC-00049,2026-07-24,8.0,0.0,414.72,OnPrem-SQLServer
LC-00002547,PRJ-006,WBS-00247,CC-00050,2026-07-03,8.0,0.0,730.96,OnPrem-SQLServer
LC-00002548,PRJ-006,WBS-00247,CC-00050,2026-07-24,8.0,0.0,540.8,OnPrem-SQLServer
LC-00002549,PRJ-006,WBS-00247,CC-00052,2026-07-03,8.0,0.0,615.36,OnPrem-SQLServer
LC-00002550,PRJ-006,WBS-00247,CC-00052,2026-07-10,8.0,0.0,725.52,OnPrem-SQLServer
LC-00002551,PRJ-006,WBS-00247,CC-00053,2026-06-12,8.0,1.37,521.25,OnPrem-SQLServer
LC-00002552,PRJ-006,WBS-00247,CC-00053,2026-06-26,8.0,0.0,615.36,OnPrem-SQLServer
LC-00002553,PRJ-006,WBS-00247,CC-00054,2026-07-17,16.0,0.0,1268.24,OnPrem-SQLServer
LC-00002554,PRJ-006,WBS-00248,CC-00046,2026-06-19,8.0,0.0,615.36,OnPrem-SQLServer
LC-00002555,PRJ-006,WBS-00248,CC-00046,2026-07-31,8.0,0.0,618.0,OnPrem-SQLServer
LC-00002556,PRJ-006,WBS-00248,CC-00047,2026-06-26,8.0,0.0,440.8,OnPrem-SQLServer
LC-00002557,PRJ-006,WBS-00248,CC-00047,2026-07-17,8.0,0.0,618.0,OnPrem-SQLServer
LC-00002558,PRJ-006,WBS-00248,CC-00048,2026-06-12,8.0,0.0,618.0,OnPrem-SQLServer
LC-00002559,PRJ-006,WBS-00248,CC-00048,2026-07-03,8.0,0.0,231.12,OnPrem-SQLServer
LC-00002560,PRJ-006,WBS-00248,CC-00048,2026-07-24,8.0,0.0,618.0,OnPrem-SQLServer
LC-00002561,PRJ-006,WBS-00248,CC-00049,2026-06-05,8.0,0.0,462.8,OnPrem-SQLServer
LC-00002562,PRJ-006,WBS-00248,CC-00049,2026-06-12,8.0,1.31,576.48,OnPrem-SQLServer
LC-00002563,PRJ-006,WBS-00248,CC-00050,2026-07-10,8.0,0.0,414.72,OnPrem-SQLServer
LC-00002564,PRJ-006,WBS-00248,CC-00051,2026-06-19,8.0,0.0,518.72,OnPrem-SQLServer
LC-00002565,PRJ-006,WBS-00248,CC-00051,2026-07-10,8.0,0.0,414.72,OnPrem-SQLServer
LC-00002566,PRJ-006,WBS-00248,CC-00052,2026-05-15,8.0,0.0,588.08,OnPrem-SQLServer
LC-00002567,PRJ-006,WBS-00248,CC-00052,2026-06-26,8.0,0.0,723.04,OnPrem-SQLServer
LC-00002568,PRJ-006,WBS-00248,CC-00052,2026-07-03,8.0,0.0,615.36,OnPrem-SQLServer
LC-00002569,PRJ-006,WBS-00248,CC-00053,2026-07-10,8.0,0.0,588.08,OnPrem-SQLServer
LC-00002570,PRJ-006,WBS-00248,CC-00053,2026-07-24,8.0,0.0,618.0,OnPrem-SQLServer
LC-00002571,PRJ-006,WBS-00248,CC-00054,2026-05-22,8.0,0.0,730.96,OnPrem-SQLServer
LC-00002572,PRJ-006,WBS-00248,CC-00054,2026-06-26,8.0,0.0,540.8,OnPrem-SQLServer
LC-00002573,PRJ-006,WBS-00249,CC-00046,2026-06-19,8.0,0.0,540.8,OnPrem-SQLServer
LC-00002574,PRJ-006,WBS-00249,CC-00047,2026-05-15,8.0,0.0,730.96,OnPrem-SQLServer
LC-00002575,PRJ-006,WBS-00249,CC-00047,2026-06-26,8.0,0.0,231.12,OnPrem-SQLServer
LC-00002576,PRJ-006,WBS-00249,CC-00047,2026-07-24,8.0,1.03,734.2,OnPrem-SQLServer
LC-00002577,PRJ-006,WBS-00249,CC-00048,2026-06-12,8.0,0.0,615.36,OnPrem-SQLServer
LC-00002578,PRJ-006,WBS-00249,CC-00048,2026-07-17,8.0,0.0,462.8,OnPrem-SQLServer
LC-00002579,PRJ-006,WBS-00249,CC-00048,2026-07-31,16.0,0.0,1338.4,OnPrem-SQLServer
LC-00002580,PRJ-006,WBS-00249,CC-00049,2026-06-26,8.0,0.0,419.84,OnPrem-SQLServer
LC-00002581,PRJ-006,WBS-00249,CC-00049,2026-07-24,8.0,0.0,723.04,OnPrem-SQLServer
LC-00002582,PRJ-006,WBS-00249,CC-00051,2026-06-12,8.0,0.0,414.72,OnPrem-SQLServer
LC-00002583,PRJ-006,WBS-00249,CC-00052,2026-06-05,8.0,0.0,730.96,OnPrem-SQLServer
LC-00002584,PRJ-006,WBS-00249,CC-00052,2026-06-12,8.0,0.0,440.8,OnPrem-SQLServer
LC-00002585,PRJ-006,WBS-00249,CC-00052,2026-06-26,8.0,0.0,615.36,OnPrem-SQLServer
LC-00002586,PRJ-006,WBS-00249,CC-00052,2026-07-03,8.0,0.0,725.52,OnPrem-SQLServer
LC-00002587,PRJ-006,WBS-00249,CC-00053,2026-05-29,8.0,0.0,723.04,OnPrem-SQLServer
LC-00002588,PRJ-006,WBS-00249,CC-00054,2026-07-24,8.0,0.0,518.72,OnPrem-SQLServer
LC-00002589,PRJ-006,WBS-00250,CC-00046,2026-07-10,8.0,0.0,518.72,OnPrem-SQLServer
LC-00002590,PRJ-006,WBS-00250,CC-00046,2026-07-17,8.0,0.0,414.72,OnPrem-SQLServer
LC-00002591,PRJ-006,WBS-00250,CC-00047,2026-06-05,8.0,0.0,730.96,OnPrem-SQLServer
LC-00002592,PRJ-006,WBS-00250,CC-00048,2026-07-17,8.0,0.0,414.72,OnPrem-SQLServer
LC-00002593,PRJ-006,WBS-00250,CC-00049,2026-06-19,8.0,0.0,540.8,OnPrem-SQLServer
LC-00002594,PRJ-006,WBS-00250,CC-00049,2026-07-10,8.0,0.0,436.16,OnPrem-SQLServer
LC-00002595,PRJ-006,WBS-00250,CC-00050,2026-07-17,8.0,0.0,518.72,OnPrem-SQLServer
LC-00002596,PRJ-006,WBS-00250,CC-00050,2026-07-31,8.0,0.0,462.8,OnPrem-SQLServer
LC-00002597,PRJ-006,WBS-00250,CC-00051,2026-06-19,16.0,0.0,671.92,OnPrem-SQLServer
LC-00002598,PRJ-006,WBS-00250,CC-00052,2026-06-26,8.0,0.0,462.8,OnPrem-SQLServer
LC-00002599,PRJ-006,WBS-00250,CC-00053,2026-05-15,8.0,0.0,723.04,OnPrem-SQLServer
LC-00002600,PRJ-006,WBS-00250,CC-00053,2026-05-29,8.0,1.07,706.06,OnPrem-SQLServer
LC-00002601,PRJ-006,WBS-00250,CC-00053,2026-06-05,8.0,0.0,553.28,OnPrem-SQLServer
LC-00002602,PRJ-006,WBS-00250,CC-00053,2026-06-26,8.0,0.0,414.72,OnPrem-SQLServer
LC-00002603,PRJ-006,WBS-00250,CC-00054,2026-06-19,8.0,0.0,414.72,OnPrem-SQLServer
LC-00002604,PRJ-006,WBS-00251,CC-00046,2026-05-01,8.0,1.34,551.55,OnPrem-SQLServer
LC-00002605,PRJ-006,WBS-00251,CC-00046,2026-05-22,8.0,0.93,487.04,OnPrem-SQLServer
LC-00002606,PRJ-006,WBS-00251,CC-00046,2026-06-12,8.0,0.0,518.72,OnPrem-SQLServer
LC-00002607,PRJ-006,WBS-00251,CC-00046,2026-07-31,8.0,0.0,540.8,OnPrem-SQLServer
LC-00002608,PRJ-006,WBS-00251,CC-00047,2026-05-22,8.0,0.99,548.71,OnPrem-SQLServer
LC-00002609,PRJ-006,WBS-00251,CC-00049,2026-04-24,8.0,0.0,231.12,OnPrem-SQLServer
LC-00002610,PRJ-006,WBS-00251,CC-00051,2026-06-19,8.0,0.0,618.0,OnPrem-SQLServer
LC-00002611,PRJ-006,WBS-00251,CC-00051,2026-07-03,8.0,0.0,414.72,OnPrem-SQLServer
LC-00002612,PRJ-006,WBS-00251,CC-00052,2026-06-19,8.0,0.0,460.56,OnPrem-SQLServer
LC-00002613,PRJ-006,WBS-00251,CC-00052,2026-07-17,8.0,0.0,261.04,OnPrem-SQLServer
LC-00002614,PRJ-006,WBS-00251,CC-00052,2026-07-24,8.0,1.67,623.68,OnPrem-SQLServer
LC-00002615,PRJ-006,WBS-00251,CC-00053,2026-06-26,8.0,0.0,723.04,OnPrem-SQLServer
LC-00002616,PRJ-006,WBS-00251,CC-00054,2026-05-22,8.0,0.0,414.72,OnPrem-SQLServer
LC-00002617,PRJ-006,WBS-00252,CC-00047,2026-07-17,8.0,0.0,414.72,OnPrem-SQLServer
LC-00002618,PRJ-006,WBS-00252,CC-00048,2026-05-22,8.0,0.0,615.36,OnPrem-SQLServer
LC-00002619,PRJ-006,WBS-00252,CC-00049,2026-05-22,8.0,0.57,681.13,OnPrem-SQLServer
LC-00002620,PRJ-006,WBS-00252,CC-00050,2026-05-08,8.0,1.61,941.31,OnPrem-SQLServer
LC-00002621,PRJ-006,WBS-00252,CC-00050,2026-06-05,8.0,1.32,911.87,OnPrem-SQLServer
LC-00002622,PRJ-006,WBS-00252,CC-00050,2026-07-31,8.0,0.0,723.04,OnPrem-SQLServer
LC-00002623,PRJ-006,WBS-00252,CC-00051,2026-05-22,8.0,0.0,615.36,OnPrem-SQLServer
LC-00002624,PRJ-006,WBS-00252,CC-00053,2026-07-17,8.0,0.0,725.52,OnPrem-SQLServer
LC-00002625,PRJ-006,WBS-00252,CC-00053,2026-07-24,8.0,0.82,685.88,OnPrem-SQLServer
LC-00002626,PRJ-006,WBS-00252,CC-00053,2026-07-31,16.0,1.62,1091.0,OnPrem-SQLServer
LC-00002627,PRJ-006,WBS-00253,CC-00046,2026-06-19,8.0,0.0,725.52,OnPrem-SQLServer
LC-00002628,PRJ-006,WBS-00253,CC-00046,2026-07-03,8.0,0.0,518.72,OnPrem-SQLServer
LC-00002629,PRJ-006,WBS-00253,CC-00046,2026-07-24,8.0,0.0,540.8,OnPrem-SQLServer
LC-00002630,PRJ-006,WBS-00253,CC-00048,2026-06-26,8.0,0.0,462.8,OnPrem-SQLServer
LC-00002631,PRJ-006,WBS-00253,CC-00049,2026-06-05,8.0,0.0,553.28,OnPrem-SQLServer
LC-00002632,PRJ-006,WBS-00253,CC-00050,2026-07-03,8.0,0.0,561.44,OnPrem-SQLServer
LC-00002633,PRJ-006,WBS-00253,CC-00051,2026-05-15,8.0,0.0,440.8,OnPrem-SQLServer
LC-00002634,PRJ-006,WBS-00254,CC-00046,2026-07-03,8.0,0.89,540.03,OnPrem-SQLServer
LC-00002635,PRJ-006,WBS-00254,CC-00047,2026-07-10,8.0,0.0,725.52,OnPrem-SQLServer
LC-00002636,PRJ-006,WBS-00254,CC-00047,2026-07-17,8.0,0.0,723.04,OnPrem-SQLServer
LC-00002637,PRJ-006,WBS-00254,CC-00047,2026-07-31,8.0,0.0,725.52,OnPrem-SQLServer
LC-00002638,PRJ-006,WBS-00254,CC-00048,2026-06-12,8.0,1.97,710.32,OnPrem-SQLServer
LC-00002639,PRJ-006,WBS-00254,CC-00049,2026-05-29,8.0,0.0,723.04,OnPrem-SQLServer
LC-00002640,PRJ-006,WBS-00254,CC-00051,2026-05-22,8.0,0.0,231.12,OnPrem-SQLServer
LC-00002641,PRJ-006,WBS-00254,CC-00051,2026-06-19,8.0,0.0,615.36,OnPrem-SQLServer
LC-00002642,PRJ-006,WBS-00254,CC-00052,2026-06-26,8.0,0.0,618.0,OnPrem-SQLServer
LC-00002643,PRJ-006,WBS-00254,CC-00052,2026-07-31,8.0,0.0,414.72,OnPrem-SQLServer
LC-00002644,PRJ-006,WBS-00254,CC-00053,2026-05-01,8.0,0.0,440.8,OnPrem-SQLServer
LC-00002645,PRJ-006,WBS-00254,CC-00053,2026-06-26,8.0,0.76,528.75,OnPrem-SQLServer
LC-00002646,PRJ-006,WBS-00254,CC-00054,2026-06-05,8.0,0.0,414.72,OnPrem-SQLServer
LC-00002647,PRJ-006,WBS-00254,CC-00054,2026-07-03,8.0,0.0,618.0,OnPrem-SQLServer
LC-00002648,PRJ-006,WBS-00255,CC-00046,2026-06-12,8.0,0.0,618.0,OnPrem-SQLServer
LC-00002649,PRJ-006,WBS-00255,CC-00048,2026-05-22,8.0,0.0,615.36,OnPrem-SQLServer
LC-00002650,PRJ-006,WBS-00255,CC-00048,2026-07-31,8.0,0.6,804.38,OnPrem-SQLServer
LC-00002651,PRJ-006,WBS-00255,CC-00049,2026-05-01,8.0,0.71,261.89,OnPrem-SQLServer
LC-00002652,PRJ-006,WBS-00255,CC-00049,2026-06-26,8.0,0.0,231.12,OnPrem-SQLServer
LC-00002653,PRJ-006,WBS-00255,CC-00049,2026-07-24,8.0,0.0,615.36,OnPrem-SQLServer
LC-00002654,PRJ-006,WBS-00255,CC-00050,2026-05-22,8.0,0.8,840.6,OnPrem-SQLServer
LC-00002655,PRJ-006,WBS-00255,CC-00052,2026-07-17,8.0,0.0,540.8,OnPrem-SQLServer
LC-00002656,PRJ-006,WBS-00255,CC-00053,2026-06-19,8.0,0.0,588.08,OnPrem-SQLServer
LC-00002657,PRJ-006,WBS-00256,CC-00046,2026-05-29,8.0,0.0,723.04,OnPrem-SQLServer
LC-00002658,PRJ-006,WBS-00256,CC-00046,2026-07-03,8.0,0.0,462.8,OnPrem-SQLServer
LC-00002659,PRJ-006,WBS-00256,CC-00047,2026-05-01,8.0,0.0,231.12,OnPrem-SQLServer
LC-00002660,PRJ-006,WBS-00256,CC-00048,2026-06-26,8.0,0.0,730.96,OnPrem-SQLServer
LC-00002661,PRJ-006,WBS-00256,CC-00048,2026-07-17,8.0,0.0,730.96,OnPrem-SQLServer
LC-00002662,PRJ-006,WBS-00256,CC-00049,2026-07-03,8.0,0.0,462.8,OnPrem-SQLServer
LC-00002663,PRJ-006,WBS-00256,CC-00050,2026-05-15,8.0,0.0,723.04,OnPrem-SQLServer
LC-00002664,PRJ-006,WBS-00256,CC-00050,2026-06-05,8.0,0.91,485.48,OnPrem-SQLServer
LC-00002665,PRJ-006,WBS-00256,CC-00050,2026-06-12,8.0,0.0,231.12,OnPrem-SQLServer
LC-00002666,PRJ-006,WBS-00256,CC-00051,2026-05-22,8.0,0.0,414.72,OnPrem-SQLServer
LC-00002667,PRJ-006,WBS-00256,CC-00052,2026-06-12,8.0,0.0,730.96,OnPrem-SQLServer
LC-00002668,PRJ-006,WBS-00256,CC-00052,2026-07-17,8.0,0.0,725.52,OnPrem-SQLServer
LC-00002669,PRJ-006,WBS-00256,CC-00053,2026-06-12,8.0,0.0,561.44,OnPrem-SQLServer
LC-00002670,PRJ-006,WBS-00256,CC-00053,2026-06-19,8.0,0.0,231.12,OnPrem-SQLServer
LC-00002671,PRJ-006,WBS-00256,CC-00054,2026-06-12,8.0,0.0,414.72,OnPrem-SQLServer
LC-00002672,PRJ-006,WBS-00256,CC-00054,2026-07-03,8.0,0.0,561.44,OnPrem-SQLServer
LC-00002673,PRJ-006,WBS-00256,CC-00054,2026-07-24,8.0,0.0,725.52,OnPrem-SQLServer
LC-00002674,PRJ-006,WBS-00257,CC-00046,2026-05-01,8.0,0.0,440.8,OnPrem-SQLServer
LC-00002675,PRJ-006,WBS-00257,CC-00046,2026-07-17,8.0,1.39,779.07,OnPrem-SQLServer
LC-00002676,PRJ-006,WBS-00257,CC-00047,2026-06-19,8.0,0.0,730.96,OnPrem-SQLServer
LC-00002677,PRJ-006,WBS-00257,CC-00048,2026-05-08,8.0,0.0,231.12,OnPrem-SQLServer
LC-00002678,PRJ-006,WBS-00257,CC-00050,2026-06-26,8.0,0.0,730.96,OnPrem-SQLServer
LC-00002679,PRJ-006,WBS-00257,CC-00052,2026-06-05,8.0,0.0,462.8,OnPrem-SQLServer
LC-00002680,PRJ-006,WBS-00257,CC-00052,2026-07-17,8.0,0.0,615.36,OnPrem-SQLServer
LC-00002681,PRJ-006,WBS-00257,CC-00052,2026-07-31,8.0,0.0,540.8,OnPrem-SQLServer
LC-00002682,PRJ-006,WBS-00257,CC-00053,2026-07-10,8.0,0.69,825.53,OnPrem-SQLServer
LC-00002683,PRJ-006,WBS-00257,CC-00053,2026-07-31,16.0,0.0,1451.04,OnPrem-SQLServer
LC-00002684,PRJ-006,WBS-00257,CC-00054,2026-06-12,8.0,0.0,615.36,OnPrem-SQLServer
LC-00002685,PRJ-006,WBS-00257,CC-00054,2026-07-10,8.0,0.0,518.72,OnPrem-SQLServer
LC-00002686,PRJ-006,WBS-00258,CC-00046,2026-07-03,8.0,0.0,615.36,OnPrem-SQLServer
LC-00002687,PRJ-006,WBS-00258,CC-00047,2026-06-12,16.0,0.0,1241.76,OnPrem-SQLServer
LC-00002688,PRJ-006,WBS-00258,CC-00050,2026-06-12,16.0,0.0,1056.16,OnPrem-SQLServer
LC-00002689,PRJ-006,WBS-00258,CC-00051,2026-06-05,16.0,3.23,1356.11,OnPrem-SQLServer
LC-00002690,PRJ-006,WBS-00258,CC-00051,2026-06-19,8.0,0.0,440.8,OnPrem-SQLServer
LC-00002691,PRJ-006,WBS-00258,CC-00052,2026-07-03,8.0,0.0,540.8,OnPrem-SQLServer
LC-00002692,PRJ-006,WBS-00258,CC-00053,2026-05-15,8.0,0.0,440.8,OnPrem-SQLServer
LC-00002693,PRJ-006,WBS-00258,CC-00053,2026-05-29,8.0,0.0,279.84,OnPrem-SQLServer
LC-00002694,PRJ-006,WBS-00258,CC-00053,2026-07-10,8.0,0.0,689.44,OnPrem-SQLServer
LC-00002695,PRJ-006,WBS-00258,CC-00054,2026-06-19,8.0,1.78,553.13,OnPrem-SQLServer
LC-00002696,PRJ-006,WBS-00258,CC-00054,2026-06-26,8.0,0.0,725.52,OnPrem-SQLServer
LC-00002697,PRJ-006,WBS-00258,CC-00054,2026-07-17,24.0,0.0,2004.64,OnPrem-SQLServer
LC-00002698,PRJ-007,WBS-00259,CC-00056,2026-06-12,8.0,1.38,295.76,OnPrem-SQLServer
LC-00002699,PRJ-007,WBS-00259,CC-00056,2026-07-24,8.0,0.0,671.44,OnPrem-SQLServer
LC-00002700,PRJ-007,WBS-00259,CC-00057,2026-05-22,8.0,1.03,495.58,OnPrem-SQLServer
LC-00002701,PRJ-007,WBS-00259,CC-00060,2026-06-26,8.0,0.0,234.96,OnPrem-SQLServer
LC-00002702,PRJ-007,WBS-00259,CC-00061,2026-06-12,8.0,0.0,279.84,OnPrem-SQLServer
LC-00002703,PRJ-007,WBS-00259,CC-00063,2026-07-03,8.0,0.0,417.6,OnPrem-SQLServer
LC-00002704,PRJ-007,WBS-00259,CC-00063,2026-07-24,8.0,0.0,417.6,OnPrem-SQLServer
LC-00002705,PRJ-007,WBS-00259,CC-00063,2026-07-31,8.0,0.0,279.84,OnPrem-SQLServer
LC-00002706,PRJ-007,WBS-00260,CC-00056,2026-07-31,8.0,0.0,234.96,OnPrem-SQLServer
LC-00002707,PRJ-007,WBS-00260,CC-00058,2026-05-15,8.0,0.0,542.72,OnPrem-SQLServer
LC-00002708,PRJ-007,WBS-00260,CC-00058,2026-07-03,8.0,0.0,417.84,OnPrem-SQLServer
LC-00002709,PRJ-007,WBS-00260,CC-00060,2026-05-29,8.0,0.0,415.36,OnPrem-SQLServer
LC-00002710,PRJ-007,WBS-00260,CC-00060,2026-06-26,8.0,1.86,316.9,OnPrem-SQLServer
LC-00002711,PRJ-007,WBS-00260,CC-00063,2026-07-31,8.0,0.0,460.56,OnPrem-SQLServer
LC-00002712,PRJ-007,WBS-00261,CC-00057,2026-07-17,8.0,0.0,279.84,OnPrem-SQLServer
LC-00002713,PRJ-007,WBS-00261,CC-00059,2026-06-12,8.0,0.0,289.12,OnPrem-SQLServer
LC-00002714,PRJ-007,WBS-00261,CC-00060,2026-07-24,8.0,0.0,575.68,OnPrem-SQLServer
LC-00002715,PRJ-007,WBS-00261,CC-00061,2026-07-31,8.0,1.94,628.09,OnPrem-SQLServer
LC-00002716,PRJ-007,WBS-00261,CC-00062,2026-06-05,8.0,0.0,417.6,OnPrem-SQLServer
LC-00002717,PRJ-007,WBS-00261,CC-00062,2026-06-12,8.0,0.0,643.68,OnPrem-SQLServer
LC-00002718,PRJ-007,WBS-00261,CC-00062,2026-06-26,8.0,0.0,671.76,OnPrem-SQLServer
LC-00002719,PRJ-007,WBS-00262,CC-00057,2026-07-24,8.0,0.0,575.68,OnPrem-SQLServer
LC-00002720,PRJ-007,WBS-00262,CC-00058,2026-06-19,8.0,0.0,575.68,OnPrem-SQLServer
LC-00002721,PRJ-007,WBS-00262,CC-00058,2026-07-10,8.0,0.0,415.36,OnPrem-SQLServer
LC-00002722,PRJ-007,WBS-00262,CC-00060,2026-07-17,8.0,0.0,231.12,OnPrem-SQLServer
LC-00002723,PRJ-007,WBS-00262,CC-00063,2026-06-12,8.0,0.0,234.96,OnPrem-SQLServer
LC-00002724,PRJ-007,WBS-00262,CC-00063,2026-07-03,8.0,0.0,575.68,OnPrem-SQLServer
LC-00002725,PRJ-007,WBS-00263,CC-00055,2026-07-17,8.0,0.0,415.36,OnPrem-SQLServer
LC-00002726,PRJ-007,WBS-00263,CC-00056,2026-06-26,8.0,0.0,234.96,OnPrem-SQLServer
LC-00002727,PRJ-007,WBS-00263,CC-00056,2026-07-17,8.0,0.72,653.4,OnPrem-SQLServer
LC-00002728,PRJ-007,WBS-00263,CC-00059,2026-06-19,8.0,0.0,575.68,OnPrem-SQLServer
LC-00002729,PRJ-007,WBS-00263,CC-00062,2026-05-22,8.0,0.0,415.36,OnPrem-SQLServer
LC-00002730,PRJ-007,WBS-00263,CC-00063,2026-05-22,8.0,1.41,353.82,OnPrem-SQLServer
LC-00002731,PRJ-007,WBS-00264,CC-00055,2026-06-12,8.0,0.0,234.96,OnPrem-SQLServer
LC-00002732,PRJ-007,WBS-00264,CC-00055,2026-06-26,8.0,0.0,234.96,OnPrem-SQLServer
LC-00002733,PRJ-007,WBS-00264,CC-00055,2026-07-24,8.0,0.0,575.68,OnPrem-SQLServer
LC-00002734,PRJ-007,WBS-00264,CC-00057,2026-06-12,8.0,0.0,415.36,OnPrem-SQLServer
LC-00002735,PRJ-007,WBS-00264,CC-00057,2026-06-19,8.0,0.0,671.44,OnPrem-SQLServer
LC-00002736,PRJ-007,WBS-00264,CC-00057,2026-07-10,8.0,0.0,474.96,OnPrem-SQLServer
LC-00002737,PRJ-007,WBS-00264,CC-00058,2026-05-08,8.0,0.0,671.44,OnPrem-SQLServer
LC-00002738,PRJ-007,WBS-00264,CC-00060,2026-05-29,8.0,0.0,415.36,OnPrem-SQLServer
LC-00002739,PRJ-007,WBS-00264,CC-00061,2026-05-22,8.0,0.0,415.36,OnPrem-SQLServer
LC-00002740,PRJ-007,WBS-00264,CC-00061,2026-06-05,8.0,0.0,518.72,OnPrem-SQLServer
LC-00002741,PRJ-007,WBS-00264,CC-00062,2026-07-03,8.0,0.0,575.68,OnPrem-SQLServer
LC-00002742,PRJ-007,WBS-00265,CC-00055,2026-07-17,8.0,0.0,234.96,OnPrem-SQLServer
LC-00002743,PRJ-007,WBS-00265,CC-00057,2026-07-17,8.0,0.0,415.36,OnPrem-SQLServer
LC-00002744,PRJ-007,WBS-00265,CC-00062,2026-06-05,8.0,0.0,415.36,OnPrem-SQLServer
LC-00002745,PRJ-007,WBS-00265,CC-00062,2026-06-19,8.0,0.0,417.6,OnPrem-SQLServer
LC-00002746,PRJ-007,WBS-00265,CC-00063,2026-07-03,8.0,0.0,417.6,OnPrem-SQLServer
LC-00002747,PRJ-007,WBS-00266,CC-00055,2026-05-15,8.0,1.68,882.94,OnPrem-SQLServer
LC-00002748,PRJ-007,WBS-00266,CC-00056,2026-07-03,8.0,0.0,415.36,OnPrem-SQLServer
LC-00002749,PRJ-007,WBS-00266,CC-00057,2026-06-05,8.0,0.0,671.44,OnPrem-SQLServer
LC-00002750,PRJ-007,WBS-00266,CC-00057,2026-06-12,8.0,0.0,279.84,OnPrem-SQLServer
LC-00002751,PRJ-007,WBS-00266,CC-00057,2026-07-31,8.0,1.39,523.61,OnPrem-SQLServer
LC-00002752,PRJ-007,WBS-00266,CC-00058,2026-06-19,8.0,0.0,279.84,OnPrem-SQLServer
LC-00002753,PRJ-007,WBS-00266,CC-00058,2026-06-26,8.0,0.0,415.36,OnPrem-SQLServer
LC-00002754,PRJ-007,WBS-00266,CC-00059,2026-06-19,8.0,0.0,234.96,OnPrem-SQLServer
LC-00002755,PRJ-007,WBS-00266,CC-00060,2026-07-10,8.0,0.0,575.68,OnPrem-SQLServer
LC-00002756,PRJ-007,WBS-00266,CC-00061,2026-06-12,8.0,0.0,415.36,OnPrem-SQLServer
LC-00002757,PRJ-007,WBS-00267,CC-00055,2026-07-10,8.0,0.0,417.6,OnPrem-SQLServer
LC-00002758,PRJ-007,WBS-00267,CC-00056,2026-06-26,8.0,0.0,575.68,OnPrem-SQLServer
LC-00002759,PRJ-007,WBS-00267,CC-00056,2026-07-03,8.0,0.0,234.96,OnPrem-SQLServer
LC-00002760,PRJ-007,WBS-00267,CC-00063,2026-07-24,8.0,0.0,417.6,OnPrem-SQLServer
LC-00002761,PRJ-007,WBS-00268,CC-00056,2026-07-17,8.0,0.0,231.12,OnPrem-SQLServer
LC-00002762,PRJ-007,WBS-00268,CC-00057,2026-07-03,8.0,0.0,415.36,OnPrem-SQLServer
LC-00002763,PRJ-007,WBS-00268,CC-00057,2026-07-31,8.0,1.68,367.99,OnPrem-SQLServer
LC-00002764,PRJ-007,WBS-00268,CC-00059,2026-07-03,8.0,0.0,279.84,OnPrem-SQLServer
LC-00002765,PRJ-007,WBS-00268,CC-00061,2026-06-26,8.0,0.0,575.68,OnPrem-SQLServer
LC-00002766,PRJ-007,WBS-00268,CC-00061,2026-07-17,8.0,0.0,231.12,OnPrem-SQLServer
LC-00002767,PRJ-007,WBS-00268,CC-00061,2026-07-31,8.0,0.0,575.68,OnPrem-SQLServer
LC-00002768,PRJ-007,WBS-00269,CC-00056,2026-06-26,8.0,0.0,415.36,OnPrem-SQLServer
LC-00002769,PRJ-007,WBS-00269,CC-00057,2026-05-15,8.0,0.0,671.44,OnPrem-SQLServer
LC-00002770,PRJ-007,WBS-00269,CC-00058,2026-07-03,16.0,1.24,989.37,OnPrem-SQLServer
LC-00002771,PRJ-007,WBS-00269,CC-00060,2026-07-03,8.0,0.0,234.96,OnPrem-SQLServer
LC-00002772,PRJ-007,WBS-00269,CC-00063,2026-07-03,8.0,0.0,417.6,OnPrem-SQLServer
LC-00002773,PRJ-007,WBS-00269,CC-00063,2026-07-17,8.0,0.0,279.84,OnPrem-SQLServer
LC-00002774,PRJ-007,WBS-00270,CC-00056,2026-06-05,8.0,0.0,279.84,OnPrem-SQLServer
LC-00002775,PRJ-007,WBS-00270,CC-00058,2026-07-24,8.0,0.0,234.96,OnPrem-SQLServer
LC-00002776,PRJ-007,WBS-00270,CC-00061,2026-06-12,8.0,0.0,415.36,OnPrem-SQLServer
LC-00002777,PRJ-007,WBS-00270,CC-00062,2026-06-26,8.0,0.0,575.68,OnPrem-SQLServer
LC-00002778,PRJ-007,WBS-00271,CC-00056,2026-05-29,8.0,0.0,415.36,OnPrem-SQLServer
LC-00002779,PRJ-007,WBS-00271,CC-00056,2026-06-12,8.0,0.0,234.96,OnPrem-SQLServer
LC-00002780,PRJ-007,WBS-00271,CC-00056,2026-07-03,8.0,0.0,417.84,OnPrem-SQLServer
LC-00002781,PRJ-007,WBS-00271,CC-00057,2026-07-31,8.0,0.85,778.45,OnPrem-SQLServer
LC-00002782,PRJ-007,WBS-00271,CC-00060,2026-06-05,8.0,0.0,518.72,OnPrem-SQLServer
LC-00002783,PRJ-007,WBS-00271,CC-00063,2026-06-12,8.0,1.41,848.95,OnPrem-SQLServer
LC-00002784,PRJ-007,WBS-00271,CC-00063,2026-06-19,8.0,0.0,417.6,OnPrem-SQLServer
LC-00002785,PRJ-007,WBS-00272,CC-00056,2026-07-31,8.0,0.0,575.68,OnPrem-SQLServer
LC-00002786,PRJ-007,WBS-00272,CC-00059,2026-07-10,8.0,0.0,279.84,OnPrem-SQLServer
LC-00002787,PRJ-007,WBS-00272,CC-00063,2026-07-10,8.0,0.0,575.68,OnPrem-SQLServer
LC-00002788,PRJ-007,WBS-00273,CC-00055,2026-06-05,8.0,0.0,415.36,OnPrem-SQLServer
LC-00002789,PRJ-007,WBS-00273,CC-00057,2026-07-17,8.0,0.0,415.36,OnPrem-SQLServer
LC-00002790,PRJ-007,WBS-00273,CC-00058,2026-07-03,8.0,0.0,671.44,OnPrem-SQLServer
LC-00002791,PRJ-007,WBS-00273,CC-00060,2026-07-03,8.0,1.16,508.72,OnPrem-SQLServer
LC-00002792,PRJ-007,WBS-00273,CC-00061,2026-06-26,8.0,0.0,671.76,OnPrem-SQLServer
LC-00002793,PRJ-007,WBS-00273,CC-00062,2026-06-12,8.0,0.0,415.36,OnPrem-SQLServer
LC-00002794,PRJ-007,WBS-00273,CC-00063,2026-07-17,8.0,0.0,231.12,OnPrem-SQLServer
LC-00002795,PRJ-007,WBS-00273,CC-00063,2026-07-31,8.0,0.0,671.44,OnPrem-SQLServer
LC-00002796,PRJ-007,WBS-00274,CC-00055,2026-06-05,8.0,0.0,415.36,OnPrem-SQLServer
LC-00002797,PRJ-007,WBS-00274,CC-00056,2026-07-31,8.0,0.0,460.56,OnPrem-SQLServer
LC-00002798,PRJ-007,WBS-00274,CC-00060,2026-06-12,8.0,0.0,643.68,OnPrem-SQLServer
LC-00002799,PRJ-007,WBS-00274,CC-00060,2026-06-19,8.0,0.0,279.84,OnPrem-SQLServer
LC-00002800,PRJ-007,WBS-00274,CC-00060,2026-07-17,8.0,0.0,453.12,OnPrem-SQLServer
LC-00002801,PRJ-007,WBS-00274,CC-00063,2026-07-10,8.0,1.44,527.51,OnPrem-SQLServer
LC-00002802,PRJ-007,WBS-00275,CC-00055,2026-07-17,8.0,1.41,538.12,OnPrem-SQLServer
LC-00002803,PRJ-007,WBS-00275,CC-00057,2026-05-22,8.0,1.05,334.93,OnPrem-SQLServer
LC-00002804,PRJ-007,WBS-00275,CC-00057,2026-06-12,16.0,0.0,517.6,OnPrem-SQLServer
LC-00002805,PRJ-007,WBS-00275,CC-00057,2026-07-17,16.0,0.0,951.28,OnPrem-SQLServer
LC-00002806,PRJ-007,WBS-00275,CC-00059,2026-06-12,8.0,0.0,643.68,OnPrem-SQLServer
LC-00002807,PRJ-007,WBS-00275,CC-00061,2026-05-29,8.0,0.0,671.44,OnPrem-SQLServer
LC-00002808,PRJ-007,WBS-00275,CC-00061,2026-06-12,8.0,0.0,289.12,OnPrem-SQLServer
LC-00002809,PRJ-007,WBS-00275,CC-00061,2026-07-31,8.0,0.0,671.44,OnPrem-SQLServer
LC-00002810,PRJ-007,WBS-00275,CC-00062,2026-07-03,8.0,0.0,415.36,OnPrem-SQLServer
LC-00002811,PRJ-007,WBS-00275,CC-00062,2026-07-10,8.0,0.0,575.68,OnPrem-SQLServer
LC-00002812,PRJ-007,WBS-00275,CC-00063,2026-05-01,8.0,0.0,279.84,OnPrem-SQLServer
LC-00002813,PRJ-007,WBS-00275,CC-00063,2026-05-29,8.0,0.0,671.44,OnPrem-SQLServer
LC-00002814,PRJ-007,WBS-00275,CC-00063,2026-06-12,8.0,0.0,279.84,OnPrem-SQLServer
LC-00002815,PRJ-007,WBS-00275,CC-00063,2026-06-19,8.0,0.0,575.68,OnPrem-SQLServer
LC-00002816,PRJ-007,WBS-00275,CC-00063,2026-07-10,8.0,0.0,279.84,OnPrem-SQLServer
LC-00002817,PRJ-007,WBS-00276,CC-00055,2026-07-03,8.0,0.0,279.84,OnPrem-SQLServer
LC-00002818,PRJ-007,WBS-00276,CC-00055,2026-07-24,8.0,1.69,546.98,OnPrem-SQLServer
LC-00002819,PRJ-007,WBS-00276,CC-00057,2026-06-05,8.0,0.0,518.72,OnPrem-SQLServer
LC-00002820,PRJ-007,WBS-00276,CC-00057,2026-07-17,8.0,0.0,417.6,OnPrem-SQLServer
LC-00002821,PRJ-007,WBS-00276,CC-00059,2026-06-12,8.0,0.0,671.44,OnPrem-SQLServer
LC-00002822,PRJ-007,WBS-00276,CC-00062,2026-07-17,8.0,0.0,671.44,OnPrem-SQLServer
LC-00002823,PRJ-007,WBS-00276,CC-00063,2026-05-22,8.0,0.0,417.84,OnPrem-SQLServer
LC-00002824,PRJ-007,WBS-00276,CC-00063,2026-05-29,8.0,0.0,671.44,OnPrem-SQLServer
LC-00002825,PRJ-007,WBS-00276,CC-00063,2026-07-03,8.0,0.0,671.44,OnPrem-SQLServer
LC-00002826,PRJ-007,WBS-00277,CC-00056,2026-06-19,8.0,0.0,417.6,OnPrem-SQLServer
LC-00002827,PRJ-007,WBS-00277,CC-00057,2026-06-12,8.0,0.0,282.64,OnPrem-SQLServer
LC-00002828,PRJ-007,WBS-00277,CC-00057,2026-07-17,8.0,0.0,425.6,OnPrem-SQLServer
LC-00002829,PRJ-007,WBS-00277,CC-00059,2026-07-17,8.0,0.0,417.6,OnPrem-SQLServer
LC-00002830,PRJ-007,WBS-00277,CC-00060,2026-07-03,8.0,0.0,671.44,OnPrem-SQLServer
LC-00002831,PRJ-007,WBS-00277,CC-00063,2026-05-22,8.0,0.0,417.84,OnPrem-SQLServer
LC-00002832,PRJ-007,WBS-00278,CC-00055,2026-07-31,16.0,0.0,740.4,OnPrem-SQLServer
LC-00002833,PRJ-007,WBS-00278,CC-00056,2026-05-15,8.0,0.0,671.44,OnPrem-SQLServer
LC-00002834,PRJ-007,WBS-00278,CC-00056,2026-07-31,8.0,0.0,415.36,OnPrem-SQLServer
LC-00002835,PRJ-007,WBS-00278,CC-00059,2026-05-08,8.0,0.0,671.44,OnPrem-SQLServer
LC-00002836,PRJ-007,WBS-00278,CC-00060,2026-07-17,8.0,0.0,279.84,OnPrem-SQLServer
LC-00002837,PRJ-007,WBS-00278,CC-00061,2026-07-10,8.0,0.0,415.36,OnPrem-SQLServer
LC-00002838,PRJ-007,WBS-00278,CC-00062,2026-06-19,8.0,0.61,261.83,OnPrem-SQLServer
LC-00002839,PRJ-007,WBS-00278,CC-00062,2026-07-03,8.0,0.0,417.6,OnPrem-SQLServer
LC-00002840,PRJ-007,WBS-00278,CC-00063,2026-07-17,8.0,0.0,417.6,OnPrem-SQLServer
LC-00002841,PRJ-007,WBS-00278,CC-00063,2026-07-31,8.0,0.0,415.36,OnPrem-SQLServer
LC-00002842,PRJ-007,WBS-00279,CC-00055,2026-05-22,8.0,0.0,415.36,OnPrem-SQLServer
LC-00002843,PRJ-007,WBS-00279,CC-00055,2026-07-17,8.0,0.0,425.6,OnPrem-SQLServer
LC-00002844,PRJ-007,WBS-00279,CC-00058,2026-06-05,8.0,0.0,417.6,OnPrem-SQLServer
LC-00002845,PRJ-007,WBS-00279,CC-00059,2026-06-05,8.0,0.0,279.84,OnPrem-SQLServer
LC-00002846,PRJ-007,WBS-00279,CC-00061,2026-07-10,8.0,0.0,417.6,OnPrem-SQLServer
LC-00002847,PRJ-007,WBS-00280,CC-00055,2026-07-03,8.0,0.0,671.44,OnPrem-SQLServer
LC-00002848,PRJ-007,WBS-00280,CC-00057,2026-07-03,8.0,0.0,417.6,OnPrem-SQLServer
LC-00002849,PRJ-007,WBS-00280,CC-00058,2026-05-22,8.0,0.0,417.84,OnPrem-SQLServer
LC-00002850,PRJ-007,WBS-00280,CC-00060,2026-06-12,8.0,0.56,309.22,OnPrem-SQLServer
LC-00002851,PRJ-007,WBS-00280,CC-00061,2026-07-24,8.0,0.0,671.44,OnPrem-SQLServer
LC-00002852,PRJ-007,WBS-00280,CC-00062,2026-06-05,8.0,0.0,671.44,OnPrem-SQLServer
LC-00002853,PRJ-007,WBS-00281,CC-00055,2026-06-05,8.0,0.0,518.72,OnPrem-SQLServer
LC-00002854,PRJ-007,WBS-00281,CC-00056,2026-06-05,8.0,0.0,518.72,OnPrem-SQLServer
LC-00002855,PRJ-007,WBS-00281,CC-00057,2026-07-10,8.0,0.0,474.96,OnPrem-SQLServer
LC-00002856,PRJ-007,WBS-00281,CC-00058,2026-06-05,8.0,0.0,671.44,OnPrem-SQLServer
LC-00002857,PRJ-007,WBS-00281,CC-00058,2026-07-24,8.0,0.0,415.36,OnPrem-SQLServer
LC-00002858,PRJ-007,WBS-00281,CC-00058,2026-07-31,8.0,0.0,575.68,OnPrem-SQLServer
LC-00002859,PRJ-007,WBS-00281,CC-00059,2026-06-12,8.0,0.0,282.64,OnPrem-SQLServer
LC-00002860,PRJ-007,WBS-00281,CC-00059,2026-07-31,8.0,0.0,234.96,OnPrem-SQLServer
LC-00002861,PRJ-007,WBS-00282,CC-00057,2026-07-31,8.0,0.0,279.84,OnPrem-SQLServer
LC-00002862,PRJ-007,WBS-00282,CC-00059,2026-06-05,8.0,0.0,279.84,OnPrem-SQLServer
LC-00002863,PRJ-007,WBS-00282,CC-00060,2026-07-10,8.0,0.0,474.96,OnPrem-SQLServer
LC-00002864,PRJ-007,WBS-00283,CC-00058,2026-07-10,8.0,0.0,671.44,OnPrem-SQLServer
LC-00002865,PRJ-007,WBS-00283,CC-00059,2026-06-19,8.0,0.0,575.68,OnPrem-SQLServer
LC-00002866,PRJ-007,WBS-00283,CC-00060,2026-05-08,8.0,0.0,279.84,OnPrem-SQLServer
LC-00002867,PRJ-007,WBS-00284,CC-00055,2026-07-17,8.0,0.0,231.12,OnPrem-SQLServer
LC-00002868,PRJ-007,WBS-00284,CC-00057,2026-07-24,8.0,0.0,234.96,OnPrem-SQLServer
LC-00002869,PRJ-007,WBS-00284,CC-00058,2026-05-22,8.0,1.01,494.02,OnPrem-SQLServer
LC-00002870,PRJ-007,WBS-00284,CC-00058,2026-06-26,8.0,0.0,671.76,OnPrem-SQLServer
LC-00002871,PRJ-007,WBS-00284,CC-00059,2026-06-26,8.0,0.0,575.68,OnPrem-SQLServer
LC-00002872,PRJ-007,WBS-00284,CC-00060,2026-07-03,8.0,0.0,234.96,OnPrem-SQLServer
LC-00002873,PRJ-007,WBS-00284,CC-00060,2026-07-10,8.0,0.77,768.38,OnPrem-SQLServer
LC-00002874,PRJ-007,WBS-00284,CC-00061,2026-07-17,8.0,0.0,415.36,OnPrem-SQLServer
LC-00002875,PRJ-007,WBS-00284,CC-00063,2026-05-29,8.0,1.83,557.88,OnPrem-SQLServer
LC-00002876,PRJ-007,WBS-00285,CC-00057,2026-06-19,8.0,0.76,268.44,OnPrem-SQLServer
LC-00002877,PRJ-007,WBS-00285,CC-00059,2026-07-10,8.0,0.0,417.6,OnPrem-SQLServer
LC-00002878,PRJ-007,WBS-00285,CC-00062,2026-06-05,8.0,0.0,417.6,OnPrem-SQLServer
LC-00002879,PRJ-007,WBS-00285,CC-00063,2026-07-24,8.0,0.0,671.44,OnPrem-SQLServer
LC-00002880,PRJ-007,WBS-00286,CC-00055,2026-06-05,8.0,1.5,358.54,OnPrem-SQLServer
LC-00002881,PRJ-007,WBS-00286,CC-00055,2026-07-17,8.0,0.0,453.12,OnPrem-SQLServer
LC-00002882,PRJ-007,WBS-00286,CC-00057,2026-05-22,8.0,0.0,417.84,OnPrem-SQLServer
LC-00002883,PRJ-007,WBS-00286,CC-00057,2026-06-05,8.0,0.69,471.63,OnPrem-SQLServer
LC-00002884,PRJ-007,WBS-00286,CC-00057,2026-07-17,8.0,0.0,425.6,OnPrem-SQLServer
LC-00002885,PRJ-007,WBS-00286,CC-00057,2026-07-31,8.0,0.0,575.68,OnPrem-SQLServer
LC-00002886,PRJ-007,WBS-00286,CC-00060,2026-06-05,8.0,0.0,417.6,OnPrem-SQLServer
LC-00002887,PRJ-007,WBS-00286,CC-00060,2026-06-19,8.0,0.0,671.44,OnPrem-SQLServer
LC-00002888,PRJ-007,WBS-00286,CC-00063,2026-05-29,8.0,0.0,671.44,OnPrem-SQLServer
LC-00002889,PRJ-007,WBS-00287,CC-00059,2026-07-31,8.0,0.0,279.84,OnPrem-SQLServer
LC-00002890,PRJ-007,WBS-00287,CC-00060,2026-06-05,8.0,0.0,671.44,OnPrem-SQLServer
LC-00002891,PRJ-007,WBS-00287,CC-00062,2026-06-05,8.0,0.0,671.44,OnPrem-SQLServer
LC-00002892,PRJ-007,WBS-00287,CC-00062,2026-07-31,8.0,0.0,460.56,OnPrem-SQLServer
LC-00002893,PRJ-007,WBS-00287,CC-00063,2026-07-24,8.0,0.75,656.63,OnPrem-SQLServer
LC-00002894,PRJ-007,WBS-00288,CC-00057,2026-07-31,8.0,0.0,671.44,OnPrem-SQLServer
LC-00002895,PRJ-007,WBS-00288,CC-00058,2026-07-17,8.0,0.96,330.21,OnPrem-SQLServer
LC-00002896,PRJ-007,WBS-00288,CC-00059,2026-06-12,16.0,0.0,1086.8,OnPrem-SQLServer
LC-00002897,PRJ-007,WBS-00288,CC-00060,2026-05-08,8.0,0.0,671.44,OnPrem-SQLServer
LC-00002898,PRJ-007,WBS-00288,CC-00061,2026-05-15,8.0,0.0,542.72,OnPrem-SQLServer
LC-00002899,PRJ-007,WBS-00288,CC-00062,2026-07-03,8.0,0.0,415.36,OnPrem-SQLServer
LC-00002900,PRJ-007,WBS-00288,CC-00062,2026-07-10,8.0,0.0,671.44,OnPrem-SQLServer
LC-00002901,PRJ-007,WBS-00289,CC-00056,2026-07-10,8.0,0.0,415.36,OnPrem-SQLServer
LC-00002902,PRJ-007,WBS-00289,CC-00056,2026-07-24,16.0,0.0,650.32,OnPrem-SQLServer
LC-00002903,PRJ-007,WBS-00289,CC-00057,2026-05-22,8.0,0.0,417.84,OnPrem-SQLServer
LC-00002904,PRJ-007,WBS-00289,CC-00058,2026-07-17,8.0,0.0,575.68,OnPrem-SQLServer
LC-00002905,PRJ-007,WBS-00289,CC-00059,2026-05-22,8.0,0.0,279.84,OnPrem-SQLServer
LC-00002906,PRJ-007,WBS-00289,CC-00059,2026-07-03,8.0,0.92,487.01,OnPrem-SQLServer
LC-00002907,PRJ-007,WBS-00289,CC-00060,2026-05-08,8.0,0.0,279.84,OnPrem-SQLServer
LC-00002908,PRJ-007,WBS-00289,CC-00060,2026-06-19,8.0,0.0,671.44,OnPrem-SQLServer
LC-00002909,PRJ-007,WBS-00289,CC-00062,2026-05-22,8.0,0.8,321.82,OnPrem-SQLServer
LC-00002910,PRJ-007,WBS-00289,CC-00062,2026-06-12,8.0,0.0,671.44,OnPrem-SQLServer
LC-00002911,PRJ-007,WBS-00289,CC-00063,2026-05-08,8.0,0.0,279.84,OnPrem-SQLServer
LC-00002912,PRJ-007,WBS-00290,CC-00055,2026-07-17,8.0,0.0,575.68,OnPrem-SQLServer
LC-00002913,PRJ-007,WBS-00290,CC-00058,2026-07-24,8.0,0.0,417.6,OnPrem-SQLServer
LC-00002914,PRJ-007,WBS-00290,CC-00061,2026-06-05,8.0,0.0,415.36,OnPrem-SQLServer
LC-00002915,PRJ-007,WBS-00290,CC-00062,2026-06-19,8.0,0.0,671.44,OnPrem-SQLServer
LC-00002916,PRJ-007,WBS-00291,CC-00056,2026-06-26,8.0,0.0,575.68,OnPrem-SQLServer
LC-00002917,PRJ-007,WBS-00291,CC-00058,2026-07-17,8.0,0.0,234.96,OnPrem-SQLServer
LC-00002918,PRJ-007,WBS-00291,CC-00059,2026-07-17,8.0,0.0,415.36,OnPrem-SQLServer
LC-00002919,PRJ-007,WBS-00291,CC-00059,2026-07-31,8.0,0.0,415.36,OnPrem-SQLServer
LC-00002920,PRJ-007,WBS-00291,CC-00060,2026-07-03,8.0,0.0,417.84,OnPrem-SQLServer
LC-00002921,PRJ-007,WBS-00291,CC-00060,2026-07-10,8.0,0.0,575.68,OnPrem-SQLServer
LC-00002922,PRJ-007,WBS-00291,CC-00060,2026-07-24,8.0,0.0,415.36,OnPrem-SQLServer
LC-00002923,PRJ-007,WBS-00291,CC-00061,2026-05-01,8.0,0.0,279.84,OnPrem-SQLServer
LC-00002924,PRJ-007,WBS-00291,CC-00061,2026-05-15,8.0,0.0,542.72,OnPrem-SQLServer
LC-00002925,PRJ-007,WBS-00291,CC-00061,2026-05-29,8.0,0.0,415.36,OnPrem-SQLServer
LC-00002926,PRJ-007,WBS-00291,CC-00061,2026-06-05,8.0,0.0,415.36,OnPrem-SQLServer
LC-00002927,PRJ-007,WBS-00291,CC-00063,2026-05-01,8.0,0.0,279.84,OnPrem-SQLServer
LC-00002928,PRJ-007,WBS-00292,CC-00056,2026-07-24,8.0,1.41,525.17,OnPrem-SQLServer
LC-00002929,PRJ-007,WBS-00292,CC-00057,2026-07-03,8.0,0.0,279.84,OnPrem-SQLServer
LC-00002930,PRJ-007,WBS-00292,CC-00058,2026-07-17,8.0,0.0,453.12,OnPrem-SQLServer
LC-00002931,PRJ-007,WBS-00292,CC-00060,2026-07-17,8.0,0.0,417.6,OnPrem-SQLServer
LC-00002932,PRJ-007,WBS-00292,CC-00062,2026-07-03,8.0,0.0,575.68,OnPrem-SQLServer
LC-00002933,PRJ-007,WBS-00293,CC-00055,2026-05-15,8.0,0.0,542.72,OnPrem-SQLServer
LC-00002934,PRJ-007,WBS-00293,CC-00055,2026-06-19,8.0,0.0,279.84,OnPrem-SQLServer
LC-00002935,PRJ-007,WBS-00293,CC-00055,2026-07-03,8.0,0.86,668.51,OnPrem-SQLServer
LC-00002936,PRJ-007,WBS-00293,CC-00057,2026-05-01,8.0,0.0,279.84,OnPrem-SQLServer
LC-00002937,PRJ-007,WBS-00293,CC-00057,2026-07-31,8.0,0.0,234.96,OnPrem-SQLServer
LC-00002938,PRJ-007,WBS-00293,CC-00058,2026-07-17,8.0,0.0,671.44,OnPrem-SQLServer
LC-00002939,PRJ-007,WBS-00293,CC-00062,2026-07-31,8.0,0.0,575.68,OnPrem-SQLServer
LC-00002940,PRJ-007,WBS-00294,CC-00056,2026-07-24,8.0,1.18,820.0,OnPrem-SQLServer
LC-00002941,PRJ-007,WBS-00294,CC-00058,2026-06-05,8.0,0.0,279.84,OnPrem-SQLServer
LC-00002942,PRJ-007,WBS-00294,CC-00063,2026-07-10,8.0,0.0,279.84,OnPrem-SQLServer
LC-00002943,PRJ-007,WBS-00294,CC-00063,2026-07-17,16.0,0.0,1097.04,OnPrem-SQLServer
LC-00002944,PRJ-007,WBS-00295,CC-00058,2026-07-10,8.0,0.0,474.96,OnPrem-SQLServer
LC-00002945,PRJ-007,WBS-00295,CC-00059,2026-05-15,8.0,0.0,542.72,OnPrem-SQLServer
LC-00002946,PRJ-007,WBS-00295,CC-00060,2026-06-26,8.0,0.64,263.16,OnPrem-SQLServer
LC-00002947,PRJ-007,WBS-00295,CC-00061,2026-07-17,8.0,0.0,234.96,OnPrem-SQLServer
LC-00002948,PRJ-007,WBS-00295,CC-00063,2026-07-24,8.0,0.0,234.96,OnPrem-SQLServer
LC-00002949,PRJ-007,WBS-00296,CC-00055,2026-05-01,8.0,0.0,279.84,OnPrem-SQLServer
LC-00002950,PRJ-007,WBS-00296,CC-00055,2026-05-29,8.0,1.99,921.97,OnPrem-SQLServer
LC-00002951,PRJ-007,WBS-00296,CC-00055,2026-07-10,8.0,0.0,417.6,OnPrem-SQLServer
LC-00002952,PRJ-007,WBS-00296,CC-00056,2026-07-17,8.0,0.0,575.68,OnPrem-SQLServer
LC-00002953,PRJ-007,WBS-00296,CC-00057,2026-07-17,8.0,0.0,234.96,OnPrem-SQLServer
LC-00002954,PRJ-007,WBS-00296,CC-00057,2026-07-31,8.0,0.0,671.44,OnPrem-SQLServer
LC-00002955,PRJ-007,WBS-00296,CC-00060,2026-07-10,8.0,0.0,575.68,OnPrem-SQLServer
LC-00002956,PRJ-007,WBS-00296,CC-00062,2026-05-15,8.0,0.0,671.44,OnPrem-SQLServer
LC-00002957,PRJ-007,WBS-00297,CC-00056,2026-05-08,8.0,0.0,279.84,OnPrem-SQLServer
LC-00002958,PRJ-007,WBS-00297,CC-00056,2026-07-17,8.0,0.0,234.96,OnPrem-SQLServer
LC-00002959,PRJ-007,WBS-00297,CC-00058,2026-06-19,16.0,0.0,697.44,OnPrem-SQLServer
LC-00002960,PRJ-007,WBS-00297,CC-00059,2026-06-12,8.0,0.0,279.84,OnPrem-SQLServer
LC-00002961,PRJ-007,WBS-00297,CC-00061,2026-07-17,8.0,1.69,596.7,OnPrem-SQLServer
LC-00002962,PRJ-007,WBS-00297,CC-00063,2026-07-03,8.0,0.0,671.44,OnPrem-SQLServer
LC-00002963,PRJ-007,WBS-00298,CC-00055,2026-07-17,8.0,0.0,575.68,OnPrem-SQLServer
LC-00002964,PRJ-007,WBS-00298,CC-00056,2026-06-12,8.0,0.83,334.11,OnPrem-SQLServer
LC-00002965,PRJ-007,WBS-00298,CC-00057,2026-07-03,8.0,0.0,234.96,OnPrem-SQLServer
LC-00002966,PRJ-007,WBS-00298,CC-00059,2026-07-10,8.0,0.0,474.96,OnPrem-SQLServer
LC-00002967,PRJ-007,WBS-00298,CC-00061,2026-06-12,8.0,0.0,671.44,OnPrem-SQLServer
LC-00002968,PRJ-007,WBS-00298,CC-00062,2026-05-15,8.0,0.0,671.44,OnPrem-SQLServer
LC-00002969,PRJ-007,WBS-00298,CC-00063,2026-06-26,8.0,0.0,415.36,OnPrem-SQLServer
LC-00002970,PRJ-007,WBS-00299,CC-00055,2026-07-17,8.0,0.0,671.44,OnPrem-SQLServer
LC-00002971,PRJ-007,WBS-00299,CC-00056,2026-06-12,8.0,0.0,282.64,OnPrem-SQLServer
LC-00002972,PRJ-007,WBS-00299,CC-00057,2026-07-10,8.0,0.0,415.36,OnPrem-SQLServer
LC-00002973,PRJ-007,WBS-00299,CC-00057,2026-07-24,8.0,0.0,417.6,OnPrem-SQLServer
LC-00002974,PRJ-007,WBS-00299,CC-00059,2026-06-12,8.0,0.0,289.12,OnPrem-SQLServer
LC-00002975,PRJ-007,WBS-00299,CC-00061,2026-06-19,8.0,1.46,356.45,OnPrem-SQLServer
LC-00002976,PRJ-007,WBS-00299,CC-00062,2026-06-26,8.0,0.0,671.76,OnPrem-SQLServer
LC-00002977,PRJ-007,WBS-00299,CC-00062,2026-07-03,8.0,1.5,301.04,OnPrem-SQLServer
LC-00002978,PRJ-007,WBS-00299,CC-00062,2026-07-10,8.0,0.0,671.44,OnPrem-SQLServer
LC-00002979,PRJ-007,WBS-00299,CC-00062,2026-07-24,8.0,0.0,575.68,OnPrem-SQLServer
LC-00002980,PRJ-007,WBS-00300,CC-00055,2026-06-12,8.0,0.0,643.68,OnPrem-SQLServer
LC-00002981,PRJ-007,WBS-00300,CC-00056,2026-06-19,16.0,0.0,810.64,OnPrem-SQLServer
LC-00002982,PRJ-007,WBS-00300,CC-00057,2026-06-12,8.0,0.0,643.68,OnPrem-SQLServer
LC-00002983,PRJ-007,WBS-00300,CC-00058,2026-05-08,8.0,0.0,671.44,OnPrem-SQLServer
LC-00002984,PRJ-007,WBS-00300,CC-00059,2026-07-10,8.0,0.0,279.84,OnPrem-SQLServer
LC-00002985,PRJ-007,WBS-00300,CC-00060,2026-06-12,8.0,0.0,289.12,OnPrem-SQLServer
LC-00002986,PRJ-007,WBS-00300,CC-00061,2026-06-19,8.0,0.0,234.96,OnPrem-SQLServer
LC-00002987,PRJ-007,WBS-00300,CC-00061,2026-07-24,8.0,0.88,486.5,OnPrem-SQLServer
LC-00002988,PRJ-007,WBS-00300,CC-00062,2026-05-08,8.0,0.0,279.84,OnPrem-SQLServer
LC-00002989,PRJ-007,WBS-00300,CC-00062,2026-07-24,8.0,0.0,234.96,OnPrem-SQLServer
LC-00002990,PRJ-007,WBS-00301,CC-00056,2026-07-03,8.0,0.0,417.84,OnPrem-SQLServer
LC-00002991,PRJ-007,WBS-00301,CC-00058,2026-07-10,8.0,0.0,671.44,OnPrem-SQLServer
LC-00002992,PRJ-007,WBS-00301,CC-00060,2026-06-12,8.0,0.0,282.64,OnPrem-SQLServer
LC-00002993,PRJ-007,WBS-00301,CC-00060,2026-07-10,8.0,0.0,279.84,OnPrem-SQLServer
LC-00002994,PRJ-007,WBS-00301,CC-00061,2026-06-19,8.0,0.0,417.6,OnPrem-SQLServer
LC-00002995,PRJ-007,WBS-00301,CC-00062,2026-07-17,8.0,0.0,453.12,OnPrem-SQLServer
LC-00002996,PRJ-007,WBS-00301,CC-00063,2026-07-31,8.0,0.0,234.96,OnPrem-SQLServer
LC-00002997,PRJ-007,WBS-00302,CC-00056,2026-07-24,8.0,0.0,671.44,OnPrem-SQLServer
LC-00002998,PRJ-007,WBS-00302,CC-00060,2026-05-08,8.0,0.82,774.67,OnPrem-SQLServer
LC-00002999,PRJ-007,WBS-00302,CC-00060,2026-07-17,8.0,0.0,417.6,OnPrem-SQLServer
LC-00003000,PRJ-007,WBS-00302,CC-00060,2026-07-31,8.0,0.0,415.36,OnPrem-SQLServer
LC-00003001,PRJ-007,WBS-00302,CC-00061,2026-07-03,8.0,0.0,279.84,OnPrem-SQLServer
LC-00003002,PRJ-007,WBS-00302,CC-00061,2026-07-31,8.0,0.0,234.96,OnPrem-SQLServer
LC-00003003,PRJ-007,WBS-00303,CC-00056,2026-06-26,8.0,0.0,671.76,OnPrem-SQLServer
LC-00003004,PRJ-007,WBS-00303,CC-00058,2026-05-22,8.0,0.0,279.84,OnPrem-SQLServer
LC-00003005,PRJ-007,WBS-00303,CC-00058,2026-06-19,8.0,1.09,808.67,OnPrem-SQLServer
LC-00003006,PRJ-007,WBS-00303,CC-00060,2026-07-10,8.0,0.0,417.6,OnPrem-SQLServer
LC-00003007,PRJ-007,WBS-00303,CC-00061,2026-06-26,16.0,1.32,933.52,OnPrem-SQLServer
LC-00003008,PRJ-008,WBS-00304,CC-00064,2026-06-19,8.0,0.0,398.24,OnPrem-SQLServer
LC-00003009,PRJ-008,WBS-00304,CC-00065,2026-07-24,8.0,0.0,643.68,OnPrem-SQLServer
LC-00003010,PRJ-008,WBS-00304,CC-00067,2026-05-29,8.0,0.0,460.56,OnPrem-SQLServer
LC-00003011,PRJ-008,WBS-00304,CC-00067,2026-06-12,8.0,0.0,555.2,OnPrem-SQLServer
LC-00003012,PRJ-008,WBS-00304,CC-00067,2026-07-31,16.0,0.0,939.44,OnPrem-SQLServer
LC-00003013,PRJ-008,WBS-00304,CC-00068,2026-06-05,8.0,0.0,555.2,OnPrem-SQLServer
LC-00003014,PRJ-008,WBS-00304,CC-00070,2026-06-12,8.0,0.0,548.48,OnPrem-SQLServer
LC-00003015,PRJ-008,WBS-00304,CC-00070,2026-07-03,8.0,0.0,555.2,OnPrem-SQLServer
LC-00003016,PRJ-008,WBS-00304,CC-00070,2026-07-24,8.0,0.0,460.56,OnPrem-SQLServer
LC-00003017,PRJ-008,WBS-00304,CC-00071,2026-06-19,8.0,0.0,389.92,OnPrem-SQLServer
LC-00003018,PRJ-008,WBS-00305,CC-00068,2026-05-15,8.0,0.0,577.6,OnPrem-SQLServer
LC-00003019,PRJ-008,WBS-00305,CC-00070,2026-06-26,8.0,0.0,561.44,OnPrem-SQLServer
LC-00003020,PRJ-008,WBS-00305,CC-00070,2026-07-17,8.0,0.0,577.6,OnPrem-SQLServer
LC-00003021,PRJ-008,WBS-00306,CC-00064,2026-05-22,8.0,0.0,460.56,OnPrem-SQLServer
LC-00003022,PRJ-008,WBS-00306,CC-00064,2026-06-05,8.0,0.0,425.6,OnPrem-SQLServer
LC-00003023,PRJ-008,WBS-00306,CC-00064,2026-06-26,16.0,0.0,1038.16,OnPrem-SQLServer
LC-00003024,PRJ-008,WBS-00306,CC-00064,2026-07-10,8.0,0.0,254.72,OnPrem-SQLServer
LC-00003025,PRJ-008,WBS-00306,CC-00065,2026-07-31,8.0,1.16,474.73,OnPrem-SQLServer
LC-00003026,PRJ-008,WBS-00306,CC-00066,2026-06-26,8.0,0.0,292.4,OnPrem-SQLServer
LC-00003027,PRJ-008,WBS-00306,CC-00068,2026-07-10,8.0,1.99,632.41,OnPrem-SQLServer
LC-00003028,PRJ-008,WBS-00306,CC-00069,2026-07-17,8.0,0.0,577.6,OnPrem-SQLServer
LC-00003029,PRJ-008,WBS-00306,CC-00071,2026-06-19,8.0,0.0,643.68,OnPrem-SQLServer
LC-00003030,PRJ-008,WBS-00306,CC-00071,2026-06-26,8.0,0.0,643.68,OnPrem-SQLServer
LC-00003031,PRJ-008,WBS-00306,CC-00072,2026-05-01,8.0,0.0,384.24,OnPrem-SQLServer
LC-00003032,PRJ-008,WBS-00307,CC-00064,2026-07-17,8.0,0.0,643.68,OnPrem-SQLServer
LC-00003033,PRJ-008,WBS-00307,CC-00068,2026-06-19,8.0,0.0,555.2,OnPrem-SQLServer
LC-00003034,PRJ-008,WBS-00307,CC-00070,2026-07-17,8.0,0.0,460.56,OnPrem-SQLServer
LC-00003035,PRJ-008,WBS-00308,CC-00064,2026-05-15,8.0,0.0,460.56,OnPrem-SQLServer
LC-00003036,PRJ-008,WBS-00308,CC-00064,2026-05-29,8.0,0.0,884.64,OnPrem-SQLServer
LC-00003037,PRJ-008,WBS-00308,CC-00065,2026-07-03,8.0,0.0,397.92,OnPrem-SQLServer
LC-00003038,PRJ-008,WBS-00308,CC-00066,2026-05-22,8.0,0.0,384.24,OnPrem-SQLServer
LC-00003039,PRJ-008,WBS-00308,CC-00066,2026-05-29,8.0,0.0,384.24,OnPrem-SQLServer
LC-00003040,PRJ-008,WBS-00308,CC-00066,2026-07-24,8.0,0.0,577.6,OnPrem-SQLServer
LC-00003041,PRJ-008,WBS-00308,CC-00067,2026-06-19,8.0,0.0,384.24,OnPrem-SQLServer
LC-00003042,PRJ-008,WBS-00308,CC-00067,2026-07-17,8.0,0.0,643.68,OnPrem-SQLServer
LC-00003043,PRJ-008,WBS-00308,CC-00070,2026-05-01,8.0,0.0,384.24,OnPrem-SQLServer
LC-00003044,PRJ-008,WBS-00308,CC-00072,2026-06-05,8.0,0.0,469.28,OnPrem-SQLServer
LC-00003045,PRJ-008,WBS-00308,CC-00072,2026-06-12,8.0,0.0,548.48,OnPrem-SQLServer
LC-00003046,PRJ-008,WBS-00309,CC-00064,2026-07-17,8.0,0.0,384.24,OnPrem-SQLServer
LC-00003047,PRJ-008,WBS-00309,CC-00064,2026-07-24,8.0,1.23,710.81,OnPrem-SQLServer
LC-00003048,PRJ-008,WBS-00309,CC-00066,2026-06-19,16.0,0.0,799.6,OnPrem-SQLServer
LC-00003049,PRJ-008,WBS-00309,CC-00069,2026-07-10,8.0,0.0,577.6,OnPrem-SQLServer
LC-00003050,PRJ-008,WBS-00309,CC-00070,2026-05-29,8.0,0.0,555.2,OnPrem-SQLServer
LC-00003051,PRJ-008,WBS-00309,CC-00070,2026-07-17,8.0,0.0,561.44,OnPrem-SQLServer
LC-00003052,PRJ-008,WBS-00310,CC-00064,2026-05-22,8.0,0.59,426.75,OnPrem-SQLServer
LC-00003053,PRJ-008,WBS-00310,CC-00064,2026-05-29,8.0,0.0,884.64,OnPrem-SQLServer
LC-00003054,PRJ-008,WBS-00310,CC-00065,2026-05-01,8.0,0.0,384.24,OnPrem-SQLServer
LC-00003055,PRJ-008,WBS-00310,CC-00066,2026-05-29,8.0,0.0,261.04,OnPrem-SQLServer
LC-00003056,PRJ-008,WBS-00310,CC-00066,2026-06-19,8.0,0.0,384.24,OnPrem-SQLServer
LC-00003057,PRJ-008,WBS-00310,CC-00066,2026-07-03,8.0,0.0,384.24,OnPrem-SQLServer
LC-00003058,PRJ-008,WBS-00310,CC-00066,2026-07-10,8.0,0.0,384.24,OnPrem-SQLServer
LC-00003059,PRJ-008,WBS-00310,CC-00067,2026-05-15,8.0,0.0,384.24,OnPrem-SQLServer
LC-00003060,PRJ-008,WBS-00310,CC-00067,2026-07-24,8.0,0.0,389.92,OnPrem-SQLServer
LC-00003061,PRJ-008,WBS-00310,CC-00068,2026-05-29,8.0,0.0,384.24,OnPrem-SQLServer
LC-00003062,PRJ-008,WBS-00310,CC-00070,2026-05-29,16.0,1.65,1311.5,OnPrem-SQLServer
LC-00003063,PRJ-008,WBS-00310,CC-00070,2026-06-05,8.0,0.0,460.56,OnPrem-SQLServer
LC-00003064,PRJ-008,WBS-00310,CC-00071,2026-07-24,8.0,0.0,439.76,OnPrem-SQLServer
LC-00003065,PRJ-008,WBS-00310,CC-00072,2026-06-05,8.0,0.0,577.6,OnPrem-SQLServer
LC-00003066,PRJ-008,WBS-00310,CC-00072,2026-07-10,8.0,0.0,389.92,OnPrem-SQLServer
LC-00003067,PRJ-008,WBS-00311,CC-00065,2026-07-03,8.0,0.0,577.6,OnPrem-SQLServer
LC-00003068,PRJ-008,WBS-00311,CC-00069,2026-07-10,8.0,0.0,643.68,OnPrem-SQLServer
LC-00003069,PRJ-008,WBS-00311,CC-00069,2026-07-24,8.0,0.0,389.92,OnPrem-SQLServer
LC-00003070,PRJ-008,WBS-00311,CC-00071,2026-06-19,8.0,0.0,577.6,OnPrem-SQLServer
LC-00003071,PRJ-008,WBS-00311,CC-00071,2026-07-10,8.0,0.0,577.6,OnPrem-SQLServer
LC-00003072,PRJ-008,WBS-00311,CC-00072,2026-06-05,16.0,0.59,975.23,OnPrem-SQLServer
LC-00003073,PRJ-008,WBS-00311,CC-00072,2026-07-24,8.0,0.0,561.44,OnPrem-SQLServer
LC-00003074,PRJ-008,WBS-00312,CC-00065,2026-06-19,8.0,0.0,415.36,OnPrem-SQLServer
LC-00003075,PRJ-008,WBS-00312,CC-00066,2026-07-03,8.0,1.59,749.8,OnPrem-SQLServer
LC-00003076,PRJ-008,WBS-00312,CC-00067,2026-05-01,8.0,0.66,649.08,OnPrem-SQLServer
LC-00003077,PRJ-008,WBS-00312,CC-00067,2026-05-08,8.0,0.0,384.24,OnPrem-SQLServer
LC-00003078,PRJ-008,WBS-00312,CC-00067,2026-06-26,8.0,0.53,514.68,OnPrem-SQLServer
LC-00003079,PRJ-008,WBS-00312,CC-00068,2026-05-22,8.0,0.71,435.39,OnPrem-SQLServer
LC-00003080,PRJ-008,WBS-00312,CC-00068,2026-06-19,8.0,1.44,505.76,OnPrem-SQLServer
LC-00003081,PRJ-008,WBS-00312,CC-00069,2026-07-03,8.0,0.0,389.92,OnPrem-SQLServer
LC-00003082,PRJ-008,WBS-00312,CC-00069,2026-07-10,8.0,1.89,520.41,OnPrem-SQLServer
LC-00003083,PRJ-008,WBS-00312,CC-00070,2026-06-26,8.0,0.0,384.24,OnPrem-SQLServer
LC-00003084,PRJ-008,WBS-00312,CC-00072,2026-07-24,8.0,0.0,384.24,OnPrem-SQLServer
LC-00003085,PRJ-008,WBS-00313,CC-00064,2026-06-05,8.0,0.0,425.6,OnPrem-SQLServer
LC-00003086,PRJ-008,WBS-00313,CC-00064,2026-06-26,8.0,0.0,460.56,OnPrem-SQLServer
LC-00003087,PRJ-008,WBS-00313,CC-00064,2026-07-10,8.0,0.0,254.72,OnPrem-SQLServer
LC-00003088,PRJ-008,WBS-00313,CC-00069,2026-07-17,8.0,0.0,460.56,OnPrem-SQLServer
LC-00003089,PRJ-008,WBS-00313,CC-00070,2026-06-19,8.0,0.0,548.48,OnPrem-SQLServer
LC-00003090,PRJ-008,WBS-00313,CC-00071,2026-07-10,8.0,1.03,465.22,OnPrem-SQLServer
LC-00003091,PRJ-008,WBS-00313,CC-00071,2026-07-24,8.0,0.0,439.76,OnPrem-SQLServer
LC-00003092,PRJ-008,WBS-00314,CC-00064,2026-07-31,8.0,0.0,561.44,OnPrem-SQLServer
LC-00003093,PRJ-008,WBS-00314,CC-00066,2026-05-29,8.0,0.0,261.04,OnPrem-SQLServer
LC-00003094,PRJ-008,WBS-00314,CC-00066,2026-07-03,8.0,0.0,548.48,OnPrem-SQLServer
LC-00003095,PRJ-008,WBS-00314,CC-00067,2026-07-03,8.0,0.0,384.24,OnPrem-SQLServer
LC-00003096,PRJ-008,WBS-00314,CC-00070,2026-06-19,8.0,0.0,415.36,OnPrem-SQLServer
LC-00003097,PRJ-008,WBS-00314,CC-00070,2026-07-24,8.0,0.0,548.48,OnPrem-SQLServer
LC-00003098,PRJ-008,WBS-00314,CC-00071,2026-05-08,8.0,0.0,384.24,OnPrem-SQLServer
LC-00003099,PRJ-008,WBS-00314,CC-00071,2026-06-12,8.0,1.44,495.2,OnPrem-SQLServer
LC-00003100,PRJ-008,WBS-00314,CC-00072,2026-06-26,8.0,0.0,384.24,OnPrem-SQLServer
LC-00003101,PRJ-008,WBS-00314,CC-00072,2026-07-24,8.0,0.0,460.56,OnPrem-SQLServer
LC-00003102,PRJ-008,WBS-00315,CC-00068,2026-07-03,8.0,0.0,548.48,OnPrem-SQLServer
LC-00003103,PRJ-008,WBS-00315,CC-00070,2026-05-29,8.0,0.0,555.2,OnPrem-SQLServer
LC-00003104,PRJ-008,WBS-00315,CC-00071,2026-07-10,8.0,0.0,389.92,OnPrem-SQLServer
LC-00003105,PRJ-008,WBS-00315,CC-00072,2026-05-15,8.0,1.35,481.5,OnPrem-SQLServer
LC-00003106,PRJ-008,WBS-00315,CC-00072,2026-06-05,8.0,0.0,460.56,OnPrem-SQLServer
LC-00003107,PRJ-008,WBS-00315,CC-00072,2026-06-26,8.0,0.0,548.48,OnPrem-SQLServer
LC-00003108,PRJ-008,WBS-00316,CC-00065,2026-06-05,8.0,0.54,468.69,OnPrem-SQLServer
LC-00003109,PRJ-008,WBS-00316,CC-00066,2026-05-22,8.0,0.54,423.14,OnPrem-SQLServer
LC-00003110,PRJ-008,WBS-00316,CC-00066,2026-06-05,8.0,0.0,561.44,OnPrem-SQLServer
LC-00003111,PRJ-008,WBS-00316,CC-00067,2026-06-05,16.0,0.0,1103.68,OnPrem-SQLServer
LC-00003112,PRJ-008,WBS-00316,CC-00069,2026-07-10,8.0,0.0,460.56,OnPrem-SQLServer
LC-00003113,PRJ-008,WBS-00316,CC-00071,2026-07-03,8.0,0.0,577.6,OnPrem-SQLServer
LC-00003114,PRJ-008,WBS-00316,CC-00072,2026-06-05,16.0,0.0,945.68,OnPrem-SQLServer
LC-00003115,PRJ-008,WBS-00316,CC-00072,2026-06-12,8.0,0.0,555.2,OnPrem-SQLServer
LC-00003116,PRJ-008,WBS-00316,CC-00072,2026-06-19,8.0,0.0,577.6,OnPrem-SQLServer
LC-00003117,PRJ-008,WBS-00316,CC-00072,2026-07-17,8.0,0.0,643.68,OnPrem-SQLServer
LC-00003118,PRJ-008,WBS-00316,CC-00072,2026-07-31,8.0,0.0,548.48,OnPrem-SQLServer
LC-00003119,PRJ-008,WBS-00317,CC-00065,2026-05-29,8.0,0.0,643.68,OnPrem-SQLServer
LC-00003120,PRJ-008,WBS-00317,CC-00068,2026-06-05,8.0,0.0,469.28,OnPrem-SQLServer
LC-00003121,PRJ-008,WBS-00317,CC-00072,2026-07-03,8.0,0.0,460.56,OnPrem-SQLServer
LC-00003122,PRJ-008,WBS-00318,CC-00065,2026-07-24,8.0,0.0,555.2,OnPrem-SQLServer
LC-00003123,PRJ-008,WBS-00318,CC-00066,2026-06-05,8.0,0.0,469.28,OnPrem-SQLServer
LC-00003124,PRJ-008,WBS-00318,CC-00068,2026-05-08,8.0,0.0,577.6,OnPrem-SQLServer
LC-00003125,PRJ-008,WBS-00318,CC-00068,2026-07-17,8.0,0.0,643.68,OnPrem-SQLServer
LC-00003126,PRJ-008,WBS-00318,CC-00069,2026-07-03,8.0,0.74,524.46,OnPrem-SQLServer
LC-00003127,PRJ-008,WBS-00318,CC-00070,2026-06-19,8.0,0.0,577.6,OnPrem-SQLServer
LC-00003128,PRJ-008,WBS-00318,CC-00071,2026-07-31,8.0,0.0,389.92,OnPrem-SQLServer
LC-00003129,PRJ-008,WBS-00318,CC-00072,2026-07-03,8.0,0.0,577.6,OnPrem-SQLServer
LC-00003130,PRJ-008,WBS-00318,CC-00072,2026-07-17,8.0,0.85,524.97,OnPrem-SQLServer
LC-00003131,PRJ-008,WBS-00319,CC-00066,2026-06-12,8.0,0.0,460.56,OnPrem-SQLServer
LC-00003132,PRJ-008,WBS-00319,CC-00069,2026-06-26,8.0,0.0,555.2,OnPrem-SQLServer
LC-00003133,PRJ-008,WBS-00319,CC-00071,2026-06-19,8.0,1.89,760.4,OnPrem-SQLServer
LC-00003134,PRJ-008,WBS-00319,CC-00071,2026-06-26,8.0,0.0,548.48,OnPrem-SQLServer
LC-00003135,PRJ-008,WBS-00320,CC-00064,2026-06-05,8.0,0.0,384.24,OnPrem-SQLServer
LC-00003136,PRJ-008,WBS-00320,CC-00064,2026-07-10,8.0,0.0,643.68,OnPrem-SQLServer
LC-00003137,PRJ-008,WBS-00320,CC-00065,2026-07-10,8.0,1.94,347.37,OnPrem-SQLServer
LC-00003138,PRJ-008,WBS-00320,CC-00065,2026-07-24,8.0,1.16,535.41,OnPrem-SQLServer
LC-00003139,PRJ-008,WBS-00320,CC-00066,2026-06-26,8.0,0.0,460.56,OnPrem-SQLServer
LC-00003140,PRJ-008,WBS-00320,CC-00066,2026-07-24,8.0,0.0,231.12,OnPrem-SQLServer
LC-00003141,PRJ-008,WBS-00320,CC-00066,2026-07-31,8.0,0.0,384.24,OnPrem-SQLServer
LC-00003142,PRJ-008,WBS-00320,CC-00068,2026-07-10,8.0,1.79,615.14,OnPrem-SQLServer
LC-00003143,PRJ-008,WBS-00320,CC-00068,2026-07-24,8.0,0.0,561.44,OnPrem-SQLServer
LC-00003144,PRJ-008,WBS-00320,CC-00070,2026-06-05,8.0,0.0,548.48,OnPrem-SQLServer
LC-00003145,PRJ-008,WBS-00320,CC-00070,2026-06-19,8.0,0.0,384.24,OnPrem-SQLServer
LC-00003146,PRJ-008,WBS-00320,CC-00070,2026-07-03,8.0,0.0,548.48,OnPrem-SQLServer
LC-00003147,PRJ-008,WBS-00320,CC-00070,2026-07-24,8.0,0.0,460.56,OnPrem-SQLServer
LC-00003148,PRJ-008,WBS-00320,CC-00071,2026-07-31,8.0,0.0,548.48,OnPrem-SQLServer
LC-00003149,PRJ-008,WBS-00321,CC-00067,2026-06-05,8.0,0.0,469.28,OnPrem-SQLServer
LC-00003150,PRJ-008,WBS-00321,CC-00068,2026-06-26,8.0,0.0,468.16,OnPrem-SQLServer
LC-00003151,PRJ-008,WBS-00321,CC-00070,2026-06-26,8.0,0.0,292.4,OnPrem-SQLServer
LC-00003152,PRJ-008,WBS-00321,CC-00071,2026-05-29,8.0,0.0,577.6,OnPrem-SQLServer
LC-00003153,PRJ-008,WBS-00322,CC-00064,2026-07-03,8.0,0.0,397.92,OnPrem-SQLServer
LC-00003154,PRJ-008,WBS-00322,CC-00065,2026-07-03,8.0,0.0,384.24,OnPrem-SQLServer
LC-00003155,PRJ-008,WBS-00322,CC-00067,2026-05-29,8.0,1.72,851.27,OnPrem-SQLServer
LC-00003156,PRJ-008,WBS-00322,CC-00068,2026-06-05,8.0,0.66,478.27,OnPrem-SQLServer
LC-00003157,PRJ-008,WBS-00322,CC-00068,2026-07-03,8.0,0.0,397.92,OnPrem-SQLServer
LC-00003158,PRJ-008,WBS-00323,CC-00065,2026-06-26,8.0,0.0,384.24,OnPrem-SQLServer
LC-00003159,PRJ-008,WBS-00323,CC-00066,2026-07-24,8.0,0.0,561.44,OnPrem-SQLServer
LC-00003160,PRJ-008,WBS-00323,CC-00067,2026-06-26,8.0,0.0,577.6,OnPrem-SQLServer
LC-00003161,PRJ-008,WBS-00323,CC-00069,2026-07-10,8.0,0.9,455.72,OnPrem-SQLServer
LC-00003162,PRJ-008,WBS-00323,CC-00069,2026-07-24,8.0,0.0,548.48,OnPrem-SQLServer
LC-00003163,PRJ-008,WBS-00323,CC-00070,2026-05-22,8.0,0.0,577.6,OnPrem-SQLServer
LC-00003164,PRJ-008,WBS-00323,CC-00072,2026-07-24,8.0,0.0,577.6,OnPrem-SQLServer
LC-00003165,PRJ-008,WBS-00324,CC-00065,2026-05-15,8.0,0.0,384.24,OnPrem-SQLServer
LC-00003166,PRJ-008,WBS-00324,CC-00067,2026-06-26,8.0,0.0,643.68,OnPrem-SQLServer
LC-00003167,PRJ-008,WBS-00324,CC-00069,2026-07-24,8.0,0.0,460.56,OnPrem-SQLServer
LC-00003168,PRJ-008,WBS-00324,CC-00072,2026-07-10,8.0,0.0,577.6,OnPrem-SQLServer
LC-00003169,PRJ-008,WBS-00324,CC-00072,2026-07-24,16.0,0.0,874.8,OnPrem-SQLServer
LC-00003170,PRJ-008,WBS-00325,CC-00064,2026-06-05,8.0,0.0,643.68,OnPrem-SQLServer
LC-00003171,PRJ-008,WBS-00325,CC-00066,2026-06-12,8.0,0.0,555.2,OnPrem-SQLServer
LC-00003172,PRJ-008,WBS-00325,CC-00067,2026-06-05,8.0,0.0,643.68,OnPrem-SQLServer
LC-00003173,PRJ-008,WBS-00325,CC-00068,2026-07-17,8.0,0.0,561.44,OnPrem-SQLServer
LC-00003174,PRJ-008,WBS-00325,CC-00072,2026-07-24,8.0,0.0,548.48,OnPrem-SQLServer
LC-00003175,PRJ-008,WBS-00326,CC-00064,2026-06-26,8.0,0.0,548.48,OnPrem-SQLServer
LC-00003176,PRJ-008,WBS-00326,CC-00064,2026-07-10,8.0,0.0,561.44,OnPrem-SQLServer
LC-00003177,PRJ-008,WBS-00326,CC-00068,2026-05-15,8.0,0.0,577.6,OnPrem-SQLServer
LC-00003178,PRJ-008,WBS-00326,CC-00071,2026-05-08,8.0,1.77,769.29,OnPrem-SQLServer
LC-00003179,PRJ-008,WBS-00326,CC-00071,2026-07-17,8.0,0.0,460.56,OnPrem-SQLServer
LC-00003180,PRJ-008,WBS-00327,CC-00064,2026-07-10,8.0,0.0,561.44,OnPrem-SQLServer
LC-00003181,PRJ-008,WBS-00327,CC-00065,2026-07-24,8.0,0.0,384.24,OnPrem-SQLServer
LC-00003182,PRJ-008,WBS-00327,CC-00066,2026-05-29,8.0,0.0,384.24,OnPrem-SQLServer
LC-00003183,PRJ-008,WBS-00327,CC-00069,2026-04-24,8.0,0.0,577.6,OnPrem-SQLServer
LC-00003184,PRJ-008,WBS-00327,CC-00069,2026-06-19,8.0,0.81,741.44,OnPrem-SQLServer
LC-00003185,PRJ-008,WBS-00327,CC-00071,2026-06-12,8.0,0.0,384.24,OnPrem-SQLServer
LC-00003186,PRJ-008,WBS-00327,CC-00072,2026-07-10,8.0,0.0,561.44,OnPrem-SQLServer
LC-00003187,PRJ-008,WBS-00327,CC-00072,2026-07-24,8.0,0.0,555.2,OnPrem-SQLServer
LC-00003188,PRJ-008,WBS-00328,CC-00064,2026-05-15,8.0,0.0,384.24,OnPrem-SQLServer
LC-00003189,PRJ-008,WBS-00328,CC-00064,2026-06-19,8.0,0.0,415.36,OnPrem-SQLServer
LC-00003190,PRJ-008,WBS-00328,CC-00066,2026-06-05,8.0,0.0,548.48,OnPrem-SQLServer
LC-00003191,PRJ-008,WBS-00328,CC-00066,2026-07-03,8.0,0.0,460.56,OnPrem-SQLServer
LC-00003192,PRJ-008,WBS-00328,CC-00067,2026-07-17,8.0,0.0,577.6,OnPrem-SQLServer
LC-00003193,PRJ-008,WBS-00328,CC-00069,2026-07-24,8.0,0.0,231.12,OnPrem-SQLServer
LC-00003194,PRJ-008,WBS-00328,CC-00070,2026-07-17,8.0,0.0,577.6,OnPrem-SQLServer
LC-00003195,PRJ-008,WBS-00328,CC-00071,2026-07-24,8.0,0.0,548.48,OnPrem-SQLServer
LC-00003196,PRJ-008,WBS-00328,CC-00072,2026-07-17,8.0,0.0,452.8,OnPrem-SQLServer
LC-00003197,PRJ-008,WBS-00329,CC-00064,2026-06-05,8.0,0.0,622.32,OnPrem-SQLServer
LC-00003198,PRJ-008,WBS-00329,CC-00065,2026-07-24,8.0,1.96,525.45,OnPrem-SQLServer
LC-00003199,PRJ-008,WBS-00329,CC-00066,2026-06-05,8.0,0.0,425.6,OnPrem-SQLServer
LC-00003200,PRJ-008,WBS-00329,CC-00066,2026-07-03,8.0,0.0,548.48,OnPrem-SQLServer
LC-00003201,PRJ-008,WBS-00329,CC-00068,2026-06-05,8.0,0.0,643.68,OnPrem-SQLServer
LC-00003202,PRJ-008,WBS-00329,CC-00071,2026-06-26,8.0,0.0,384.24,OnPrem-SQLServer
LC-00003203,PRJ-008,WBS-00329,CC-00071,2026-07-31,8.0,0.0,561.44,OnPrem-SQLServer
LC-00003204,PRJ-008,WBS-00329,CC-00072,2026-06-12,8.0,0.79,663.16,OnPrem-SQLServer
LC-00003205,PRJ-008,WBS-00329,CC-00072,2026-07-10,8.0,0.0,384.24,OnPrem-SQLServer
LC-00003206,PRJ-008,WBS-00330,CC-00064,2026-06-19,8.0,0.0,643.68,OnPrem-SQLServer
LC-00003207,PRJ-008,WBS-00330,CC-00065,2026-06-26,8.0,0.0,292.4,OnPrem-SQLServer
LC-00003208,PRJ-008,WBS-00330,CC-00066,2026-05-15,8.0,0.0,460.56,OnPrem-SQLServer
LC-00003209,PRJ-008,WBS-00330,CC-00069,2026-05-29,8.0,0.0,555.2,OnPrem-SQLServer
LC-00003210,PRJ-008,WBS-00330,CC-00069,2026-06-26,8.0,0.0,561.44,OnPrem-SQLServer
LC-00003211,PRJ-008,WBS-00330,CC-00069,2026-07-31,8.0,0.0,561.44,OnPrem-SQLServer
LC-00003212,PRJ-008,WBS-00330,CC-00070,2026-07-03,8.0,0.0,548.48,OnPrem-SQLServer
LC-00003213,PRJ-008,WBS-00330,CC-00071,2026-07-24,8.0,0.0,577.6,OnPrem-SQLServer
LC-00003214,PRJ-008,WBS-00331,CC-00065,2026-06-05,8.0,0.67,724.54,OnPrem-SQLServer
LC-00003215,PRJ-008,WBS-00331,CC-00065,2026-06-12,8.0,0.0,389.92,OnPrem-SQLServer
LC-00003216,PRJ-008,WBS-00331,CC-00066,2026-05-22,8.0,0.0,577.6,OnPrem-SQLServer
LC-00003217,PRJ-008,WBS-00331,CC-00066,2026-06-26,8.0,0.0,548.48,OnPrem-SQLServer
LC-00003218,PRJ-008,WBS-00331,CC-00066,2026-07-17,8.0,1.3,682.17,OnPrem-SQLServer
LC-00003219,PRJ-008,WBS-00331,CC-00066,2026-07-24,8.0,0.0,555.2,OnPrem-SQLServer
LC-00003220,PRJ-008,WBS-00331,CC-00067,2026-06-26,8.0,0.0,468.16,OnPrem-SQLServer
LC-00003221,PRJ-008,WBS-00331,CC-00068,2026-05-22,16.0,0.0,1155.2,OnPrem-SQLServer
LC-00003222,PRJ-008,WBS-00331,CC-00068,2026-07-10,8.0,0.0,643.68,OnPrem-SQLServer
LC-00003223,PRJ-008,WBS-00331,CC-00069,2026-05-22,8.0,0.0,460.56,OnPrem-SQLServer
LC-00003224,PRJ-008,WBS-00331,CC-00069,2026-07-24,8.0,0.0,231.12,OnPrem-SQLServer
LC-00003225,PRJ-008,WBS-00331,CC-00070,2026-05-29,8.0,0.0,460.56,OnPrem-SQLServer
LC-00003226,PRJ-008,WBS-00331,CC-00070,2026-06-19,16.0,0.0,1221.28,OnPrem-SQLServer
LC-00003227,PRJ-008,WBS-00331,CC-00071,2026-06-19,8.0,0.0,389.92,OnPrem-SQLServer
LC-00003228,PRJ-008,WBS-00331,CC-00072,2026-07-17,8.0,0.0,548.48,OnPrem-SQLServer
LC-00003229,PRJ-008,WBS-00332,CC-00065,2026-06-19,8.0,1.58,516.22,OnPrem-SQLServer
LC-00003230,PRJ-008,WBS-00332,CC-00065,2026-07-10,8.0,0.0,577.6,OnPrem-SQLServer
LC-00003231,PRJ-008,WBS-00332,CC-00065,2026-07-31,8.0,0.0,389.92,OnPrem-SQLServer
LC-00003232,PRJ-008,WBS-00332,CC-00069,2026-07-17,8.0,0.0,577.6,OnPrem-SQLServer
LC-00003233,PRJ-008,WBS-00332,CC-00070,2026-06-05,8.0,0.0,577.6,OnPrem-SQLServer
LC-00003234,PRJ-008,WBS-00332,CC-00070,2026-06-19,8.0,1.27,695.13,OnPrem-SQLServer
LC-00003235,PRJ-008,WBS-00332,CC-00072,2026-05-22,8.0,0.0,384.24,OnPrem-SQLServer
LC-00003236,PRJ-008,WBS-00332,CC-00072,2026-06-05,8.0,0.83,648.81,OnPrem-SQLServer
LC-00003237,PRJ-008,WBS-00333,CC-00068,2026-07-24,8.0,1.77,857.3,OnPrem-SQLServer
LC-00003238,PRJ-008,WBS-00333,CC-00070,2026-06-05,8.0,0.0,548.48,OnPrem-SQLServer
LC-00003239,PRJ-008,WBS-00333,CC-00070,2026-07-24,8.0,0.0,561.44,OnPrem-SQLServer
LC-00003240,PRJ-008,WBS-00333,CC-00071,2026-06-05,8.0,0.0,555.2,OnPrem-SQLServer
LC-00003241,PRJ-008,WBS-00333,CC-00071,2026-06-12,8.0,0.0,389.92,OnPrem-SQLServer
LC-00003242,PRJ-008,WBS-00333,CC-00072,2026-05-22,8.0,0.0,577.6,OnPrem-SQLServer
LC-00003243,PRJ-008,WBS-00333,CC-00072,2026-06-19,8.0,0.0,548.48,OnPrem-SQLServer
LC-00003244,PRJ-008,WBS-00334,CC-00064,2026-06-19,8.0,0.0,548.48,OnPrem-SQLServer
LC-00003245,PRJ-008,WBS-00334,CC-00065,2026-06-26,8.0,0.0,561.44,OnPrem-SQLServer
LC-00003246,PRJ-008,WBS-00334,CC-00065,2026-07-10,8.0,0.0,460.56,OnPrem-SQLServer
LC-00003247,PRJ-008,WBS-00334,CC-00067,2026-06-19,8.0,0.0,555.2,OnPrem-SQLServer
LC-00003248,PRJ-008,WBS-00334,CC-00068,2026-07-31,8.0,1.06,657.49,OnPrem-SQLServer
LC-00003249,PRJ-008,WBS-00334,CC-00070,2026-06-26,8.0,0.0,561.44,OnPrem-SQLServer
LC-00003250,PRJ-008,WBS-00334,CC-00070,2026-07-17,8.0,0.0,452.8,OnPrem-SQLServer
LC-00003251,PRJ-008,WBS-00334,CC-00071,2026-07-03,8.0,0.0,555.2,OnPrem-SQLServer
LC-00003252,PRJ-008,WBS-00334,CC-00072,2026-05-01,8.0,0.0,384.24,OnPrem-SQLServer
LC-00003253,PRJ-008,WBS-00334,CC-00072,2026-05-29,8.0,0.0,261.04,OnPrem-SQLServer
LC-00003254,PRJ-008,WBS-00335,CC-00065,2026-07-17,8.0,0.0,384.24,OnPrem-SQLServer
LC-00003255,PRJ-008,WBS-00335,CC-00066,2026-06-05,8.0,0.0,460.56,OnPrem-SQLServer
LC-00003256,PRJ-008,WBS-00335,CC-00067,2026-05-01,8.0,0.0,577.6,OnPrem-SQLServer
LC-00003257,PRJ-008,WBS-00335,CC-00067,2026-05-08,8.0,0.0,577.6,OnPrem-SQLServer
LC-00003258,PRJ-008,WBS-00335,CC-00067,2026-07-24,8.0,0.0,384.24,OnPrem-SQLServer
LC-00003259,PRJ-008,WBS-00335,CC-00068,2026-07-03,8.0,0.0,555.2,OnPrem-SQLServer
LC-00003260,PRJ-008,WBS-00335,CC-00069,2026-05-15,8.0,0.0,577.6,OnPrem-SQLServer
LC-00003261,PRJ-008,WBS-00335,CC-00071,2026-06-19,8.0,0.0,555.2,OnPrem-SQLServer
LC-00003262,PRJ-008,WBS-00335,CC-00072,2026-07-24,8.0,0.0,231.12,OnPrem-SQLServer
LC-00003263,PRJ-008,WBS-00336,CC-00066,2026-06-26,8.0,0.0,561.44,OnPrem-SQLServer
LC-00003264,PRJ-008,WBS-00336,CC-00067,2026-06-26,8.0,0.0,555.2,OnPrem-SQLServer
LC-00003265,PRJ-008,WBS-00336,CC-00068,2026-05-08,8.0,1.32,479.34,OnPrem-SQLServer
LC-00003266,PRJ-008,WBS-00336,CC-00068,2026-07-10,8.0,0.0,643.68,OnPrem-SQLServer
LC-00003267,PRJ-008,WBS-00337,CC-00064,2026-06-26,8.0,0.0,643.68,OnPrem-SQLServer
LC-00003268,PRJ-008,WBS-00337,CC-00066,2026-05-15,8.0,0.0,384.24,OnPrem-SQLServer
LC-00003269,PRJ-008,WBS-00338,CC-00064,2026-06-12,8.0,0.0,548.48,OnPrem-SQLServer
LC-00003270,PRJ-008,WBS-00338,CC-00064,2026-07-10,8.0,0.0,561.44,OnPrem-SQLServer
LC-00003271,PRJ-008,WBS-00338,CC-00065,2026-06-26,8.0,0.0,555.2,OnPrem-SQLServer
LC-00003272,PRJ-008,WBS-00338,CC-00066,2026-07-31,8.0,0.0,384.24,OnPrem-SQLServer
LC-00003273,PRJ-008,WBS-00338,CC-00068,2026-05-29,8.0,0.0,384.24,OnPrem-SQLServer
LC-00003274,PRJ-008,WBS-00338,CC-00069,2026-05-29,8.0,1.26,795.75,OnPrem-SQLServer
LC-00003275,PRJ-008,WBS-00338,CC-00070,2026-05-29,8.0,1.51,493.03,OnPrem-SQLServer
LC-00003276,PRJ-008,WBS-00338,CC-00070,2026-07-03,8.0,0.0,389.92,OnPrem-SQLServer
LC-00003277,PRJ-008,WBS-00338,CC-00072,2026-07-17,8.0,0.0,384.24,OnPrem-SQLServer
LC-00003278,PRJ-008,WBS-00338,CC-00072,2026-07-24,8.0,0.94,451.96,OnPrem-SQLServer
LC-00003279,PRJ-008,WBS-00339,CC-00066,2026-05-29,8.0,0.0,555.2,OnPrem-SQLServer
LC-00003280,PRJ-008,WBS-00339,CC-00066,2026-06-26,8.0,0.0,384.24,OnPrem-SQLServer
LC-00003281,PRJ-008,WBS-00339,CC-00066,2026-07-03,8.0,0.0,577.6,OnPrem-SQLServer
LC-00003282,PRJ-008,WBS-00339,CC-00067,2026-06-19,8.0,0.0,548.48,OnPrem-SQLServer
LC-00003283,PRJ-008,WBS-00339,CC-00068,2026-07-31,8.0,0.0,555.2,OnPrem-SQLServer
LC-00003284,PRJ-008,WBS-00339,CC-00069,2026-05-22,8.0,0.0,460.56,OnPrem-SQLServer
LC-00003285,PRJ-008,WBS-00339,CC-00070,2026-06-05,8.0,0.0,384.24,OnPrem-SQLServer
LC-00003286,PRJ-008,WBS-00339,CC-00070,2026-07-31,8.0,0.0,548.48,OnPrem-SQLServer
LC-00003287,PRJ-008,WBS-00340,CC-00067,2026-07-10,8.0,0.0,643.68,OnPrem-SQLServer
LC-00003288,PRJ-008,WBS-00340,CC-00067,2026-07-24,8.0,0.0,561.44,OnPrem-SQLServer
LC-00003289,PRJ-008,WBS-00340,CC-00069,2026-06-12,8.0,0.0,577.6,OnPrem-SQLServer
LC-00003290,PRJ-008,WBS-00341,CC-00065,2026-07-17,8.0,0.0,561.44,OnPrem-SQLServer
LC-00003291,PRJ-008,WBS-00341,CC-00066,2026-05-08,8.0,0.0,577.6,OnPrem-SQLServer
LC-00003292,PRJ-008,WBS-00341,CC-00066,2026-06-19,8.0,0.0,398.24,OnPrem-SQLServer
LC-00003293,PRJ-008,WBS-00341,CC-00066,2026-07-17,8.0,1.87,869.37,OnPrem-SQLServer
LC-00003294,PRJ-008,WBS-00341,CC-00067,2026-05-29,8.0,1.06,552.1,OnPrem-SQLServer
LC-00003295,PRJ-008,WBS-00341,CC-00067,2026-06-05,8.0,0.0,460.56,OnPrem-SQLServer
LC-00003296,PRJ-008,WBS-00341,CC-00067,2026-06-26,8.0,0.0,555.2,OnPrem-SQLServer
LC-00003297,PRJ-008,WBS-00341,CC-00067,2026-07-03,8.0,0.0,555.2,OnPrem-SQLServer
LC-00003298,PRJ-008,WBS-00341,CC-00067,2026-07-17,8.0,0.0,384.24,OnPrem-SQLServer
LC-00003299,PRJ-008,WBS-00341,CC-00068,2026-07-17,8.0,0.0,548.48,OnPrem-SQLServer
LC-00003300,PRJ-008,WBS-00341,CC-00070,2026-05-15,8.0,0.0,460.56,OnPrem-SQLServer
LC-00003301,PRJ-008,WBS-00341,CC-00071,2026-07-03,8.0,0.0,389.92,OnPrem-SQLServer
LC-00003302,PRJ-008,WBS-00341,CC-00072,2026-06-12,8.0,0.0,460.56,OnPrem-SQLServer
LC-00003303,PRJ-008,WBS-00341,CC-00072,2026-07-17,8.0,0.0,452.8,OnPrem-SQLServer
LC-00003304,PRJ-008,WBS-00342,CC-00066,2026-06-19,8.0,1.2,671.89,OnPrem-SQLServer
LC-00003305,PRJ-008,WBS-00342,CC-00066,2026-07-24,8.0,0.0,389.92,OnPrem-SQLServer
LC-00003306,PRJ-008,WBS-00342,CC-00067,2026-06-05,8.0,0.0,622.32,OnPrem-SQLServer
LC-00003307,PRJ-008,WBS-00342,CC-00071,2026-06-26,8.0,0.0,555.2,OnPrem-SQLServer
LC-00003308,PRJ-008,WBS-00342,CC-00071,2026-07-03,8.0,0.0,384.24,OnPrem-SQLServer
LC-00003309,PRJ-008,WBS-00342,CC-00072,2026-05-29,8.0,0.0,884.64,OnPrem-SQLServer
LC-00003310,PRJ-008,WBS-00342,CC-00072,2026-07-03,8.0,0.0,397.92,OnPrem-SQLServer
LC-00003311,PRJ-008,WBS-00343,CC-00064,2026-07-24,8.0,0.0,460.56,OnPrem-SQLServer
LC-00003312,PRJ-008,WBS-00343,CC-00070,2026-07-03,8.0,0.0,460.56,OnPrem-SQLServer
LC-00003313,PRJ-008,WBS-00343,CC-00071,2026-07-03,8.0,0.0,389.92,OnPrem-SQLServer
LC-00003314,PRJ-008,WBS-00343,CC-00071,2026-07-10,8.0,0.0,384.24,OnPrem-SQLServer
LC-00003315,PRJ-008,WBS-00344,CC-00064,2026-06-19,8.0,0.0,555.2,OnPrem-SQLServer
LC-00003316,PRJ-008,WBS-00344,CC-00064,2026-07-03,16.0,1.12,955.2,OnPrem-SQLServer
LC-00003317,PRJ-008,WBS-00344,CC-00064,2026-07-17,8.0,0.0,452.8,OnPrem-SQLServer
LC-00003318,PRJ-008,WBS-00344,CC-00065,2026-05-15,8.0,1.03,689.15,OnPrem-SQLServer
LC-00003319,PRJ-008,WBS-00344,CC-00065,2026-05-29,8.0,0.0,643.68,OnPrem-SQLServer
LC-00003320,PRJ-008,WBS-00344,CC-00065,2026-06-05,8.0,0.71,654.49,OnPrem-SQLServer
LC-00003321,PRJ-008,WBS-00344,CC-00068,2026-07-31,8.0,0.0,555.2,OnPrem-SQLServer
LC-00003322,PRJ-008,WBS-00345,CC-00064,2026-07-17,8.0,0.0,548.48,OnPrem-SQLServer
LC-00003323,PRJ-008,WBS-00345,CC-00067,2026-04-24,8.0,0.0,577.6,OnPrem-SQLServer
LC-00003324,PRJ-008,WBS-00345,CC-00068,2026-07-10,8.0,1.09,554.69,OnPrem-SQLServer
LC-00003325,PRJ-008,WBS-00345,CC-00069,2026-05-01,8.0,1.94,787.7,OnPrem-SQLServer
LC-00003326,PRJ-008,WBS-00345,CC-00072,2026-07-17,8.0,0.0,561.44,OnPrem-SQLServer
LC-00003327,PRJ-008,WBS-00346,CC-00065,2026-06-05,8.0,0.0,561.44,OnPrem-SQLServer
LC-00003328,PRJ-008,WBS-00346,CC-00068,2026-06-12,8.0,0.0,577.6,OnPrem-SQLServer
LC-00003329,PRJ-008,WBS-00346,CC-00069,2026-06-26,8.0,0.0,577.6,OnPrem-SQLServer
LC-00003330,PRJ-008,WBS-00346,CC-00069,2026-07-24,16.0,0.0,967.52,OnPrem-SQLServer
LC-00003331,PRJ-008,WBS-00346,CC-00070,2026-07-31,8.0,0.0,389.92,OnPrem-SQLServer
LC-00003332,PRJ-008,WBS-00346,CC-00071,2026-07-31,8.0,0.0,384.24,OnPrem-SQLServer
LC-00003333,PRJ-008,WBS-00346,CC-00072,2026-07-24,8.0,0.0,555.2,OnPrem-SQLServer
LC-00003334,PRJ-008,WBS-00347,CC-00064,2026-05-29,8.0,0.74,297.26,OnPrem-SQLServer
LC-00003335,PRJ-008,WBS-00347,CC-00064,2026-06-05,8.0,0.71,629.11,OnPrem-SQLServer
LC-00003336,PRJ-008,WBS-00347,CC-00064,2026-07-24,8.0,1.4,492.27,OnPrem-SQLServer
LC-00003337,PRJ-008,WBS-00347,CC-00065,2026-06-05,8.0,0.0,622.32,OnPrem-SQLServer
LC-00003338,PRJ-008,WBS-00347,CC-00068,2026-07-17,16.0,0.0,1022.0,OnPrem-SQLServer
LC-00003339,PRJ-008,WBS-00347,CC-00069,2026-06-26,8.0,0.72,655.58,OnPrem-SQLServer
LC-00003340,PRJ-008,WBS-00347,CC-00071,2026-05-22,8.0,0.0,460.56,OnPrem-SQLServer
LC-00003341,PRJ-008,WBS-00348,CC-00064,2026-07-10,8.0,0.0,384.24,OnPrem-SQLServer
LC-00003342,PRJ-008,WBS-00348,CC-00066,2026-07-10,8.0,0.0,561.44,OnPrem-SQLServer
LC-00003343,PRJ-008,WBS-00348,CC-00066,2026-07-24,8.0,0.0,439.76,OnPrem-SQLServer
LC-00003344,PRJ-008,WBS-00348,CC-00067,2026-05-29,16.0,0.0,1038.16,OnPrem-SQLServer
LC-00003345,PRJ-008,WBS-00348,CC-00067,2026-06-05,8.0,0.0,384.24,OnPrem-SQLServer
LC-00003346,PRJ-008,WBS-00348,CC-00067,2026-06-19,8.0,0.0,577.6,OnPrem-SQLServer
LC-00003347,PRJ-008,WBS-00348,CC-00067,2026-07-17,8.0,1.7,506.72,OnPrem-SQLServer
LC-00003348,PRJ-008,WBS-00348,CC-00068,2026-05-08,8.0,0.0,577.6,OnPrem-SQLServer
LC-00003349,PRJ-008,WBS-00348,CC-00069,2026-06-05,8.0,0.0,622.32,OnPrem-SQLServer
LC-00003350,PRJ-008,WBS-00348,CC-00069,2026-07-31,8.0,1.7,740.4,OnPrem-SQLServer
LC-00003351,PRJ-008,WBS-00348,CC-00070,2026-07-03,8.0,0.0,389.92,OnPrem-SQLServer
LC-00003352,PRJ-008,WBS-00349,CC-00064,2026-06-19,8.0,0.0,384.24,OnPrem-SQLServer
LC-00003353,PRJ-008,WBS-00349,CC-00065,2026-07-24,8.0,1.83,590.65,OnPrem-SQLServer
LC-00003354,PRJ-008,WBS-00349,CC-00066,2026-06-12,8.0,0.0,548.48,OnPrem-SQLServer
LC-00003355,PRJ-008,WBS-00349,CC-00066,2026-07-24,8.0,1.92,875.4,OnPrem-SQLServer
LC-00003356,PRJ-008,WBS-00349,CC-00066,2026-07-31,8.0,0.0,389.92,OnPrem-SQLServer
LC-00003357,PRJ-008,WBS-00349,CC-00067,2026-06-26,8.0,0.0,548.48,OnPrem-SQLServer
LC-00003358,PRJ-008,WBS-00349,CC-00070,2026-06-12,8.0,0.0,577.6,OnPrem-SQLServer
LC-00003359,PRJ-008,WBS-00349,CC-00070,2026-06-26,16.0,0.0,936.08,OnPrem-SQLServer
LC-00003360,PRJ-008,WBS-00349,CC-00072,2026-05-22,8.0,0.0,460.56,OnPrem-SQLServer
LC-00003361,PRJ-008,WBS-00350,CC-00065,2026-04-24,8.0,0.0,577.6,OnPrem-SQLServer
LC-00003362,PRJ-008,WBS-00350,CC-00065,2026-05-08,8.0,0.0,384.24,OnPrem-SQLServer
LC-00003363,PRJ-008,WBS-00350,CC-00066,2026-06-19,8.0,0.0,561.44,OnPrem-SQLServer
LC-00003364,PRJ-008,WBS-00350,CC-00068,2026-06-12,8.0,0.0,384.24,OnPrem-SQLServer
LC-00003365,PRJ-008,WBS-00350,CC-00069,2026-06-26,8.0,0.0,468.16,OnPrem-SQLServer
LC-00003366,PRJ-008,WBS-00350,CC-00070,2026-05-08,8.0,0.0,384.24,OnPrem-SQLServer
LC-00003367,PRJ-008,WBS-00350,CC-00070,2026-06-12,8.0,0.0,577.6,OnPrem-SQLServer
LC-00003368,PRJ-008,WBS-00350,CC-00070,2026-06-19,8.0,1.66,844.03,OnPrem-SQLServer
LC-00003369,PRJ-008,WBS-00351,CC-00067,2026-05-29,8.0,1.03,1055.49,OnPrem-SQLServer
LC-00003370,PRJ-008,WBS-00351,CC-00069,2026-06-19,8.0,0.0,561.44,OnPrem-SQLServer
LC-00003371,PRJ-008,WBS-00351,CC-00069,2026-07-03,8.0,0.0,384.24,OnPrem-SQLServer
LC-00003372,PRJ-008,WBS-00352,CC-00064,2026-06-05,16.0,0.0,1199.92,OnPrem-SQLServer
LC-00003373,PRJ-008,WBS-00352,CC-00065,2026-06-05,8.0,0.0,643.68,OnPrem-SQLServer
LC-00003374,PRJ-008,WBS-00352,CC-00065,2026-06-12,8.0,0.0,384.24,OnPrem-SQLServer
LC-00003375,PRJ-008,WBS-00352,CC-00065,2026-06-26,8.0,0.0,292.4,OnPrem-SQLServer
LC-00003376,PRJ-008,WBS-00352,CC-00066,2026-06-12,8.0,0.0,460.56,OnPrem-SQLServer
LC-00003377,PRJ-008,WBS-00352,CC-00067,2026-06-12,8.0,0.0,384.24,OnPrem-SQLServer
LC-00003378,PRJ-008,WBS-00352,CC-00069,2026-06-26,8.0,0.0,460.56,OnPrem-SQLServer
LC-00003379,PRJ-008,WBS-00352,CC-00069,2026-07-10,8.0,0.0,577.6,OnPrem-SQLServer
LC-00003380,PRJ-008,WBS-00353,CC-00064,2026-06-19,8.0,0.0,389.92,OnPrem-SQLServer
LC-00003381,PRJ-008,WBS-00353,CC-00065,2026-06-26,8.0,0.0,643.68,OnPrem-SQLServer
LC-00003382,PRJ-008,WBS-00353,CC-00066,2026-05-01,8.0,0.0,577.6,OnPrem-SQLServer
LC-00003383,PRJ-008,WBS-00353,CC-00066,2026-06-12,8.0,0.0,460.56,OnPrem-SQLServer
LC-00003384,PRJ-008,WBS-00353,CC-00068,2026-07-10,8.0,1.53,501.78,OnPrem-SQLServer
LC-00003385,PRJ-008,WBS-00353,CC-00068,2026-07-24,8.0,0.0,643.68,OnPrem-SQLServer
LC-00003386,PRJ-008,WBS-00353,CC-00070,2026-06-05,8.0,0.0,577.6,OnPrem-SQLServer
LC-00003387,PRJ-008,WBS-00353,CC-00071,2026-06-19,8.0,0.0,415.36,OnPrem-SQLServer
LC-00003388,PRJ-008,WBS-00353,CC-00072,2026-05-29,8.0,0.0,460.56,OnPrem-SQLServer
LC-00003389,PRJ-008,WBS-00354,CC-00066,2026-07-10,8.0,0.0,254.72,OnPrem-SQLServer
LC-00003390,PRJ-008,WBS-00354,CC-00067,2026-07-17,8.0,0.0,548.48,OnPrem-SQLServer
LC-00003391,PRJ-008,WBS-00354,CC-00068,2026-06-12,8.0,0.0,384.24,OnPrem-SQLServer
LC-00003392,PRJ-008,WBS-00354,CC-00068,2026-07-31,8.0,0.0,548.48,OnPrem-SQLServer
LC-00003393,PRJ-008,WBS-00354,CC-00069,2026-05-01,8.0,1.33,480.06,OnPrem-SQLServer
LC-00003394,PRJ-008,WBS-00354,CC-00070,2026-05-01,8.0,0.0,577.6,OnPrem-SQLServer
LC-00003395,PRJ-008,WBS-00354,CC-00070,2026-06-26,8.0,0.0,460.56,OnPrem-SQLServer
LC-00003396,PRJ-008,WBS-00354,CC-00072,2026-06-26,8.0,0.0,577.6,OnPrem-SQLServer
LC-00003397,PRJ-008,WBS-00355,CC-00066,2026-07-31,8.0,0.0,555.2,OnPrem-SQLServer
LC-00003398,PRJ-008,WBS-00355,CC-00068,2026-06-12,8.0,0.0,389.92,OnPrem-SQLServer
LC-00003399,PRJ-008,WBS-00355,CC-00071,2026-06-19,8.0,0.0,555.2,OnPrem-SQLServer
LC-00003400,PRJ-008,WBS-00356,CC-00064,2026-07-31,8.0,0.0,384.24,OnPrem-SQLServer
LC-00003401,PRJ-008,WBS-00356,CC-00065,2026-06-26,8.0,0.0,468.16,OnPrem-SQLServer
LC-00003402,PRJ-008,WBS-00356,CC-00066,2026-07-03,8.0,0.0,555.2,OnPrem-SQLServer
LC-00003403,PRJ-008,WBS-00356,CC-00067,2026-05-15,8.0,0.0,460.56,OnPrem-SQLServer
LC-00003404,PRJ-008,WBS-00356,CC-00069,2026-04-24,8.0,0.0,577.6,OnPrem-SQLServer
LC-00003405,PRJ-008,WBS-00356,CC-00069,2026-06-05,8.0,0.0,561.44,OnPrem-SQLServer
LC-00003406,PRJ-008,WBS-00356,CC-00072,2026-06-19,8.0,0.0,561.44,OnPrem-SQLServer
LC-00003407,PRJ-008,WBS-00357,CC-00066,2026-05-15,8.0,0.0,460.56,OnPrem-SQLServer
LC-00003408,PRJ-008,WBS-00357,CC-00066,2026-05-29,8.0,0.0,577.6,OnPrem-SQLServer
LC-00003409,PRJ-008,WBS-00357,CC-00066,2026-06-05,8.0,0.0,555.2,OnPrem-SQLServer
LC-00003410,PRJ-008,WBS-00357,CC-00066,2026-07-24,8.0,0.0,548.48,OnPrem-SQLServer
LC-00003411,PRJ-008,WBS-00357,CC-00067,2026-06-12,8.0,0.0,389.92,OnPrem-SQLServer
LC-00003412,PRJ-008,WBS-00357,CC-00069,2026-05-29,8.0,0.0,261.04,OnPrem-SQLServer
LC-00003413,PRJ-008,WBS-00357,CC-00069,2026-07-24,8.0,0.0,555.2,OnPrem-SQLServer
LC-00003414,PRJ-008,WBS-00357,CC-00070,2026-06-12,16.0,0.0,1015.76,OnPrem-SQLServer
LC-00003415,PRJ-008,WBS-00357,CC-00072,2026-05-29,8.0,0.0,643.68,OnPrem-SQLServer
LC-00003416,PRJ-008,WBS-00357,CC-00072,2026-06-05,8.0,0.0,460.56,OnPrem-SQLServer
LC-00003417,PRJ-008,WBS-00358,CC-00065,2026-05-15,8.0,0.0,577.6,OnPrem-SQLServer
LC-00003418,PRJ-008,WBS-00358,CC-00065,2026-05-29,8.0,1.58,1146.71,OnPrem-SQLServer
LC-00003419,PRJ-008,WBS-00358,CC-00067,2026-06-12,8.0,1.26,678.06,OnPrem-SQLServer
LC-00003420,PRJ-008,WBS-00358,CC-00067,2026-06-19,8.0,0.57,431.59,OnPrem-SQLServer
LC-00003421,PRJ-008,WBS-00358,CC-00069,2026-05-29,8.0,0.0,577.6,OnPrem-SQLServer
LC-00003422,PRJ-008,WBS-00358,CC-00069,2026-07-31,8.0,0.0,555.2,OnPrem-SQLServer
LC-00003423,PRJ-008,WBS-00358,CC-00070,2026-07-17,8.0,0.0,460.56,OnPrem-SQLServer
LC-00003424,PRJ-008,WBS-00358,CC-00071,2026-04-24,8.0,0.0,577.6,OnPrem-SQLServer
LC-00003425,PRJ-008,WBS-00359,CC-00065,2026-06-19,8.0,0.0,389.92,OnPrem-SQLServer
LC-00003426,PRJ-008,WBS-00359,CC-00066,2026-06-05,8.0,0.0,469.28,OnPrem-SQLServer
LC-00003427,PRJ-008,WBS-00359,CC-00066,2026-07-31,8.0,0.0,561.44,OnPrem-SQLServer
LC-00003428,PRJ-008,WBS-00359,CC-00070,2026-06-12,8.0,0.0,555.2,OnPrem-SQLServer
LC-00003429,PRJ-008,WBS-00359,CC-00072,2026-06-19,8.0,0.0,398.24,OnPrem-SQLServer
LC-00003430,PRJ-008,WBS-00359,CC-00072,2026-07-10,8.0,0.0,254.72,OnPrem-SQLServer
LC-00003431,PRJ-009,WBS-00360,CC-00073,2026-07-03,8.0,0.0,386.32,OnPrem-SQLServer
LC-00003432,PRJ-009,WBS-00360,CC-00075,2026-06-12,8.0,0.0,398.08,OnPrem-SQLServer
LC-00003433,PRJ-009,WBS-00360,CC-00076,2026-05-08,16.0,0.94,765.62,OnPrem-SQLServer
LC-00003434,PRJ-009,WBS-00360,CC-00076,2026-07-10,8.0,0.0,468.16,OnPrem-SQLServer
LC-00003435,PRJ-009,WBS-00360,CC-00077,2026-05-15,8.0,1.4,573.48,OnPrem-SQLServer
LC-00003436,PRJ-009,WBS-00360,CC-00079,2026-05-29,8.0,0.0,417.6,OnPrem-SQLServer
LC-00003437,PRJ-009,WBS-00360,CC-00080,2026-06-26,8.0,0.0,571.04,OnPrem-SQLServer
LC-00003438,PRJ-009,WBS-00360,CC-00080,2026-07-17,8.0,0.0,398.08,OnPrem-SQLServer
LC-00003439,PRJ-009,WBS-00360,CC-00081,2026-05-15,8.0,0.0,454.24,OnPrem-SQLServer
LC-00003440,PRJ-009,WBS-00361,CC-00074,2026-05-08,8.0,0.0,452.8,OnPrem-SQLServer
LC-00003441,PRJ-009,WBS-00361,CC-00075,2026-05-29,8.0,0.0,252.08,OnPrem-SQLServer
LC-00003442,PRJ-009,WBS-00361,CC-00075,2026-07-10,8.0,0.0,439.76,OnPrem-SQLServer
LC-00003443,PRJ-009,WBS-00361,CC-00075,2026-07-17,8.0,0.0,289.76,OnPrem-SQLServer
LC-00003444,PRJ-009,WBS-00361,CC-00076,2026-06-12,8.0,0.0,386.32,OnPrem-SQLServer
LC-00003445,PRJ-009,WBS-00361,CC-00078,2026-05-15,8.0,0.87,340.1,OnPrem-SQLServer
LC-00003446,PRJ-009,WBS-00361,CC-00078,2026-06-12,8.0,0.0,571.04,OnPrem-SQLServer
LC-00003447,PRJ-009,WBS-00361,CC-00078,2026-06-19,8.0,0.95,882.09,OnPrem-SQLServer
LC-00003448,PRJ-009,WBS-00361,CC-00079,2026-05-29,8.0,0.0,454.24,OnPrem-SQLServer
LC-00003449,PRJ-009,WBS-00361,CC-00079,2026-07-10,8.0,0.0,444.16,OnPrem-SQLServer
LC-00003450,PRJ-009,WBS-00361,CC-00081,2026-07-31,8.0,0.0,409.92,OnPrem-SQLServer
LC-00003451,PRJ-009,WBS-00362,CC-00073,2026-07-10,8.0,0.0,468.16,OnPrem-SQLServer
LC-00003452,PRJ-009,WBS-00362,CC-00074,2026-05-29,8.0,0.7,463.72,OnPrem-SQLServer
LC-00003453,PRJ-009,WBS-00362,CC-00075,2026-05-22,8.0,0.0,452.8,OnPrem-SQLServer
LC-00003454,PRJ-009,WBS-00362,CC-00075,2026-05-29,8.0,0.7,512.23,OnPrem-SQLServer
LC-00003455,PRJ-009,WBS-00362,CC-00075,2026-07-10,8.0,1.39,697.48,OnPrem-SQLServer
LC-00003456,PRJ-009,WBS-00362,CC-00076,2026-07-24,8.0,0.0,252.08,OnPrem-SQLServer
LC-00003457,PRJ-009,WBS-00362,CC-00077,2026-05-08,8.0,0.0,454.24,OnPrem-SQLServer
LC-00003458,PRJ-009,WBS-00362,CC-00079,2026-05-29,8.0,0.0,553.28,OnPrem-SQLServer
LC-00003459,PRJ-009,WBS-00362,CC-00079,2026-06-19,8.0,0.0,436.16,OnPrem-SQLServer
LC-00003460,PRJ-009,WBS-00362,CC-00080,2026-04-24,8.0,0.0,398.08,OnPrem-SQLServer
LC-00003461,PRJ-009,WBS-00362,CC-00080,2026-06-05,8.0,1.18,552.98,OnPrem-SQLServer
LC-00003462,PRJ-009,WBS-00363,CC-00073,2026-07-31,8.0,0.0,409.92,OnPrem-SQLServer
LC-00003463,PRJ-009,WBS-00363,CC-00075,2026-07-17,8.0,1.1,466.0,OnPrem-SQLServer
LC-00003464,PRJ-009,WBS-00363,CC-00076,2026-05-29,8.0,0.0,252.08,OnPrem-SQLServer
LC-00003465,PRJ-009,WBS-00363,CC-00077,2026-05-22,8.0,0.0,452.8,OnPrem-SQLServer
LC-00003466,PRJ-009,WBS-00363,CC-00078,2026-06-05,8.0,0.0,252.08,OnPrem-SQLServer
LC-00003467,PRJ-009,WBS-00363,CC-00078,2026-07-24,8.0,1.59,587.79,OnPrem-SQLServer
LC-00003468,PRJ-009,WBS-00363,CC-00080,2026-05-29,8.0,0.0,553.28,OnPrem-SQLServer
LC-00003469,PRJ-009,WBS-00363,CC-00080,2026-06-19,8.0,0.0,454.24,OnPrem-SQLServer
LC-00003470,PRJ-009,WBS-00363,CC-00080,2026-07-17,16.0,0.0,725.92,OnPrem-SQLServer
LC-00003471,PRJ-009,WBS-00363,CC-00081,2026-04-24,8.0,0.0,398.08,OnPrem-SQLServer
LC-00003472,PRJ-009,WBS-00364,CC-00076,2026-05-29,8.0,0.0,477.44,OnPrem-SQLServer
LC-00003473,PRJ-009,WBS-00364,CC-00077,2026-06-12,8.0,0.0,292.4,OnPrem-SQLServer
LC-00003474,PRJ-009,WBS-00364,CC-00078,2026-07-03,8.0,0.0,452.8,OnPrem-SQLServer
LC-00003475,PRJ-009,WBS-00365,CC-00073,2026-05-15,8.0,0.0,398.08,OnPrem-SQLServer
LC-00003476,PRJ-009,WBS-00365,CC-00073,2026-06-26,8.0,0.0,553.28,OnPrem-SQLServer
LC-00003477,PRJ-009,WBS-00365,CC-00073,2026-07-10,8.0,0.0,409.92,OnPrem-SQLServer
LC-00003478,PRJ-009,WBS-00365,CC-00073,2026-07-31,8.0,0.0,454.24,OnPrem-SQLServer
LC-00003479,PRJ-009,WBS-00365,CC-00075,2026-06-12,8.0,0.0,444.16,OnPrem-SQLServer
LC-00003480,PRJ-009,WBS-00365,CC-00075,2026-07-24,8.0,0.0,444.16,OnPrem-SQLServer
LC-00003481,PRJ-009,WBS-00365,CC-00076,2026-05-08,8.0,0.0,398.08,OnPrem-SQLServer
LC-00003482,PRJ-009,WBS-00365,CC-00076,2026-07-24,8.0,0.0,454.24,OnPrem-SQLServer
LC-00003483,PRJ-009,WBS-00365,CC-00077,2026-06-19,8.0,1.56,585.24,OnPrem-SQLServer
LC-00003484,PRJ-009,WBS-00365,CC-00079,2026-06-05,8.0,0.78,469.87,OnPrem-SQLServer
LC-00003485,PRJ-009,WBS-00365,CC-00079,2026-06-12,8.0,0.0,398.08,OnPrem-SQLServer
LC-00003486,PRJ-009,WBS-00366,CC-00073,2026-07-03,8.0,0.0,553.28,OnPrem-SQLServer
LC-00003487,PRJ-009,WBS-00366,CC-00074,2026-06-05,8.0,1.33,554.92,OnPrem-SQLServer
LC-00003488,PRJ-009,WBS-00366,CC-00074,2026-07-03,8.0,1.66,576.64,OnPrem-SQLServer
LC-00003489,PRJ-009,WBS-00366,CC-00075,2026-07-17,8.0,0.0,439.76,OnPrem-SQLServer
LC-00003490,PRJ-009,WBS-00366,CC-00076,2026-06-26,8.0,0.0,444.16,OnPrem-SQLServer
LC-00003491,PRJ-009,WBS-00366,CC-00078,2026-06-26,8.0,0.0,452.8,OnPrem-SQLServer
LC-00003492,PRJ-009,WBS-00366,CC-00078,2026-07-24,8.0,0.0,553.28,OnPrem-SQLServer
LC-00003493,PRJ-009,WBS-00366,CC-00079,2026-06-05,8.0,0.0,252.08,OnPrem-SQLServer
LC-00003494,PRJ-009,WBS-00366,CC-00079,2026-06-12,24.0,0.0,1668.64,OnPrem-SQLServer
LC-00003495,PRJ-009,WBS-00366,CC-00080,2026-07-24,8.0,0.0,279.84,OnPrem-SQLServer
LC-00003496,PRJ-009,WBS-00367,CC-00073,2026-06-05,8.0,0.0,409.92,OnPrem-SQLServer
LC-00003497,PRJ-009,WBS-00367,CC-00074,2026-06-19,8.0,0.0,289.76,OnPrem-SQLServer
LC-00003498,PRJ-009,WBS-00367,CC-00074,2026-07-31,8.0,0.0,289.76,OnPrem-SQLServer
LC-00003499,PRJ-009,WBS-00367,CC-00076,2026-07-10,8.0,1.15,469.62,OnPrem-SQLServer
LC-00003500,PRJ-009,WBS-00367,CC-00078,2026-05-15,8.0,0.0,409.92,OnPrem-SQLServer
LC-00003501,PRJ-009,WBS-00367,CC-00079,2026-07-03,8.0,0.0,292.4,OnPrem-SQLServer
LC-00003502,PRJ-009,WBS-00367,CC-00080,2026-05-01,8.0,0.0,398.08,OnPrem-SQLServer
LC-00003503,PRJ-009,WBS-00368,CC-00073,2026-07-10,16.0,0.0,819.84,OnPrem-SQLServer
LC-00003504,PRJ-009,WBS-00368,CC-00075,2026-06-19,16.0,1.76,783.46,OnPrem-SQLServer
LC-00003505,PRJ-009,WBS-00368,CC-00075,2026-07-24,8.0,0.0,279.84,OnPrem-SQLServer
LC-00003506,PRJ-009,WBS-00368,CC-00076,2026-06-05,8.0,0.0,292.4,OnPrem-SQLServer
LC-00003507,PRJ-009,WBS-00368,CC-00079,2026-05-29,8.0,0.0,477.44,OnPrem-SQLServer
LC-00003508,PRJ-009,WBS-00368,CC-00079,2026-06-12,16.0,0.0,808.0,OnPrem-SQLServer
LC-00003509,PRJ-009,WBS-00368,CC-00080,2026-07-24,8.0,0.0,454.24,OnPrem-SQLServer
LC-00003510,PRJ-009,WBS-00368,CC-00081,2026-06-05,8.0,0.0,252.08,OnPrem-SQLServer
LC-00003511,PRJ-009,WBS-00368,CC-00081,2026-06-12,8.0,1.44,368.0,OnPrem-SQLServer
LC-00003512,PRJ-009,WBS-00369,CC-00073,2026-05-29,8.0,0.0,409.92,OnPrem-SQLServer
LC-00003513,PRJ-009,WBS-00369,CC-00073,2026-07-17,16.0,0.0,840.16,OnPrem-SQLServer
LC-00003514,PRJ-009,WBS-00369,CC-00073,2026-07-31,8.0,0.0,571.04,OnPrem-SQLServer
LC-00003515,PRJ-009,WBS-00369,CC-00074,2026-07-24,8.0,0.0,252.08,OnPrem-SQLServer
LC-00003516,PRJ-009,WBS-00369,CC-00075,2026-06-19,8.0,0.0,444.16,OnPrem-SQLServer
LC-00003517,PRJ-009,WBS-00369,CC-00076,2026-07-10,8.0,0.0,439.76,OnPrem-SQLServer
LC-00003518,PRJ-009,WBS-00369,CC-00078,2026-06-26,8.0,0.0,444.16,OnPrem-SQLServer
LC-00003519,PRJ-009,WBS-00369,CC-00080,2026-06-26,8.0,1.12,905.95,OnPrem-SQLServer
LC-00003520,PRJ-009,WBS-00370,CC-00073,2026-07-10,8.0,0.0,444.16,OnPrem-SQLServer
LC-00003521,PRJ-009,WBS-00370,CC-00073,2026-07-31,8.0,0.0,748.72,OnPrem-SQLServer
LC-00003522,PRJ-009,WBS-00370,CC-00074,2026-07-17,8.0,0.0,553.28,OnPrem-SQLServer
LC-00003523,PRJ-009,WBS-00370,CC-00075,2026-07-10,8.0,0.0,398.08,OnPrem-SQLServer
LC-00003524,PRJ-009,WBS-00370,CC-00075,2026-07-17,8.0,0.0,454.24,OnPrem-SQLServer
LC-00003525,PRJ-009,WBS-00370,CC-00076,2026-07-10,16.0,0.0,541.84,OnPrem-SQLServer
LC-00003526,PRJ-009,WBS-00370,CC-00076,2026-07-17,8.0,1.63,519.74,OnPrem-SQLServer
LC-00003527,PRJ-009,WBS-00370,CC-00077,2026-07-17,8.0,0.0,622.32,OnPrem-SQLServer
LC-00003528,PRJ-009,WBS-00370,CC-00078,2026-07-03,8.0,0.0,252.08,OnPrem-SQLServer
LC-00003529,PRJ-009,WBS-00370,CC-00079,2026-07-31,8.0,0.0,439.76,OnPrem-SQLServer
LC-00003530,PRJ-009,WBS-00370,CC-00080,2026-05-15,8.0,0.0,409.92,OnPrem-SQLServer
LC-00003531,PRJ-009,WBS-00370,CC-00080,2026-07-17,8.0,0.0,409.92,OnPrem-SQLServer
LC-00003532,PRJ-009,WBS-00371,CC-00073,2026-07-03,8.0,0.0,292.4,OnPrem-SQLServer
LC-00003533,PRJ-009,WBS-00371,CC-00075,2026-06-19,8.0,0.0,439.76,OnPrem-SQLServer
LC-00003534,PRJ-009,WBS-00371,CC-00075,2026-06-26,8.0,0.0,571.04,OnPrem-SQLServer
LC-00003535,PRJ-009,WBS-00371,CC-00076,2026-07-03,8.0,0.0,289.76,OnPrem-SQLServer
LC-00003536,PRJ-009,WBS-00371,CC-00076,2026-07-10,8.0,0.0,409.92,OnPrem-SQLServer
LC-00003537,PRJ-009,WBS-00371,CC-00078,2026-06-12,8.0,0.0,689.44,OnPrem-SQLServer
LC-00003538,PRJ-009,WBS-00371,CC-00079,2026-05-29,8.0,0.0,417.6,OnPrem-SQLServer
LC-00003539,PRJ-009,WBS-00371,CC-00079,2026-06-26,8.0,0.0,748.72,OnPrem-SQLServer
LC-00003540,PRJ-009,WBS-00371,CC-00079,2026-07-17,8.0,0.0,553.28,OnPrem-SQLServer
LC-00003541,PRJ-009,WBS-00371,CC-00080,2026-05-08,8.0,0.0,264.72,OnPrem-SQLServer
LC-00003542,PRJ-009,WBS-00371,CC-00081,2026-07-03,8.0,0.0,386.32,OnPrem-SQLServer
LC-00003543,PRJ-009,WBS-00372,CC-00073,2026-06-12,8.0,0.0,398.08,OnPrem-SQLServer
LC-00003544,PRJ-009,WBS-00372,CC-00074,2026-07-24,8.0,0.0,436.16,OnPrem-SQLServer
LC-00003545,PRJ-009,WBS-00372,CC-00075,2026-07-24,8.0,0.0,436.16,OnPrem-SQLServer
LC-00003546,PRJ-009,WBS-00372,CC-00076,2026-06-26,8.0,0.0,553.28,OnPrem-SQLServer
LC-00003547,PRJ-009,WBS-00372,CC-00078,2026-07-17,8.0,0.0,748.72,OnPrem-SQLServer
LC-00003548,PRJ-009,WBS-00372,CC-00080,2026-05-29,8.0,0.62,281.38,OnPrem-SQLServer
LC-00003549,PRJ-009,WBS-00372,CC-00081,2026-06-05,8.0,0.0,292.4,OnPrem-SQLServer
LC-00003550,PRJ-009,WBS-00373,CC-00073,2026-07-10,8.0,0.0,409.92,OnPrem-SQLServer
LC-00003551,PRJ-009,WBS-00373,CC-00074,2026-07-24,8.0,0.0,444.16,OnPrem-SQLServer
LC-00003552,PRJ-009,WBS-00373,CC-00076,2026-07-24,8.0,0.0,252.08,OnPrem-SQLServer
LC-00003553,PRJ-009,WBS-00373,CC-00076,2026-07-31,8.0,0.0,292.4,OnPrem-SQLServer
LC-00003554,PRJ-009,WBS-00373,CC-00079,2026-05-08,8.0,0.0,264.72,OnPrem-SQLServer
LC-00003555,PRJ-009,WBS-00373,CC-00079,2026-05-15,8.0,0.0,398.08,OnPrem-SQLServer
LC-00003556,PRJ-009,WBS-00373,CC-00079,2026-05-22,8.0,1.16,551.28,OnPrem-SQLServer
LC-00003557,PRJ-009,WBS-00373,CC-00080,2026-05-15,8.0,0.0,289.76,OnPrem-SQLServer
LC-00003558,PRJ-009,WBS-00373,CC-00080,2026-05-29,8.0,0.0,409.92,OnPrem-SQLServer
LC-00003559,PRJ-009,WBS-00373,CC-00080,2026-07-10,8.0,1.91,524.67,OnPrem-SQLServer
LC-00003560,PRJ-009,WBS-00374,CC-00073,2026-06-12,16.0,0.0,989.44,OnPrem-SQLServer
LC-00003561,PRJ-009,WBS-00374,CC-00073,2026-07-17,8.0,0.0,553.28,OnPrem-SQLServer
LC-00003562,PRJ-009,WBS-00374,CC-00074,2026-06-19,8.0,0.0,689.44,OnPrem-SQLServer
LC-00003563,PRJ-009,WBS-00374,CC-00074,2026-07-31,8.0,0.0,292.4,OnPrem-SQLServer
LC-00003564,PRJ-009,WBS-00374,CC-00075,2026-06-26,8.0,0.0,571.04,OnPrem-SQLServer
LC-00003565,PRJ-009,WBS-00374,CC-00076,2026-06-19,8.0,0.0,398.08,OnPrem-SQLServer
LC-00003566,PRJ-009,WBS-00374,CC-00076,2026-07-03,8.0,0.0,292.4,OnPrem-SQLServer
LC-00003567,PRJ-009,WBS-00374,CC-00076,2026-07-31,8.0,0.0,748.72,OnPrem-SQLServer
LC-00003568,PRJ-009,WBS-00374,CC-00078,2026-07-10,8.0,0.0,452.8,OnPrem-SQLServer
LC-00003569,PRJ-009,WBS-00374,CC-00078,2026-07-17,8.0,0.0,409.92,OnPrem-SQLServer
LC-00003570,PRJ-009,WBS-00374,CC-00079,2026-07-10,8.0,0.0,444.16,OnPrem-SQLServer
LC-00003571,PRJ-009,WBS-00374,CC-00080,2026-05-22,8.0,0.0,454.24,OnPrem-SQLServer
LC-00003572,PRJ-009,WBS-00374,CC-00080,2026-07-10,8.0,0.0,252.08,OnPrem-SQLServer
LC-00003573,PRJ-009,WBS-00374,CC-00081,2026-05-29,8.0,0.0,477.44,OnPrem-SQLServer
LC-00003574,PRJ-009,WBS-00375,CC-00075,2026-05-29,8.0,0.0,292.4,OnPrem-SQLServer
LC-00003575,PRJ-009,WBS-00375,CC-00076,2026-07-17,8.0,0.0,553.28,OnPrem-SQLServer
LC-00003576,PRJ-009,WBS-00375,CC-00077,2026-05-29,8.0,0.0,452.8,OnPrem-SQLServer
LC-00003577,PRJ-009,WBS-00375,CC-00077,2026-06-12,8.0,0.0,553.28,OnPrem-SQLServer
LC-00003578,PRJ-009,WBS-00375,CC-00079,2026-07-24,8.0,0.0,748.72,OnPrem-SQLServer
LC-00003579,PRJ-009,WBS-00375,CC-00080,2026-05-08,8.0,0.0,398.08,OnPrem-SQLServer
LC-00003580,PRJ-009,WBS-00376,CC-00073,2026-05-15,8.0,0.0,398.08,OnPrem-SQLServer
LC-00003581,PRJ-009,WBS-00376,CC-00073,2026-06-12,8.0,0.0,571.04,OnPrem-SQLServer
LC-00003582,PRJ-009,WBS-00376,CC-00074,2026-06-19,8.0,0.0,748.72,OnPrem-SQLServer
LC-00003583,PRJ-009,WBS-00376,CC-00075,2026-07-31,8.0,0.93,533.45,OnPrem-SQLServer
LC-00003584,PRJ-009,WBS-00376,CC-00076,2026-05-22,8.0,0.0,454.24,OnPrem-SQLServer
LC-00003585,PRJ-009,WBS-00376,CC-00076,2026-06-26,8.0,1.14,529.39,OnPrem-SQLServer
LC-00003586,PRJ-009,WBS-00376,CC-00078,2026-06-05,8.0,0.0,468.16,OnPrem-SQLServer
LC-00003587,PRJ-009,WBS-00376,CC-00078,2026-06-12,8.0,0.0,252.08,OnPrem-SQLServer
LC-00003588,PRJ-009,WBS-00376,CC-00079,2026-05-22,8.0,0.0,252.08,OnPrem-SQLServer
LC-00003589,PRJ-009,WBS-00377,CC-00074,2026-06-12,8.0,0.0,252.08,OnPrem-SQLServer
LC-00003590,PRJ-009,WBS-00377,CC-00075,2026-06-26,8.0,0.0,289.76,OnPrem-SQLServer
LC-00003591,PRJ-009,WBS-00377,CC-00075,2026-07-31,8.0,0.0,444.16,OnPrem-SQLServer
LC-00003592,PRJ-009,WBS-00377,CC-00076,2026-05-29,8.0,0.0,252.08,OnPrem-SQLServer
LC-00003593,PRJ-009,WBS-00377,CC-00076,2026-07-03,8.0,0.0,553.28,OnPrem-SQLServer
LC-00003594,PRJ-009,WBS-00377,CC-00076,2026-07-10,8.0,0.87,643.53,OnPrem-SQLServer
LC-00003595,PRJ-009,WBS-00377,CC-00077,2026-05-29,8.0,0.0,454.24,OnPrem-SQLServer
LC-00003596,PRJ-009,WBS-00377,CC-00078,2026-07-31,8.0,0.0,398.08,OnPrem-SQLServer
LC-00003597,PRJ-009,WBS-00377,CC-00079,2026-07-17,8.0,1.74,512.36,OnPrem-SQLServer
LC-00003598,PRJ-009,WBS-00377,CC-00080,2026-05-22,8.0,0.0,454.24,OnPrem-SQLServer
LC-00003599,PRJ-009,WBS-00377,CC-00080,2026-06-19,8.0,0.0,748.72,OnPrem-SQLServer
LC-00003600,PRJ-009,WBS-00377,CC-00080,2026-06-26,8.0,0.0,252.08,OnPrem-SQLServer
LC-00003601,PRJ-009,WBS-00377,CC-00080,2026-07-03,16.0,1.21,808.3,OnPrem-SQLServer
LC-00003602,PRJ-009,WBS-00377,CC-00080,2026-07-24,8.0,0.0,444.16,OnPrem-SQLServer
LC-00003603,PRJ-009,WBS-00377,CC-00081,2026-05-22,8.0,1.59,587.79,OnPrem-SQLServer
LC-00003604,PRJ-009,WBS-00377,CC-00081,2026-06-12,8.0,0.0,553.28,OnPrem-SQLServer
LC-00003605,PRJ-009,WBS-00377,CC-00081,2026-07-10,8.0,0.0,292.4,OnPrem-SQLServer
LC-00003606,PRJ-009,WBS-00378,CC-00073,2026-05-01,8.0,0.0,454.24,OnPrem-SQLServer
LC-00003607,PRJ-009,WBS-00378,CC-00073,2026-05-29,8.0,0.0,289.76,OnPrem-SQLServer
LC-00003608,PRJ-009,WBS-00378,CC-00073,2026-06-05,8.0,0.0,292.4,OnPrem-SQLServer
LC-00003609,PRJ-009,WBS-00378,CC-00073,2026-06-12,8.0,0.0,409.92,OnPrem-SQLServer
LC-00003610,PRJ-009,WBS-00378,CC-00073,2026-06-19,8.0,0.0,439.76,OnPrem-SQLServer
LC-00003611,PRJ-009,WBS-00378,CC-00074,2026-05-08,8.0,0.0,454.24,OnPrem-SQLServer
LC-00003612,PRJ-009,WBS-00378,CC-00074,2026-06-12,8.0,0.0,409.92,OnPrem-SQLServer
LC-00003613,PRJ-009,WBS-00378,CC-00076,2026-05-08,8.0,0.0,454.24,OnPrem-SQLServer
LC-00003614,PRJ-009,WBS-00378,CC-00076,2026-06-26,8.0,0.0,454.24,OnPrem-SQLServer
LC-00003615,PRJ-009,WBS-00378,CC-00076,2026-07-31,8.0,1.24,490.63,OnPrem-SQLServer
LC-00003616,PRJ-009,WBS-00378,CC-00077,2026-06-12,8.0,0.0,436.16,OnPrem-SQLServer
LC-00003617,PRJ-009,WBS-00378,CC-00078,2026-06-05,8.0,0.0,289.76,OnPrem-SQLServer
LC-00003618,PRJ-009,WBS-00378,CC-00079,2026-05-08,8.0,0.0,454.24,OnPrem-SQLServer
LC-00003619,PRJ-009,WBS-00378,CC-00079,2026-07-03,8.0,0.0,252.08,OnPrem-SQLServer
LC-00003620,PRJ-009,WBS-00378,CC-00079,2026-07-10,16.0,1.84,685.68,OnPrem-SQLServer
LC-00003621,PRJ-009,WBS-00378,CC-00080,2026-07-17,8.0,0.0,588.08,OnPrem-SQLServer
LC-00003622,PRJ-009,WBS-00378,CC-00081,2026-06-12,8.0,0.0,571.04,OnPrem-SQLServer
LC-00003623,PRJ-009,WBS-00378,CC-00081,2026-06-26,8.0,0.0,452.8,OnPrem-SQLServer
LC-00003624,PRJ-009,WBS-00378,CC-00081,2026-07-31,8.0,0.0,289.76,OnPrem-SQLServer
LC-00003625,PRJ-009,WBS-00379,CC-00073,2026-06-26,8.0,0.0,252.08,OnPrem-SQLServer
LC-00003626,PRJ-009,WBS-00379,CC-00074,2026-07-24,8.0,0.0,292.4,OnPrem-SQLServer
LC-00003627,PRJ-009,WBS-00379,CC-00075,2026-05-15,8.0,0.0,398.08,OnPrem-SQLServer
LC-00003628,PRJ-009,WBS-00379,CC-00076,2026-07-31,8.0,0.0,454.24,OnPrem-SQLServer
LC-00003629,PRJ-009,WBS-00379,CC-00077,2026-07-03,8.0,0.0,689.44,OnPrem-SQLServer
LC-00003630,PRJ-009,WBS-00379,CC-00078,2026-04-24,8.0,1.57,587.96,OnPrem-SQLServer
LC-00003631,PRJ-009,WBS-00379,CC-00078,2026-07-10,8.0,1.67,331.01,OnPrem-SQLServer
LC-00003632,PRJ-009,WBS-00379,CC-00079,2026-07-10,8.0,0.0,439.76,OnPrem-SQLServer
LC-00003633,PRJ-009,WBS-00380,CC-00073,2026-07-31,8.0,0.0,452.8,OnPrem-SQLServer
LC-00003634,PRJ-009,WBS-00380,CC-00074,2026-05-29,8.0,0.8,480.24,OnPrem-SQLServer
LC-00003635,PRJ-009,WBS-00380,CC-00078,2026-05-08,8.0,0.0,452.8,OnPrem-SQLServer
LC-00003636,PRJ-009,WBS-00380,CC-00078,2026-07-24,8.0,0.0,553.28,OnPrem-SQLServer
LC-00003637,PRJ-009,WBS-00380,CC-00079,2026-06-12,8.0,0.0,571.04,OnPrem-SQLServer
LC-00003638,PRJ-009,WBS-00380,CC-00080,2026-05-15,8.0,0.0,409.92,OnPrem-SQLServer
LC-00003639,PRJ-009,WBS-00380,CC-00080,2026-06-12,8.0,0.0,444.16,OnPrem-SQLServer
LC-00003640,PRJ-009,WBS-00380,CC-00081,2026-05-15,8.0,0.0,454.24,OnPrem-SQLServer
LC-00003641,PRJ-009,WBS-00380,CC-00081,2026-07-24,8.0,0.0,553.28,OnPrem-SQLServer
LC-00003642,PRJ-009,WBS-00381,CC-00075,2026-05-29,8.0,0.0,292.4,OnPrem-SQLServer
LC-00003643,PRJ-009,WBS-00381,CC-00077,2026-05-29,8.0,0.68,326.7,OnPrem-SQLServer
LC-00003644,PRJ-009,WBS-00381,CC-00077,2026-06-19,16.0,0.0,1124.32,OnPrem-SQLServer
LC-00003645,PRJ-009,WBS-00381,CC-00079,2026-05-29,8.0,0.0,289.76,OnPrem-SQLServer
LC-00003646,PRJ-009,WBS-00381,CC-00079,2026-07-24,8.0,0.0,571.04,OnPrem-SQLServer
LC-00003647,PRJ-009,WBS-00381,CC-00080,2026-07-03,8.0,0.0,439.76,OnPrem-SQLServer
LC-00003648,PRJ-009,WBS-00382,CC-00073,2026-06-26,8.0,0.0,289.76,OnPrem-SQLServer
LC-00003649,PRJ-009,WBS-00382,CC-00074,2026-06-19,8.0,1.12,690.96,OnPrem-SQLServer
LC-00003650,PRJ-009,WBS-00382,CC-00075,2026-04-24,8.0,0.81,523.23,OnPrem-SQLServer
LC-00003651,PRJ-009,WBS-00382,CC-00075,2026-07-03,8.0,0.0,289.76,OnPrem-SQLServer
LC-00003652,PRJ-009,WBS-00382,CC-00076,2026-06-12,8.0,0.0,289.76,OnPrem-SQLServer
LC-00003653,PRJ-009,WBS-00382,CC-00078,2026-06-05,8.0,1.69,524.22,OnPrem-SQLServer
LC-00003654,PRJ-009,WBS-00382,CC-00078,2026-07-17,8.0,1.19,308.33,OnPrem-SQLServer
LC-00003655,PRJ-009,WBS-00382,CC-00080,2026-06-19,8.0,0.71,451.07,OnPrem-SQLServer
LC-00003656,PRJ-009,WBS-00382,CC-00080,2026-07-17,8.0,0.0,409.92,OnPrem-SQLServer
LC-00003657,PRJ-009,WBS-00382,CC-00081,2026-07-24,8.0,0.0,292.4,OnPrem-SQLServer
LC-00003658,PRJ-009,WBS-00383,CC-00074,2026-05-15,8.0,0.0,292.4,OnPrem-SQLServer
LC-00003659,PRJ-009,WBS-00383,CC-00074,2026-07-10,8.0,0.0,748.72,OnPrem-SQLServer
LC-00003660,PRJ-009,WBS-00383,CC-00075,2026-07-17,8.0,0.0,436.16,OnPrem-SQLServer
LC-00003661,PRJ-009,WBS-00383,CC-00076,2026-06-26,8.0,0.0,454.24,OnPrem-SQLServer
LC-00003662,PRJ-009,WBS-00383,CC-00077,2026-06-12,8.0,0.0,444.16,OnPrem-SQLServer
LC-00003663,PRJ-009,WBS-00383,CC-00077,2026-06-26,8.0,0.0,553.28,OnPrem-SQLServer
LC-00003664,PRJ-009,WBS-00383,CC-00079,2026-06-19,8.0,0.0,289.76,OnPrem-SQLServer
LC-00003665,PRJ-009,WBS-00383,CC-00079,2026-07-10,8.0,0.0,468.16,OnPrem-SQLServer
LC-00003666,PRJ-009,WBS-00383,CC-00079,2026-07-24,8.0,0.0,386.32,OnPrem-SQLServer
LC-00003667,PRJ-009,WBS-00383,CC-00080,2026-05-29,8.0,0.0,417.6,OnPrem-SQLServer
LC-00003668,PRJ-009,WBS-00383,CC-00081,2026-06-26,8.0,0.65,640.64,OnPrem-SQLServer
LC-00003669,PRJ-009,WBS-00384,CC-00074,2026-06-19,8.0,0.0,571.04,OnPrem-SQLServer
LC-00003670,PRJ-009,WBS-00384,CC-00074,2026-06-26,8.0,0.0,748.72,OnPrem-SQLServer
LC-00003671,PRJ-009,WBS-00384,CC-00075,2026-05-29,8.0,0.0,553.28,OnPrem-SQLServer
LC-00003672,PRJ-009,WBS-00384,CC-00075,2026-06-12,8.0,0.0,292.4,OnPrem-SQLServer
LC-00003673,PRJ-009,WBS-00384,CC-00075,2026-06-19,8.0,0.0,689.44,OnPrem-SQLServer
LC-00003674,PRJ-009,WBS-00384,CC-00075,2026-07-10,16.0,0.74,904.01,OnPrem-SQLServer
LC-00003675,PRJ-009,WBS-00384,CC-00075,2026-07-17,8.0,0.0,748.72,OnPrem-SQLServer
LC-00003676,PRJ-009,WBS-00384,CC-00076,2026-07-31,8.0,0.0,398.08,OnPrem-SQLServer
LC-00003677,PRJ-009,WBS-00384,CC-00078,2026-07-24,8.0,0.0,386.32,OnPrem-SQLServer
LC-00003678,PRJ-009,WBS-00384,CC-00080,2026-07-10,8.0,0.0,553.28,OnPrem-SQLServer
LC-00003679,PRJ-009,WBS-00384,CC-00081,2026-06-19,8.0,0.0,386.32,OnPrem-SQLServer
LC-00003680,PRJ-009,WBS-00385,CC-00073,2026-07-31,8.0,0.0,571.04,OnPrem-SQLServer
LC-00003681,PRJ-009,WBS-00385,CC-00074,2026-04-24,8.0,0.0,398.08,OnPrem-SQLServer
LC-00003682,PRJ-009,WBS-00385,CC-00076,2026-07-10,8.0,1.3,480.49,OnPrem-SQLServer
LC-00003683,PRJ-009,WBS-00385,CC-00080,2026-07-24,8.0,0.0,452.8,OnPrem-SQLServer
LC-00003684,PRJ-009,WBS-00386,CC-00074,2026-05-08,8.0,0.0,264.72,OnPrem-SQLServer
LC-00003685,PRJ-009,WBS-00386,CC-00074,2026-06-19,8.0,0.0,454.24,OnPrem-SQLServer
LC-00003686,PRJ-009,WBS-00386,CC-00075,2026-05-15,8.0,0.0,454.24,OnPrem-SQLServer
LC-00003687,PRJ-009,WBS-00386,CC-00077,2026-05-15,8.0,0.0,452.8,OnPrem-SQLServer
LC-00003688,PRJ-009,WBS-00386,CC-00078,2026-05-01,8.0,0.0,398.08,OnPrem-SQLServer
LC-00003689,PRJ-009,WBS-00386,CC-00078,2026-07-03,8.0,0.0,553.28,OnPrem-SQLServer
LC-00003690,PRJ-009,WBS-00386,CC-00079,2026-06-05,8.0,0.0,452.8,OnPrem-SQLServer
LC-00003691,PRJ-009,WBS-00386,CC-00079,2026-06-19,8.0,0.0,689.44,OnPrem-SQLServer
LC-00003692,PRJ-009,WBS-00386,CC-00079,2026-07-17,8.0,0.0,571.04,OnPrem-SQLServer
LC-00003693,PRJ-009,WBS-00386,CC-00081,2026-07-03,8.0,0.0,252.08,OnPrem-SQLServer
LC-00003694,PRJ-009,WBS-00386,CC-00081,2026-07-24,8.0,1.75,544.42,OnPrem-SQLServer
LC-00003695,PRJ-009,WBS-00387,CC-00073,2026-07-17,16.0,0.0,860.8,OnPrem-SQLServer
LC-00003696,PRJ-009,WBS-00387,CC-00074,2026-04-24,8.0,0.0,454.24,OnPrem-SQLServer
LC-00003697,PRJ-009,WBS-00387,CC-00074,2026-07-31,8.0,0.0,292.4,OnPrem-SQLServer
LC-00003698,PRJ-009,WBS-00387,CC-00075,2026-05-15,8.0,0.0,289.76,OnPrem-SQLServer
LC-00003699,PRJ-009,WBS-00387,CC-00077,2026-06-19,8.0,0.0,689.44,OnPrem-SQLServer
LC-00003700,PRJ-009,WBS-00387,CC-00077,2026-07-10,8.0,0.0,439.76,OnPrem-SQLServer
LC-00003701,PRJ-009,WBS-00387,CC-00078,2026-06-12,8.0,0.0,252.08,OnPrem-SQLServer
LC-00003702,PRJ-009,WBS-00387,CC-00078,2026-06-19,8.0,0.0,452.8,OnPrem-SQLServer
LC-00003703,PRJ-009,WBS-00387,CC-00078,2026-07-17,8.0,1.24,767.01,OnPrem-SQLServer
LC-00003704,PRJ-009,WBS-00387,CC-00079,2026-07-03,8.0,0.0,289.76,OnPrem-SQLServer
LC-00003705,PRJ-009,WBS-00387,CC-00080,2026-06-19,8.0,0.0,444.16,OnPrem-SQLServer
LC-00003706,PRJ-009,WBS-00387,CC-00080,2026-07-03,8.0,0.0,553.28,OnPrem-SQLServer
LC-00003707,PRJ-009,WBS-00387,CC-00081,2026-05-29,8.0,0.0,452.8,OnPrem-SQLServer
LC-00003708,PRJ-009,WBS-00388,CC-00074,2026-04-24,8.0,0.0,398.08,OnPrem-SQLServer
LC-00003709,PRJ-009,WBS-00388,CC-00074,2026-06-19,8.0,0.0,553.28,OnPrem-SQLServer
LC-00003710,PRJ-009,WBS-00388,CC-00076,2026-07-24,8.0,0.0,454.24,OnPrem-SQLServer
LC-00003711,PRJ-009,WBS-00388,CC-00077,2026-06-19,8.0,0.0,252.08,OnPrem-SQLServer
LC-00003712,PRJ-009,WBS-00388,CC-00078,2026-06-05,8.0,0.0,452.8,OnPrem-SQLServer
LC-00003713,PRJ-009,WBS-00388,CC-00078,2026-06-26,16.0,0.0,888.96,OnPrem-SQLServer
LC-00003714,PRJ-009,WBS-00388,CC-00079,2026-07-24,8.0,0.0,292.4,OnPrem-SQLServer
LC-00003715,PRJ-009,WBS-00389,CC-00073,2026-07-17,8.0,0.0,252.08,OnPrem-SQLServer
LC-00003716,PRJ-009,WBS-00389,CC-00074,2026-07-24,8.0,0.0,748.72,OnPrem-SQLServer
LC-00003717,PRJ-009,WBS-00389,CC-00075,2026-06-19,8.0,0.0,252.08,OnPrem-SQLServer
LC-00003718,PRJ-009,WBS-00389,CC-00075,2026-07-24,8.0,0.89,450.79,OnPrem-SQLServer
LC-00003719,PRJ-009,WBS-00389,CC-00076,2026-07-17,8.0,0.0,553.28,OnPrem-SQLServer
LC-00003720,PRJ-009,WBS-00389,CC-00077,2026-05-08,8.0,0.0,398.08,OnPrem-SQLServer
LC-00003721,PRJ-009,WBS-00389,CC-00077,2026-07-17,8.0,0.0,386.32,OnPrem-SQLServer
LC-00003722,PRJ-009,WBS-00389,CC-00078,2026-06-05,8.0,0.0,409.92,OnPrem-SQLServer
LC-00003723,PRJ-009,WBS-00389,CC-00079,2026-07-24,8.0,0.0,436.16,OnPrem-SQLServer
LC-00003724,PRJ-009,WBS-00389,CC-00080,2026-04-17,8.0,1.97,545.12,OnPrem-SQLServer
LC-00003725,PRJ-009,WBS-00389,CC-00080,2026-06-26,8.0,0.0,436.16,OnPrem-SQLServer
LC-00003726,PRJ-009,WBS-00389,CC-00081,2026-06-19,8.0,0.0,553.28,OnPrem-SQLServer
LC-00003727,PRJ-009,WBS-00389,CC-00081,2026-07-24,8.0,0.0,689.44,OnPrem-SQLServer
LC-00003728,PRJ-009,WBS-00390,CC-00073,2026-05-29,16.0,0.0,827.52,OnPrem-SQLServer
LC-00003729,PRJ-009,WBS-00390,CC-00074,2026-06-19,8.0,0.0,252.08,OnPrem-SQLServer
LC-00003730,PRJ-009,WBS-00390,CC-00075,2026-07-10,8.0,0.0,571.04,OnPrem-SQLServer
LC-00003731,PRJ-009,WBS-00390,CC-00076,2026-07-31,8.0,0.0,292.4,OnPrem-SQLServer
LC-00003732,PRJ-009,WBS-00390,CC-00077,2026-07-31,8.0,0.0,748.72,OnPrem-SQLServer
LC-00003733,PRJ-009,WBS-00390,CC-00078,2026-05-08,8.0,0.0,452.8,OnPrem-SQLServer
LC-00003734,PRJ-009,WBS-00390,CC-00079,2026-06-05,8.0,0.0,398.08,OnPrem-SQLServer
LC-00003735,PRJ-009,WBS-00390,CC-00079,2026-07-31,8.0,0.0,292.4,OnPrem-SQLServer
LC-00003736,PRJ-009,WBS-00391,CC-00074,2026-06-19,8.0,0.0,436.16,OnPrem-SQLServer
LC-00003737,PRJ-009,WBS-00391,CC-00075,2026-06-05,8.0,0.0,398.08,OnPrem-SQLServer
LC-00003738,PRJ-009,WBS-00391,CC-00075,2026-06-19,8.0,0.0,444.16,OnPrem-SQLServer
LC-00003739,PRJ-009,WBS-00391,CC-00075,2026-07-10,8.0,0.0,553.28,OnPrem-SQLServer
LC-00003740,PRJ-009,WBS-00391,CC-00075,2026-07-17,8.0,0.0,588.08,OnPrem-SQLServer
LC-00003741,PRJ-009,WBS-00391,CC-00076,2026-05-15,8.0,0.0,409.92,OnPrem-SQLServer
LC-00003742,PRJ-009,WBS-00391,CC-00076,2026-07-03,8.0,0.0,689.44,OnPrem-SQLServer
LC-00003743,PRJ-009,WBS-00391,CC-00077,2026-06-12,8.0,1.51,709.93,OnPrem-SQLServer
LC-00003744,PRJ-009,WBS-00391,CC-00077,2026-07-31,8.0,0.0,252.08,OnPrem-SQLServer
LC-00003745,PRJ-009,WBS-00391,CC-00078,2026-07-17,8.0,0.0,386.32,OnPrem-SQLServer
LC-00003746,PRJ-009,WBS-00391,CC-00079,2026-06-19,8.0,0.0,398.08,OnPrem-SQLServer
LC-00003747,PRJ-009,WBS-00391,CC-00080,2026-05-15,16.0,0.0,905.6,OnPrem-SQLServer
LC-00003748,PRJ-009,WBS-00391,CC-00081,2026-06-05,8.0,0.0,289.76,OnPrem-SQLServer
LC-00003749,PRJ-009,WBS-00391,CC-00081,2026-07-03,8.0,0.0,689.44,OnPrem-SQLServer
LC-00003750,PRJ-009,WBS-00392,CC-00073,2026-07-17,8.0,0.0,436.16,OnPrem-SQLServer
LC-00003751,PRJ-009,WBS-00392,CC-00075,2026-05-01,8.0,0.0,454.24,OnPrem-SQLServer
LC-00003752,PRJ-009,WBS-00392,CC-00075,2026-07-10,8.0,1.74,384.29,OnPrem-SQLServer
LC-00003753,PRJ-009,WBS-00392,CC-00077,2026-07-17,8.0,0.0,588.08,OnPrem-SQLServer
LC-00003754,PRJ-009,WBS-00392,CC-00079,2026-06-05,8.0,0.0,444.16,OnPrem-SQLServer
LC-00003755,PRJ-009,WBS-00392,CC-00079,2026-06-26,8.0,0.0,553.28,OnPrem-SQLServer
LC-00003756,PRJ-009,WBS-00392,CC-00080,2026-07-24,8.0,0.0,292.4,OnPrem-SQLServer
LC-00003757,PRJ-009,WBS-00392,CC-00081,2026-06-05,8.0,0.0,468.16,OnPrem-SQLServer
LC-00003758,PRJ-009,WBS-00393,CC-00073,2026-07-03,8.0,1.19,357.64,OnPrem-SQLServer
LC-00003759,PRJ-009,WBS-00393,CC-00074,2026-07-24,8.0,0.0,409.92,OnPrem-SQLServer
LC-00003760,PRJ-009,WBS-00393,CC-00075,2026-07-24,8.0,0.86,642.5,OnPrem-SQLServer
LC-00003761,PRJ-009,WBS-00393,CC-00076,2026-06-12,16.0,0.0,772.64,OnPrem-SQLServer
LC-00003762,PRJ-009,WBS-00393,CC-00078,2026-06-12,8.0,0.0,470.72,OnPrem-SQLServer
LC-00003763,PRJ-009,WBS-00393,CC-00079,2026-07-24,8.0,0.0,689.44,OnPrem-SQLServer
LC-00003764,PRJ-009,WBS-00393,CC-00080,2026-06-12,8.0,0.0,689.44,OnPrem-SQLServer
LC-00003765,PRJ-009,WBS-00393,CC-00081,2026-05-08,8.0,0.0,452.8,OnPrem-SQLServer
LC-00003766,PRJ-009,WBS-00393,CC-00081,2026-07-03,8.0,0.0,689.44,OnPrem-SQLServer
LC-00003767,PRJ-009,WBS-00394,CC-00073,2026-06-26,8.0,0.95,533.45,OnPrem-SQLServer
LC-00003768,PRJ-009,WBS-00394,CC-00073,2026-07-31,8.0,0.0,252.08,OnPrem-SQLServer
LC-00003769,PRJ-009,WBS-00394,CC-00074,2026-05-29,8.0,0.0,289.76,OnPrem-SQLServer
LC-00003770,PRJ-009,WBS-00394,CC-00074,2026-06-05,8.0,0.0,252.08,OnPrem-SQLServer
LC-00003771,PRJ-009,WBS-00394,CC-00076,2026-06-05,8.0,0.0,468.16,OnPrem-SQLServer
LC-00003772,PRJ-009,WBS-00394,CC-00076,2026-06-19,8.0,1.8,337.16,OnPrem-SQLServer
LC-00003773,PRJ-009,WBS-00394,CC-00079,2026-06-12,8.0,0.0,386.32,OnPrem-SQLServer
LC-00003774,PRJ-009,WBS-00394,CC-00079,2026-06-19,16.0,0.0,839.12,OnPrem-SQLServer
LC-00003775,PRJ-009,WBS-00394,CC-00081,2026-06-05,8.0,0.0,409.92,OnPrem-SQLServer
LC-00003776,PRJ-009,WBS-00394,CC-00081,2026-07-03,8.0,1.9,341.88,OnPrem-SQLServer
LC-00003777,PRJ-009,WBS-00395,CC-00073,2026-07-10,16.0,0.0,866.24,OnPrem-SQLServer
LC-00003778,PRJ-009,WBS-00395,CC-00075,2026-06-26,8.0,0.0,409.92,OnPrem-SQLServer
LC-00003779,PRJ-009,WBS-00395,CC-00077,2026-07-24,8.0,0.0,689.44,OnPrem-SQLServer
LC-00003780,PRJ-009,WBS-00395,CC-00078,2026-06-19,8.0,0.0,289.76,OnPrem-SQLServer
LC-00003781,PRJ-009,WBS-00395,CC-00078,2026-07-31,8.0,0.0,748.72,OnPrem-SQLServer
LC-00003782,PRJ-009,WBS-00395,CC-00079,2026-06-12,8.0,0.0,289.76,OnPrem-SQLServer
LC-00003783,PRJ-009,WBS-00395,CC-00080,2026-06-12,8.0,0.0,292.4,OnPrem-SQLServer
LC-00003784,PRJ-009,WBS-00395,CC-00080,2026-07-10,8.0,0.0,289.76,OnPrem-SQLServer
LC-00003785,PRJ-009,WBS-00395,CC-00081,2026-06-19,8.0,0.0,436.16,OnPrem-SQLServer
LC-00003786,PRJ-009,WBS-00395,CC-00081,2026-07-17,8.0,0.0,454.24,OnPrem-SQLServer
LC-00003787,PRJ-009,WBS-00396,CC-00073,2026-04-17,8.0,0.0,398.08,OnPrem-SQLServer
LC-00003788,PRJ-009,WBS-00396,CC-00073,2026-07-24,8.0,0.0,409.92,OnPrem-SQLServer
LC-00003789,PRJ-009,WBS-00396,CC-00074,2026-06-05,8.0,0.0,468.16,OnPrem-SQLServer
LC-00003790,PRJ-009,WBS-00396,CC-00074,2026-06-12,8.0,0.0,252.08,OnPrem-SQLServer
LC-00003791,PRJ-009,WBS-00396,CC-00074,2026-07-03,8.0,0.0,398.08,OnPrem-SQLServer
LC-00003792,PRJ-009,WBS-00396,CC-00075,2026-07-03,8.0,0.0,386.32,OnPrem-SQLServer
LC-00003793,PRJ-009,WBS-00396,CC-00075,2026-07-10,8.0,0.0,748.72,OnPrem-SQLServer
LC-00003794,PRJ-009,WBS-00396,CC-00077,2026-05-01,8.0,0.0,454.24,OnPrem-SQLServer
LC-00003795,PRJ-009,WBS-00396,CC-00077,2026-07-17,8.0,0.0,571.04,OnPrem-SQLServer
LC-00003796,PRJ-009,WBS-00396,CC-00080,2026-06-19,8.0,0.0,386.32,OnPrem-SQLServer
LC-00003797,PRJ-009,WBS-00397,CC-00073,2026-07-24,8.0,0.0,436.16,OnPrem-SQLServer
LC-00003798,PRJ-009,WBS-00397,CC-00076,2026-06-19,8.0,1.4,698.52,OnPrem-SQLServer
LC-00003799,PRJ-009,WBS-00397,CC-00076,2026-07-03,8.0,0.0,386.32,OnPrem-SQLServer
LC-00003800,PRJ-009,WBS-00397,CC-00078,2026-07-31,8.0,0.0,571.04,OnPrem-SQLServer
LC-00003801,PRJ-009,WBS-00397,CC-00080,2026-06-12,8.0,0.0,689.44,OnPrem-SQLServer
LC-00003802,PRJ-009,WBS-00397,CC-00080,2026-07-03,8.0,0.0,439.76,OnPrem-SQLServer
LC-00003803,PRJ-009,WBS-00398,CC-00073,2026-07-03,8.0,0.0,398.08,OnPrem-SQLServer
LC-00003804,PRJ-009,WBS-00398,CC-00074,2026-07-03,8.0,0.0,454.24,OnPrem-SQLServer
LC-00003805,PRJ-009,WBS-00399,CC-00075,2026-06-12,8.0,0.0,452.8,OnPrem-SQLServer
LC-00003806,PRJ-009,WBS-00399,CC-00076,2026-06-26,8.0,0.0,409.92,OnPrem-SQLServer
LC-00003807,PRJ-009,WBS-00399,CC-00076,2026-07-10,8.0,0.0,748.72,OnPrem-SQLServer
LC-00003808,PRJ-009,WBS-00399,CC-00076,2026-07-17,8.0,0.0,748.72,OnPrem-SQLServer
LC-00003809,PRJ-009,WBS-00399,CC-00076,2026-07-24,8.0,0.83,524.93,OnPrem-SQLServer
LC-00003810,PRJ-009,WBS-00399,CC-00077,2026-07-03,8.0,0.0,386.32,OnPrem-SQLServer
LC-00003811,PRJ-009,WBS-00399,CC-00078,2026-05-29,16.0,0.0,544.48,OnPrem-SQLServer
LC-00003812,PRJ-009,WBS-00399,CC-00079,2026-06-19,8.0,0.0,748.72,OnPrem-SQLServer
LC-00003813,PRJ-009,WBS-00399,CC-00079,2026-06-26,8.0,0.0,289.76,OnPrem-SQLServer
LC-00003814,PRJ-009,WBS-00399,CC-00081,2026-06-26,8.0,0.0,748.72,OnPrem-SQLServer
LC-00003815,PRJ-009,WBS-00399,CC-00081,2026-07-17,16.0,0.0,894.0,OnPrem-SQLServer
LC-00003816,PRJ-009,WBS-00399,CC-00081,2026-07-31,8.0,0.0,444.16,OnPrem-SQLServer
LC-00003817,PRJ-009,WBS-00400,CC-00074,2026-07-03,8.0,0.0,454.24,OnPrem-SQLServer
LC-00003818,PRJ-009,WBS-00400,CC-00077,2026-05-29,8.0,0.0,454.24,OnPrem-SQLServer
LC-00003819,PRJ-009,WBS-00400,CC-00077,2026-06-19,8.0,0.0,444.16,OnPrem-SQLServer
LC-00003820,PRJ-009,WBS-00400,CC-00079,2026-07-03,8.0,0.0,553.28,OnPrem-SQLServer
LC-00003821,PRJ-009,WBS-00400,CC-00081,2026-07-03,16.0,0.0,745.2,OnPrem-SQLServer
LC-00003822,PRJ-009,WBS-00401,CC-00073,2026-06-26,8.0,0.0,444.16,OnPrem-SQLServer
LC-00003823,PRJ-009,WBS-00401,CC-00073,2026-07-17,8.0,0.0,386.32,OnPrem-SQLServer
LC-00003824,PRJ-009,WBS-00401,CC-00074,2026-06-05,8.0,0.0,292.4,OnPrem-SQLServer
LC-00003825,PRJ-009,WBS-00401,CC-00076,2026-06-05,8.0,0.0,398.08,OnPrem-SQLServer
LC-00003826,PRJ-009,WBS-00401,CC-00078,2026-06-19,8.0,0.0,454.24,OnPrem-SQLServer
LC-00003827,PRJ-009,WBS-00401,CC-00078,2026-07-17,8.0,1.61,810.18,OnPrem-SQLServer
LC-00003828,PRJ-009,WBS-00401,CC-00079,2026-04-24,8.0,0.0,398.08,OnPrem-SQLServer
LC-00003829,PRJ-009,WBS-00401,CC-00079,2026-07-10,8.0,0.0,553.28,OnPrem-SQLServer
LC-00003830,PRJ-009,WBS-00401,CC-00080,2026-05-15,8.0,0.0,289.76,OnPrem-SQLServer
LC-00003831,PRJ-009,WBS-00401,CC-00081,2026-05-22,8.0,0.0,252.08,OnPrem-SQLServer
LC-00003832,PRJ-009,WBS-00401,CC-00081,2026-07-10,8.0,0.0,444.16,OnPrem-SQLServer
LC-00003833,PRJ-009,WBS-00402,CC-00073,2026-05-01,8.0,0.0,398.08,OnPrem-SQLServer
LC-00003834,PRJ-009,WBS-00402,CC-00073,2026-06-26,8.0,0.0,436.16,OnPrem-SQLServer
LC-00003835,PRJ-009,WBS-00402,CC-00073,2026-07-10,16.0,0.88,1443.3,OnPrem-SQLServer
LC-00003836,PRJ-009,WBS-00402,CC-00074,2026-06-05,8.0,0.0,468.16,OnPrem-SQLServer
LC-00003837,PRJ-009,WBS-00402,CC-00074,2026-06-12,8.0,0.0,439.76,OnPrem-SQLServer
LC-00003838,PRJ-009,WBS-00402,CC-00074,2026-07-31,16.0,0.0,1158.64,OnPrem-SQLServer
LC-00003839,PRJ-009,WBS-00402,CC-00078,2026-06-26,8.0,0.0,454.24,OnPrem-SQLServer
LC-00003840,PRJ-009,WBS-00402,CC-00078,2026-07-31,8.0,0.0,454.24,OnPrem-SQLServer
LC-00003841,PRJ-009,WBS-00402,CC-00079,2026-05-15,8.0,0.0,398.08,OnPrem-SQLServer
LC-00003842,PRJ-009,WBS-00402,CC-00080,2026-05-29,8.0,0.0,477.44,OnPrem-SQLServer
LC-00003843,PRJ-009,WBS-00402,CC-00080,2026-07-24,8.0,0.0,279.84,OnPrem-SQLServer
LC-00003844,PRJ-009,WBS-00402,CC-00081,2026-06-12,8.0,0.0,386.32,OnPrem-SQLServer
LC-00003845,PRJ-009,WBS-00403,CC-00073,2026-06-12,8.0,0.0,452.8,OnPrem-SQLServer
LC-00003846,PRJ-009,WBS-00403,CC-00073,2026-07-24,8.0,0.0,571.04,OnPrem-SQLServer
LC-00003847,PRJ-009,WBS-00403,CC-00073,2026-07-31,8.0,0.0,398.08,OnPrem-SQLServer
LC-00003848,PRJ-009,WBS-00403,CC-00075,2026-06-12,8.0,0.0,252.08,OnPrem-SQLServer
LC-00003849,PRJ-009,WBS-00403,CC-00076,2026-06-26,8.0,0.0,452.8,OnPrem-SQLServer
LC-00003850,PRJ-009,WBS-00403,CC-00076,2026-07-24,8.0,0.0,444.16,OnPrem-SQLServer
LC-00003851,PRJ-009,WBS-00403,CC-00078,2026-06-12,16.0,0.0,1041.76,OnPrem-SQLServer
LC-00003852,PRJ-009,WBS-00403,CC-00078,2026-06-19,8.0,0.0,439.76,OnPrem-SQLServer
LC-00003853,PRJ-009,WBS-00403,CC-00078,2026-07-10,8.0,1.98,620.9,OnPrem-SQLServer
LC-00003854,PRJ-009,WBS-00403,CC-00080,2026-05-15,8.0,0.0,409.92,OnPrem-SQLServer
LC-00003855,PRJ-009,WBS-00403,CC-00080,2026-07-10,8.0,0.0,748.72,OnPrem-SQLServer
LC-00003856,PRJ-009,WBS-00404,CC-00073,2026-06-12,8.0,0.0,409.92,OnPrem-SQLServer
LC-00003857,PRJ-009,WBS-00404,CC-00073,2026-06-26,8.0,0.0,289.76,OnPrem-SQLServer
LC-00003858,PRJ-009,WBS-00404,CC-00075,2026-05-08,8.0,0.73,452.57,OnPrem-SQLServer
LC-00003859,PRJ-009,WBS-00404,CC-00075,2026-07-10,8.0,0.0,386.32,OnPrem-SQLServer
LC-00003860,PRJ-009,WBS-00404,CC-00076,2026-05-29,8.0,0.0,454.24,OnPrem-SQLServer
LC-00003861,PRJ-009,WBS-00404,CC-00076,2026-06-12,8.0,0.0,398.08,OnPrem-SQLServer
LC-00003862,PRJ-009,WBS-00404,CC-00077,2026-05-22,8.0,0.0,454.24,OnPrem-SQLServer
LC-00003863,PRJ-009,WBS-00404,CC-00077,2026-07-17,8.0,0.0,622.32,OnPrem-SQLServer
LC-00003864,PRJ-009,WBS-00404,CC-00077,2026-07-24,8.0,0.0,689.44,OnPrem-SQLServer
LC-00003865,PRJ-009,WBS-00404,CC-00078,2026-07-24,8.0,0.0,252.08,OnPrem-SQLServer
LC-00003866,PRJ-009,WBS-00404,CC-00079,2026-07-24,16.0,1.33,935.46,OnPrem-SQLServer
LC-00003867,PRJ-009,WBS-00404,CC-00080,2026-06-12,8.0,1.0,527.44,OnPrem-SQLServer
LC-00003868,PRJ-009,WBS-00404,CC-00080,2026-07-10,8.0,0.0,571.04,OnPrem-SQLServer
LC-00003869,PRJ-009,WBS-00404,CC-00081,2026-07-17,8.0,0.0,398.08,OnPrem-SQLServer
LC-00003870,PRJ-009,WBS-00405,CC-00073,2026-06-05,8.0,0.0,292.4,OnPrem-SQLServer
LC-00003871,PRJ-009,WBS-00405,CC-00073,2026-06-26,8.0,0.0,454.24,OnPrem-SQLServer
LC-00003872,PRJ-009,WBS-00405,CC-00073,2026-07-24,8.0,1.59,971.93,OnPrem-SQLServer
LC-00003873,PRJ-009,WBS-00405,CC-00075,2026-06-26,8.0,0.0,454.24,OnPrem-SQLServer
LC-00003874,PRJ-009,WBS-00405,CC-00076,2026-06-12,8.0,0.0,439.76,OnPrem-SQLServer
LC-00003875,PRJ-009,WBS-00405,CC-00076,2026-06-19,8.0,1.63,569.46,OnPrem-SQLServer
LC-00003876,PRJ-009,WBS-00405,CC-00077,2026-07-17,8.0,0.0,588.08,OnPrem-SQLServer
LC-00003877,PRJ-009,WBS-00405,CC-00078,2026-05-29,8.0,0.0,477.44,OnPrem-SQLServer
LC-00003878,PRJ-009,WBS-00405,CC-00081,2026-06-26,8.0,0.82,512.45,OnPrem-SQLServer
LC-00003879,PRJ-009,WBS-00406,CC-00073,2026-07-10,8.0,0.0,452.8,OnPrem-SQLServer
LC-00003880,PRJ-009,WBS-00406,CC-00074,2026-07-17,8.0,0.0,398.08,OnPrem-SQLServer
LC-00003881,PRJ-009,WBS-00406,CC-00075,2026-06-19,8.0,0.0,289.76,OnPrem-SQLServer
LC-00003882,PRJ-009,WBS-00406,CC-00075,2026-07-17,16.0,0.0,1184.88,OnPrem-SQLServer
LC-00003883,PRJ-009,WBS-00406,CC-00076,2026-07-24,8.0,0.0,748.72,OnPrem-SQLServer
LC-00003884,PRJ-009,WBS-00406,CC-00077,2026-07-03,8.0,0.0,289.76,OnPrem-SQLServer
LC-00003885,PRJ-009,WBS-00406,CC-00077,2026-07-17,8.0,0.0,398.08,OnPrem-SQLServer
LC-00003886,PRJ-009,WBS-00406,CC-00078,2026-07-10,8.0,0.0,452.8,OnPrem-SQLServer
LC-00003887,PRJ-009,WBS-00406,CC-00080,2026-04-24,8.0,0.0,454.24,OnPrem-SQLServer
LC-00003888,PRJ-009,WBS-00406,CC-00080,2026-05-29,8.0,0.0,289.76,OnPrem-SQLServer
LC-00003889,PRJ-009,WBS-00406,CC-00081,2026-07-31,8.0,0.0,439.76,OnPrem-SQLServer
LC-00003890,PRJ-009,WBS-00407,CC-00073,2026-05-29,8.0,0.0,452.8,OnPrem-SQLServer
LC-00003891,PRJ-009,WBS-00407,CC-00074,2026-06-19,8.0,0.0,452.8,OnPrem-SQLServer
LC-00003892,PRJ-009,WBS-00407,CC-00074,2026-06-26,8.0,0.0,409.92,OnPrem-SQLServer
LC-00003893,PRJ-009,WBS-00407,CC-00075,2026-06-12,8.0,0.0,292.4,OnPrem-SQLServer
LC-00003894,PRJ-009,WBS-00407,CC-00075,2026-07-24,8.0,0.0,454.24,OnPrem-SQLServer
LC-00003895,PRJ-009,WBS-00407,CC-00077,2026-06-12,8.0,0.0,436.16,OnPrem-SQLServer
LC-00003896,PRJ-009,WBS-00407,CC-00078,2026-05-01,8.0,0.0,454.24,OnPrem-SQLServer
LC-00003897,PRJ-009,WBS-00407,CC-00078,2026-05-15,8.0,0.0,289.76,OnPrem-SQLServer
LC-00003898,PRJ-009,WBS-00407,CC-00079,2026-07-17,8.0,0.0,289.76,OnPrem-SQLServer
LC-00003899,PRJ-009,WBS-00408,CC-00074,2026-06-12,8.0,0.0,553.28,OnPrem-SQLServer
LC-00003900,PRJ-009,WBS-00408,CC-00074,2026-07-10,8.0,0.0,289.76,OnPrem-SQLServer
LC-00003901,PRJ-009,WBS-00408,CC-00075,2026-07-03,8.0,0.0,439.76,OnPrem-SQLServer
LC-00003902,PRJ-009,WBS-00408,CC-00076,2026-05-01,8.0,0.0,398.08,OnPrem-SQLServer
LC-00003903,PRJ-009,WBS-00408,CC-00076,2026-07-17,8.0,0.0,571.04,OnPrem-SQLServer
LC-00003904,PRJ-009,WBS-00408,CC-00076,2026-07-31,8.0,0.0,444.16,OnPrem-SQLServer
LC-00003905,PRJ-009,WBS-00408,CC-00077,2026-06-05,8.0,0.0,444.16,OnPrem-SQLServer
LC-00003906,PRJ-009,WBS-00408,CC-00077,2026-06-26,8.0,1.38,718.8,OnPrem-SQLServer
LC-00003907,PRJ-009,WBS-00408,CC-00079,2026-07-24,8.0,0.0,571.04,OnPrem-SQLServer
LC-00003908,PRJ-009,WBS-00408,CC-00079,2026-07-31,8.0,0.0,439.76,OnPrem-SQLServer
LC-00003909,PRJ-009,WBS-00408,CC-00080,2026-05-15,8.0,1.97,396.79,OnPrem-SQLServer
LC-00003910,PRJ-009,WBS-00408,CC-00081,2026-05-22,8.0,0.0,454.24,OnPrem-SQLServer
LC-00003911,PRJ-009,WBS-00408,CC-00081,2026-07-17,8.0,0.0,289.76,OnPrem-SQLServer
LC-00003912,PRJ-009,WBS-00408,CC-00081,2026-07-31,8.0,0.0,452.8,OnPrem-SQLServer
LC-00003913,PRJ-009,WBS-00409,CC-00073,2026-06-26,8.0,0.0,748.72,OnPrem-SQLServer
LC-00003914,PRJ-009,WBS-00409,CC-00073,2026-07-10,8.0,0.0,252.08,OnPrem-SQLServer
LC-00003915,PRJ-009,WBS-00409,CC-00073,2026-07-31,16.0,0.0,662.0,OnPrem-SQLServer
LC-00003916,PRJ-009,WBS-00409,CC-00074,2026-07-03,8.0,0.0,252.08,OnPrem-SQLServer
LC-00003917,PRJ-009,WBS-00409,CC-00074,2026-07-17,8.0,0.76,502.43,OnPrem-SQLServer
LC-00003918,PRJ-009,WBS-00409,CC-00075,2026-06-12,8.0,0.0,292.4,OnPrem-SQLServer
LC-00003919,PRJ-009,WBS-00409,CC-00079,2026-05-15,8.0,0.0,292.4,OnPrem-SQLServer
LC-00003920,PRJ-009,WBS-00409,CC-00081,2026-07-03,8.0,0.0,454.24,OnPrem-SQLServer
LC-00003921,PRJ-009,WBS-00410,CC-00073,2026-06-05,8.0,0.0,289.76,OnPrem-SQLServer
LC-00003922,PRJ-009,WBS-00410,CC-00075,2026-07-24,8.0,0.0,436.16,OnPrem-SQLServer
LC-00003923,PRJ-009,WBS-00410,CC-00076,2026-05-15,8.0,0.0,454.24,OnPrem-SQLServer
LC-00003924,PRJ-009,WBS-00410,CC-00078,2026-07-10,16.0,0.0,837.84,OnPrem-SQLServer
LC-00003925,PRJ-009,WBS-00410,CC-00081,2026-06-19,8.0,1.56,574.08,OnPrem-SQLServer
LC-00003926,PRJ-009,WBS-00410,CC-00081,2026-07-31,8.0,0.0,289.76,OnPrem-SQLServer
LC-00003927,PRJ-009,WBS-00411,CC-00073,2026-07-10,8.0,0.0,444.16,OnPrem-SQLServer
LC-00003928,PRJ-009,WBS-00411,CC-00074,2026-05-29,8.0,0.0,409.92,OnPrem-SQLServer
LC-00003929,PRJ-009,WBS-00411,CC-00074,2026-06-12,8.0,0.0,470.72,OnPrem-SQLServer
LC-00003930,PRJ-009,WBS-00411,CC-00074,2026-07-10,8.0,0.0,289.76,OnPrem-SQLServer
LC-00003931,PRJ-009,WBS-00411,CC-00074,2026-07-31,8.0,0.0,444.16,OnPrem-SQLServer
LC-00003932,PRJ-009,WBS-00411,CC-00075,2026-05-15,8.0,0.0,292.4,OnPrem-SQLServer
LC-00003933,PRJ-009,WBS-00411,CC-00075,2026-07-03,8.0,1.92,617.77,OnPrem-SQLServer
LC-00003934,PRJ-009,WBS-00411,CC-00080,2026-06-05,8.0,0.0,289.76,OnPrem-SQLServer
LC-00003935,PRJ-009,WBS-00411,CC-00080,2026-06-12,8.0,0.0,409.92,OnPrem-SQLServer
LC-00003936,PRJ-009,WBS-00411,CC-00080,2026-07-31,8.0,0.0,452.8,OnPrem-SQLServer
LC-00003937,PRJ-009,WBS-00411,CC-00081,2026-05-22,8.0,0.0,252.08,OnPrem-SQLServer
LC-00003938,PRJ-009,WBS-00411,CC-00081,2026-06-26,8.0,0.0,444.16,OnPrem-SQLServer
LC-00003939,PRJ-009,WBS-00411,CC-00081,2026-07-03,8.0,0.0,398.08,OnPrem-SQLServer
LC-00003940,PRJ-009,WBS-00412,CC-00074,2026-06-05,8.0,0.0,409.92,OnPrem-SQLServer
LC-00003941,PRJ-009,WBS-00412,CC-00075,2026-05-08,8.0,0.74,301.45,OnPrem-SQLServer
LC-00003942,PRJ-009,WBS-00412,CC-00075,2026-07-24,8.0,0.0,748.72,OnPrem-SQLServer
LC-00003943,PRJ-009,WBS-00412,CC-00075,2026-07-31,16.0,1.25,563.24,OnPrem-SQLServer
LC-00003944,PRJ-009,WBS-00412,CC-00076,2026-05-29,8.0,0.0,292.4,OnPrem-SQLServer
LC-00003945,PRJ-009,WBS-00412,CC-00076,2026-07-31,8.0,0.0,409.92,OnPrem-SQLServer
LC-00003946,PRJ-009,WBS-00412,CC-00077,2026-07-03,8.0,0.0,452.8,OnPrem-SQLServer
LC-00003947,PRJ-009,WBS-00412,CC-00077,2026-07-17,8.0,1.27,770.51,OnPrem-SQLServer
LC-00003948,PRJ-009,WBS-00412,CC-00079,2026-06-05,8.0,0.0,398.08,OnPrem-SQLServer
LC-00003949,PRJ-009,WBS-00412,CC-00079,2026-06-19,8.0,0.0,386.32,OnPrem-SQLServer
LC-00003950,PRJ-009,WBS-00413,CC-00073,2026-07-31,8.0,0.0,289.76,OnPrem-SQLServer
LC-00003951,PRJ-009,WBS-00413,CC-00074,2026-06-12,16.0,0.0,875.92,OnPrem-SQLServer
LC-00003952,PRJ-009,WBS-00413,CC-00074,2026-07-17,8.0,1.52,526.75,OnPrem-SQLServer
LC-00003953,PRJ-009,WBS-00413,CC-00076,2026-05-15,8.0,0.0,452.8,OnPrem-SQLServer
LC-00003954,PRJ-009,WBS-00413,CC-00076,2026-05-29,8.0,0.0,292.4,OnPrem-SQLServer
LC-00003955,PRJ-009,WBS-00413,CC-00076,2026-06-19,8.0,0.0,571.04,OnPrem-SQLServer
LC-00003956,PRJ-009,WBS-00413,CC-00076,2026-07-24,8.0,0.0,292.4,OnPrem-SQLServer
LC-00003957,PRJ-009,WBS-00413,CC-00078,2026-06-19,8.0,0.0,439.76,OnPrem-SQLServer
LC-00003958,PRJ-009,WBS-00413,CC-00079,2026-07-17,8.0,0.0,439.76,OnPrem-SQLServer
LC-00003959,PRJ-009,WBS-00413,CC-00079,2026-07-31,8.0,0.0,454.24,OnPrem-SQLServer
LC-00003960,PRJ-009,WBS-00413,CC-00080,2026-06-12,8.0,0.0,444.16,OnPrem-SQLServer
LC-00003961,PRJ-009,WBS-00413,CC-00080,2026-07-10,8.0,0.0,571.04,OnPrem-SQLServer
LC-00003962,PRJ-009,WBS-00413,CC-00081,2026-06-12,8.0,0.0,452.8,OnPrem-SQLServer
LC-00003963,PRJ-009,WBS-00413,CC-00081,2026-06-19,8.0,0.0,454.24,OnPrem-SQLServer
LC-00003964,PRJ-009,WBS-00413,CC-00081,2026-07-03,8.0,1.49,882.05,OnPrem-SQLServer
LC-00003965,PRJ-009,WBS-00413,CC-00081,2026-07-10,8.0,0.0,468.16,OnPrem-SQLServer
LC-00003966,PRJ-009,WBS-00414,CC-00073,2026-06-19,8.0,0.0,398.08,OnPrem-SQLServer
LC-00003967,PRJ-009,WBS-00414,CC-00073,2026-07-31,8.0,0.0,444.16,OnPrem-SQLServer
LC-00003968,PRJ-009,WBS-00414,CC-00075,2026-04-17,8.0,0.0,398.08,OnPrem-SQLServer
LC-00003969,PRJ-009,WBS-00414,CC-00075,2026-07-17,8.0,0.0,748.72,OnPrem-SQLServer
LC-00003970,PRJ-009,WBS-00414,CC-00077,2026-06-19,8.0,0.0,386.32,OnPrem-SQLServer
LC-00003971,PRJ-009,WBS-00414,CC-00079,2026-07-03,8.0,0.77,519.82,OnPrem-SQLServer
LC-00003972,PRJ-009,WBS-00415,CC-00073,2026-06-19,8.0,0.0,553.28,OnPrem-SQLServer
LC-00003973,PRJ-009,WBS-00415,CC-00075,2026-06-26,8.0,0.0,252.08,OnPrem-SQLServer
LC-00003974,PRJ-009,WBS-00415,CC-00076,2026-07-10,8.0,0.0,252.08,OnPrem-SQLServer
LC-00003975,PRJ-009,WBS-00415,CC-00078,2026-05-22,8.0,0.0,452.8,OnPrem-SQLServer
LC-00003976,PRJ-009,WBS-00415,CC-00078,2026-07-17,8.0,1.22,309.74,OnPrem-SQLServer
LC-00003977,PRJ-009,WBS-00415,CC-00081,2026-06-05,8.0,0.0,444.16,OnPrem-SQLServer
LC-00003978,PRJ-009,WBS-00415,CC-00081,2026-07-10,8.0,0.0,398.08,OnPrem-SQLServer
LC-00003979,PRJ-009,WBS-00415,CC-00081,2026-07-24,8.0,0.0,386.32,OnPrem-SQLServer
LC-00003980,PRJ-009,WBS-00415,CC-00081,2026-07-31,8.0,1.3,563.17,OnPrem-SQLServer
LC-00003981,PRJ-009,WBS-00416,CC-00073,2026-06-12,8.0,0.0,289.76,OnPrem-SQLServer
LC-00003982,PRJ-009,WBS-00416,CC-00075,2026-05-01,8.0,0.0,454.24,OnPrem-SQLServer
LC-00003983,PRJ-009,WBS-00416,CC-00076,2026-07-24,16.0,0.0,862.72,OnPrem-SQLServer
LC-00003984,PRJ-009,WBS-00416,CC-00077,2026-06-12,8.0,0.0,436.16,OnPrem-SQLServer
LC-00003985,PRJ-009,WBS-00416,CC-00077,2026-07-10,8.0,0.0,452.8,OnPrem-SQLServer
LC-00003986,PRJ-009,WBS-00416,CC-00078,2026-06-12,16.0,1.1,985.95,OnPrem-SQLServer
LC-00003987,PRJ-009,WBS-00416,CC-00079,2026-06-19,8.0,0.0,689.44,OnPrem-SQLServer
LC-00003988,PRJ-009,WBS-00416,CC-00080,2026-06-26,8.0,0.0,436.16,OnPrem-SQLServer
LC-00003989,PRJ-009,WBS-00416,CC-00080,2026-07-24,8.0,1.62,744.49,OnPrem-SQLServer
LC-00003990,PRJ-009,WBS-00416,CC-00081,2026-06-19,8.0,0.0,439.76,OnPrem-SQLServer
LC-00003991,PRJ-009,WBS-00416,CC-00081,2026-07-17,8.0,0.0,571.04,OnPrem-SQLServer
LC-00003992,PRJ-009,WBS-00417,CC-00074,2026-05-29,8.0,1.77,736.9,OnPrem-SQLServer
LC-00003993,PRJ-009,WBS-00417,CC-00074,2026-06-19,8.0,0.0,454.24,OnPrem-SQLServer
LC-00003994,PRJ-009,WBS-00417,CC-00074,2026-06-26,8.0,0.0,409.92,OnPrem-SQLServer
LC-00003995,PRJ-009,WBS-00417,CC-00076,2026-05-08,8.0,0.0,452.8,OnPrem-SQLServer
LC-00003996,PRJ-009,WBS-00417,CC-00076,2026-06-26,8.0,0.0,252.08,OnPrem-SQLServer
LC-00003997,PRJ-009,WBS-00417,CC-00076,2026-07-17,8.0,0.0,454.24,OnPrem-SQLServer
LC-00003998,PRJ-009,WBS-00417,CC-00078,2026-07-03,8.0,0.0,439.76,OnPrem-SQLServer
LC-00003999,PRJ-009,WBS-00417,CC-00079,2026-05-29,8.0,0.0,454.24,OnPrem-SQLServer
LC-00004000,PRJ-009,WBS-00417,CC-00079,2026-06-19,8.0,0.0,571.04,OnPrem-SQLServer
LC-00004001,PRJ-009,WBS-00417,CC-00080,2026-05-22,8.0,0.0,252.08,OnPrem-SQLServer
LC-00004002,PRJ-009,WBS-00417,CC-00080,2026-07-17,8.0,0.0,436.16,OnPrem-SQLServer
LC-00004003,PRJ-009,WBS-00417,CC-00080,2026-07-24,8.0,0.0,689.44,OnPrem-SQLServer
LC-00004004,PRJ-009,WBS-00417,CC-00081,2026-07-24,8.0,0.0,279.84,OnPrem-SQLServer
LC-00004005,PRJ-009,WBS-00418,CC-00074,2026-05-29,8.0,0.0,452.8,OnPrem-SQLServer
LC-00004006,PRJ-009,WBS-00418,CC-00075,2026-07-24,8.0,0.0,553.28,OnPrem-SQLServer
LC-00004007,PRJ-009,WBS-00418,CC-00077,2026-07-03,8.0,1.22,489.14,OnPrem-SQLServer
LC-00004008,PRJ-009,WBS-00418,CC-00078,2026-06-05,8.0,0.0,452.8,OnPrem-SQLServer
LC-00004009,PRJ-009,WBS-00418,CC-00078,2026-07-03,8.0,0.0,398.08,OnPrem-SQLServer
LC-00004010,PRJ-009,WBS-00418,CC-00079,2026-06-19,8.0,0.0,748.72,OnPrem-SQLServer
LC-00004011,PRJ-009,WBS-00418,CC-00080,2026-04-24,8.0,0.0,454.24,OnPrem-SQLServer
LC-00004012,PRJ-009,WBS-00418,CC-00080,2026-07-17,8.0,0.0,439.76,OnPrem-SQLServer
LC-00004013,PRJ-009,WBS-00418,CC-00080,2026-07-24,8.0,0.0,444.16,OnPrem-SQLServer
LC-00004014,PRJ-009,WBS-00418,CC-00080,2026-07-31,8.0,0.0,289.76,OnPrem-SQLServer
LC-00004015,PRJ-009,WBS-00418,CC-00081,2026-06-05,8.0,0.0,444.16,OnPrem-SQLServer
LC-00004016,PRJ-009,WBS-00419,CC-00073,2026-07-24,8.0,1.74,757.34,OnPrem-SQLServer
LC-00004017,PRJ-009,WBS-00419,CC-00075,2026-07-03,8.0,1.01,538.55,OnPrem-SQLServer
LC-00004018,PRJ-009,WBS-00419,CC-00077,2026-06-26,8.0,0.0,252.08,OnPrem-SQLServer
LC-00004019,PRJ-009,WBS-00419,CC-00077,2026-07-24,8.0,0.0,279.84,OnPrem-SQLServer
LC-00004020,PRJ-009,WBS-00420,CC-00073,2026-05-29,8.0,0.0,553.28,OnPrem-SQLServer
LC-00004021,PRJ-009,WBS-00420,CC-00073,2026-06-19,16.0,0.69,744.67,OnPrem-SQLServer
LC-00004022,PRJ-009,WBS-00420,CC-00074,2026-07-10,8.0,0.65,433.4,OnPrem-SQLServer
LC-00004023,PRJ-009,WBS-00420,CC-00075,2026-06-05,8.0,0.0,289.76,OnPrem-SQLServer
LC-00004024,PRJ-009,WBS-00420,CC-00076,2026-06-26,8.0,0.0,289.76,OnPrem-SQLServer
LC-00004025,PRJ-009,WBS-00420,CC-00077,2026-06-12,8.0,0.0,470.72,OnPrem-SQLServer
LC-00004026,PRJ-009,WBS-00420,CC-00077,2026-07-17,8.0,0.57,502.79,OnPrem-SQLServer
LC-00004027,PRJ-009,WBS-00420,CC-00077,2026-07-24,8.0,0.0,409.92,OnPrem-SQLServer
LC-00004028,PRJ-009,WBS-00420,CC-00077,2026-07-31,8.0,0.0,452.8,OnPrem-SQLServer
LC-00004029,PRJ-009,WBS-00420,CC-00079,2026-07-10,8.0,0.0,292.4,OnPrem-SQLServer
LC-00004030,PRJ-009,WBS-00420,CC-00081,2026-05-01,8.0,0.0,398.08,OnPrem-SQLServer
LC-00004031,PRJ-009,WBS-00421,CC-00073,2026-06-26,8.0,0.0,409.92,OnPrem-SQLServer
LC-00004032,PRJ-009,WBS-00421,CC-00077,2026-07-31,8.0,0.0,439.76,OnPrem-SQLServer
LC-00004033,PRJ-009,WBS-00421,CC-00078,2026-06-26,8.0,0.0,553.28,OnPrem-SQLServer
LC-00004034,PRJ-009,WBS-00421,CC-00079,2026-04-17,8.0,1.87,537.66,OnPrem-SQLServer
LC-00004035,PRJ-009,WBS-00421,CC-00079,2026-05-15,16.0,1.55,876.79,OnPrem-SQLServer
LC-00004036,PRJ-009,WBS-00421,CC-00080,2026-07-24,8.0,0.74,515.63,OnPrem-SQLServer
LC-00004037,PRJ-009,WBS-00421,CC-00081,2026-07-10,8.0,0.0,398.08,OnPrem-SQLServer
LC-00004038,PRJ-009,WBS-00422,CC-00073,2026-07-17,8.0,0.0,409.92,OnPrem-SQLServer
LC-00004039,PRJ-009,WBS-00422,CC-00074,2026-07-17,8.0,0.0,252.08,OnPrem-SQLServer
LC-00004040,PRJ-009,WBS-00422,CC-00074,2026-07-31,8.0,0.0,571.04,OnPrem-SQLServer
LC-00004041,PRJ-009,WBS-00422,CC-00075,2026-06-05,8.0,0.0,252.08,OnPrem-SQLServer
LC-00004042,PRJ-009,WBS-00422,CC-00075,2026-06-19,8.0,0.0,452.8,OnPrem-SQLServer
LC-00004043,PRJ-009,WBS-00422,CC-00077,2026-06-05,8.0,0.0,452.8,OnPrem-SQLServer
LC-00004044,PRJ-009,WBS-00422,CC-00077,2026-07-31,8.0,0.0,398.08,OnPrem-SQLServer
LC-00004045,PRJ-009,WBS-00422,CC-00078,2026-05-08,8.0,0.0,398.08,OnPrem-SQLServer
LC-00004046,PRJ-009,WBS-00422,CC-00078,2026-06-12,8.0,0.0,470.72,OnPrem-SQLServer
LC-00004047,PRJ-009,WBS-00422,CC-00080,2026-06-12,8.0,0.0,452.8,OnPrem-SQLServer
LC-00004048,PRJ-009,WBS-00423,CC-00075,2026-04-17,8.0,0.0,398.08,OnPrem-SQLServer
LC-00004049,PRJ-009,WBS-00423,CC-00078,2026-07-31,8.0,0.0,439.76,OnPrem-SQLServer
LC-00004050,PRJ-009,WBS-00423,CC-00079,2026-07-31,8.0,0.0,571.04,OnPrem-SQLServer
LC-00004051,PRJ-009,WBS-00423,CC-00080,2026-05-22,8.0,0.0,252.08,OnPrem-SQLServer
LC-00004052,PRJ-009,WBS-00423,CC-00080,2026-06-12,8.0,0.0,439.76,OnPrem-SQLServer
LC-00004053,PRJ-009,WBS-00423,CC-00080,2026-07-24,8.0,0.0,252.08,OnPrem-SQLServer
LC-00004054,PRJ-010,WBS-00424,CC-00082,2026-07-03,8.0,0.0,604.08,OnPrem-SQLServer
LC-00004055,PRJ-010,WBS-00424,CC-00084,2026-05-29,8.0,0.0,425.6,OnPrem-SQLServer
LC-00004056,PRJ-010,WBS-00424,CC-00084,2026-06-12,8.0,0.0,472.0,OnPrem-SQLServer
LC-00004057,PRJ-010,WBS-00424,CC-00085,2026-07-24,8.0,0.0,425.6,OnPrem-SQLServer
LC-00004058,PRJ-010,WBS-00424,CC-00087,2026-06-12,8.0,0.91,465.82,OnPrem-SQLServer
LC-00004059,PRJ-010,WBS-00424,CC-00090,2026-05-15,8.0,0.0,264.72,OnPrem-SQLServer
LC-00004060,PRJ-010,WBS-00424,CC-00090,2026-06-12,8.0,1.88,817.02,OnPrem-SQLServer
LC-00004061,PRJ-010,WBS-00424,CC-00090,2026-07-31,8.0,0.0,557.84,OnPrem-SQLServer
LC-00004062,PRJ-010,WBS-00425,CC-00082,2026-05-22,8.0,0.0,425.6,OnPrem-SQLServer
LC-00004063,PRJ-010,WBS-00425,CC-00083,2026-06-26,8.0,0.0,454.4,OnPrem-SQLServer
LC-00004064,PRJ-010,WBS-00425,CC-00085,2026-06-05,8.0,0.0,542.72,OnPrem-SQLServer
LC-00004065,PRJ-010,WBS-00425,CC-00086,2026-05-01,8.0,0.0,264.72,OnPrem-SQLServer
LC-00004066,PRJ-010,WBS-00425,CC-00086,2026-07-03,8.0,1.92,328.58,OnPrem-SQLServer
LC-00004067,PRJ-010,WBS-00425,CC-00087,2026-07-03,8.0,0.0,264.72,OnPrem-SQLServer
LC-00004068,PRJ-010,WBS-00425,CC-00089,2026-05-29,8.0,0.0,542.72,OnPrem-SQLServer
LC-00004069,PRJ-010,WBS-00425,CC-00089,2026-07-31,8.0,0.0,612.8,OnPrem-SQLServer
LC-00004070,PRJ-010,WBS-00426,CC-00082,2026-06-26,8.0,0.0,264.72,OnPrem-SQLServer
LC-00004071,PRJ-010,WBS-00426,CC-00084,2026-06-05,8.0,0.0,604.08,OnPrem-SQLServer
LC-00004072,PRJ-010,WBS-00426,CC-00087,2026-05-29,8.0,0.0,604.08,OnPrem-SQLServer
LC-00004073,PRJ-010,WBS-00426,CC-00087,2026-07-10,8.0,0.0,425.6,OnPrem-SQLServer
LC-00004074,PRJ-010,WBS-00426,CC-00089,2026-06-26,8.0,0.0,397.92,OnPrem-SQLServer
LC-00004075,PRJ-010,WBS-00427,CC-00082,2026-07-10,8.0,0.0,264.72,OnPrem-SQLServer
LC-00004076,PRJ-010,WBS-00427,CC-00083,2026-07-17,8.0,1.32,496.41,OnPrem-SQLServer
LC-00004077,PRJ-010,WBS-00427,CC-00084,2026-07-03,8.0,1.95,741.15,OnPrem-SQLServer
LC-00004078,PRJ-010,WBS-00427,CC-00084,2026-07-10,8.0,0.0,542.72,OnPrem-SQLServer
LC-00004079,PRJ-010,WBS-00427,CC-00085,2026-06-19,8.0,0.0,264.72,OnPrem-SQLServer
LC-00004080,PRJ-010,WBS-00427,CC-00085,2026-07-24,8.0,0.0,425.6,OnPrem-SQLServer
LC-00004081,PRJ-010,WBS-00427,CC-00086,2026-07-03,8.0,0.0,261.04,OnPrem-SQLServer
LC-00004082,PRJ-010,WBS-00427,CC-00089,2026-06-12,16.0,0.0,869.92,OnPrem-SQLServer
LC-00004083,PRJ-010,WBS-00427,CC-00090,2026-07-10,8.0,0.0,594.48,OnPrem-SQLServer
LC-00004084,PRJ-010,WBS-00428,CC-00083,2026-06-19,8.0,0.0,264.72,OnPrem-SQLServer
LC-00004085,PRJ-010,WBS-00428,CC-00086,2026-06-05,8.0,0.8,465.24,OnPrem-SQLServer
LC-00004086,PRJ-010,WBS-00428,CC-00086,2026-06-19,8.0,1.94,361.01,OnPrem-SQLServer
LC-00004087,PRJ-010,WBS-00428,CC-00090,2026-05-22,8.0,0.0,425.6,OnPrem-SQLServer
LC-00004088,PRJ-010,WBS-00428,CC-00090,2026-07-17,8.0,1.79,520.79,OnPrem-SQLServer
LC-00004089,PRJ-010,WBS-00429,CC-00082,2026-06-12,8.0,1.66,530.48,OnPrem-SQLServer
LC-00004090,PRJ-010,WBS-00429,CC-00085,2026-07-03,8.0,0.0,604.08,OnPrem-SQLServer
LC-00004091,PRJ-010,WBS-00429,CC-00086,2026-06-26,8.0,1.25,326.76,OnPrem-SQLServer
LC-00004092,PRJ-010,WBS-00429,CC-00090,2026-07-03,8.0,0.83,698.09,OnPrem-SQLServer
LC-00004093,PRJ-010,WBS-00430,CC-00083,2026-06-05,8.0,0.0,264.72,OnPrem-SQLServer
LC-00004094,PRJ-010,WBS-00430,CC-00083,2026-06-26,8.0,0.0,386.32,OnPrem-SQLServer
LC-00004095,PRJ-010,WBS-00430,CC-00083,2026-07-03,8.0,1.91,328.12,OnPrem-SQLServer
LC-00004096,PRJ-010,WBS-00430,CC-00083,2026-07-24,8.0,0.0,612.8,OnPrem-SQLServer
LC-00004097,PRJ-010,WBS-00430,CC-00085,2026-05-01,8.0,0.0,542.72,OnPrem-SQLServer
LC-00004098,PRJ-010,WBS-00430,CC-00086,2026-04-24,8.0,0.0,542.72,OnPrem-SQLServer
LC-00004099,PRJ-010,WBS-00430,CC-00087,2026-05-22,8.0,0.81,304.92,OnPrem-SQLServer
LC-00004100,PRJ-010,WBS-00430,CC-00087,2026-07-24,8.0,0.0,264.72,OnPrem-SQLServer
LC-00004101,PRJ-010,WBS-00430,CC-00088,2026-05-29,8.0,0.0,241.6,OnPrem-SQLServer
LC-00004102,PRJ-010,WBS-00430,CC-00088,2026-06-26,8.0,0.0,454.4,OnPrem-SQLServer
LC-00004103,PRJ-010,WBS-00430,CC-00090,2026-05-15,8.0,0.0,425.6,OnPrem-SQLServer
LC-00004104,PRJ-010,WBS-00431,CC-00082,2026-07-10,8.0,0.0,594.48,OnPrem-SQLServer
LC-00004105,PRJ-010,WBS-00431,CC-00083,2026-07-24,8.0,0.0,241.6,OnPrem-SQLServer
LC-00004106,PRJ-010,WBS-00431,CC-00084,2026-04-24,8.0,0.0,264.72,OnPrem-SQLServer
LC-00004107,PRJ-010,WBS-00431,CC-00087,2026-06-26,8.0,0.52,498.7,OnPrem-SQLServer
LC-00004108,PRJ-010,WBS-00431,CC-00087,2026-07-03,8.0,0.0,612.8,OnPrem-SQLServer
LC-00004109,PRJ-010,WBS-00431,CC-00087,2026-07-24,8.0,0.0,604.08,OnPrem-SQLServer
LC-00004110,PRJ-010,WBS-00431,CC-00088,2026-05-29,8.0,0.0,404.56,OnPrem-SQLServer
LC-00004111,PRJ-010,WBS-00431,CC-00090,2026-07-31,8.0,0.0,241.6,OnPrem-SQLServer
LC-00004112,PRJ-010,WBS-00432,CC-00083,2026-05-29,8.0,0.0,414.72,OnPrem-SQLServer
LC-00004113,PRJ-010,WBS-00432,CC-00085,2026-07-17,8.0,1.62,798.94,OnPrem-SQLServer
LC-00004114,PRJ-010,WBS-00432,CC-00086,2026-07-31,8.0,0.0,425.6,OnPrem-SQLServer
LC-00004115,PRJ-010,WBS-00432,CC-00087,2026-05-29,16.0,0.0,669.28,OnPrem-SQLServer
LC-00004116,PRJ-010,WBS-00432,CC-00089,2026-05-22,8.0,0.0,723.04,OnPrem-SQLServer
LC-00004117,PRJ-010,WBS-00432,CC-00089,2026-06-26,8.0,1.14,658.73,OnPrem-SQLServer
LC-00004118,PRJ-010,WBS-00433,CC-00082,2026-07-03,8.0,0.0,404.72,OnPrem-SQLServer
LC-00004119,PRJ-010,WBS-00433,CC-00082,2026-07-17,8.0,0.0,241.6,OnPrem-SQLServer
LC-00004120,PRJ-010,WBS-00433,CC-00084,2026-06-26,8.0,0.0,439.76,OnPrem-SQLServer
LC-00004121,PRJ-010,WBS-00433,CC-00086,2026-06-19,8.0,0.0,542.72,OnPrem-SQLServer
LC-00004122,PRJ-010,WBS-00433,CC-00090,2026-06-12,8.0,0.77,302.94,OnPrem-SQLServer
LC-00004123,PRJ-010,WBS-00433,CC-00090,2026-07-03,8.0,0.0,702.72,OnPrem-SQLServer
LC-00004124,PRJ-010,WBS-00434,CC-00082,2026-07-24,8.0,0.0,241.6,OnPrem-SQLServer
LC-00004125,PRJ-010,WBS-00434,CC-00083,2026-06-12,8.0,0.0,241.6,OnPrem-SQLServer
LC-00004126,PRJ-010,WBS-00434,CC-00083,2026-07-03,8.0,0.0,702.72,OnPrem-SQLServer
LC-00004127,PRJ-010,WBS-00434,CC-00083,2026-07-31,8.0,0.0,397.92,OnPrem-SQLServer
LC-00004128,PRJ-010,WBS-00434,CC-00084,2026-04-24,8.0,0.0,264.72,OnPrem-SQLServer
LC-00004129,PRJ-010,WBS-00434,CC-00088,2026-06-19,8.0,0.0,622.32,OnPrem-SQLServer
LC-00004130,PRJ-010,WBS-00434,CC-00089,2026-06-05,8.0,0.61,682.89,OnPrem-SQLServer
LC-00004131,PRJ-010,WBS-00434,CC-00090,2026-05-29,8.0,1.58,313.17,OnPrem-SQLServer
LC-00004132,PRJ-010,WBS-00435,CC-00083,2026-06-19,8.0,0.0,542.72,OnPrem-SQLServer
LC-00004133,PRJ-010,WBS-00435,CC-00083,2026-06-26,8.0,0.0,386.32,OnPrem-SQLServer
LC-00004134,PRJ-010,WBS-00435,CC-00084,2026-07-03,8.0,1.65,710.62,OnPrem-SQLServer
LC-00004135,PRJ-010,WBS-00435,CC-00084,2026-07-10,8.0,0.0,594.48,OnPrem-SQLServer
LC-00004136,PRJ-010,WBS-00435,CC-00086,2026-06-12,8.0,0.0,612.8,OnPrem-SQLServer
LC-00004137,PRJ-010,WBS-00435,CC-00087,2026-06-12,16.0,0.99,1083.74,OnPrem-SQLServer
LC-00004138,PRJ-010,WBS-00435,CC-00088,2026-05-01,8.0,0.0,264.72,OnPrem-SQLServer
LC-00004139,PRJ-010,WBS-00435,CC-00090,2026-07-31,8.0,0.0,241.6,OnPrem-SQLServer
LC-00004140,PRJ-010,WBS-00436,CC-00084,2026-07-24,8.0,0.0,604.08,OnPrem-SQLServer
LC-00004141,PRJ-010,WBS-00436,CC-00085,2026-05-22,8.0,0.0,425.6,OnPrem-SQLServer
LC-00004142,PRJ-010,WBS-00436,CC-00085,2026-06-05,8.0,0.0,542.72,OnPrem-SQLServer
LC-00004143,PRJ-010,WBS-00436,CC-00087,2026-06-05,8.0,0.0,612.8,OnPrem-SQLServer
LC-00004144,PRJ-010,WBS-00436,CC-00088,2026-05-22,8.0,0.0,264.72,OnPrem-SQLServer
LC-00004145,PRJ-010,WBS-00436,CC-00088,2026-06-26,8.0,0.0,397.92,OnPrem-SQLServer
LC-00004146,PRJ-010,WBS-00437,CC-00082,2026-07-10,8.0,0.0,425.6,OnPrem-SQLServer
LC-00004147,PRJ-010,WBS-00437,CC-00085,2026-06-12,8.0,0.0,397.92,OnPrem-SQLServer
LC-00004148,PRJ-010,WBS-00437,CC-00087,2026-05-08,8.0,1.35,680.1,OnPrem-SQLServer
LC-00004149,PRJ-010,WBS-00437,CC-00089,2026-06-12,8.0,0.0,612.8,OnPrem-SQLServer
LC-00004150,PRJ-010,WBS-00437,CC-00090,2026-07-03,8.0,0.0,404.56,OnPrem-SQLServer
LC-00004151,PRJ-010,WBS-00438,CC-00082,2026-06-19,8.0,0.0,425.6,OnPrem-SQLServer
LC-00004152,PRJ-010,WBS-00438,CC-00085,2026-07-10,8.0,0.0,604.08,OnPrem-SQLServer
LC-00004153,PRJ-010,WBS-00438,CC-00086,2026-06-05,8.0,0.0,604.08,OnPrem-SQLServer
LC-00004154,PRJ-010,WBS-00438,CC-00086,2026-06-12,8.0,1.11,729.8,OnPrem-SQLServer
LC-00004155,PRJ-010,WBS-00439,CC-00082,2026-06-05,8.0,0.0,241.6,OnPrem-SQLServer
LC-00004156,PRJ-010,WBS-00439,CC-00085,2026-07-24,8.0,1.06,510.19,OnPrem-SQLServer
LC-00004157,PRJ-010,WBS-00439,CC-00088,2026-07-03,8.0,0.0,604.08,OnPrem-SQLServer
LC-00004158,PRJ-010,WBS-00439,CC-00088,2026-07-10,8.0,0.57,471.09,OnPrem-SQLServer
LC-00004159,PRJ-010,WBS-00440,CC-00083,2026-06-05,8.0,0.0,404.56,OnPrem-SQLServer
LC-00004160,PRJ-010,WBS-00440,CC-00084,2026-07-17,8.0,0.0,612.8,OnPrem-SQLServer
LC-00004161,PRJ-010,WBS-00440,CC-00090,2026-06-12,8.0,0.0,612.8,OnPrem-SQLServer
LC-00004162,PRJ-010,WBS-00441,CC-00083,2026-05-22,8.0,1.13,876.23,OnPrem-SQLServer
LC-00004163,PRJ-010,WBS-00441,CC-00083,2026-07-10,8.0,0.59,602.76,OnPrem-SQLServer
LC-00004164,PRJ-010,WBS-00441,CC-00083,2026-07-24,8.0,0.0,542.72,OnPrem-SQLServer
LC-00004165,PRJ-010,WBS-00441,CC-00083,2026-07-31,8.0,0.0,404.56,OnPrem-SQLServer
LC-00004166,PRJ-010,WBS-00441,CC-00084,2026-06-19,8.0,0.0,604.08,OnPrem-SQLServer
LC-00004167,PRJ-010,WBS-00441,CC-00085,2026-05-29,8.0,0.0,542.72,OnPrem-SQLServer
LC-00004168,PRJ-010,WBS-00441,CC-00085,2026-06-05,8.0,0.0,612.8,OnPrem-SQLServer
LC-00004169,PRJ-010,WBS-00441,CC-00086,2026-06-12,8.0,0.0,264.72,OnPrem-SQLServer
LC-00004170,PRJ-010,WBS-00441,CC-00088,2026-05-29,8.0,0.0,264.72,OnPrem-SQLServer
LC-00004171,PRJ-010,WBS-00441,CC-00088,2026-06-19,8.0,0.74,687.9,OnPrem-SQLServer
LC-00004172,PRJ-010,WBS-00441,CC-00089,2026-05-15,8.0,0.0,264.72,OnPrem-SQLServer
LC-00004173,PRJ-010,WBS-00441,CC-00089,2026-07-17,8.0,0.0,404.56,OnPrem-SQLServer
LC-00004174,PRJ-010,WBS-00442,CC-00082,2026-06-19,8.0,0.0,604.08,OnPrem-SQLServer
LC-00004175,PRJ-010,WBS-00442,CC-00082,2026-07-24,8.0,0.0,542.72,OnPrem-SQLServer
LC-00004176,PRJ-010,WBS-00442,CC-00084,2026-05-15,8.0,0.0,425.6,OnPrem-SQLServer
LC-00004177,PRJ-010,WBS-00442,CC-00084,2026-07-31,8.0,0.0,542.72,OnPrem-SQLServer
LC-00004178,PRJ-010,WBS-00442,CC-00088,2026-06-12,8.0,0.0,256.48,OnPrem-SQLServer
LC-00004179,PRJ-010,WBS-00442,CC-00089,2026-05-29,8.0,0.0,241.6,OnPrem-SQLServer
LC-00004180,PRJ-010,WBS-00442,CC-00090,2026-04-24,8.0,0.0,542.72,OnPrem-SQLServer
LC-00004181,PRJ-010,WBS-00442,CC-00090,2026-07-24,8.0,0.0,264.72,OnPrem-SQLServer
LC-00004182,PRJ-010,WBS-00443,CC-00085,2026-06-19,8.0,0.0,241.6,OnPrem-SQLServer
LC-00004183,PRJ-010,WBS-00443,CC-00086,2026-06-26,8.0,0.0,439.76,OnPrem-SQLServer
LC-00004184,PRJ-010,WBS-00443,CC-00088,2026-06-12,16.0,0.62,915.9,OnPrem-SQLServer
LC-00004185,PRJ-010,WBS-00443,CC-00089,2026-06-26,8.0,0.0,425.6,OnPrem-SQLServer
LC-00004186,PRJ-010,WBS-00444,CC-00083,2026-07-31,8.0,0.0,557.84,OnPrem-SQLServer
LC-00004187,PRJ-010,WBS-00444,CC-00084,2026-05-22,8.0,0.0,425.6,OnPrem-SQLServer
LC-00004188,PRJ-010,WBS-00444,CC-00087,2026-06-26,8.0,0.0,542.72,OnPrem-SQLServer
LC-00004189,PRJ-010,WBS-00444,CC-00087,2026-07-31,8.0,0.0,542.72,OnPrem-SQLServer
LC-00004190,PRJ-010,WBS-00444,CC-00088,2026-05-01,8.0,0.0,264.72,OnPrem-SQLServer
LC-00004191,PRJ-010,WBS-00444,CC-00088,2026-06-19,8.0,0.0,622.32,OnPrem-SQLServer
LC-00004192,PRJ-010,WBS-00444,CC-00089,2026-06-12,8.0,0.8,465.24,OnPrem-SQLServer
LC-00004193,PRJ-010,WBS-00444,CC-00090,2026-05-01,8.0,0.0,542.72,OnPrem-SQLServer
LC-00004194,PRJ-010,WBS-00445,CC-00082,2026-07-10,8.0,0.0,594.48,OnPrem-SQLServer
LC-00004195,PRJ-010,WBS-00445,CC-00085,2026-05-22,8.0,0.0,542.72,OnPrem-SQLServer
LC-00004196,PRJ-010,WBS-00445,CC-00086,2026-04-24,8.0,0.0,264.72,OnPrem-SQLServer
LC-00004197,PRJ-010,WBS-00445,CC-00086,2026-07-10,8.0,0.0,594.48,OnPrem-SQLServer
LC-00004198,PRJ-010,WBS-00445,CC-00087,2026-05-22,8.0,0.0,264.72,OnPrem-SQLServer
LC-00004199,PRJ-010,WBS-00445,CC-00088,2026-07-10,8.0,0.0,542.72,OnPrem-SQLServer
LC-00004200,PRJ-010,WBS-00446,CC-00082,2026-07-17,8.0,0.0,404.56,OnPrem-SQLServer
LC-00004201,PRJ-010,WBS-00446,CC-00083,2026-07-31,8.0,0.0,542.72,OnPrem-SQLServer
LC-00004202,PRJ-010,WBS-00446,CC-00084,2026-06-12,8.0,0.0,241.6,OnPrem-SQLServer
LC-00004203,PRJ-010,WBS-00446,CC-00085,2026-07-24,8.0,0.95,284.63,OnPrem-SQLServer
LC-00004204,PRJ-010,WBS-00446,CC-00087,2026-07-17,8.0,0.0,241.6,OnPrem-SQLServer
LC-00004205,PRJ-010,WBS-00446,CC-00088,2026-06-26,8.0,1.29,328.75,OnPrem-SQLServer
LC-00004206,PRJ-010,WBS-00446,CC-00089,2026-06-26,8.0,0.0,404.56,OnPrem-SQLServer
LC-00004207,PRJ-010,WBS-00446,CC-00089,2026-07-24,8.0,0.0,397.92,OnPrem-SQLServer
LC-00004208,PRJ-010,WBS-00447,CC-00082,2026-06-19,8.0,0.0,542.72,OnPrem-SQLServer
LC-00004209,PRJ-010,WBS-00447,CC-00082,2026-07-31,8.0,0.0,612.8,OnPrem-SQLServer
LC-00004210,PRJ-010,WBS-00447,CC-00085,2026-06-19,8.0,0.0,241.6,OnPrem-SQLServer
LC-00004211,PRJ-010,WBS-00447,CC-00086,2026-05-29,8.0,0.74,301.45,OnPrem-SQLServer
LC-00004212,PRJ-010,WBS-00447,CC-00086,2026-06-26,8.0,0.0,404.56,OnPrem-SQLServer
LC-00004213,PRJ-010,WBS-00447,CC-00088,2026-07-03,8.0,0.0,241.6,OnPrem-SQLServer
LC-00004214,PRJ-010,WBS-00447,CC-00089,2026-06-26,8.0,0.0,425.6,OnPrem-SQLServer
LC-00004215,PRJ-010,WBS-00447,CC-00089,2026-07-31,8.0,0.0,542.72,OnPrem-SQLServer
LC-00004216,PRJ-010,WBS-00447,CC-00090,2026-05-22,8.0,0.0,723.04,OnPrem-SQLServer
LC-00004217,PRJ-010,WBS-00447,CC-00090,2026-06-05,8.0,0.0,404.56,OnPrem-SQLServer
LC-00004218,PRJ-010,WBS-00448,CC-00083,2026-07-31,8.0,0.0,425.6,OnPrem-SQLServer
LC-00004219,PRJ-010,WBS-00448,CC-00084,2026-06-26,8.0,0.0,439.76,OnPrem-SQLServer
LC-00004220,PRJ-010,WBS-00448,CC-00087,2026-05-01,8.0,1.15,659.74,OnPrem-SQLServer
LC-00004221,PRJ-010,WBS-00448,CC-00087,2026-06-05,8.0,0.0,604.08,OnPrem-SQLServer
LC-00004222,PRJ-010,WBS-00448,CC-00088,2026-06-19,8.0,0.0,542.72,OnPrem-SQLServer
LC-00004223,PRJ-010,WBS-00448,CC-00088,2026-07-10,8.0,0.0,425.6,OnPrem-SQLServer
LC-00004224,PRJ-010,WBS-00448,CC-00089,2026-06-26,8.0,0.0,454.4,OnPrem-SQLServer
LC-00004225,PRJ-010,WBS-00448,CC-00089,2026-07-24,8.0,0.0,241.6,OnPrem-SQLServer
LC-00004226,PRJ-010,WBS-00449,CC-00084,2026-07-24,8.0,0.0,425.6,OnPrem-SQLServer
LC-00004227,PRJ-010,WBS-00449,CC-00086,2026-06-12,8.0,0.0,264.72,OnPrem-SQLServer
LC-00004228,PRJ-010,WBS-00449,CC-00087,2026-05-29,8.0,0.0,414.72,OnPrem-SQLServer
LC-00004229,PRJ-010,WBS-00449,CC-00088,2026-06-12,8.0,0.0,397.92,OnPrem-SQLServer
LC-00004230,PRJ-010,WBS-00449,CC-00088,2026-06-19,8.0,0.0,425.6,OnPrem-SQLServer
LC-00004231,PRJ-010,WBS-00450,CC-00083,2026-07-03,16.0,1.82,992.64,OnPrem-SQLServer
LC-00004232,PRJ-010,WBS-00450,CC-00083,2026-07-24,8.0,0.0,264.72,OnPrem-SQLServer
LC-00004233,PRJ-010,WBS-00450,CC-00084,2026-06-05,8.0,0.0,241.6,OnPrem-SQLServer
LC-00004234,PRJ-010,WBS-00450,CC-00084,2026-06-26,8.0,0.0,386.32,OnPrem-SQLServer
LC-00004235,PRJ-010,WBS-00450,CC-00084,2026-07-24,16.0,1.85,1078.67,OnPrem-SQLServer
LC-00004236,PRJ-010,WBS-00450,CC-00087,2026-06-19,8.0,1.78,805.69,OnPrem-SQLServer
LC-00004237,PRJ-010,WBS-00451,CC-00082,2026-07-03,8.0,0.0,542.72,OnPrem-SQLServer
LC-00004238,PRJ-010,WBS-00451,CC-00088,2026-07-17,8.0,0.0,241.6,OnPrem-SQLServer
LC-00004239,PRJ-010,WBS-00452,CC-00083,2026-05-29,8.0,0.0,425.6,OnPrem-SQLServer
LC-00004240,PRJ-010,WBS-00452,CC-00085,2026-06-26,8.0,0.0,264.72,OnPrem-SQLServer
LC-00004241,PRJ-010,WBS-00452,CC-00086,2026-06-05,8.0,0.98,715.08,OnPrem-SQLServer
LC-00004242,PRJ-010,WBS-00452,CC-00087,2026-07-31,8.0,0.0,404.56,OnPrem-SQLServer
LC-00004243,PRJ-010,WBS-00452,CC-00088,2026-06-19,8.0,0.0,604.08,OnPrem-SQLServer
LC-00004244,PRJ-010,WBS-00452,CC-00088,2026-07-03,8.0,0.0,404.56,OnPrem-SQLServer
LC-00004245,PRJ-010,WBS-00452,CC-00088,2026-07-17,8.0,1.53,788.6,OnPrem-SQLServer
LC-00004246,PRJ-010,WBS-00452,CC-00090,2026-06-12,8.0,0.0,612.8,OnPrem-SQLServer
LC-00004247,PRJ-010,WBS-00452,CC-00090,2026-07-24,8.0,0.0,612.8,OnPrem-SQLServer
LC-00004248,PRJ-010,WBS-00453,CC-00082,2026-05-29,8.0,0.0,264.72,OnPrem-SQLServer
LC-00004249,PRJ-010,WBS-00453,CC-00083,2026-07-03,8.0,0.0,612.8,OnPrem-SQLServer
LC-00004250,PRJ-010,WBS-00453,CC-00085,2026-07-31,8.0,0.0,241.6,OnPrem-SQLServer
LC-00004251,PRJ-010,WBS-00453,CC-00090,2026-06-19,8.0,0.0,264.72,OnPrem-SQLServer
LC-00004252,PRJ-010,WBS-00454,CC-00083,2026-07-03,8.0,0.0,241.6,OnPrem-SQLServer
LC-00004253,PRJ-010,WBS-00454,CC-00084,2026-07-03,8.0,0.66,293.34,OnPrem-SQLServer
LC-00004254,PRJ-010,WBS-00454,CC-00085,2026-07-03,8.0,1.53,520.82,OnPrem-SQLServer
LC-00004255,PRJ-010,WBS-00454,CC-00086,2026-06-05,8.0,0.0,264.72,OnPrem-SQLServer
LC-00004256,PRJ-010,WBS-00454,CC-00087,2026-07-03,8.0,0.9,472.83,OnPrem-SQLServer
LC-00004257,PRJ-010,WBS-00454,CC-00088,2026-06-05,8.0,1.14,491.03,OnPrem-SQLServer
LC-00004258,PRJ-010,WBS-00455,CC-00082,2026-06-26,8.0,0.77,442.09,OnPrem-SQLServer
LC-00004259,PRJ-010,WBS-00455,CC-00086,2026-04-24,8.0,0.0,264.72,OnPrem-SQLServer
LC-00004260,PRJ-010,WBS-00455,CC-00089,2026-06-19,8.0,0.0,622.32,OnPrem-SQLServer
LC-00004261,PRJ-010,WBS-00455,CC-00089,2026-07-17,8.0,0.0,241.6,OnPrem-SQLServer
LC-00004262,PRJ-010,WBS-00455,CC-00090,2026-06-19,8.0,0.0,612.8,OnPrem-SQLServer
LC-00004263,PRJ-010,WBS-00455,CC-00090,2026-06-26,8.0,0.0,241.6,OnPrem-SQLServer
LC-00004264,PRJ-010,WBS-00455,CC-00090,2026-07-17,8.0,0.0,404.56,OnPrem-SQLServer
LC-00004265,PRJ-010,WBS-00456,CC-00083,2026-06-05,8.0,0.0,542.72,OnPrem-SQLServer
LC-00004266,PRJ-010,WBS-00456,CC-00083,2026-06-19,8.0,1.07,735.74,OnPrem-SQLServer
LC-00004267,PRJ-010,WBS-00456,CC-00083,2026-07-24,8.0,0.0,425.6,OnPrem-SQLServer
LC-00004268,PRJ-010,WBS-00456,CC-00088,2026-04-24,8.0,0.0,542.72,OnPrem-SQLServer
LC-00004269,PRJ-010,WBS-00456,CC-00088,2026-05-08,8.0,0.0,542.72,OnPrem-SQLServer
LC-00004270,PRJ-010,WBS-00456,CC-00088,2026-07-03,8.0,0.0,612.8,OnPrem-SQLServer
LC-00004271,PRJ-010,WBS-00456,CC-00089,2026-07-10,8.0,0.62,684.04,OnPrem-SQLServer
LC-00004272,PRJ-010,WBS-00457,CC-00083,2026-05-29,8.0,0.0,542.72,OnPrem-SQLServer
LC-00004273,PRJ-010,WBS-00457,CC-00083,2026-07-03,8.0,0.0,264.72,OnPrem-SQLServer
LC-00004274,PRJ-010,WBS-00457,CC-00084,2026-06-26,8.0,0.88,471.31,OnPrem-SQLServer
LC-00004275,PRJ-010,WBS-00457,CC-00085,2026-05-08,8.0,1.29,673.99,OnPrem-SQLServer
LC-00004276,PRJ-010,WBS-00457,CC-00088,2026-06-05,8.0,0.0,542.72,OnPrem-SQLServer
LC-00004277,PRJ-010,WBS-00458,CC-00082,2026-05-08,8.0,0.0,425.6,OnPrem-SQLServer
LC-00004278,PRJ-010,WBS-00458,CC-00082,2026-06-26,8.0,1.73,319.97,OnPrem-SQLServer
LC-00004279,PRJ-010,WBS-00458,CC-00083,2026-06-05,8.0,0.0,612.8,OnPrem-SQLServer
LC-00004280,PRJ-010,WBS-00458,CC-00089,2026-06-19,8.0,0.0,264.72,OnPrem-SQLServer
LC-00004281,PRJ-010,WBS-00458,CC-00089,2026-07-31,8.0,0.0,404.56,OnPrem-SQLServer
LC-00004282,PRJ-010,WBS-00459,CC-00082,2026-07-24,8.0,0.0,612.8,OnPrem-SQLServer
LC-00004283,PRJ-010,WBS-00459,CC-00085,2026-07-31,8.0,0.0,557.84,OnPrem-SQLServer
LC-00004284,PRJ-010,WBS-00459,CC-00086,2026-07-03,8.0,0.0,404.72,OnPrem-SQLServer
LC-00004285,PRJ-010,WBS-00459,CC-00086,2026-07-31,8.0,0.0,612.8,OnPrem-SQLServer
LC-00004286,PRJ-010,WBS-00459,CC-00087,2026-07-31,8.0,0.0,425.6,OnPrem-SQLServer
LC-00004287,PRJ-010,WBS-00460,CC-00083,2026-06-12,8.0,0.0,256.48,OnPrem-SQLServer
LC-00004288,PRJ-010,WBS-00460,CC-00083,2026-07-03,8.0,0.0,542.72,OnPrem-SQLServer
LC-00004289,PRJ-010,WBS-00460,CC-00084,2026-05-15,8.0,0.0,264.72,OnPrem-SQLServer
LC-00004290,PRJ-010,WBS-00460,CC-00085,2026-05-01,8.0,0.0,264.72,OnPrem-SQLServer
LC-00004291,PRJ-010,WBS-00460,CC-00085,2026-05-08,8.0,0.0,425.6,OnPrem-SQLServer
LC-00004292,PRJ-010,WBS-00460,CC-00085,2026-05-15,8.0,0.0,425.6,OnPrem-SQLServer
LC-00004293,PRJ-010,WBS-00460,CC-00088,2026-05-29,8.0,0.0,604.08,OnPrem-SQLServer
LC-00004294,PRJ-010,WBS-00460,CC-00088,2026-07-24,8.0,0.0,604.08,OnPrem-SQLServer
LC-00004295,PRJ-010,WBS-00460,CC-00089,2026-06-12,8.0,0.0,604.08,OnPrem-SQLServer
LC-00004296,PRJ-010,WBS-00461,CC-00083,2026-07-03,8.0,0.0,404.56,OnPrem-SQLServer
LC-00004297,PRJ-010,WBS-00461,CC-00090,2026-07-24,8.0,0.0,612.8,OnPrem-SQLServer
LC-00004298,PRJ-010,WBS-00462,CC-00083,2026-07-10,8.0,0.0,257.92,OnPrem-SQLServer
LC-00004299,PRJ-010,WBS-00462,CC-00085,2026-07-03,8.0,1.43,891.14,OnPrem-SQLServer
LC-00004300,PRJ-010,WBS-00462,CC-00087,2026-05-29,8.0,0.0,542.72,OnPrem-SQLServer
LC-00004301,PRJ-010,WBS-00462,CC-00087,2026-07-24,8.0,0.0,542.72,OnPrem-SQLServer
LC-00004302,PRJ-010,WBS-00462,CC-00089,2026-06-19,8.0,0.0,241.6,OnPrem-SQLServer
LC-00004303,PRJ-010,WBS-00462,CC-00089,2026-06-26,8.0,0.0,439.76,OnPrem-SQLServer
LC-00004304,PRJ-010,WBS-00462,CC-00089,2026-07-10,8.0,0.0,612.8,OnPrem-SQLServer
LC-00004305,PRJ-010,WBS-00462,CC-00090,2026-05-29,8.0,0.0,404.56,OnPrem-SQLServer
LC-00004306,PRJ-010,WBS-00462,CC-00090,2026-07-03,8.0,0.0,702.72,OnPrem-SQLServer
LC-00004307,PRJ-010,WBS-00463,CC-00084,2026-06-26,8.0,0.0,425.6,OnPrem-SQLServer
LC-00004308,PRJ-010,WBS-00463,CC-00084,2026-07-17,8.0,0.0,397.92,OnPrem-SQLServer
LC-00004309,PRJ-010,WBS-00463,CC-00085,2026-07-24,8.0,0.0,241.6,OnPrem-SQLServer
LC-00004310,PRJ-010,WBS-00463,CC-00087,2026-05-01,8.0,0.0,542.72,OnPrem-SQLServer
LC-00004311,PRJ-010,WBS-00463,CC-00089,2026-05-29,8.0,0.0,404.56,OnPrem-SQLServer
LC-00004312,PRJ-010,WBS-00463,CC-00090,2026-05-08,8.0,0.0,542.72,OnPrem-SQLServer
LC-00004313,PRJ-010,WBS-00463,CC-00090,2026-06-12,8.0,0.0,397.92,OnPrem-SQLServer
LC-00004314,PRJ-010,WBS-00463,CC-00090,2026-07-10,8.0,1.87,348.35,OnPrem-SQLServer
LC-00004315,PRJ-010,WBS-00464,CC-00082,2026-04-24,8.0,0.0,264.72,OnPrem-SQLServer
LC-00004316,PRJ-010,WBS-00464,CC-00083,2026-07-17,8.0,0.0,389.92,OnPrem-SQLServer
LC-00004317,PRJ-010,WBS-00464,CC-00084,2026-07-10,8.0,0.0,604.08,OnPrem-SQLServer
LC-00004318,PRJ-010,WBS-00464,CC-00085,2026-07-17,8.0,0.0,612.8,OnPrem-SQLServer
LC-00004319,PRJ-010,WBS-00464,CC-00086,2026-07-10,8.0,0.0,264.72,OnPrem-SQLServer
LC-00004320,PRJ-010,WBS-00464,CC-00088,2026-05-22,8.0,0.0,425.6,OnPrem-SQLServer
LC-00004321,PRJ-010,WBS-00464,CC-00089,2026-05-15,8.0,0.88,495.82,OnPrem-SQLServer
LC-00004322,PRJ-010,WBS-00464,CC-00090,2026-07-31,8.0,1.02,474.02,OnPrem-SQLServer
LC-00004323,PRJ-010,WBS-00465,CC-00082,2026-07-24,8.0,0.0,604.08,OnPrem-SQLServer
LC-00004324,PRJ-010,WBS-00465,CC-00085,2026-05-22,8.0,1.43,335.7,OnPrem-SQLServer
LC-00004325,PRJ-010,WBS-00465,CC-00087,2026-06-05,8.0,0.0,264.72,OnPrem-SQLServer
LC-00004326,PRJ-010,WBS-00465,CC-00089,2026-05-22,8.0,0.0,542.72,OnPrem-SQLServer
LC-00004327,PRJ-010,WBS-00465,CC-00089,2026-07-31,8.0,0.0,404.56,OnPrem-SQLServer
LC-00004328,PRJ-010,WBS-00466,CC-00082,2026-06-05,8.0,0.0,264.72,OnPrem-SQLServer
LC-00004329,PRJ-010,WBS-00466,CC-00082,2026-06-19,16.0,0.0,667.2,OnPrem-SQLServer
LC-00004330,PRJ-010,WBS-00466,CC-00082,2026-07-24,8.0,0.84,699.22,OnPrem-SQLServer
LC-00004331,PRJ-010,WBS-00466,CC-00083,2026-06-26,8.0,0.0,542.72,OnPrem-SQLServer
LC-00004332,PRJ-010,WBS-00466,CC-00085,2026-06-26,8.0,1.45,514.55,OnPrem-SQLServer
LC-00004333,PRJ-010,WBS-00466,CC-00087,2026-07-10,8.0,0.0,425.6,OnPrem-SQLServer
LC-00004334,PRJ-010,WBS-00466,CC-00087,2026-07-24,8.0,0.0,264.72,OnPrem-SQLServer
LC-00004335,PRJ-010,WBS-00467,CC-00083,2026-06-12,8.0,0.0,404.56,OnPrem-SQLServer
LC-00004336,PRJ-010,WBS-00467,CC-00083,2026-06-26,8.0,0.0,542.72,OnPrem-SQLServer
LC-00004337,PRJ-010,WBS-00467,CC-00086,2026-06-05,8.0,0.0,542.72,OnPrem-SQLServer
LC-00004338,PRJ-010,WBS-00467,CC-00087,2026-06-12,8.0,0.0,612.8,OnPrem-SQLServer
LC-00004339,PRJ-010,WBS-00467,CC-00088,2026-05-22,8.0,0.0,542.72,OnPrem-SQLServer
LC-00004340,PRJ-010,WBS-00467,CC-00088,2026-05-29,8.0,0.0,414.72,OnPrem-SQLServer
LC-00004341,PRJ-010,WBS-00467,CC-00089,2026-05-01,8.0,0.0,264.72,OnPrem-SQLServer
LC-00004342,PRJ-010,WBS-00467,CC-00089,2026-05-29,8.0,0.0,414.72,OnPrem-SQLServer
LC-00004343,PRJ-010,WBS-00467,CC-00090,2026-07-03,8.0,0.0,702.72,OnPrem-SQLServer
LC-00004344,PRJ-010,WBS-00468,CC-00084,2026-07-03,8.0,0.0,264.72,OnPrem-SQLServer
LC-00004345,PRJ-010,WBS-00468,CC-00085,2026-06-26,8.0,0.0,241.6,OnPrem-SQLServer
LC-00004346,PRJ-010,WBS-00468,CC-00086,2026-07-24,8.0,0.0,612.8,OnPrem-SQLServer
LC-00004347,PRJ-010,WBS-00468,CC-00087,2026-05-29,8.0,0.0,604.08,OnPrem-SQLServer
LC-00004348,PRJ-010,WBS-00468,CC-00087,2026-06-26,8.0,0.0,542.72,OnPrem-SQLServer
LC-00004349,PRJ-010,WBS-00468,CC-00087,2026-07-03,8.0,0.0,404.56,OnPrem-SQLServer
LC-00004350,PRJ-010,WBS-00468,CC-00088,2026-07-24,8.0,0.0,397.92,OnPrem-SQLServer
LC-00004351,PRJ-010,WBS-00468,CC-00090,2026-06-19,8.0,0.0,425.6,OnPrem-SQLServer
LC-00004352,PRJ-010,WBS-00469,CC-00082,2026-06-05,8.0,0.0,604.08,OnPrem-SQLServer
LC-00004353,PRJ-010,WBS-00469,CC-00082,2026-07-10,8.0,0.0,542.72,OnPrem-SQLServer
LC-00004354,PRJ-010,WBS-00469,CC-00082,2026-07-31,8.0,0.0,397.92,OnPrem-SQLServer
LC-00004355,PRJ-010,WBS-00469,CC-00085,2026-07-17,8.0,0.75,444.75,OnPrem-SQLServer
LC-00004356,PRJ-010,WBS-00469,CC-00087,2026-07-31,8.0,0.0,612.8,OnPrem-SQLServer
LC-00004357,PRJ-010,WBS-00469,CC-00088,2026-07-31,8.0,0.0,397.92,OnPrem-SQLServer
LC-00004358,PRJ-010,WBS-00470,CC-00082,2026-06-12,8.0,0.0,264.72,OnPrem-SQLServer
LC-00004359,PRJ-010,WBS-00470,CC-00082,2026-07-17,8.0,0.0,404.56,OnPrem-SQLServer
LC-00004360,PRJ-010,WBS-00470,CC-00083,2026-05-29,8.0,0.0,241.6,OnPrem-SQLServer
LC-00004361,PRJ-010,WBS-00470,CC-00083,2026-07-03,8.0,0.0,612.8,OnPrem-SQLServer
LC-00004362,PRJ-010,WBS-00470,CC-00085,2026-07-10,8.0,0.0,604.08,OnPrem-SQLServer
LC-00004363,PRJ-010,WBS-00470,CC-00086,2026-04-24,8.0,0.0,542.72,OnPrem-SQLServer
LC-00004364,PRJ-010,WBS-00470,CC-00086,2026-07-17,8.0,0.0,397.92,OnPrem-SQLServer
LC-00004365,PRJ-010,WBS-00470,CC-00087,2026-07-03,8.0,0.0,604.08,OnPrem-SQLServer
LC-00004366,PRJ-010,WBS-00471,CC-00082,2026-07-10,8.0,0.0,264.72,OnPrem-SQLServer
LC-00004367,PRJ-010,WBS-00471,CC-00084,2026-07-10,8.0,0.0,542.72,OnPrem-SQLServer
LC-00004368,PRJ-010,WBS-00471,CC-00084,2026-07-31,8.0,0.0,397.92,OnPrem-SQLServer
LC-00004369,PRJ-010,WBS-00471,CC-00085,2026-05-15,8.0,0.99,504.6,OnPrem-SQLServer
LC-00004370,PRJ-010,WBS-00471,CC-00085,2026-06-26,8.0,0.0,264.72,OnPrem-SQLServer
LC-00004371,PRJ-010,WBS-00471,CC-00086,2026-06-05,8.0,0.68,456.14,OnPrem-SQLServer
LC-00004372,PRJ-010,WBS-00471,CC-00086,2026-06-12,8.0,0.0,404.56,OnPrem-SQLServer
LC-00004373,PRJ-010,WBS-00471,CC-00086,2026-07-17,8.0,0.0,397.92,OnPrem-SQLServer
LC-00004374,PRJ-010,WBS-00471,CC-00087,2026-04-24,8.0,0.0,542.72,OnPrem-SQLServer
LC-00004375,PRJ-010,WBS-00471,CC-00089,2026-07-03,8.0,0.0,404.72,OnPrem-SQLServer
LC-00004376,PRJ-010,WBS-00472,CC-00085,2026-06-19,8.0,0.0,612.8,OnPrem-SQLServer
LC-00004377,PRJ-010,WBS-00472,CC-00085,2026-07-17,8.0,0.0,397.92,OnPrem-SQLServer
LC-00004378,PRJ-010,WBS-00472,CC-00086,2026-05-01,8.0,0.0,542.72,OnPrem-SQLServer
LC-00004379,PRJ-010,WBS-00472,CC-00089,2026-05-29,8.0,0.0,425.6,OnPrem-SQLServer
LC-00004380,PRJ-010,WBS-00473,CC-00082,2026-06-26,8.0,0.0,241.6,OnPrem-SQLServer
LC-00004381,PRJ-010,WBS-00473,CC-00082,2026-07-03,8.0,1.52,520.07,OnPrem-SQLServer
LC-00004382,PRJ-010,WBS-00473,CC-00086,2026-07-10,8.0,0.81,297.09,OnPrem-SQLServer
LC-00004383,PRJ-010,WBS-00473,CC-00086,2026-07-24,8.0,0.0,397.92,OnPrem-SQLServer
LC-00004384,PRJ-010,WBS-00473,CC-00087,2026-07-10,8.0,0.0,604.08,OnPrem-SQLServer
LC-00004385,PRJ-010,WBS-00473,CC-00088,2026-07-10,8.0,0.0,257.92,OnPrem-SQLServer
LC-00004386,PRJ-010,WBS-00473,CC-00089,2026-07-17,8.0,0.0,404.56,OnPrem-SQLServer
LC-00004387,PRJ-010,WBS-00473,CC-00090,2026-06-26,8.0,0.0,386.32,OnPrem-SQLServer
LC-00004388,PRJ-010,WBS-00474,CC-00082,2026-05-29,8.0,0.0,542.72,OnPrem-SQLServer
LC-00004389,PRJ-010,WBS-00474,CC-00082,2026-06-26,8.0,1.42,503.87,OnPrem-SQLServer
LC-00004390,PRJ-010,WBS-00474,CC-00083,2026-05-22,8.0,0.0,723.04,OnPrem-SQLServer
LC-00004391,PRJ-010,WBS-00474,CC-00084,2026-07-24,8.0,0.0,264.72,OnPrem-SQLServer
LC-00004392,PRJ-010,WBS-00474,CC-00085,2026-06-05,8.0,0.0,264.72,OnPrem-SQLServer
LC-00004393,PRJ-010,WBS-00474,CC-00088,2026-05-29,8.0,0.0,404.56,OnPrem-SQLServer
LC-00004394,PRJ-010,WBS-00474,CC-00089,2026-07-31,8.0,0.0,241.6,OnPrem-SQLServer
LC-00004395,PRJ-010,WBS-00474,CC-00090,2026-06-26,8.0,0.0,404.56,OnPrem-SQLServer
LC-00004396,PRJ-010,WBS-00474,CC-00090,2026-07-17,8.0,0.51,427.21,OnPrem-SQLServer
LC-00004397,PRJ-010,WBS-00475,CC-00084,2026-06-26,8.0,1.08,546.42,OnPrem-SQLServer
LC-00004398,PRJ-010,WBS-00475,CC-00084,2026-07-24,8.0,0.0,542.72,OnPrem-SQLServer
LC-00004399,PRJ-010,WBS-00475,CC-00085,2026-07-17,8.0,0.0,389.92,OnPrem-SQLServer
LC-00004400,PRJ-010,WBS-00475,CC-00086,2026-06-12,8.0,0.0,241.6,OnPrem-SQLServer
LC-00004401,PRJ-010,WBS-00475,CC-00090,2026-05-15,8.0,0.0,264.72,OnPrem-SQLServer
LC-00004402,PRJ-010,WBS-00476,CC-00083,2026-06-12,8.0,0.0,256.48,OnPrem-SQLServer
LC-00004403,PRJ-010,WBS-00476,CC-00086,2026-06-12,8.0,0.0,256.48,OnPrem-SQLServer
LC-00004404,PRJ-010,WBS-00476,CC-00087,2026-07-03,8.0,0.0,261.04,OnPrem-SQLServer
LC-00004405,PRJ-010,WBS-00476,CC-00088,2026-05-08,8.0,0.0,425.6,OnPrem-SQLServer
LC-00004406,PRJ-010,WBS-00476,CC-00089,2026-05-29,8.0,0.0,604.08,OnPrem-SQLServer
LC-00004407,PRJ-010,WBS-00477,CC-00083,2026-06-12,8.0,0.0,256.48,OnPrem-SQLServer
LC-00004408,PRJ-010,WBS-00477,CC-00085,2026-06-26,8.0,0.0,397.92,OnPrem-SQLServer
LC-00004409,PRJ-010,WBS-00477,CC-00086,2026-06-26,8.0,0.0,425.6,OnPrem-SQLServer
LC-00004410,PRJ-010,WBS-00477,CC-00089,2026-06-19,8.0,0.0,622.32,OnPrem-SQLServer
LC-00004411,PRJ-010,WBS-00478,CC-00082,2026-06-12,8.0,0.0,472.0,OnPrem-SQLServer
LC-00004412,PRJ-010,WBS-00478,CC-00083,2026-06-05,8.0,1.47,308.19,OnPrem-SQLServer
LC-00004413,PRJ-010,WBS-00478,CC-00088,2026-06-26,8.0,0.0,397.92,OnPrem-SQLServer
LC-00004414,PRJ-010,WBS-00478,CC-00088,2026-07-03,8.0,0.0,261.04,OnPrem-SQLServer
LC-00004415,PRJ-010,WBS-00478,CC-00088,2026-07-10,8.0,0.0,612.8,OnPrem-SQLServer
LC-00004416,PRJ-010,WBS-00478,CC-00089,2026-06-05,8.0,0.0,612.8,OnPrem-SQLServer
LC-00004417,PRJ-010,WBS-00479,CC-00082,2026-06-26,8.0,0.0,439.76,OnPrem-SQLServer
LC-00004418,PRJ-010,WBS-00479,CC-00084,2026-05-08,8.0,0.0,425.6,OnPrem-SQLServer
LC-00004419,PRJ-010,WBS-00479,CC-00084,2026-07-31,8.0,0.53,596.65,OnPrem-SQLServer
LC-00004420,PRJ-010,WBS-00479,CC-00087,2026-05-29,8.0,0.0,241.6,OnPrem-SQLServer
LC-00004421,PRJ-010,WBS-00479,CC-00087,2026-06-19,8.0,0.97,724.25,OnPrem-SQLServer
LC-00004422,PRJ-010,WBS-00479,CC-00088,2026-07-31,8.0,0.0,425.6,OnPrem-SQLServer
LC-00004423,PRJ-010,WBS-00479,CC-00090,2026-06-12,8.0,0.0,472.0,OnPrem-SQLServer
LC-00004424,PRJ-010,WBS-00479,CC-00090,2026-07-31,8.0,0.0,612.8,OnPrem-SQLServer
LC-00004425,PRJ-010,WBS-00480,CC-00083,2026-07-31,8.0,0.0,557.84,OnPrem-SQLServer
LC-00004426,PRJ-010,WBS-00480,CC-00090,2026-07-24,8.0,0.0,397.92,OnPrem-SQLServer
LC-00004427,PRJ-010,WBS-00481,CC-00085,2026-05-15,8.0,0.0,264.72,OnPrem-SQLServer
LC-00004428,PRJ-010,WBS-00481,CC-00086,2026-05-29,8.0,0.0,264.72,OnPrem-SQLServer
LC-00004429,PRJ-010,WBS-00481,CC-00087,2026-07-31,8.0,1.32,530.94,OnPrem-SQLServer
LC-00004430,PRJ-010,WBS-00482,CC-00082,2026-06-12,8.0,1.75,320.88,OnPrem-SQLServer
LC-00004431,PRJ-010,WBS-00482,CC-00085,2026-07-10,8.0,0.0,612.8,OnPrem-SQLServer
LC-00004432,PRJ-010,WBS-00482,CC-00087,2026-06-19,8.0,0.0,612.8,OnPrem-SQLServer
LC-00004433,PRJ-010,WBS-00482,CC-00087,2026-07-17,8.0,0.0,612.8,OnPrem-SQLServer
LC-00004434,PRJ-010,WBS-00482,CC-00089,2026-05-08,8.0,0.0,425.6,OnPrem-SQLServer
LC-00004435,PRJ-010,WBS-00483,CC-00082,2026-06-19,8.0,0.0,241.6,OnPrem-SQLServer
LC-00004436,PRJ-010,WBS-00483,CC-00085,2026-05-08,8.0,0.0,542.72,OnPrem-SQLServer
LC-00004437,PRJ-010,WBS-00483,CC-00085,2026-05-29,8.0,0.0,604.08,OnPrem-SQLServer
LC-00004438,PRJ-010,WBS-00483,CC-00085,2026-07-17,8.0,0.0,241.6,OnPrem-SQLServer
LC-00004439,PRJ-010,WBS-00483,CC-00087,2026-07-03,8.0,0.0,264.72,OnPrem-SQLServer
LC-00004440,PRJ-010,WBS-00483,CC-00088,2026-05-22,8.0,0.62,295.49,OnPrem-SQLServer
LC-00004441,PRJ-010,WBS-00483,CC-00089,2026-06-19,8.0,0.0,542.72,OnPrem-SQLServer
LC-00004442,PRJ-010,WBS-00483,CC-00089,2026-07-10,8.0,0.74,293.71,OnPrem-SQLServer
LC-00004443,PRJ-010,WBS-00483,CC-00090,2026-07-10,8.0,0.0,604.08,OnPrem-SQLServer
LC-00004444,PRJ-010,WBS-00484,CC-00082,2026-06-19,8.0,0.0,622.32,OnPrem-SQLServer
LC-00004445,PRJ-010,WBS-00484,CC-00084,2026-05-29,8.0,0.0,414.72,OnPrem-SQLServer
LC-00004446,PRJ-010,WBS-00484,CC-00084,2026-07-31,8.0,0.58,448.56,OnPrem-SQLServer
LC-00004447,PRJ-010,WBS-00484,CC-00087,2026-07-31,8.0,0.0,557.84,OnPrem-SQLServer
LC-00004448,PRJ-010,WBS-00484,CC-00088,2026-05-29,8.0,0.0,425.6,OnPrem-SQLServer
LC-00004449,PRJ-010,WBS-00484,CC-00089,2026-05-22,8.0,0.0,542.72,OnPrem-SQLServer
LC-00004450,PRJ-010,WBS-00484,CC-00090,2026-06-05,8.0,0.0,241.6,OnPrem-SQLServer
LC-00004451,PRJ-010,WBS-00485,CC-00082,2026-06-05,8.0,0.0,241.6,OnPrem-SQLServer
LC-00004452,PRJ-010,WBS-00485,CC-00082,2026-07-03,16.0,0.0,854.4,OnPrem-SQLServer
LC-00004453,PRJ-010,WBS-00485,CC-00083,2026-06-19,8.0,0.65,477.47,OnPrem-SQLServer
LC-00004454,PRJ-010,WBS-00485,CC-00083,2026-07-10,8.0,0.0,612.8,OnPrem-SQLServer
LC-00004455,PRJ-010,WBS-00485,CC-00084,2026-05-22,8.0,0.0,723.04,OnPrem-SQLServer
LC-00004456,PRJ-010,WBS-00485,CC-00084,2026-06-26,8.0,0.0,425.6,OnPrem-SQLServer
LC-00004457,PRJ-010,WBS-00485,CC-00085,2026-06-12,8.0,1.85,635.73,OnPrem-SQLServer
LC-00004458,PRJ-010,WBS-00485,CC-00088,2026-06-12,8.0,0.0,264.72,OnPrem-SQLServer
LC-00004459,PRJ-010,WBS-00485,CC-00089,2026-05-29,8.0,1.35,533.33,OnPrem-SQLServer
LC-00004460,PRJ-010,WBS-00486,CC-00082,2026-06-26,8.0,0.0,241.6,OnPrem-SQLServer
LC-00004461,PRJ-010,WBS-00486,CC-00083,2026-07-10,8.0,0.0,264.72,OnPrem-SQLServer
LC-00004462,PRJ-010,WBS-00486,CC-00083,2026-07-31,8.0,0.0,241.6,OnPrem-SQLServer
LC-00004463,PRJ-010,WBS-00486,CC-00086,2026-07-10,8.0,0.0,264.72,OnPrem-SQLServer
LC-00004464,PRJ-010,WBS-00486,CC-00087,2026-05-22,8.0,0.0,542.72,OnPrem-SQLServer
LC-00004465,PRJ-010,WBS-00486,CC-00088,2026-07-03,8.0,0.0,261.04,OnPrem-SQLServer
LC-00004466,PRJ-011,WBS-00487,CC-00094,2026-06-26,8.0,0.78,299.22,OnPrem-SQLServer
LC-00004467,PRJ-011,WBS-00487,CC-00096,2026-05-29,8.0,0.0,239.44,OnPrem-SQLServer
LC-00004468,PRJ-011,WBS-00487,CC-00097,2026-07-24,8.0,0.0,629.76,OnPrem-SQLServer
LC-00004469,PRJ-011,WBS-00487,CC-00098,2026-06-26,8.0,0.0,470.88,OnPrem-SQLServer
LC-00004470,PRJ-011,WBS-00488,CC-00091,2026-07-17,8.0,0.0,629.76,OnPrem-SQLServer
LC-00004471,PRJ-011,WBS-00488,CC-00092,2026-07-31,8.0,0.0,590.88,OnPrem-SQLServer
LC-00004472,PRJ-011,WBS-00488,CC-00094,2026-07-31,8.0,0.0,453.12,OnPrem-SQLServer
LC-00004473,PRJ-011,WBS-00488,CC-00095,2026-07-03,8.0,0.0,590.88,OnPrem-SQLServer
LC-00004474,PRJ-011,WBS-00488,CC-00096,2026-06-19,8.0,0.0,239.44,OnPrem-SQLServer
LC-00004475,PRJ-011,WBS-00488,CC-00097,2026-06-05,8.0,0.0,474.48,OnPrem-SQLServer
LC-00004476,PRJ-011,WBS-00489,CC-00091,2026-05-22,8.0,0.0,261.04,OnPrem-SQLServer
LC-00004477,PRJ-011,WBS-00489,CC-00093,2026-07-03,8.0,0.0,590.88,OnPrem-SQLServer
LC-00004478,PRJ-011,WBS-00490,CC-00095,2026-06-12,8.0,0.0,261.04,OnPrem-SQLServer
LC-00004479,PRJ-011,WBS-00490,CC-00097,2026-07-31,8.0,0.0,239.44,OnPrem-SQLServer
LC-00004480,PRJ-011,WBS-00491,CC-00095,2026-07-17,8.0,0.0,239.44,OnPrem-SQLServer
LC-00004481,PRJ-011,WBS-00491,CC-00095,2026-07-31,8.0,0.0,261.04,OnPrem-SQLServer
LC-00004482,PRJ-011,WBS-00492,CC-00095,2026-04-17,8.0,0.0,470.88,OnPrem-SQLServer
LC-00004483,PRJ-011,WBS-00492,CC-00095,2026-05-15,8.0,0.0,279.84,OnPrem-SQLServer
LC-00004484,PRJ-011,WBS-00492,CC-00095,2026-07-17,8.0,0.0,629.76,OnPrem-SQLServer
LC-00004485,PRJ-011,WBS-00492,CC-00095,2026-07-31,8.0,0.92,511.4,OnPrem-SQLServer
LC-00004486,PRJ-011,WBS-00492,CC-00096,2026-04-17,8.0,0.0,470.88,OnPrem-SQLServer
LC-00004487,PRJ-011,WBS-00492,CC-00096,2026-05-08,8.0,0.0,470.88,OnPrem-SQLServer
LC-00004488,PRJ-011,WBS-00492,CC-00096,2026-07-31,8.0,0.0,261.04,OnPrem-SQLServer
LC-00004489,PRJ-011,WBS-00492,CC-00097,2026-07-31,8.0,0.57,482.77,OnPrem-SQLServer
LC-00004490,PRJ-011,WBS-00492,CC-00099,2026-07-24,8.0,0.0,452.8,OnPrem-SQLServer
LC-00004491,PRJ-011,WBS-00493,CC-00093,2026-07-24,8.0,0.0,452.8,OnPrem-SQLServer
LC-00004492,PRJ-011,WBS-00494,CC-00092,2026-06-05,8.0,0.0,261.04,OnPrem-SQLServer
LC-00004493,PRJ-011,WBS-00494,CC-00094,2026-07-03,8.0,0.0,239.44,OnPrem-SQLServer
LC-00004494,PRJ-011,WBS-00494,CC-00095,2026-06-12,8.0,0.0,590.88,OnPrem-SQLServer
LC-00004495,PRJ-011,WBS-00494,CC-00096,2026-05-01,8.0,0.0,470.88,OnPrem-SQLServer
LC-00004496,PRJ-011,WBS-00494,CC-00098,2026-07-24,8.0,0.0,468.16,OnPrem-SQLServer
LC-00004497,PRJ-011,WBS-00494,CC-00098,2026-07-31,8.0,0.0,279.92,OnPrem-SQLServer
LC-00004498,PRJ-011,WBS-00495,CC-00091,2026-07-24,8.0,0.0,468.16,OnPrem-SQLServer
LC-00004499,PRJ-011,WBS-00495,CC-00093,2026-07-31,8.0,0.0,629.76,OnPrem-SQLServer
LC-00004500,PRJ-011,WBS-00495,CC-00094,2026-07-03,8.0,0.0,239.44,OnPrem-SQLServer
LC-00004501,PRJ-011,WBS-00495,CC-00097,2026-05-01,8.0,0.0,470.88,OnPrem-SQLServer
LC-00004502,PRJ-011,WBS-00496,CC-00092,2026-06-05,8.0,0.0,261.04,OnPrem-SQLServer
LC-00004503,PRJ-011,WBS-00496,CC-00092,2026-07-17,8.0,1.57,815.15,OnPrem-SQLServer
LC-00004504,PRJ-011,WBS-00496,CC-00095,2026-06-19,8.0,0.0,590.88,OnPrem-SQLServer
LC-00004505,PRJ-011,WBS-00496,CC-00099,2026-07-17,8.0,0.0,702.72,OnPrem-SQLServer
LC-00004506,PRJ-011,WBS-00497,CC-00091,2026-07-17,8.0,1.96,327.43,OnPrem-SQLServer
LC-00004507,PRJ-011,WBS-00497,CC-00092,2026-06-26,8.0,0.0,239.44,OnPrem-SQLServer
LC-00004508,PRJ-011,WBS-00497,CC-00093,2026-06-26,8.0,0.0,239.44,OnPrem-SQLServer
LC-00004509,PRJ-011,WBS-00497,CC-00094,2026-07-17,8.0,0.0,239.44,OnPrem-SQLServer
LC-00004510,PRJ-011,WBS-00497,CC-00098,2026-05-01,8.0,0.0,470.88,OnPrem-SQLServer
LC-00004511,PRJ-011,WBS-00498,CC-00099,2026-05-08,8.0,1.11,568.88,OnPrem-SQLServer
LC-00004512,PRJ-011,WBS-00499,CC-00092,2026-06-05,8.0,0.0,474.48,OnPrem-SQLServer
LC-00004513,PRJ-011,WBS-00499,CC-00093,2026-07-31,8.0,0.0,239.44,OnPrem-SQLServer
LC-00004514,PRJ-011,WBS-00499,CC-00098,2026-06-26,8.0,0.0,289.84,OnPrem-SQLServer
LC-00004515,PRJ-011,WBS-00500,CC-00093,2026-05-15,8.0,0.0,470.88,OnPrem-SQLServer
LC-00004516,PRJ-011,WBS-00500,CC-00094,2026-07-31,8.0,0.0,629.76,OnPrem-SQLServer
LC-00004517,PRJ-011,WBS-00500,CC-00095,2026-04-17,8.0,0.0,470.88,OnPrem-SQLServer
LC-00004518,PRJ-011,WBS-00500,CC-00096,2026-05-22,8.0,0.0,261.04,OnPrem-SQLServer
LC-00004519,PRJ-011,WBS-00500,CC-00097,2026-06-19,8.0,0.0,590.88,OnPrem-SQLServer
LC-00004520,PRJ-011,WBS-00500,CC-00097,2026-07-31,8.0,0.0,261.04,OnPrem-SQLServer
LC-00004521,PRJ-011,WBS-00501,CC-00092,2026-04-24,8.0,0.0,470.88,OnPrem-SQLServer
LC-00004522,PRJ-011,WBS-00501,CC-00092,2026-06-26,8.0,0.0,239.44,OnPrem-SQLServer
LC-00004523,PRJ-011,WBS-00501,CC-00093,2026-06-12,8.0,1.79,319.8,OnPrem-SQLServer
LC-00004524,PRJ-011,WBS-00501,CC-00093,2026-07-17,8.0,0.0,239.44,OnPrem-SQLServer
LC-00004525,PRJ-011,WBS-00501,CC-00095,2026-07-17,8.0,1.41,968.92,OnPrem-SQLServer
LC-00004526,PRJ-011,WBS-00502,CC-00093,2026-05-29,8.0,0.0,470.88,OnPrem-SQLServer
LC-00004527,PRJ-011,WBS-00502,CC-00094,2026-05-22,8.0,0.0,261.04,OnPrem-SQLServer
LC-00004528,PRJ-011,WBS-00502,CC-00094,2026-06-12,8.0,0.0,261.04,OnPrem-SQLServer
LC-00004529,PRJ-011,WBS-00502,CC-00095,2026-06-26,8.0,0.0,470.88,OnPrem-SQLServer
LC-00004530,PRJ-011,WBS-00502,CC-00096,2026-07-17,8.0,0.0,590.88,OnPrem-SQLServer
LC-00004531,PRJ-011,WBS-00502,CC-00097,2026-07-24,8.0,0.0,452.8,OnPrem-SQLServer
LC-00004532,PRJ-011,WBS-00502,CC-00099,2026-06-26,8.0,1.75,318.01,OnPrem-SQLServer
LC-00004533,PRJ-011,WBS-00503,CC-00095,2026-07-31,16.0,0.0,1061.76,OnPrem-SQLServer
LC-00004534,PRJ-011,WBS-00504,CC-00093,2026-06-26,8.0,0.0,470.88,OnPrem-SQLServer
LC-00004535,PRJ-011,WBS-00504,CC-00096,2026-06-05,8.0,0.0,470.88,OnPrem-SQLServer
LC-00004536,PRJ-011,WBS-00504,CC-00096,2026-07-31,8.0,0.0,470.88,OnPrem-SQLServer
LC-00004537,PRJ-011,WBS-00504,CC-00098,2026-07-31,8.0,0.0,279.92,OnPrem-SQLServer
LC-00004538,PRJ-011,WBS-00504,CC-00099,2026-06-05,8.0,1.09,567.12,OnPrem-SQLServer
LC-00004539,PRJ-011,WBS-00504,CC-00099,2026-07-03,8.0,0.0,590.88,OnPrem-SQLServer
LC-00004540,PRJ-011,WBS-00504,CC-00099,2026-07-31,8.0,0.0,470.88,OnPrem-SQLServer
LC-00004541,PRJ-011,WBS-00505,CC-00098,2026-06-12,8.0,0.0,239.44,OnPrem-SQLServer
LC-00004542,PRJ-011,WBS-00506,CC-00094,2026-05-22,8.0,0.0,261.04,OnPrem-SQLServer
LC-00004543,PRJ-011,WBS-00506,CC-00095,2026-07-03,8.0,0.0,239.44,OnPrem-SQLServer
LC-00004544,PRJ-011,WBS-00506,CC-00096,2026-07-03,8.0,0.0,239.44,OnPrem-SQLServer
LC-00004545,PRJ-011,WBS-00506,CC-00098,2026-07-24,8.0,0.0,590.88,OnPrem-SQLServer
LC-00004546,PRJ-011,WBS-00507,CC-00091,2026-07-24,8.0,0.0,590.88,OnPrem-SQLServer
LC-00004547,PRJ-011,WBS-00507,CC-00097,2026-06-26,8.0,0.0,629.76,OnPrem-SQLServer
LC-00004548,PRJ-011,WBS-00507,CC-00097,2026-07-24,8.0,0.0,629.76,OnPrem-SQLServer
LC-00004549,PRJ-011,WBS-00508,CC-00093,2026-07-24,8.0,0.0,468.16,OnPrem-SQLServer
LC-00004550,PRJ-011,WBS-00508,CC-00094,2026-06-26,8.0,0.0,261.04,OnPrem-SQLServer
LC-00004551,PRJ-011,WBS-00508,CC-00099,2026-06-26,8.0,0.0,590.88,OnPrem-SQLServer
LC-00004552,PRJ-011,WBS-00509,CC-00093,2026-05-08,8.0,0.0,470.88,OnPrem-SQLServer
LC-00004553,PRJ-011,WBS-00509,CC-00094,2026-06-19,8.0,0.0,629.76,OnPrem-SQLServer
LC-00004554,PRJ-011,WBS-00509,CC-00094,2026-07-17,8.0,0.0,239.44,OnPrem-SQLServer
LC-00004555,PRJ-011,WBS-00509,CC-00097,2026-06-05,8.0,1.38,328.58,OnPrem-SQLServer
LC-00004556,PRJ-011,WBS-00509,CC-00097,2026-07-03,8.0,0.0,590.88,OnPrem-SQLServer
LC-00004557,PRJ-011,WBS-00509,CC-00098,2026-07-24,8.0,0.52,691.16,OnPrem-SQLServer
LC-00004558,PRJ-011,WBS-00510,CC-00091,2026-07-03,8.0,0.0,629.76,OnPrem-SQLServer
LC-00004559,PRJ-011,WBS-00510,CC-00093,2026-06-05,8.0,0.0,239.44,OnPrem-SQLServer
LC-00004560,PRJ-011,WBS-00510,CC-00094,2026-06-19,8.0,0.0,629.76,OnPrem-SQLServer
LC-00004561,PRJ-011,WBS-00510,CC-00094,2026-06-26,8.0,1.75,836.4,OnPrem-SQLServer
LC-00004562,PRJ-011,WBS-00510,CC-00095,2026-07-31,8.0,0.0,436.16,OnPrem-SQLServer
LC-00004563,PRJ-011,WBS-00510,CC-00096,2026-04-24,8.0,0.0,470.88,OnPrem-SQLServer
LC-00004564,PRJ-011,WBS-00510,CC-00096,2026-06-26,8.0,0.0,289.84,OnPrem-SQLServer
LC-00004565,PRJ-011,WBS-00510,CC-00099,2026-06-12,8.0,0.0,239.44,OnPrem-SQLServer
LC-00004566,PRJ-011,WBS-00511,CC-00092,2026-06-12,16.0,0.0,851.92,OnPrem-SQLServer
LC-00004567,PRJ-011,WBS-00511,CC-00092,2026-06-19,8.0,0.0,239.44,OnPrem-SQLServer
LC-00004568,PRJ-011,WBS-00511,CC-00092,2026-07-24,8.0,0.0,590.88,OnPrem-SQLServer
LC-00004569,PRJ-011,WBS-00511,CC-00095,2026-06-26,8.0,1.59,376.25,OnPrem-SQLServer
LC-00004570,PRJ-011,WBS-00511,CC-00096,2026-07-24,8.0,0.0,629.76,OnPrem-SQLServer
LC-00004571,PRJ-011,WBS-00511,CC-00097,2026-05-22,8.0,0.0,261.04,OnPrem-SQLServer
LC-00004572,PRJ-011,WBS-00512,CC-00092,2026-05-29,8.0,1.83,632.45,OnPrem-SQLServer
LC-00004573,PRJ-011,WBS-00512,CC-00093,2026-06-26,8.0,0.0,629.76,OnPrem-SQLServer
LC-00004574,PRJ-011,WBS-00512,CC-00093,2026-07-24,8.0,0.54,263.68,OnPrem-SQLServer
LC-00004575,PRJ-011,WBS-00512,CC-00094,2026-07-03,8.0,0.0,629.76,OnPrem-SQLServer
LC-00004576,PRJ-011,WBS-00512,CC-00096,2026-04-17,8.0,0.0,470.88,OnPrem-SQLServer
LC-00004577,PRJ-011,WBS-00512,CC-00098,2026-06-26,8.0,0.0,590.88,OnPrem-SQLServer
LC-00004578,PRJ-011,WBS-00513,CC-00094,2026-07-03,8.0,0.0,629.76,OnPrem-SQLServer
LC-00004579,PRJ-011,WBS-00513,CC-00095,2026-06-26,8.0,1.03,345.82,OnPrem-SQLServer
LC-00004580,PRJ-011,WBS-00513,CC-00098,2026-06-26,8.0,0.0,261.04,OnPrem-SQLServer
LC-00004581,PRJ-011,WBS-00514,CC-00093,2026-06-05,8.0,0.0,239.44,OnPrem-SQLServer
LC-00004582,PRJ-011,WBS-00514,CC-00095,2026-06-05,8.0,0.0,239.44,OnPrem-SQLServer
LC-00004583,PRJ-011,WBS-00514,CC-00099,2026-07-31,16.0,0.0,692.56,OnPrem-SQLServer
LC-00004584,PRJ-011,WBS-00515,CC-00091,2026-06-26,8.0,0.0,289.84,OnPrem-SQLServer
LC-00004585,PRJ-011,WBS-00515,CC-00092,2026-06-26,8.0,0.0,590.88,OnPrem-SQLServer
LC-00004586,PRJ-011,WBS-00515,CC-00093,2026-04-17,8.0,0.0,470.88,OnPrem-SQLServer
LC-00004587,PRJ-011,WBS-00515,CC-00093,2026-07-17,8.0,0.0,470.88,OnPrem-SQLServer
LC-00004588,PRJ-011,WBS-00515,CC-00095,2026-07-03,8.0,0.0,239.44,OnPrem-SQLServer
LC-00004589,PRJ-011,WBS-00515,CC-00097,2026-07-17,8.0,0.0,702.72,OnPrem-SQLServer
LC-00004590,PRJ-011,WBS-00516,CC-00093,2026-07-10,8.0,0.0,261.04,OnPrem-SQLServer
LC-00004591,PRJ-011,WBS-00516,CC-00093,2026-07-24,8.0,1.59,310.82,OnPrem-SQLServer
LC-00004592,PRJ-011,WBS-00516,CC-00093,2026-07-31,8.0,0.0,590.88,OnPrem-SQLServer
LC-00004593,PRJ-011,WBS-00517,CC-00091,2026-07-03,8.0,0.0,629.76,OnPrem-SQLServer
LC-00004594,PRJ-011,WBS-00517,CC-00096,2026-07-10,8.0,0.0,261.04,OnPrem-SQLServer
LC-00004595,PRJ-011,WBS-00517,CC-00097,2026-07-03,8.0,0.0,629.76,OnPrem-SQLServer
LC-00004596,PRJ-011,WBS-00517,CC-00098,2026-07-17,8.0,0.0,470.88,OnPrem-SQLServer
LC-00004597,PRJ-011,WBS-00517,CC-00099,2026-06-26,8.0,0.0,470.88,OnPrem-SQLServer
LC-00004598,PRJ-011,WBS-00518,CC-00091,2026-07-17,8.0,0.0,590.88,OnPrem-SQLServer
LC-00004599,PRJ-011,WBS-00518,CC-00096,2026-06-05,8.0,0.0,239.44,OnPrem-SQLServer
LC-00004600,PRJ-011,WBS-00518,CC-00096,2026-06-19,8.0,0.0,239.44,OnPrem-SQLServer
LC-00004601,PRJ-011,WBS-00519,CC-00091,2026-07-31,8.0,0.0,470.88,OnPrem-SQLServer
LC-00004602,PRJ-011,WBS-00519,CC-00094,2026-06-19,8.0,0.0,629.76,OnPrem-SQLServer
LC-00004603,PRJ-011,WBS-00519,CC-00096,2026-04-24,8.0,0.0,470.88,OnPrem-SQLServer
LC-00004604,PRJ-011,WBS-00519,CC-00096,2026-06-26,8.0,0.0,590.88,OnPrem-SQLServer
LC-00004605,PRJ-011,WBS-00520,CC-00093,2026-05-01,8.0,0.0,470.88,OnPrem-SQLServer
LC-00004606,PRJ-011,WBS-00520,CC-00094,2026-07-17,8.0,0.0,702.72,OnPrem-SQLServer
LC-00004607,PRJ-011,WBS-00520,CC-00094,2026-07-24,8.0,0.0,629.76,OnPrem-SQLServer
LC-00004608,PRJ-011,WBS-00520,CC-00097,2026-07-17,8.0,1.09,758.47,OnPrem-SQLServer
LC-00004609,PRJ-011,WBS-00520,CC-00097,2026-07-24,8.0,1.61,311.72,OnPrem-SQLServer
LC-00004610,PRJ-011,WBS-00521,CC-00094,2026-07-10,8.0,0.0,261.04,OnPrem-SQLServer
LC-00004611,PRJ-011,WBS-00521,CC-00097,2026-07-31,8.0,0.0,239.44,OnPrem-SQLServer
LC-00004612,PRJ-011,WBS-00521,CC-00099,2026-07-17,8.0,0.0,590.88,OnPrem-SQLServer
LC-00004613,PRJ-011,WBS-00522,CC-00091,2026-05-15,8.0,0.0,279.84,OnPrem-SQLServer
LC-00004614,PRJ-011,WBS-00522,CC-00095,2026-07-24,8.0,0.0,452.8,OnPrem-SQLServer
LC-00004615,PRJ-011,WBS-00522,CC-00096,2026-06-19,8.0,1.95,806.92,OnPrem-SQLServer
LC-00004616,PRJ-011,WBS-00522,CC-00098,2026-05-29,8.0,0.0,470.88,OnPrem-SQLServer
LC-00004617,PRJ-011,WBS-00522,CC-00098,2026-06-12,8.0,0.0,590.88,OnPrem-SQLServer
LC-00004618,PRJ-011,WBS-00522,CC-00098,2026-06-19,8.0,1.03,285.68,OnPrem-SQLServer
LC-00004619,PRJ-011,WBS-00523,CC-00091,2026-07-31,8.0,1.17,318.31,OnPrem-SQLServer
LC-00004620,PRJ-011,WBS-00523,CC-00092,2026-06-12,8.0,0.0,590.88,OnPrem-SQLServer
LC-00004621,PRJ-011,WBS-00523,CC-00093,2026-07-17,8.0,0.0,470.88,OnPrem-SQLServer
LC-00004622,PRJ-011,WBS-00523,CC-00095,2026-07-31,8.0,0.0,279.92,OnPrem-SQLServer
LC-00004623,PRJ-011,WBS-00523,CC-00098,2026-05-15,8.0,0.0,470.88,OnPrem-SQLServer
LC-00004624,PRJ-011,WBS-00524,CC-00092,2026-07-17,16.0,1.68,1478.59,OnPrem-SQLServer
LC-00004625,PRJ-011,WBS-00524,CC-00095,2026-07-17,8.0,0.0,702.72,OnPrem-SQLServer
LC-00004626,PRJ-011,WBS-00524,CC-00097,2026-07-31,8.0,0.0,590.88,OnPrem-SQLServer
LC-00004627,PRJ-011,WBS-00525,CC-00092,2026-06-19,8.0,0.0,590.88,OnPrem-SQLServer
LC-00004628,PRJ-011,WBS-00525,CC-00092,2026-07-17,8.0,0.0,702.72,OnPrem-SQLServer
LC-00004629,PRJ-011,WBS-00525,CC-00093,2026-05-29,8.0,0.0,470.88,OnPrem-SQLServer
LC-00004630,PRJ-011,WBS-00525,CC-00093,2026-07-17,8.0,1.83,845.85,OnPrem-SQLServer
LC-00004631,PRJ-011,WBS-00525,CC-00096,2026-07-31,8.0,0.0,453.12,OnPrem-SQLServer
LC-00004632,PRJ-011,WBS-00526,CC-00093,2026-07-31,8.0,0.0,629.76,OnPrem-SQLServer
LC-00004633,PRJ-011,WBS-00526,CC-00095,2026-07-31,8.0,0.0,261.04,OnPrem-SQLServer
LC-00004634,PRJ-011,WBS-00526,CC-00096,2026-07-24,8.0,0.0,239.44,OnPrem-SQLServer
LC-00004635,PRJ-011,WBS-00526,CC-00097,2026-06-12,8.0,0.0,261.04,OnPrem-SQLServer
LC-00004636,PRJ-011,WBS-00526,CC-00098,2026-06-26,8.0,0.0,590.88,OnPrem-SQLServer
LC-00004637,PRJ-011,WBS-00527,CC-00093,2026-04-24,8.0,0.0,470.88,OnPrem-SQLServer
LC-00004638,PRJ-011,WBS-00527,CC-00094,2026-05-08,8.0,0.0,470.88,OnPrem-SQLServer
LC-00004639,PRJ-011,WBS-00527,CC-00094,2026-06-05,8.0,0.0,470.88,OnPrem-SQLServer
LC-00004640,PRJ-011,WBS-00527,CC-00094,2026-06-12,8.0,1.61,339.84,OnPrem-SQLServer
LC-00004641,PRJ-011,WBS-00527,CC-00098,2026-06-05,8.0,0.0,470.88,OnPrem-SQLServer
LC-00004642,PRJ-011,WBS-00527,CC-00099,2026-07-31,8.0,0.0,279.92,OnPrem-SQLServer
LC-00004643,PRJ-011,WBS-00528,CC-00091,2026-07-17,8.0,0.0,766.32,OnPrem-SQLServer
LC-00004644,PRJ-011,WBS-00528,CC-00092,2026-07-31,8.0,1.51,604.2,OnPrem-SQLServer
LC-00004645,PRJ-011,WBS-00528,CC-00096,2026-06-26,8.0,0.0,261.04,OnPrem-SQLServer
LC-00004646,PRJ-011,WBS-00528,CC-00097,2026-05-29,8.0,0.81,275.8,OnPrem-SQLServer
LC-00004647,PRJ-011,WBS-00528,CC-00099,2026-06-05,8.0,1.49,607.04,OnPrem-SQLServer
LC-00004648,PRJ-011,WBS-00529,CC-00092,2026-07-24,8.0,0.0,239.44,OnPrem-SQLServer
LC-00004649,PRJ-011,WBS-00529,CC-00096,2026-06-26,8.0,0.0,629.76,OnPrem-SQLServer
LC-00004650,PRJ-011,WBS-00529,CC-00099,2026-06-05,8.0,0.0,470.88,OnPrem-SQLServer
LC-00004651,PRJ-011,WBS-00530,CC-00091,2026-07-10,8.0,1.63,340.82,OnPrem-SQLServer
LC-00004652,PRJ-011,WBS-00530,CC-00092,2026-07-03,8.0,0.0,590.88,OnPrem-SQLServer
LC-00004653,PRJ-011,WBS-00530,CC-00093,2026-07-17,8.0,0.0,590.88,OnPrem-SQLServer
LC-00004654,PRJ-011,WBS-00531,CC-00091,2026-05-29,8.0,0.0,239.44,OnPrem-SQLServer
LC-00004655,PRJ-011,WBS-00531,CC-00098,2026-07-31,8.0,0.0,436.16,OnPrem-SQLServer
LC-00004656,PRJ-011,WBS-00532,CC-00091,2026-07-17,16.0,0.0,1237.2,OnPrem-SQLServer
LC-00004657,PRJ-011,WBS-00532,CC-00097,2026-06-19,8.0,0.0,590.88,OnPrem-SQLServer
LC-00004658,PRJ-011,WBS-00532,CC-00098,2026-05-01,8.0,0.0,470.88,OnPrem-SQLServer
LC-00004659,PRJ-011,WBS-00533,CC-00092,2026-06-26,8.0,0.0,629.76,OnPrem-SQLServer
LC-00004660,PRJ-011,WBS-00533,CC-00093,2026-06-05,8.0,0.0,239.44,OnPrem-SQLServer
LC-00004661,PRJ-011,WBS-00533,CC-00093,2026-07-24,8.0,0.0,468.16,OnPrem-SQLServer
LC-00004662,PRJ-011,WBS-00533,CC-00097,2026-05-15,8.0,0.0,279.84,OnPrem-SQLServer
LC-00004663,PRJ-011,WBS-00533,CC-00097,2026-05-29,8.0,0.0,239.44,OnPrem-SQLServer
LC-00004664,PRJ-011,WBS-00533,CC-00099,2026-07-10,8.0,0.0,261.04,OnPrem-SQLServer
LC-00004665,PRJ-011,WBS-00534,CC-00096,2026-06-12,8.0,0.0,239.44,OnPrem-SQLServer
LC-00004666,PRJ-011,WBS-00534,CC-00097,2026-06-05,8.0,0.0,474.48,OnPrem-SQLServer
LC-00004667,PRJ-011,WBS-00534,CC-00098,2026-07-31,8.0,0.0,453.12,OnPrem-SQLServer
LC-00004668,PRJ-011,WBS-00534,CC-00099,2026-05-29,8.0,0.0,470.88,OnPrem-SQLServer
LC-00004669,PRJ-011,WBS-00535,CC-00092,2026-07-17,8.0,0.0,766.32,OnPrem-SQLServer
LC-00004670,PRJ-011,WBS-00535,CC-00092,2026-07-31,8.0,0.0,629.76,OnPrem-SQLServer
LC-00004671,PRJ-011,WBS-00535,CC-00097,2026-05-08,8.0,0.0,470.88,OnPrem-SQLServer
LC-00004672,PRJ-011,WBS-00535,CC-00099,2026-07-31,8.0,0.0,239.44,OnPrem-SQLServer
LC-00004673,PRJ-011,WBS-00536,CC-00096,2026-06-05,8.0,0.0,261.04,OnPrem-SQLServer
LC-00004674,PRJ-011,WBS-00536,CC-00097,2026-05-15,8.0,0.0,470.88,OnPrem-SQLServer
LC-00004675,PRJ-011,WBS-00536,CC-00097,2026-07-24,8.0,0.0,468.16,OnPrem-SQLServer
LC-00004676,PRJ-011,WBS-00536,CC-00098,2026-04-24,8.0,0.0,470.88,OnPrem-SQLServer
LC-00004677,PRJ-011,WBS-00536,CC-00098,2026-07-24,8.0,0.0,590.88,OnPrem-SQLServer
LC-00004678,PRJ-011,WBS-00536,CC-00098,2026-07-31,8.0,1.59,363.37,OnPrem-SQLServer
LC-00004679,PRJ-011,WBS-00536,CC-00099,2026-06-19,8.0,0.0,629.76,OnPrem-SQLServer
LC-00004680,PRJ-011,WBS-00537,CC-00092,2026-06-19,8.0,0.0,239.44,OnPrem-SQLServer
LC-00004681,PRJ-011,WBS-00538,CC-00094,2026-06-19,8.0,0.0,629.76,OnPrem-SQLServer
LC-00004682,PRJ-011,WBS-00538,CC-00095,2026-06-05,8.0,0.0,474.48,OnPrem-SQLServer
LC-00004683,PRJ-011,WBS-00538,CC-00096,2026-07-31,8.0,0.0,453.12,OnPrem-SQLServer
LC-00004684,PRJ-011,WBS-00538,CC-00097,2026-06-26,8.0,0.0,470.88,OnPrem-SQLServer
LC-00004685,PRJ-011,WBS-00539,CC-00092,2026-07-24,8.0,0.0,590.88,OnPrem-SQLServer
LC-00004686,PRJ-011,WBS-00539,CC-00093,2026-05-15,8.0,0.67,314.99,OnPrem-SQLServer
LC-00004687,PRJ-011,WBS-00539,CC-00094,2026-07-31,8.0,0.0,629.76,OnPrem-SQLServer
LC-00004688,PRJ-011,WBS-00539,CC-00097,2026-07-31,8.0,0.0,436.16,OnPrem-SQLServer
LC-00004689,PRJ-011,WBS-00539,CC-00098,2026-06-26,8.0,0.0,239.44,OnPrem-SQLServer
LC-00004690,PRJ-011,WBS-00539,CC-00098,2026-07-17,8.0,0.0,590.88,OnPrem-SQLServer
LC-00004691,PRJ-011,WBS-00539,CC-00098,2026-07-24,8.0,0.0,452.8,OnPrem-SQLServer
LC-00004692,PRJ-011,WBS-00540,CC-00094,2026-07-31,8.0,0.0,590.88,OnPrem-SQLServer
LC-00004693,PRJ-011,WBS-00540,CC-00096,2026-05-15,8.0,0.0,470.88,OnPrem-SQLServer
LC-00004694,PRJ-011,WBS-00541,CC-00092,2026-06-12,8.0,0.0,239.44,OnPrem-SQLServer
LC-00004695,PRJ-011,WBS-00541,CC-00095,2026-05-15,8.0,0.0,279.84,OnPrem-SQLServer
LC-00004696,PRJ-011,WBS-00541,CC-00096,2026-06-26,8.0,1.45,332.01,OnPrem-SQLServer
LC-00004697,PRJ-011,WBS-00541,CC-00097,2026-05-29,8.0,1.09,288.38,OnPrem-SQLServer
LC-00004698,PRJ-011,WBS-00541,CC-00098,2026-05-15,8.0,1.95,643.05,OnPrem-SQLServer
LC-00004699,PRJ-011,WBS-00542,CC-00092,2026-06-12,8.0,0.0,590.88,OnPrem-SQLServer
LC-00004700,PRJ-011,WBS-00542,CC-00093,2026-06-05,8.0,0.0,261.04,OnPrem-SQLServer
LC-00004701,PRJ-012,WBS-00543,CC-00100,2026-05-08,8.0,0.0,442.24,OnPrem-SQLServer
LC-00004702,PRJ-012,WBS-00543,CC-00100,2026-06-26,8.0,0.0,282.64,OnPrem-SQLServer
LC-00004703,PRJ-012,WBS-00543,CC-00101,2026-06-19,8.0,0.0,453.68,OnPrem-SQLServer
LC-00004704,PRJ-012,WBS-00543,CC-00103,2026-07-10,8.0,0.0,442.24,OnPrem-SQLServer
LC-00004705,PRJ-012,WBS-00543,CC-00104,2026-05-01,8.0,1.99,1052.25,OnPrem-SQLServer
LC-00004706,PRJ-012,WBS-00543,CC-00105,2026-07-31,8.0,0.0,257.92,OnPrem-SQLServer
LC-00004707,PRJ-012,WBS-00543,CC-00106,2026-05-08,8.0,0.0,442.24,OnPrem-SQLServer
LC-00004708,PRJ-012,WBS-00543,CC-00106,2026-07-03,8.0,0.0,766.32,OnPrem-SQLServer
LC-00004709,PRJ-012,WBS-00544,CC-00100,2026-05-29,8.0,0.0,766.32,OnPrem-SQLServer
LC-00004710,PRJ-012,WBS-00544,CC-00101,2026-05-29,8.0,0.0,282.64,OnPrem-SQLServer
LC-00004711,PRJ-012,WBS-00544,CC-00101,2026-06-19,8.0,0.0,257.92,OnPrem-SQLServer
LC-00004712,PRJ-012,WBS-00544,CC-00102,2026-05-01,8.0,0.0,289.84,OnPrem-SQLServer
LC-00004713,PRJ-012,WBS-00544,CC-00102,2026-05-15,8.0,0.0,766.32,OnPrem-SQLServer
LC-00004714,PRJ-012,WBS-00544,CC-00104,2026-07-17,8.0,0.0,442.24,OnPrem-SQLServer
LC-00004715,PRJ-012,WBS-00544,CC-00105,2026-05-22,8.0,0.0,289.84,OnPrem-SQLServer
LC-00004716,PRJ-012,WBS-00544,CC-00105,2026-06-26,8.0,0.66,774.76,OnPrem-SQLServer
LC-00004717,PRJ-012,WBS-00544,CC-00106,2026-06-26,16.0,0.0,972.08,OnPrem-SQLServer
LC-00004718,PRJ-012,WBS-00544,CC-00106,2026-07-17,8.0,0.96,342.01,OnPrem-SQLServer
LC-00004719,PRJ-012,WBS-00544,CC-00107,2026-07-03,8.0,1.6,996.22,OnPrem-SQLServer
LC-00004720,PRJ-012,WBS-00544,CC-00107,2026-07-24,8.0,0.85,336.03,OnPrem-SQLServer
LC-00004721,PRJ-012,WBS-00544,CC-00107,2026-07-31,8.0,0.0,289.84,OnPrem-SQLServer
LC-00004722,PRJ-012,WBS-00545,CC-00101,2026-04-24,8.0,0.0,766.32,OnPrem-SQLServer
LC-00004723,PRJ-012,WBS-00545,CC-00101,2026-06-05,8.0,0.0,289.84,OnPrem-SQLServer
LC-00004724,PRJ-012,WBS-00545,CC-00102,2026-06-26,8.0,0.0,282.64,OnPrem-SQLServer
LC-00004725,PRJ-012,WBS-00545,CC-00102,2026-07-31,8.0,0.0,289.84,OnPrem-SQLServer
LC-00004726,PRJ-012,WBS-00545,CC-00103,2026-05-22,8.0,0.0,588.08,OnPrem-SQLServer
LC-00004727,PRJ-012,WBS-00545,CC-00103,2026-06-05,8.0,0.0,289.84,OnPrem-SQLServer
LC-00004728,PRJ-012,WBS-00545,CC-00104,2026-05-01,8.0,1.06,918.63,OnPrem-SQLServer
LC-00004729,PRJ-012,WBS-00545,CC-00107,2026-07-17,8.0,0.0,282.64,OnPrem-SQLServer
LC-00004730,PRJ-012,WBS-00546,CC-00100,2026-07-17,8.0,0.0,289.84,OnPrem-SQLServer
LC-00004731,PRJ-012,WBS-00546,CC-00101,2026-04-17,8.0,1.57,375.16,OnPrem-SQLServer
LC-00004732,PRJ-012,WBS-00546,CC-00101,2026-05-01,8.0,0.0,442.24,OnPrem-SQLServer
LC-00004733,PRJ-012,WBS-00546,CC-00101,2026-06-12,8.0,0.0,417.6,OnPrem-SQLServer
LC-00004734,PRJ-012,WBS-00546,CC-00101,2026-07-24,8.0,0.0,453.68,OnPrem-SQLServer
LC-00004735,PRJ-012,WBS-00546,CC-00102,2026-05-22,8.0,1.2,346.23,OnPrem-SQLServer
LC-00004736,PRJ-012,WBS-00546,CC-00102,2026-06-26,8.0,0.0,417.6,OnPrem-SQLServer
LC-00004737,PRJ-012,WBS-00546,CC-00104,2026-07-10,8.0,0.7,327.88,OnPrem-SQLServer
LC-00004738,PRJ-012,WBS-00546,CC-00107,2026-05-08,8.0,0.0,289.84,OnPrem-SQLServer
LC-00004739,PRJ-012,WBS-00546,CC-00108,2026-05-08,8.0,2.0,608.08,OnPrem-SQLServer
LC-00004740,PRJ-012,WBS-00547,CC-00100,2026-06-05,8.0,0.0,289.84,OnPrem-SQLServer
LC-00004741,PRJ-012,WBS-00547,CC-00100,2026-06-26,8.0,0.0,442.24,OnPrem-SQLServer
LC-00004742,PRJ-012,WBS-00547,CC-00100,2026-07-31,8.0,0.0,289.84,OnPrem-SQLServer
LC-00004743,PRJ-012,WBS-00547,CC-00103,2026-07-03,8.0,1.62,591.49,OnPrem-SQLServer
LC-00004744,PRJ-012,WBS-00547,CC-00104,2026-07-31,8.0,0.0,766.32,OnPrem-SQLServer
LC-00004745,PRJ-012,WBS-00547,CC-00107,2026-04-17,8.0,0.0,442.24,OnPrem-SQLServer
LC-00004746,PRJ-012,WBS-00547,CC-00107,2026-07-24,8.0,0.0,709.68,OnPrem-SQLServer
LC-00004747,PRJ-012,WBS-00548,CC-00101,2026-07-24,16.0,0.67,548.24,OnPrem-SQLServer
LC-00004748,PRJ-012,WBS-00548,CC-00102,2026-06-19,8.0,0.79,520.88,OnPrem-SQLServer
LC-00004749,PRJ-012,WBS-00548,CC-00102,2026-07-03,8.0,0.0,282.64,OnPrem-SQLServer
LC-00004750,PRJ-012,WBS-00548,CC-00103,2026-07-31,8.0,1.22,316.92,OnPrem-SQLServer
LC-00004751,PRJ-012,WBS-00548,CC-00108,2026-07-31,16.0,0.9,970.55,OnPrem-SQLServer
LC-00004752,PRJ-012,WBS-00549,CC-00101,2026-06-26,8.0,0.0,417.6,OnPrem-SQLServer
LC-00004753,PRJ-012,WBS-00549,CC-00101,2026-07-24,8.0,0.0,766.32,OnPrem-SQLServer
LC-00004754,PRJ-012,WBS-00549,CC-00101,2026-07-31,8.0,0.0,442.24,OnPrem-SQLServer
LC-00004755,PRJ-012,WBS-00549,CC-00102,2026-06-12,8.0,0.0,766.32,OnPrem-SQLServer
LC-00004756,PRJ-012,WBS-00549,CC-00102,2026-06-26,8.0,0.0,417.6,OnPrem-SQLServer
LC-00004757,PRJ-012,WBS-00549,CC-00104,2026-04-24,8.0,0.0,442.24,OnPrem-SQLServer
LC-00004758,PRJ-012,WBS-00549,CC-00105,2026-07-17,8.0,1.02,526.82,OnPrem-SQLServer
LC-00004759,PRJ-012,WBS-00549,CC-00106,2026-07-24,8.0,0.0,709.68,OnPrem-SQLServer
LC-00004760,PRJ-012,WBS-00549,CC-00107,2026-05-15,8.0,0.53,486.19,OnPrem-SQLServer
LC-00004761,PRJ-012,WBS-00549,CC-00108,2026-06-26,8.0,0.0,257.92,OnPrem-SQLServer
LC-00004762,PRJ-012,WBS-00550,CC-00100,2026-05-22,8.0,0.0,766.32,OnPrem-SQLServer
LC-00004763,PRJ-012,WBS-00550,CC-00100,2026-07-31,8.0,0.0,453.68,OnPrem-SQLServer
LC-00004764,PRJ-012,WBS-00550,CC-00101,2026-05-08,8.0,1.03,345.82,OnPrem-SQLServer
LC-00004765,PRJ-012,WBS-00550,CC-00102,2026-05-29,8.0,0.0,766.32,OnPrem-SQLServer
LC-00004766,PRJ-012,WBS-00550,CC-00102,2026-07-03,8.0,0.0,442.24,OnPrem-SQLServer
LC-00004767,PRJ-012,WBS-00550,CC-00103,2026-07-24,8.0,0.0,453.68,OnPrem-SQLServer
LC-00004768,PRJ-012,WBS-00550,CC-00104,2026-05-01,8.0,0.0,766.32,OnPrem-SQLServer
LC-00004769,PRJ-012,WBS-00550,CC-00104,2026-06-05,8.0,0.0,282.64,OnPrem-SQLServer
LC-00004770,PRJ-012,WBS-00550,CC-00105,2026-05-29,8.0,0.0,282.64,OnPrem-SQLServer
LC-00004771,PRJ-012,WBS-00550,CC-00106,2026-06-19,16.0,1.53,777.71,OnPrem-SQLServer
LC-00004772,PRJ-012,WBS-00550,CC-00106,2026-07-10,8.0,0.0,404.72,OnPrem-SQLServer
LC-00004773,PRJ-012,WBS-00550,CC-00107,2026-05-01,8.0,0.0,442.24,OnPrem-SQLServer
LC-00004774,PRJ-012,WBS-00550,CC-00108,2026-05-08,8.0,0.0,442.24,OnPrem-SQLServer
LC-00004775,PRJ-012,WBS-00550,CC-00108,2026-06-19,8.0,0.82,522.79,OnPrem-SQLServer
LC-00004776,PRJ-012,WBS-00551,CC-00100,2026-07-10,8.0,0.63,452.53,OnPrem-SQLServer
LC-00004777,PRJ-012,WBS-00551,CC-00100,2026-07-31,8.0,0.81,325.57,OnPrem-SQLServer
LC-00004778,PRJ-012,WBS-00551,CC-00101,2026-07-03,8.0,0.0,442.24,OnPrem-SQLServer
LC-00004779,PRJ-012,WBS-00551,CC-00102,2026-04-17,8.0,1.72,584.86,OnPrem-SQLServer
LC-00004780,PRJ-012,WBS-00551,CC-00102,2026-05-22,8.0,0.54,487.02,OnPrem-SQLServer
LC-00004781,PRJ-012,WBS-00551,CC-00102,2026-07-17,8.0,0.0,282.64,OnPrem-SQLServer
LC-00004782,PRJ-012,WBS-00551,CC-00104,2026-07-03,8.0,0.6,504.72,OnPrem-SQLServer
LC-00004783,PRJ-012,WBS-00551,CC-00105,2026-05-29,16.0,0.86,803.39,OnPrem-SQLServer
LC-00004784,PRJ-012,WBS-00551,CC-00106,2026-05-22,8.0,0.0,766.32,OnPrem-SQLServer
LC-00004785,PRJ-012,WBS-00551,CC-00106,2026-06-12,8.0,0.0,442.24,OnPrem-SQLServer
LC-00004786,PRJ-012,WBS-00551,CC-00106,2026-06-19,8.0,0.0,766.32,OnPrem-SQLServer
LC-00004787,PRJ-012,WBS-00551,CC-00108,2026-06-19,8.0,0.0,453.68,OnPrem-SQLServer
LC-00004788,PRJ-012,WBS-00552,CC-00100,2026-05-22,8.0,0.0,588.08,OnPrem-SQLServer
LC-00004789,PRJ-012,WBS-00552,CC-00100,2026-07-17,8.0,0.0,442.24,OnPrem-SQLServer
LC-00004790,PRJ-012,WBS-00552,CC-00101,2026-05-08,8.0,0.0,289.84,OnPrem-SQLServer
LC-00004791,PRJ-012,WBS-00552,CC-00102,2026-06-12,8.0,0.67,497.8,OnPrem-SQLServer
LC-00004792,PRJ-012,WBS-00552,CC-00104,2026-05-29,8.0,0.0,419.84,OnPrem-SQLServer
LC-00004793,PRJ-012,WBS-00552,CC-00104,2026-06-26,8.0,0.0,404.72,OnPrem-SQLServer
LC-00004794,PRJ-012,WBS-00552,CC-00106,2026-06-19,8.0,0.0,404.72,OnPrem-SQLServer
LC-00004795,PRJ-012,WBS-00552,CC-00106,2026-07-03,8.0,0.64,324.62,OnPrem-SQLServer
LC-00004796,PRJ-012,WBS-00552,CC-00107,2026-06-12,8.0,1.54,987.59,OnPrem-SQLServer
LC-00004797,PRJ-012,WBS-00552,CC-00107,2026-07-10,8.0,0.5,442.66,OnPrem-SQLServer
LC-00004798,PRJ-012,WBS-00553,CC-00101,2026-05-15,8.0,0.0,766.32,OnPrem-SQLServer
LC-00004799,PRJ-012,WBS-00553,CC-00104,2026-06-19,8.0,0.0,289.84,OnPrem-SQLServer
LC-00004800,PRJ-012,WBS-00553,CC-00104,2026-07-10,8.0,0.0,442.24,OnPrem-SQLServer
LC-00004801,PRJ-012,WBS-00553,CC-00104,2026-07-17,8.0,1.25,326.76,OnPrem-SQLServer
LC-00004802,PRJ-012,WBS-00553,CC-00106,2026-07-24,8.0,0.0,453.68,OnPrem-SQLServer
LC-00004803,PRJ-012,WBS-00553,CC-00107,2026-05-01,8.0,0.0,766.32,OnPrem-SQLServer
LC-00004804,PRJ-012,WBS-00553,CC-00108,2026-06-05,8.0,0.0,766.32,OnPrem-SQLServer
LC-00004805,PRJ-012,WBS-00554,CC-00101,2026-07-31,8.0,0.0,417.6,OnPrem-SQLServer
LC-00004806,PRJ-012,WBS-00554,CC-00102,2026-05-08,8.0,0.0,442.24,OnPrem-SQLServer
LC-00004807,PRJ-012,WBS-00554,CC-00102,2026-05-22,8.0,0.0,588.08,OnPrem-SQLServer
LC-00004808,PRJ-012,WBS-00554,CC-00103,2026-04-17,8.0,0.0,442.24,OnPrem-SQLServer
LC-00004809,PRJ-012,WBS-00554,CC-00103,2026-05-01,8.0,0.0,289.84,OnPrem-SQLServer
LC-00004810,PRJ-012,WBS-00554,CC-00103,2026-05-22,8.0,0.0,588.08,OnPrem-SQLServer
LC-00004811,PRJ-012,WBS-00554,CC-00103,2026-07-17,8.0,0.0,289.84,OnPrem-SQLServer
LC-00004812,PRJ-012,WBS-00554,CC-00104,2026-05-15,8.0,0.0,442.24,OnPrem-SQLServer
LC-00004813,PRJ-012,WBS-00554,CC-00105,2026-05-29,8.0,0.86,328.22,OnPrem-SQLServer
LC-00004814,PRJ-012,WBS-00554,CC-00105,2026-07-24,8.0,0.0,709.68,OnPrem-SQLServer
LC-00004815,PRJ-012,WBS-00554,CC-00107,2026-06-26,8.0,0.0,417.6,OnPrem-SQLServer
LC-00004816,PRJ-012,WBS-00554,CC-00108,2026-07-10,8.0,1.59,376.25,OnPrem-SQLServer
LC-00004817,PRJ-012,WBS-00555,CC-00101,2026-07-03,8.0,0.55,845.35,OnPrem-SQLServer
LC-00004818,PRJ-012,WBS-00555,CC-00101,2026-07-24,8.0,1.23,317.4,OnPrem-SQLServer
LC-00004819,PRJ-012,WBS-00555,CC-00102,2026-07-03,8.0,0.98,343.1,OnPrem-SQLServer
LC-00004820,PRJ-012,WBS-00555,CC-00102,2026-07-31,8.0,0.0,282.64,OnPrem-SQLServer
LC-00004821,PRJ-012,WBS-00555,CC-00103,2026-04-24,8.0,0.0,766.32,OnPrem-SQLServer
LC-00004822,PRJ-012,WBS-00555,CC-00104,2026-07-10,8.0,0.0,453.68,OnPrem-SQLServer
LC-00004823,PRJ-012,WBS-00555,CC-00104,2026-07-17,8.0,0.0,282.64,OnPrem-SQLServer
LC-00004824,PRJ-012,WBS-00555,CC-00104,2026-07-31,8.0,0.0,453.68,OnPrem-SQLServer
LC-00004825,PRJ-012,WBS-00555,CC-00105,2026-05-29,8.0,0.0,282.64,OnPrem-SQLServer
LC-00004826,PRJ-012,WBS-00555,CC-00106,2026-04-24,8.0,0.0,289.84,OnPrem-SQLServer
LC-00004827,PRJ-012,WBS-00555,CC-00106,2026-06-19,8.0,0.0,257.92,OnPrem-SQLServer
LC-00004828,PRJ-012,WBS-00555,CC-00106,2026-07-10,8.0,0.0,289.84,OnPrem-SQLServer
LC-00004829,PRJ-012,WBS-00555,CC-00107,2026-06-26,8.0,1.64,578.23,OnPrem-SQLServer
LC-00004830,PRJ-012,WBS-00555,CC-00108,2026-06-12,8.0,0.0,417.6,OnPrem-SQLServer
LC-00004831,PRJ-012,WBS-00556,CC-00100,2026-07-31,8.0,0.0,766.32,OnPrem-SQLServer
LC-00004832,PRJ-012,WBS-00556,CC-00102,2026-05-29,8.0,0.0,442.24,OnPrem-SQLServer
LC-00004833,PRJ-012,WBS-00556,CC-00104,2026-06-12,8.0,0.0,442.24,OnPrem-SQLServer
LC-00004834,PRJ-012,WBS-00556,CC-00104,2026-06-26,8.0,0.0,453.68,OnPrem-SQLServer
LC-00004835,PRJ-012,WBS-00556,CC-00104,2026-07-31,8.0,0.0,766.32,OnPrem-SQLServer
LC-00004836,PRJ-012,WBS-00556,CC-00108,2026-07-03,8.0,0.0,453.68,OnPrem-SQLServer
LC-00004837,PRJ-012,WBS-00557,CC-00100,2026-05-29,8.0,0.0,462.8,OnPrem-SQLServer
LC-00004838,PRJ-012,WBS-00557,CC-00102,2026-07-24,8.0,0.0,289.84,OnPrem-SQLServer
LC-00004839,PRJ-012,WBS-00557,CC-00103,2026-07-17,8.0,0.0,442.24,OnPrem-SQLServer
LC-00004840,PRJ-012,WBS-00557,CC-00103,2026-07-31,8.0,0.0,257.92,OnPrem-SQLServer
LC-00004841,PRJ-012,WBS-00557,CC-00105,2026-07-31,8.0,0.0,442.24,OnPrem-SQLServer
LC-00004842,PRJ-012,WBS-00557,CC-00106,2026-06-19,8.0,0.0,282.64,OnPrem-SQLServer
LC-00004843,PRJ-012,WBS-00557,CC-00106,2026-06-26,8.0,0.0,453.68,OnPrem-SQLServer
LC-00004844,PRJ-012,WBS-00557,CC-00107,2026-05-29,8.0,0.0,442.24,OnPrem-SQLServer
LC-00004845,PRJ-012,WBS-00557,CC-00107,2026-06-05,8.0,0.0,766.32,OnPrem-SQLServer
LC-00004846,PRJ-012,WBS-00557,CC-00107,2026-07-17,8.0,0.0,264.72,OnPrem-SQLServer
LC-00004847,PRJ-012,WBS-00557,CC-00108,2026-05-15,8.0,0.0,442.24,OnPrem-SQLServer
LC-00004848,PRJ-012,WBS-00558,CC-00100,2026-07-10,8.0,0.0,453.68,OnPrem-SQLServer
LC-00004849,PRJ-012,WBS-00558,CC-00104,2026-07-10,8.0,0.0,404.72,OnPrem-SQLServer
LC-00004850,PRJ-012,WBS-00558,CC-00105,2026-07-24,8.0,0.0,404.72,OnPrem-SQLServer
LC-00004851,PRJ-012,WBS-00558,CC-00107,2026-05-29,8.0,0.0,442.24,OnPrem-SQLServer
LC-00004852,PRJ-012,WBS-00558,CC-00107,2026-07-03,8.0,0.0,470.88,OnPrem-SQLServer
LC-00004853,PRJ-012,WBS-00558,CC-00107,2026-07-17,8.0,0.0,264.72,OnPrem-SQLServer
LC-00004854,PRJ-012,WBS-00558,CC-00108,2026-05-29,8.0,0.0,442.24,OnPrem-SQLServer
LC-00004855,PRJ-012,WBS-00559,CC-00100,2026-07-17,8.0,0.0,282.64,OnPrem-SQLServer
LC-00004856,PRJ-012,WBS-00559,CC-00101,2026-05-22,8.0,0.0,282.64,OnPrem-SQLServer
LC-00004857,PRJ-012,WBS-00559,CC-00103,2026-05-29,8.0,0.0,766.32,OnPrem-SQLServer
LC-00004858,PRJ-012,WBS-00559,CC-00103,2026-06-26,8.0,0.0,453.68,OnPrem-SQLServer
LC-00004859,PRJ-012,WBS-00559,CC-00103,2026-07-10,8.0,0.0,289.84,OnPrem-SQLServer
LC-00004860,PRJ-012,WBS-00559,CC-00103,2026-07-17,8.0,1.57,333.85,OnPrem-SQLServer
LC-00004861,PRJ-012,WBS-00559,CC-00104,2026-07-03,8.0,0.0,282.64,OnPrem-SQLServer
LC-00004862,PRJ-012,WBS-00559,CC-00105,2026-06-05,8.0,0.0,282.64,OnPrem-SQLServer
LC-00004863,PRJ-012,WBS-00559,CC-00108,2026-04-17,8.0,0.0,289.84,OnPrem-SQLServer
LC-00004864,PRJ-012,WBS-00559,CC-00108,2026-05-08,8.0,0.0,289.84,OnPrem-SQLServer
LC-00004865,PRJ-012,WBS-00560,CC-00103,2026-04-24,8.0,0.0,766.32,OnPrem-SQLServer
LC-00004866,PRJ-012,WBS-00560,CC-00105,2026-05-15,8.0,0.0,766.32,OnPrem-SQLServer
LC-00004867,PRJ-012,WBS-00560,CC-00105,2026-07-24,8.0,0.0,453.68,OnPrem-SQLServer
LC-00004868,PRJ-012,WBS-00560,CC-00106,2026-07-24,16.0,0.0,1114.4,OnPrem-SQLServer
LC-00004869,PRJ-012,WBS-00560,CC-00108,2026-07-03,8.0,0.0,282.64,OnPrem-SQLServer
LC-00004870,PRJ-012,WBS-00561,CC-00100,2026-07-10,8.0,0.0,453.68,OnPrem-SQLServer
LC-00004871,PRJ-012,WBS-00561,CC-00101,2026-07-03,8.0,0.0,453.68,OnPrem-SQLServer
LC-00004872,PRJ-012,WBS-00561,CC-00102,2026-07-10,8.0,0.0,766.32,OnPrem-SQLServer
LC-00004873,PRJ-012,WBS-00561,CC-00103,2026-05-15,8.0,0.0,766.32,OnPrem-SQLServer
LC-00004874,PRJ-012,WBS-00561,CC-00103,2026-05-29,8.0,1.74,556.81,OnPrem-SQLServer
LC-00004875,PRJ-012,WBS-00561,CC-00103,2026-07-31,8.0,0.0,282.64,OnPrem-SQLServer
LC-00004876,PRJ-012,WBS-00561,CC-00104,2026-07-31,8.0,0.0,417.6,OnPrem-SQLServer
LC-00004877,PRJ-012,WBS-00561,CC-00105,2026-06-05,8.0,0.0,766.32,OnPrem-SQLServer
LC-00004878,PRJ-012,WBS-00561,CC-00105,2026-07-10,8.0,1.53,569.11,OnPrem-SQLServer
LC-00004879,PRJ-012,WBS-00561,CC-00106,2026-06-12,8.0,0.0,289.84,OnPrem-SQLServer
LC-00004880,PRJ-012,WBS-00561,CC-00106,2026-07-31,8.0,0.0,417.6,OnPrem-SQLServer
LC-00004881,PRJ-012,WBS-00561,CC-00107,2026-05-15,8.0,0.0,289.84,OnPrem-SQLServer
LC-00004882,PRJ-012,WBS-00561,CC-00107,2026-06-19,8.0,0.0,282.64,OnPrem-SQLServer
LC-00004883,PRJ-012,WBS-00561,CC-00108,2026-06-26,8.0,0.0,442.24,OnPrem-SQLServer
LC-00004884,PRJ-012,WBS-00562,CC-00100,2026-07-03,8.0,0.0,453.68,OnPrem-SQLServer
LC-00004885,PRJ-012,WBS-00562,CC-00100,2026-07-24,8.0,1.63,1000.53,OnPrem-SQLServer
LC-00004886,PRJ-012,WBS-00562,CC-00102,2026-07-10,8.0,0.0,289.84,OnPrem-SQLServer
LC-00004887,PRJ-012,WBS-00562,CC-00102,2026-07-24,8.0,1.32,504.89,OnPrem-SQLServer
LC-00004888,PRJ-012,WBS-00562,CC-00103,2026-04-24,8.0,0.0,289.84,OnPrem-SQLServer
LC-00004889,PRJ-012,WBS-00562,CC-00103,2026-06-26,8.0,0.0,404.72,OnPrem-SQLServer
LC-00004890,PRJ-012,WBS-00562,CC-00104,2026-07-24,8.0,0.0,257.92,OnPrem-SQLServer
LC-00004891,PRJ-012,WBS-00563,CC-00100,2026-06-26,8.0,1.76,1019.21,OnPrem-SQLServer
LC-00004892,PRJ-012,WBS-00563,CC-00101,2026-06-12,8.0,0.0,289.84,OnPrem-SQLServer
LC-00004893,PRJ-012,WBS-00563,CC-00105,2026-06-19,8.0,0.0,289.84,OnPrem-SQLServer
LC-00004894,PRJ-012,WBS-00563,CC-00106,2026-06-26,8.0,1.88,1036.45,OnPrem-SQLServer
LC-00004895,PRJ-012,WBS-00563,CC-00106,2026-07-17,8.0,0.0,442.24,OnPrem-SQLServer
LC-00004896,PRJ-012,WBS-00564,CC-00101,2026-06-26,16.0,0.0,1171.04,OnPrem-SQLServer
LC-00004897,PRJ-012,WBS-00564,CC-00102,2026-06-26,8.0,0.0,282.64,OnPrem-SQLServer
LC-00004898,PRJ-012,WBS-00564,CC-00102,2026-07-10,8.0,0.0,766.32,OnPrem-SQLServer
LC-00004899,PRJ-012,WBS-00564,CC-00103,2026-07-03,8.0,0.0,289.84,OnPrem-SQLServer
LC-00004900,PRJ-012,WBS-00564,CC-00104,2026-06-26,8.0,0.0,417.6,OnPrem-SQLServer
LC-00004901,PRJ-012,WBS-00564,CC-00104,2026-07-24,8.0,1.51,330.94,OnPrem-SQLServer
LC-00004902,PRJ-012,WBS-00564,CC-00106,2026-07-17,8.0,0.0,453.68,OnPrem-SQLServer
LC-00004903,PRJ-012,WBS-00564,CC-00107,2026-04-24,8.0,0.0,442.24,OnPrem-SQLServer
LC-00004904,PRJ-012,WBS-00564,CC-00107,2026-06-19,8.0,0.0,289.84,OnPrem-SQLServer
LC-00004905,PRJ-012,WBS-00564,CC-00107,2026-07-10,8.0,0.0,442.24,OnPrem-SQLServer
LC-00004906,PRJ-012,WBS-00564,CC-00108,2026-07-24,24.0,0.0,1509.84,OnPrem-SQLServer
LC-00004907,PRJ-012,WBS-00565,CC-00101,2026-05-22,8.0,0.0,588.08,OnPrem-SQLServer
LC-00004908,PRJ-012,WBS-00565,CC-00102,2026-07-17,8.0,0.0,453.68,OnPrem-SQLServer
LC-00004909,PRJ-012,WBS-00565,CC-00103,2026-05-29,8.0,0.0,462.8,OnPrem-SQLServer
LC-00004910,PRJ-012,WBS-00565,CC-00103,2026-06-12,8.0,0.0,417.6,OnPrem-SQLServer
LC-00004911,PRJ-012,WBS-00565,CC-00106,2026-07-31,8.0,1.29,359.95,OnPrem-SQLServer
LC-00004912,PRJ-012,WBS-00565,CC-00107,2026-06-19,8.0,0.0,453.12,OnPrem-SQLServer
LC-00004913,PRJ-012,WBS-00565,CC-00107,2026-07-17,8.0,1.42,367.01,OnPrem-SQLServer
LC-00004914,PRJ-012,WBS-00566,CC-00100,2026-05-22,8.0,1.5,566.62,OnPrem-SQLServer
LC-00004915,PRJ-012,WBS-00566,CC-00100,2026-07-03,8.0,0.0,289.84,OnPrem-SQLServer
LC-00004916,PRJ-012,WBS-00566,CC-00100,2026-07-17,8.0,0.0,289.84,OnPrem-SQLServer
LC-00004917,PRJ-012,WBS-00566,CC-00101,2026-05-29,8.0,0.0,282.64,OnPrem-SQLServer
LC-00004918,PRJ-012,WBS-00566,CC-00101,2026-06-26,8.0,0.0,257.92,OnPrem-SQLServer
LC-00004919,PRJ-012,WBS-00566,CC-00102,2026-05-22,8.0,0.0,289.84,OnPrem-SQLServer
LC-00004920,PRJ-012,WBS-00566,CC-00102,2026-06-26,8.0,0.0,442.24,OnPrem-SQLServer
LC-00004921,PRJ-012,WBS-00566,CC-00107,2026-05-22,8.0,0.0,766.32,OnPrem-SQLServer
LC-00004922,PRJ-012,WBS-00566,CC-00108,2026-05-01,8.0,1.71,382.77,OnPrem-SQLServer
LC-00004923,PRJ-012,WBS-00567,CC-00100,2026-07-31,8.0,0.0,417.6,OnPrem-SQLServer
LC-00004924,PRJ-012,WBS-00567,CC-00101,2026-04-17,8.0,0.0,442.24,OnPrem-SQLServer
LC-00004925,PRJ-012,WBS-00567,CC-00103,2026-05-01,8.0,0.0,766.32,OnPrem-SQLServer
LC-00004926,PRJ-012,WBS-00567,CC-00103,2026-07-17,8.0,1.06,543.85,OnPrem-SQLServer
LC-00004927,PRJ-012,WBS-00567,CC-00105,2026-05-15,8.0,0.0,289.84,OnPrem-SQLServer
LC-00004928,PRJ-012,WBS-00567,CC-00106,2026-04-24,8.0,0.0,766.32,OnPrem-SQLServer
LC-00004929,PRJ-012,WBS-00567,CC-00106,2026-05-15,8.0,0.0,442.24,OnPrem-SQLServer
LC-00004930,PRJ-012,WBS-00567,CC-00106,2026-07-10,8.0,0.0,453.68,OnPrem-SQLServer
LC-00004931,PRJ-012,WBS-00567,CC-00108,2026-07-10,8.0,1.57,587.23,OnPrem-SQLServer
LC-00004932,PRJ-012,WBS-00568,CC-00101,2026-06-19,8.0,0.0,404.72,OnPrem-SQLServer
LC-00004933,PRJ-012,WBS-00568,CC-00106,2026-05-22,8.0,0.0,289.84,OnPrem-SQLServer
LC-00004934,PRJ-012,WBS-00568,CC-00107,2026-07-03,8.0,0.0,442.24,OnPrem-SQLServer
LC-00004935,PRJ-012,WBS-00568,CC-00108,2026-06-26,16.0,0.0,1220.0,OnPrem-SQLServer
LC-00004936,PRJ-012,WBS-00569,CC-00100,2026-05-01,8.0,0.0,442.24,OnPrem-SQLServer
LC-00004937,PRJ-012,WBS-00569,CC-00101,2026-05-15,8.0,0.0,442.24,OnPrem-SQLServer
LC-00004938,PRJ-012,WBS-00569,CC-00101,2026-06-12,8.0,0.0,289.84,OnPrem-SQLServer
LC-00004939,PRJ-012,WBS-00569,CC-00102,2026-06-19,8.0,0.0,282.64,OnPrem-SQLServer
LC-00004940,PRJ-012,WBS-00569,CC-00102,2026-07-03,8.0,0.0,470.88,OnPrem-SQLServer
LC-00004941,PRJ-012,WBS-00569,CC-00103,2026-05-01,8.0,1.04,528.48,OnPrem-SQLServer
LC-00004942,PRJ-012,WBS-00569,CC-00104,2026-05-01,8.0,0.0,442.24,OnPrem-SQLServer
LC-00004943,PRJ-012,WBS-00569,CC-00105,2026-05-15,8.0,0.0,289.84,OnPrem-SQLServer
LC-00004944,PRJ-012,WBS-00569,CC-00105,2026-06-19,8.0,0.58,313.38,OnPrem-SQLServer
LC-00004945,PRJ-012,WBS-00569,CC-00105,2026-07-03,8.0,0.0,470.88,OnPrem-SQLServer
LC-00004946,PRJ-012,WBS-00569,CC-00106,2026-07-31,8.0,0.0,453.68,OnPrem-SQLServer
LC-00004947,PRJ-012,WBS-00569,CC-00107,2026-05-22,8.0,0.59,313.91,OnPrem-SQLServer
LC-00004948,PRJ-012,WBS-00569,CC-00107,2026-07-03,8.0,1.16,344.11,OnPrem-SQLServer
LC-00004949,PRJ-012,WBS-00569,CC-00108,2026-04-17,8.0,0.0,289.84,OnPrem-SQLServer
LC-00004950,PRJ-012,WBS-00570,CC-00100,2026-05-29,16.0,1.3,823.29,OnPrem-SQLServer
LC-00004951,PRJ-012,WBS-00570,CC-00101,2026-07-24,8.0,0.0,709.68,OnPrem-SQLServer
LC-00004952,PRJ-012,WBS-00570,CC-00101,2026-07-31,8.0,0.0,766.32,OnPrem-SQLServer
LC-00004953,PRJ-012,WBS-00570,CC-00102,2026-06-26,8.0,0.0,766.32,OnPrem-SQLServer
LC-00004954,PRJ-012,WBS-00570,CC-00102,2026-07-31,8.0,0.0,289.84,OnPrem-SQLServer
LC-00004955,PRJ-012,WBS-00570,CC-00104,2026-07-03,8.0,0.0,470.88,OnPrem-SQLServer
LC-00004956,PRJ-012,WBS-00570,CC-00104,2026-07-31,8.0,0.0,257.92,OnPrem-SQLServer
LC-00004957,PRJ-012,WBS-00570,CC-00105,2026-04-24,8.0,0.0,442.24,OnPrem-SQLServer
LC-00004958,PRJ-012,WBS-00570,CC-00105,2026-06-26,8.0,0.0,282.64,OnPrem-SQLServer
LC-00004959,PRJ-012,WBS-00570,CC-00105,2026-07-03,8.0,0.0,282.64,OnPrem-SQLServer
LC-00004960,PRJ-012,WBS-00570,CC-00107,2026-06-12,8.0,0.0,289.84,OnPrem-SQLServer
LC-00004961,PRJ-012,WBS-00570,CC-00108,2026-05-08,8.0,0.0,289.84,OnPrem-SQLServer
LC-00004962,PRJ-012,WBS-00571,CC-00100,2026-04-24,8.0,0.0,289.84,OnPrem-SQLServer
LC-00004963,PRJ-012,WBS-00571,CC-00100,2026-06-05,8.0,0.0,282.64,OnPrem-SQLServer
LC-00004964,PRJ-012,WBS-00571,CC-00100,2026-07-03,8.0,0.0,289.84,OnPrem-SQLServer
LC-00004965,PRJ-012,WBS-00571,CC-00101,2026-04-17,8.0,0.0,289.84,OnPrem-SQLServer
LC-00004966,PRJ-012,WBS-00571,CC-00101,2026-07-10,8.0,0.0,404.72,OnPrem-SQLServer
LC-00004967,PRJ-012,WBS-00571,CC-00102,2026-05-15,8.0,0.0,289.84,OnPrem-SQLServer
LC-00004968,PRJ-012,WBS-00571,CC-00104,2026-06-19,8.0,0.0,766.32,OnPrem-SQLServer
LC-00004969,PRJ-012,WBS-00571,CC-00104,2026-07-17,8.0,0.0,257.92,OnPrem-SQLServer
LC-00004970,PRJ-012,WBS-00571,CC-00105,2026-05-29,8.0,0.0,419.84,OnPrem-SQLServer
LC-00004971,PRJ-012,WBS-00571,CC-00105,2026-06-19,8.0,0.0,257.92,OnPrem-SQLServer
LC-00004972,PRJ-012,WBS-00571,CC-00105,2026-06-26,8.0,1.64,337.23,OnPrem-SQLServer
LC-00004973,PRJ-012,WBS-00571,CC-00106,2026-06-19,8.0,0.0,404.72,OnPrem-SQLServer
LC-00004974,PRJ-012,WBS-00571,CC-00107,2026-04-17,8.0,0.96,342.01,OnPrem-SQLServer
LC-00004975,PRJ-012,WBS-00572,CC-00100,2026-05-01,8.0,0.0,289.84,OnPrem-SQLServer
LC-00004976,PRJ-012,WBS-00572,CC-00101,2026-06-26,16.0,0.0,846.96,OnPrem-SQLServer
LC-00004977,PRJ-012,WBS-00572,CC-00102,2026-04-24,8.0,0.0,442.24,OnPrem-SQLServer
LC-00004978,PRJ-012,WBS-00572,CC-00103,2026-05-29,8.0,0.0,419.84,OnPrem-SQLServer
LC-00004979,PRJ-012,WBS-00572,CC-00103,2026-06-12,8.0,0.0,289.84,OnPrem-SQLServer
LC-00004980,PRJ-012,WBS-00572,CC-00103,2026-06-26,8.0,1.45,328.04,OnPrem-SQLServer
LC-00004981,PRJ-012,WBS-00572,CC-00103,2026-07-24,8.0,0.0,766.32,OnPrem-SQLServer
LC-00004982,PRJ-012,WBS-00572,CC-00107,2026-07-31,8.0,0.0,453.68,OnPrem-SQLServer
LC-00004983,PRJ-012,WBS-00572,CC-00108,2026-05-29,8.0,0.0,289.84,OnPrem-SQLServer
LC-00004984,PRJ-012,WBS-00573,CC-00100,2026-06-19,8.0,0.0,257.92,OnPrem-SQLServer
LC-00004985,PRJ-012,WBS-00573,CC-00101,2026-07-17,8.0,0.0,264.72,OnPrem-SQLServer
LC-00004986,PRJ-012,WBS-00573,CC-00102,2026-06-12,8.0,0.0,442.24,OnPrem-SQLServer
LC-00004987,PRJ-012,WBS-00573,CC-00102,2026-07-24,8.0,0.0,766.32,OnPrem-SQLServer
LC-00004988,PRJ-012,WBS-00573,CC-00102,2026-07-31,8.0,0.0,442.24,OnPrem-SQLServer
LC-00004989,PRJ-012,WBS-00573,CC-00103,2026-06-12,8.0,0.0,442.24,OnPrem-SQLServer
LC-00004990,PRJ-012,WBS-00573,CC-00104,2026-07-03,8.0,0.0,470.88,OnPrem-SQLServer
LC-00004991,PRJ-012,WBS-00573,CC-00105,2026-07-10,8.0,0.0,766.32,OnPrem-SQLServer
LC-00004992,PRJ-012,WBS-00573,CC-00107,2026-06-12,8.0,0.0,417.6,OnPrem-SQLServer
LC-00004993,PRJ-012,WBS-00573,CC-00107,2026-07-31,8.0,0.0,282.64,OnPrem-SQLServer
LC-00004994,PRJ-012,WBS-00573,CC-00108,2026-04-17,8.0,0.7,500.28,OnPrem-SQLServer
LC-00004995,PRJ-012,WBS-00573,CC-00108,2026-04-24,8.0,1.72,383.31,OnPrem-SQLServer
LC-00004996,PRJ-012,WBS-00574,CC-00100,2026-06-19,8.0,0.0,289.84,OnPrem-SQLServer
LC-00004997,PRJ-012,WBS-00574,CC-00100,2026-07-17,8.0,0.0,453.68,OnPrem-SQLServer
LC-00004998,PRJ-012,WBS-00574,CC-00101,2026-06-12,8.0,0.0,417.6,OnPrem-SQLServer
LC-00004999,PRJ-012,WBS-00574,CC-00101,2026-06-19,8.0,0.0,766.32,OnPrem-SQLServer
LC-00005000,PRJ-012,WBS-00574,CC-00101,2026-07-10,8.0,0.0,442.24,OnPrem-SQLServer
LC-00005001,PRJ-012,WBS-00574,CC-00102,2026-06-05,8.0,0.0,766.32,OnPrem-SQLServer
LC-00005002,PRJ-012,WBS-00574,CC-00104,2026-06-19,8.0,0.0,453.68,OnPrem-SQLServer
LC-00005003,PRJ-012,WBS-00574,CC-00105,2026-04-24,8.0,0.0,289.84,OnPrem-SQLServer
LC-00005004,PRJ-012,WBS-00574,CC-00105,2026-05-22,8.0,1.61,377.34,OnPrem-SQLServer
LC-00005005,PRJ-012,WBS-00574,CC-00105,2026-05-29,8.0,0.0,462.8,OnPrem-SQLServer
LC-00005006,PRJ-012,WBS-00574,CC-00105,2026-06-12,8.0,0.0,766.32,OnPrem-SQLServer
LC-00005007,PRJ-012,WBS-00574,CC-00105,2026-06-26,8.0,0.0,689.44,OnPrem-SQLServer
LC-00005008,PRJ-012,WBS-00574,CC-00105,2026-07-17,8.0,0.0,257.92,OnPrem-SQLServer
LC-00005009,PRJ-012,WBS-00574,CC-00107,2026-05-22,16.0,1.31,1237.19,OnPrem-SQLServer
LC-00005010,PRJ-012,WBS-00575,CC-00100,2026-06-19,8.0,0.0,404.72,OnPrem-SQLServer
LC-00005011,PRJ-012,WBS-00575,CC-00100,2026-06-26,8.0,0.0,257.92,OnPrem-SQLServer
LC-00005012,PRJ-012,WBS-00575,CC-00100,2026-07-31,8.0,1.67,580.72,OnPrem-SQLServer
LC-00005013,PRJ-012,WBS-00575,CC-00101,2026-05-29,8.0,1.37,364.29,OnPrem-SQLServer
LC-00005014,PRJ-012,WBS-00575,CC-00102,2026-05-22,8.0,1.05,529.31,OnPrem-SQLServer
LC-00005015,PRJ-012,WBS-00575,CC-00102,2026-05-29,8.0,0.0,766.32,OnPrem-SQLServer
LC-00005016,PRJ-012,WBS-00575,CC-00103,2026-06-26,8.0,0.0,689.44,OnPrem-SQLServer
LC-00005017,PRJ-012,WBS-00575,CC-00104,2026-06-19,8.0,0.0,766.32,OnPrem-SQLServer
LC-00005018,PRJ-012,WBS-00575,CC-00106,2026-05-22,8.0,0.0,282.64,OnPrem-SQLServer
LC-00005019,PRJ-012,WBS-00575,CC-00107,2026-06-19,8.0,0.0,453.12,OnPrem-SQLServer
LC-00005020,PRJ-012,WBS-00576,CC-00100,2026-04-24,8.0,0.0,766.32,OnPrem-SQLServer
LC-00005021,PRJ-012,WBS-00576,CC-00100,2026-07-10,8.0,0.0,766.32,OnPrem-SQLServer
LC-00005022,PRJ-012,WBS-00576,CC-00102,2026-06-05,8.0,0.0,766.32,OnPrem-SQLServer
LC-00005023,PRJ-012,WBS-00576,CC-00103,2026-07-31,8.0,0.0,257.92,OnPrem-SQLServer
LC-00005024,PRJ-012,WBS-00576,CC-00104,2026-04-24,8.0,0.0,442.24,OnPrem-SQLServer
LC-00005025,PRJ-012,WBS-00576,CC-00104,2026-06-26,8.0,0.0,453.68,OnPrem-SQLServer
LC-00005026,PRJ-012,WBS-00576,CC-00107,2026-07-03,8.0,0.0,766.32,OnPrem-SQLServer
LC-00005027,PRJ-012,WBS-00576,CC-00108,2026-05-22,8.0,0.0,442.24,OnPrem-SQLServer
LC-00005028,PRJ-012,WBS-00577,CC-00101,2026-06-12,8.0,0.0,766.32,OnPrem-SQLServer
LC-00005029,PRJ-012,WBS-00577,CC-00101,2026-07-17,8.0,0.0,453.68,OnPrem-SQLServer
LC-00005030,PRJ-012,WBS-00577,CC-00101,2026-07-24,8.0,0.0,289.84,OnPrem-SQLServer
LC-00005031,PRJ-012,WBS-00577,CC-00101,2026-07-31,8.0,0.0,417.6,OnPrem-SQLServer
LC-00005032,PRJ-012,WBS-00577,CC-00102,2026-07-10,8.0,0.0,766.32,OnPrem-SQLServer
LC-00005033,PRJ-012,WBS-00577,CC-00103,2026-06-05,8.0,0.0,289.84,OnPrem-SQLServer
LC-00005034,PRJ-012,WBS-00577,CC-00103,2026-07-31,8.0,0.0,766.32,OnPrem-SQLServer
LC-00005035,PRJ-012,WBS-00577,CC-00104,2026-06-05,8.0,0.0,282.64,OnPrem-SQLServer
LC-00005036,PRJ-012,WBS-00577,CC-00104,2026-06-19,8.0,0.0,257.92,OnPrem-SQLServer
LC-00005037,PRJ-012,WBS-00577,CC-00104,2026-07-17,8.0,0.0,257.92,OnPrem-SQLServer
LC-00005038,PRJ-012,WBS-00577,CC-00106,2026-05-22,8.0,0.0,289.84,OnPrem-SQLServer
LC-00005039,PRJ-012,WBS-00577,CC-00107,2026-06-19,8.0,0.0,453.12,OnPrem-SQLServer
LC-00005040,PRJ-012,WBS-00577,CC-00107,2026-07-24,8.0,1.97,554.21,OnPrem-SQLServer
LC-00005041,PRJ-012,WBS-00577,CC-00108,2026-07-24,8.0,0.0,289.84,OnPrem-SQLServer
LC-00005042,PRJ-012,WBS-00578,CC-00102,2026-05-22,8.0,0.0,442.24,OnPrem-SQLServer
LC-00005043,PRJ-012,WBS-00578,CC-00102,2026-06-05,8.0,0.0,289.84,OnPrem-SQLServer
LC-00005044,PRJ-012,WBS-00578,CC-00103,2026-05-15,8.0,0.0,289.84,OnPrem-SQLServer
LC-00005045,PRJ-012,WBS-00578,CC-00104,2026-06-26,8.0,0.0,689.44,OnPrem-SQLServer
LC-00005046,PRJ-012,WBS-00578,CC-00105,2026-07-03,8.0,0.0,442.24,OnPrem-SQLServer
LC-00005047,PRJ-012,WBS-00578,CC-00105,2026-07-31,8.0,0.0,282.64,OnPrem-SQLServer
LC-00005048,PRJ-012,WBS-00578,CC-00106,2026-05-22,8.0,0.0,766.32,OnPrem-SQLServer
LC-00005049,PRJ-012,WBS-00578,CC-00106,2026-06-26,8.0,0.0,404.72,OnPrem-SQLServer
LC-00005050,PRJ-012,WBS-00578,CC-00106,2026-07-17,8.0,0.0,282.64,OnPrem-SQLServer
LC-00005051,PRJ-012,WBS-00578,CC-00107,2026-06-19,8.0,0.0,766.32,OnPrem-SQLServer
LC-00005052,PRJ-012,WBS-00578,CC-00107,2026-07-17,8.0,0.0,264.72,OnPrem-SQLServer
LC-00005053,PRJ-012,WBS-00578,CC-00108,2026-06-19,8.0,0.0,453.12,OnPrem-SQLServer
LC-00005054,PRJ-012,WBS-00579,CC-00100,2026-05-15,8.0,1.14,930.12,OnPrem-SQLServer
LC-00005055,PRJ-012,WBS-00579,CC-00101,2026-06-19,8.0,0.0,282.64,OnPrem-SQLServer
LC-00005056,PRJ-012,WBS-00579,CC-00102,2026-05-29,8.0,0.0,766.32,OnPrem-SQLServer
LC-00005057,PRJ-012,WBS-00579,CC-00103,2026-06-05,8.0,0.0,282.64,OnPrem-SQLServer
LC-00005058,PRJ-012,WBS-00579,CC-00103,2026-07-03,8.0,0.0,442.24,OnPrem-SQLServer
LC-00005059,PRJ-012,WBS-00579,CC-00103,2026-07-24,8.0,0.0,404.72,OnPrem-SQLServer
LC-00005060,PRJ-012,WBS-00579,CC-00104,2026-06-19,8.0,0.0,453.68,OnPrem-SQLServer
LC-00005061,PRJ-012,WBS-00579,CC-00106,2026-05-29,8.0,0.0,419.84,OnPrem-SQLServer
LC-00005062,PRJ-012,WBS-00579,CC-00107,2026-05-01,8.0,0.0,289.84,OnPrem-SQLServer
LC-00005063,PRJ-012,WBS-00579,CC-00107,2026-05-29,16.0,0.0,752.64,OnPrem-SQLServer
LC-00005064,PRJ-012,WBS-00579,CC-00107,2026-06-12,8.0,0.0,766.32,OnPrem-SQLServer
LC-00005065,PRJ-012,WBS-00579,CC-00107,2026-07-17,8.0,0.0,257.92,OnPrem-SQLServer
LC-00005066,PRJ-012,WBS-00579,CC-00108,2026-07-03,8.0,0.0,766.32,OnPrem-SQLServer
