entry_id,timesheet_id,emp_id,work_date,project_id,wbs_id,cost_code_id,clock_in,clock_out,hours,overtime_hours,origin_system
TE-00000001,TS-0000001,EMP-0001,2026-05-11,PRJ-002,WBS-00069,CC-00012,2026-05-11 06:00:00,2026-05-11 14:30:00,8.0,0.0,OnPrem-SQLServer
TE-00000002,TS-0000001,EMP-0001,2026-05-12,PRJ-002,WBS-00085,CC-00014,2026-05-12 06:15:00,2026-05-12 15:45:00,9.0,1.0,OnPrem-SQLServer
TE-00000003,TS-0000001,EMP-0001,2026-05-13,PRJ-002,WBS-00057,CC-00014,2026-05-13 06:15:00,2026-05-13 14:45:00,8.0,0.0,OnPrem-SQLServer
TE-00000004,TS-0000001,EMP-0001,2026-05-14,PRJ-002,WBS-00081,CC-00018,2026-05-14 06:15:00,2026-05-14 14:45:00,8.0,0.0,OnPrem-SQLServer
TE-00000005,TS-0000001,EMP-0001,2026-05-15,PRJ-002,WBS-00065,CC-00014,2026-05-15 06:00:00,2026-05-15 14:30:00,8.0,0.0,OnPrem-SQLServer
TE-00000006,TS-0000002,EMP-0001,2026-05-18,PRJ-002,WBS-00085,CC-00012,2026-05-18 06:30:00,2026-05-18 15:00:00,8.0,0.0,OnPrem-SQLServer
TE-00000007,TS-0000002,EMP-0001,2026-05-19,PRJ-002,WBS-00052,CC-00017,2026-05-19 06:00:00,2026-05-19 14:30:00,8.0,0.0,OnPrem-SQLServer
TE-00000008,TS-0000002,EMP-0001,2026-05-20,PRJ-002,WBS-00078,CC-00015,2026-05-20 06:30:00,2026-05-20 15:00:00,8.0,0.0,OnPrem-SQLServer
TE-00000009,TS-0000002,EMP-0001,2026-05-21,PRJ-002,WBS-00075,CC-00014,2026-05-21 06:00:00,2026-05-21 14:30:00,8.0,0.0,OnPrem-SQLServer
TE-00000010,TS-0000002,EMP-0001,2026-05-22,PRJ-002,WBS-00078,CC-00010,2026-05-22 06:30:00,2026-05-22 15:00:00,8.0,0.0,OnPrem-SQLServer
TE-00000011,TS-0000003,EMP-0001,2026-05-25,PRJ-002,WBS-00058,CC-00012,2026-05-25 06:15:00,2026-05-25 14:45:00,8.0,0.0,OnPrem-SQLServer
TE-00000012,TS-0000003,EMP-0001,2026-05-26,PRJ-002,WBS-00059,CC-00016,2026-05-26 06:00:00,2026-05-26 14:30:00,8.0,0.0,OnPrem-SQLServer
TE-00000013,TS-0000003,EMP-0001,2026-05-27,PRJ-002,WBS-00068,CC-00010,2026-05-27 06:00:00,2026-05-27 14:30:00,8.0,0.0,OnPrem-SQLServer
TE-00000014,TS-0000003,EMP-0001,2026-05-28,PRJ-002,WBS-00064,CC-00017,2026-05-28 06:30:00,2026-05-28 15:00:00,8.0,0.0,OnPrem-SQLServer
TE-00000015,TS-0000003,EMP-0001,2026-05-29,PRJ-002,WBS-00076,CC-00015,2026-05-29 06:00:00,2026-05-29 14:30:00,8.0,0.0,OnPrem-SQLServer
TE-00000016,TS-0000004,EMP-0001,2026-06-01,PRJ-002,WBS-00066,CC-00012,2026-06-01 06:30:00,2026-06-01 15:00:00,8.0,0.0,OnPrem-SQLServer
TE-00000017,TS-0000004,EMP-0001,2026-06-02,PRJ-002,WBS-00054,CC-00012,2026-06-02 06:15:00,2026-06-02 14:45:00,8.0,0.0,OnPrem-SQLServer
TE-00000018,TS-0000004,EMP-0001,2026-06-03,PRJ-002,WBS-00064,CC-00012,2026-06-03 06:00:00,2026-06-03 16:10:12,9.67,1.67,OnPrem-SQLServer
TE-00000019,TS-0000004,EMP-0001,2026-06-04,PRJ-002,WBS-00074,CC-00014,2026-06-04 06:30:00,2026-06-04 15:00:00,8.0,0.0,OnPrem-SQLServer
TE-00000020,TS-0000004,EMP-0001,2026-06-05,PRJ-002,WBS-00076,CC-00018,2026-06-05 06:00:00,2026-06-05 14:30:00,8.0,0.0,OnPrem-SQLServer
TE-00000021,TS-0000005,EMP-0001,2026-06-08,PRJ-002,WBS-00076,CC-00015,2026-06-08 06:30:00,2026-06-08 15:00:00,8.0,0.0,OnPrem-SQLServer
TE-00000022,TS-0000005,EMP-0001,2026-06-09,PRJ-002,WBS-00061,CC-00017,2026-06-09 06:30:00,2026-06-09 15:00:00,8.0,0.0,OnPrem-SQLServer
TE-00000023,TS-0000005,EMP-0001,2026-06-10,PRJ-002,WBS-00075,CC-00011,2026-06-10 06:15:00,2026-06-10 14:45:00,8.0,0.0,OnPrem-SQLServer
TE-00000024,TS-0000005,EMP-0001,2026-06-11,PRJ-002,WBS-00066,CC-00014,2026-06-11 06:00:00,2026-06-11 14:30:00,8.0,0.0,OnPrem-SQLServer
TE-00000025,TS-0000005,EMP-0001,2026-06-12,PRJ-002,WBS-00075,CC-00014,2026-06-12 06:30:00,2026-06-12 15:00:00,8.0,0.0,OnPrem-SQLServer
TE-00000026,TS-0000006,EMP-0001,2026-06-29,PRJ-002,WBS-00073,CC-00017,2026-06-29 06:15:00,2026-06-29 16:09:00,9.4,1.4,OnPrem-SQLServer
TE-00000027,TS-0000006,EMP-0001,2026-06-30,PRJ-002,WBS-00070,CC-00011,2026-06-30 06:00:00,2026-06-30 14:30:00,8.0,0.0,OnPrem-SQLServer
TE-00000028,TS-0000006,EMP-0001,2026-07-01,PRJ-002,WBS-00087,CC-00013,2026-07-01 06:15:00,2026-07-01 14:45:00,8.0,0.0,OnPrem-SQLServer
TE-00000029,TS-0000006,EMP-0001,2026-07-02,PRJ-002,WBS-00057,CC-00016,2026-07-02 06:15:00,2026-07-02 15:46:12,9.02,1.02,OnPrem-SQLServer
TE-00000030,TS-0000006,EMP-0001,2026-07-03,PRJ-002,WBS-00086,CC-00015,2026-07-03 06:15:00,2026-07-03 14:45:00,8.0,0.0,OnPrem-SQLServer
TE-00000031,TS-0000007,EMP-0001,2026-07-06,PRJ-002,WBS-00085,CC-00018,2026-07-06 06:15:00,2026-07-06 14:45:00,8.0,0.0,OnPrem-SQLServer
TE-00000032,TS-0000007,EMP-0001,2026-07-07,PRJ-002,WBS-00057,CC-00011,2026-07-07 06:15:00,2026-07-07 14:45:00,8.0,0.0,OnPrem-SQLServer
TE-00000033,TS-0000007,EMP-0001,2026-07-08,PRJ-002,WBS-00054,CC-00015,2026-07-08 06:00:00,2026-07-08 14:30:00,8.0,0.0,OnPrem-SQLServer
TE-00000034,TS-0000007,EMP-0001,2026-07-09,PRJ-002,WBS-00061,CC-00015,2026-07-09 06:15:00,2026-07-09 14:45:00,8.0,0.0,OnPrem-SQLServer
TE-00000035,TS-0000007,EMP-0001,2026-07-10,PRJ-002,WBS-00070,CC-00017,2026-07-10 06:30:00,2026-07-10 15:00:00,8.0,0.0,OnPrem-SQLServer
TE-00000036,TS-0000008,EMP-0001,2026-07-13,PRJ-002,WBS-00085,CC-00017,2026-07-13 06:00:00,2026-07-13 14:30:00,8.0,0.0,OnPrem-SQLServer
TE-00000037,TS-0000008,EMP-0001,2026-07-14,PRJ-002,WBS-00061,CC-00014,2026-07-14 06:15:00,2026-07-14 14:45:00,8.0,0.0,OnPrem-SQLServer
TE-00000038,TS-0000008,EMP-0001,2026-07-15,PRJ-002,WBS-00084,CC-00015,2026-07-15 06:15:00,2026-07-15 14:45:00,8.0,0.0,OnPrem-SQLServer
TE-00000039,TS-0000008,EMP-0001,2026-07-16,PRJ-002,WBS-00064,CC-00013,2026-07-16 06:15:00,2026-07-16 14:45:00,8.0,0.0,OnPrem-SQLServer
TE-00000040,TS-0000008,EMP-0001,2026-07-17,PRJ-002,WBS-00059,CC-00014,2026-07-17 06:30:00,2026-07-17 15:34:48,8.58,0.58,OnPrem-SQLServer
TE-00000041,TS-0000009,EMP-0001,2026-07-20,PRJ-002,WBS-00077,CC-00017,2026-07-20 06:30:00,2026-07-20 15:00:00,8.0,0.0,OnPrem-SQLServer
TE-00000042,TS-0000009,EMP-0001,2026-07-21,PRJ-002,WBS-00087,CC-00011,2026-07-21 06:15:00,2026-07-21 14:45:00,8.0,0.0,OnPrem-SQLServer
TE-00000043,TS-0000009,EMP-0001,2026-07-22,PRJ-002,WBS-00061,CC-00012,2026-07-22 06:00:00,2026-07-22 15:45:00,9.25,1.25,OnPrem-SQLServer
TE-00000044,TS-0000009,EMP-0001,2026-07-23,PRJ-002,WBS-00080,CC-00011,2026-07-23 06:15:00,2026-07-23 14:45:00,8.0,0.0,OnPrem-SQLServer
TE-00000045,TS-0000009,EMP-0001,2026-07-24,PRJ-002,WBS-00061,CC-00010,2026-07-24 06:00:00,2026-07-24 14:30:00,8.0,0.0,OnPrem-SQLServer
TE-00000046,TS-0000010,EMP-0001,2026-07-27,PRJ-002,WBS-00085,CC-00013,2026-07-27 06:15:00,2026-07-27 16:39:36,9.91,1.91,OnPrem-SQLServer
TE-00000047,TS-0000010,EMP-0001,2026-07-28,PRJ-002,WBS-00084,CC-00015,2026-07-28 06:15:00,2026-07-28 14:45:00,8.0,0.0,OnPrem-SQLServer
TE-00000048,TS-0000010,EMP-0001,2026-07-29,PRJ-002,WBS-00071,CC-00015,2026-07-29 06:15:00,2026-07-29 14:45:00,8.0,0.0,OnPrem-SQLServer
TE-00000049,TS-0000010,EMP-0001,2026-07-30,PRJ-002,WBS-00086,CC-00015,2026-07-30 06:15:00,2026-07-30 14:45:00,8.0,0.0,OnPrem-SQLServer
TE-00000050,TS-0000010,EMP-0001,2026-07-31,PRJ-002,WBS-00084,CC-00010,2026-07-31 06:30:00,2026-07-31 15:00:00,8.0,0.0,OnPrem-SQLServer
TE-00000051,TS-0000011,EMP-0002,2026-04-27,PRJ-006,WBS-00251,CC-00046,2026-04-27 06:15:00,2026-04-27 16:05:24,9.34,1.34,OnPrem-SQLServer
TE-00000052,TS-0000011,EMP-0002,2026-04-28,PRJ-006,WBS-00257,CC-00046,2026-04-28 06:00:00,2026-04-28 14:30:00,8.0,0.0,OnPrem-SQLServer
TE-00000053,TS-0000011,EMP-0002,2026-04-29,PRJ-006,WBS-00229,CC-00047,2026-04-29 06:00:00,2026-04-29 14:30:00,8.0,0.0,OnPrem-SQLServer
TE-00000054,TS-0000011,EMP-0002,2026-04-30,PRJ-006,WBS-00232,CC-00051,2026-04-30 06:00:00,2026-04-30 14:30:00,8.0,0.0,OnPrem-SQLServer
TE-00000055,TS-0000011,EMP-0002,2026-05-01,PRJ-006,WBS-00254,CC-00053,2026-05-01 06:30:00,2026-05-01 15:00:00,8.0,0.0,OnPrem-SQLServer
TE-00000056,TS-0000012,EMP-0002,2026-05-04,PRJ-006,WBS-00217,CC-00048,2026-05-04 06:30:00,2026-05-04 15:00:00,8.0,0.0,OnPrem-SQLServer
TE-00000057,TS-0000012,EMP-0002,2026-05-05,PRJ-006,WBS-00227,CC-00046,2026-05-05 06:15:00,2026-05-05 14:45:00,8.0,0.0,OnPrem-SQLServer
TE-00000058,TS-0000012,EMP-0002,2026-05-06,PRJ-006,WBS-00219,CC-00050,2026-05-06 06:15:00,2026-05-06 14:45:00,8.0,0.0,OnPrem-SQLServer
TE-00000059,TS-0000012,EMP-0002,2026-05-07,PRJ-006,WBS-00217,CC-00051,2026-05-07 06:00:00,2026-05-07 14:30:00,8.0,0.0,OnPrem-SQLServer
TE-00000060,TS-0000012,EMP-0002,2026-05-08,PRJ-006,WBS-00247,CC-00049,2026-05-08 06:30:00,2026-05-08 15:00:00,8.0,0.0,OnPrem-SQLServer
TE-00000061,TS-0000013,EMP-0002,2026-05-11,PRJ-006,WBS-00224,CC-00052,2026-05-11 06:15:00,2026-05-11 14:45:00,8.0,0.0,OnPrem-SQLServer
TE-00000062,TS-0000013,EMP-0002,2026-05-12,PRJ-006,WBS-00246,CC-00052,2026-05-12 06:30:00,2026-05-12 15:00:00,8.0,0.0,OnPrem-SQLServer
TE-00000063,TS-0000013,EMP-0002,2026-05-13,PRJ-006,WBS-00230,CC-00050,2026-05-13 06:00:00,2026-05-13 15:57:36,9.46,1.46,OnPrem-SQLServer
TE-00000064,TS-0000013,EMP-0002,2026-05-14,PRJ-006,WBS-00258,CC-00053,2026-05-14 06:15:00,2026-05-14 14:45:00,8.0,0.0,OnPrem-SQLServer
TE-00000065,TS-0000013,EMP-0002,2026-05-15,PRJ-006,WBS-00253,CC-00051,2026-05-15 06:00:00,2026-05-15 14:30:00,8.0,0.0,OnPrem-SQLServer
TE-00000066,TS-0000014,EMP-0002,2026-05-18,PRJ-006,WBS-00227,CC-00046,2026-05-18 06:00:00,2026-05-18 14:30:00,8.0,0.0,OnPrem-SQLServer
TE-00000067,TS-0000014,EMP-0002,2026-05-19,PRJ-006,WBS-00228,CC-00046,2026-05-19 06:15:00,2026-05-19 14:45:00,8.0,0.0,OnPrem-SQLServer
TE-00000068,TS-0000014,EMP-0002,2026-05-20,PRJ-006,WBS-00239,CC-00054,2026-05-20 06:30:00,2026-05-20 16:27:36,9.46,1.46,OnPrem-SQLServer
TE-00000069,TS-0000014,EMP-0002,2026-05-21,PRJ-006,WBS-00230,CC-00047,2026-05-21 06:00:00,2026-05-21 14:30:00,8.0,0.0,OnPrem-SQLServer
TE-00000070,TS-0000014,EMP-0002,2026-05-22,PRJ-006,WBS-00220,CC-00047,2026-05-22 06:30:00,2026-05-22 15:00:00,8.0,0.0,OnPrem-SQLServer
TE-00000071,TS-0000015,EMP-0002,2026-05-25,PRJ-006,WBS-00232,CC-00052,2026-05-25 06:30:00,2026-05-25 15:00:00,8.0,0.0,OnPrem-SQLServer
TE-00000072,TS-0000015,EMP-0002,2026-05-26,PRJ-006,WBS-00236,CC-00050,2026-05-26 06:30:00,2026-05-26 15:00:00,8.0,0.0,OnPrem-SQLServer
TE-00000073,TS-0000015,EMP-0002,2026-05-27,PRJ-006,WBS-00224,CC-00051,2026-05-27 06:15:00,2026-05-27 14:45:00,8.0,0.0,OnPrem-SQLServer
TE-00000074,TS-0000015,EMP-0002,2026-05-28,PRJ-006,WBS-00231,CC-00052,2026-05-28 06:15:00,2026-05-28 14:45:00,8.0,0.0,OnPrem-SQLServer
TE-00000075,TS-0000015,EMP-0002,2026-05-29,PRJ-006,WBS-00243,CC-00051,2026-05-29 06:15:00,2026-05-29 14:45:00,8.0,0.0,OnPrem-SQLServer
TE-00000076,TS-0000016,EMP-0002,2026-06-01,PRJ-004,WBS-00145,CC-00030,2026-06-01 06:00:00,2026-06-01 15:49:12,9.32,1.32,OnPrem-SQLServer
TE-00000077,TS-0000016,EMP-0002,2026-06-02,PRJ-004,WBS-00133,CC-00033,2026-06-02 06:00:00,2026-06-02 14:30:00,8.0,0.0,OnPrem-SQLServer
TE-00000078,TS-0000016,EMP-0002,2026-06-03,PRJ-004,WBS-00164,CC-00029,2026-06-03 06:00:00,2026-06-03 16:27:00,9.95,1.95,OnPrem-SQLServer
TE-00000079,TS-0000016,EMP-0002,2026-06-04,PRJ-004,WBS-00133,CC-00030,2026-06-04 06:00:00,2026-06-04 14:30:00,8.0,0.0,OnPrem-SQLServer
TE-00000080,TS-0000016,EMP-0002,2026-06-05,PRJ-004,WBS-00160,CC-00034,2026-06-05 06:30:00,2026-06-05 15:57:36,8.96,0.96,OnPrem-SQLServer
TE-00000081,TS-0000017,EMP-0002,2026-06-08,PRJ-006,WBS-00258,CC-00050,2026-06-08 06:15:00,2026-06-08 14:45:00,8.0,0.0,OnPrem-SQLServer
TE-00000082,TS-0000017,EMP-0002,2026-06-09,PRJ-006,WBS-00242,CC-00053,2026-06-09 06:00:00,2026-06-09 14:30:00,8.0,0.0,OnPrem-SQLServer
TE-00000083,TS-0000017,EMP-0002,2026-06-10,PRJ-006,WBS-00243,CC-00048,2026-06-10 06:00:00,2026-06-10 14:30:00,8.0,0.0,OnPrem-SQLServer
TE-00000084,TS-0000017,EMP-0002,2026-06-11,PRJ-006,WBS-00244,CC-00047,2026-06-11 06:00:00,2026-06-11 14:30:00,8.0,0.0,OnPrem-SQLServer
TE-00000085,TS-0000017,EMP-0002,2026-06-12,PRJ-006,WBS-00249,CC-00052,2026-06-12 06:15:00,2026-06-12 14:45:00,8.0,0.0,OnPrem-SQLServer
TE-00000086,TS-0000018,EMP-0002,2026-06-15,PRJ-006,WBS-00228,CC-00048,2026-06-15 06:00:00,2026-06-15 14:30:00,8.0,0.0,OnPrem-SQLServer
TE-00000087,TS-0000018,EMP-0002,2026-06-16,PRJ-006,WBS-00246,CC-00052,2026-06-16 06:30:00,2026-06-16 15:00:00,8.0,0.0,OnPrem-SQLServer
TE-00000088,TS-0000018,EMP-0002,2026-06-17,PRJ-006,WBS-00214,CC-00047,2026-06-17 06:00:00,2026-06-17 14:30:00,8.0,0.0,OnPrem-SQLServer
TE-00000089,TS-0000018,EMP-0002,2026-06-18,PRJ-006,WBS-00258,CC-00051,2026-06-18 06:15:00,2026-06-18 14:45:00,8.0,0.0,OnPrem-SQLServer
TE-00000090,TS-0000018,EMP-0002,2026-06-19,PRJ-006,WBS-00250,CC-00051,2026-06-19 06:00:00,2026-06-19 14:30:00,8.0,0.0,OnPrem-SQLServer
TE-00000091,TS-0000019,EMP-0002,2026-06-22,PRJ-006,WBS-00214,CC-00051,2026-06-22 06:15:00,2026-06-22 14:45:00,8.0,0.0,OnPrem-SQLServer
TE-00000092,TS-0000019,EMP-0002,2026-06-23,PRJ-006,WBS-00243,CC-00054,2026-06-23 06:00:00,2026-06-23 14:30:00,8.0,0.0,OnPrem-SQLServer
TE-00000093,TS-0000019,EMP-0002,2026-06-24,PRJ-006,WBS-00232,CC-00049,2026-06-24 06:00:00,2026-06-24 14:30:00,8.0,0.0,OnPrem-SQLServer
TE-00000094,TS-0000019,EMP-0002,2026-06-25,PRJ-006,WBS-00248,CC-00047,2026-06-25 06:15:00,2026-06-25 14:45:00,8.0,0.0,OnPrem-SQLServer
TE-00000095,TS-0000019,EMP-0002,2026-06-26,PRJ-006,WBS-00224,CC-00049,2026-06-26 06:00:00,2026-06-26 14:30:00,8.0,0.0,OnPrem-SQLServer
TE-00000096,TS-0000020,EMP-0002,2026-07-13,PRJ-006,WBS-00227,CC-00054,2026-07-13 06:00:00,2026-07-13 14:30:00,8.0,0.0,OnPrem-SQLServer
TE-00000097,TS-0000020,EMP-0002,2026-07-14,PRJ-006,WBS-00235,CC-00046,2026-07-14 06:15:00,2026-07-14 14:45:00,8.0,0.0,OnPrem-SQLServer
TE-00000098,TS-0000020,EMP-0002,2026-07-15,PRJ-006,WBS-00228,CC-00052,2026-07-15 06:00:00,2026-07-15 15:16:12,8.77,0.77,OnPrem-SQLServer
TE-00000099,TS-0000020,EMP-0002,2026-07-16,PRJ-006,WBS-00232,CC-00054,2026-07-16 06:00:00,2026-07-16 14:30:00,8.0,0.0,OnPrem-SQLServer
TE-00000100,TS-0000020,EMP-0002,2026-07-17,PRJ-006,WBS-00221,CC-00053,2026-07-17 06:00:00,2026-07-17 14:30:00,8.0,0.0,OnPrem-SQLServer
TE-00000101,TS-0000021,EMP-0002,2026-07-27,PRJ-006,WBS-00242,CC-00054,2026-07-27 06:15:00,2026-07-27 14:45:00,8.0,0.0,OnPrem-SQLServer
TE-00000102,TS-0000021,EMP-0002,2026-07-28,PRJ-006,WBS-00244,CC-00050,2026-07-28 06:00:00,2026-07-28 14:30:00,8.0,0.0,OnPrem-SQLServer
TE-00000103,TS-0000021,EMP-0002,2026-07-29,PRJ-006,WBS-00221,CC-00050,2026-07-29 06:15:00,2026-07-29 14:45:00,8.0,0.0,OnPrem-SQLServer
TE-00000104,TS-0000021,EMP-0002,2026-07-30,PRJ-006,WBS-00214,CC-00048,2026-07-30 06:15:00,2026-07-30 14:45:00,8.0,0.0,OnPrem-SQLServer
TE-00000105,TS-0000021,EMP-0002,2026-07-31,PRJ-006,WBS-00227,CC-00053,2026-07-31 06:15:00,2026-07-31 14:45:00,8.0,0.0,OnPrem-SQLServer
TE-00000106,TS-0000022,EMP-0003,2026-05-25,PRJ-003,WBS-00108,CC-00022,2026-05-25 06:30:00,2026-05-25 15:00:00,8.0,0.0,OnPrem-SQLServer
TE-00000107,TS-0000022,EMP-0003,2026-05-26,PRJ-003,WBS-00095,CC-00024,2026-05-26 06:00:00,2026-05-26 14:30:00,8.0,0.0,OnPrem-SQLServer
TE-00000108,TS-0000022,EMP-0003,2026-05-27,PRJ-003,WBS-00106,CC-00025,2026-05-27 06:30:00,2026-05-27 15:00:00,8.0,0.0,OnPrem-SQLServer
TE-00000109,TS-0000022,EMP-0003,2026-05-28,PRJ-003,WBS-00089,CC-00020,2026-05-28 06:00:00,2026-05-28 14:30:00,8.0,0.0,OnPrem-SQLServer
TE-00000110,TS-0000022,EMP-0003,2026-05-29,PRJ-003,WBS-00117,CC-00026,2026-05-29 06:30:00,2026-05-29 15:00:00,8.0,0.0,OnPrem-SQLServer
TE-00000111,TS-0000023,EMP-0003,2026-06-01,PRJ-005,WBS-00199,CC-00039,2026-06-01 06:00:00,2026-06-01 16:03:36,9.56,1.56,OnPrem-SQLServer
TE-00000112,TS-0000023,EMP-0003,2026-06-02,PRJ-005,WBS-00186,CC-00038,2026-06-02 06:15:00,2026-06-02 14:45:00,8.0,0.0,OnPrem-SQLServer
TE-00000113,TS-0000023,EMP-0003,2026-06-03,PRJ-005,WBS-00184,CC-00038,2026-06-03 06:15:00,2026-06-03 14:45:00,8.0,0.0,OnPrem-SQLServer
TE-00000114,TS-0000023,EMP-0003,2026-06-04,PRJ-005,WBS-00198,CC-00042,2026-06-04 06:00:00,2026-06-04 14:30:00,8.0,0.0,OnPrem-SQLServer
TE-00000115,TS-0000023,EMP-0003,2026-06-05,PRJ-005,WBS-00175,CC-00039,2026-06-05 06:30:00,2026-06-05 15:00:00,8.0,0.0,OnPrem-SQLServer
TE-00000116,TS-0000024,EMP-0003,2026-06-08,PRJ-003,WBS-00110,CC-00020,2026-06-08 06:00:00,2026-06-08 15:32:24,9.04,1.04,OnPrem-SQLServer
TE-00000117,TS-0000024,EMP-0003,2026-06-09,PRJ-003,WBS-00090,CC-00024,2026-06-09 06:15:00,2026-06-09 16:03:36,9.31,1.31,OnPrem-SQLServer
TE-00000118,TS-0000024,EMP-0003,2026-06-10,PRJ-003,WBS-00109,CC-00026,2026-06-10 06:00:00,2026-06-10 14:30:00,8.0,0.0,OnPrem-SQLServer
TE-00000119,TS-0000024,EMP-0003,2026-06-11,PRJ-003,WBS-00100,CC-00024,2026-06-11 06:00:00,2026-06-11 14:30:00,8.0,0.0,OnPrem-SQLServer
TE-00000120,TS-0000024,EMP-0003,2026-06-12,PRJ-003,WBS-00128,CC-00020,2026-06-12 06:30:00,2026-06-12 15:00:00,8.0,0.0,OnPrem-SQLServer
TE-00000121,TS-0000025,EMP-0003,2026-06-15,PRJ-008,WBS-00312,CC-00068,2026-06-15 06:30:00,2026-06-15 16:26:24,9.44,1.44,OnPrem-SQLServer
TE-00000122,TS-0000025,EMP-0003,2026-06-16,PRJ-008,WBS-00359,CC-00072,2026-06-16 06:30:00,2026-06-16 15:00:00,8.0,0.0,OnPrem-SQLServer
TE-00000123,TS-0000025,EMP-0003,2026-06-17,PRJ-008,WBS-00304,CC-00064,2026-06-17 06:30:00,2026-06-17 15:00:00,8.0,0.0,OnPrem-SQLServer
TE-00000124,TS-0000025,EMP-0003,2026-06-18,PRJ-008,WBS-00341,CC-00066,2026-06-18 06:15:00,2026-06-18 14:45:00,8.0,0.0,OnPrem-SQLServer
TE-00000125,TS-0000025,EMP-0003,2026-06-19,PRJ-008,WBS-00332,CC-00065,2026-06-19 06:30:00,2026-06-19 16:34:48,9.58,1.58,OnPrem-SQLServer
TE-00000126,TS-0000026,EMP-0003,2026-06-22,PRJ-003,WBS-00109,CC-00023,2026-06-22 06:00:00,2026-06-22 14:30:00,8.0,0.0,OnPrem-SQLServer
TE-00000127,TS-0000026,EMP-0003,2026-06-23,PRJ-003,WBS-00099,CC-00021,2026-06-23 06:30:00,2026-06-23 15:00:00,8.0,0.0,OnPrem-SQLServer
TE-00000128,TS-0000026,EMP-0003,2026-06-24,PRJ-003,WBS-00124,CC-00022,2026-06-24 06:30:00,2026-06-24 15:00:00,8.0,0.0,OnPrem-SQLServer
TE-00000129,TS-0000026,EMP-0003,2026-06-25,PRJ-003,WBS-00117,CC-00027,2026-06-25 06:00:00,2026-06-25 14:30:00,8.0,0.0,OnPrem-SQLServer
TE-00000130,TS-0000026,EMP-0003,2026-06-26,PRJ-003,WBS-00108,CC-00019,2026-06-26 06:30:00,2026-06-26 15:00:00,8.0,0.0,OnPrem-SQLServer
TE-00000131,TS-0000027,EMP-0003,2026-06-29,PRJ-003,WBS-00122,CC-00023,2026-06-29 06:30:00,2026-06-29 15:00:00,8.0,0.0,OnPrem-SQLServer
TE-00000132,TS-0000027,EMP-0003,2026-06-30,PRJ-003,WBS-00094,CC-00019,2026-06-30 06:15:00,2026-06-30 14:45:00,8.0,0.0,OnPrem-SQLServer
TE-00000133,TS-0000027,EMP-0003,2026-07-01,PRJ-003,WBS-00113,CC-00022,2026-07-01 06:15:00,2026-07-01 14:45:00,8.0,0.0,OnPrem-SQLServer
TE-00000134,TS-0000027,EMP-0003,2026-07-02,PRJ-003,WBS-00110,CC-00020,2026-07-02 06:30:00,2026-07-02 15:00:00,8.0,0.0,OnPrem-SQLServer
TE-00000135,TS-0000027,EMP-0003,2026-07-03,PRJ-003,WBS-00094,CC-00021,2026-07-03 06:00:00,2026-07-03 14:30:00,8.0,0.0,OnPrem-SQLServer
TE-00000136,TS-0000028,EMP-0003,2026-07-06,PRJ-003,WBS-00116,CC-00025,2026-07-06 06:30:00,2026-07-06 16:33:00,9.55,1.55,OnPrem-SQLServer
TE-00000137,TS-0000028,EMP-0003,2026-07-07,PRJ-003,WBS-00109,CC-00020,2026-07-07 06:15:00,2026-07-07 14:45:00,8.0,0.0,OnPrem-SQLServer
TE-00000138,TS-0000028,EMP-0003,2026-07-08,PRJ-003,WBS-00091,CC-00019,2026-07-08 06:15:00,2026-07-08 14:45:00,8.0,0.0,OnPrem-SQLServer
TE-00000139,TS-0000028,EMP-0003,2026-07-09,PRJ-003,WBS-00127,CC-00026,2026-07-09 06:30:00,2026-07-09 15:00:00,8.0,0.0,OnPrem-SQLServer
TE-00000140,TS-0000028,EMP-0003,2026-07-10,PRJ-003,WBS-00098,CC-00025,2026-07-10 06:30:00,2026-07-10 15:49:48,8.83,0.83,OnPrem-SQLServer
TE-00000141,TS-0000029,EMP-0003,2026-07-20,PRJ-003,WBS-00128,CC-00026,2026-07-20 06:00:00,2026-07-20 14:30:00,8.0,0.0,OnPrem-SQLServer
TE-00000142,TS-0000029,EMP-0003,2026-07-21,PRJ-003,WBS-00096,CC-00022,2026-07-21 06:15:00,2026-07-21 14:45:00,8.0,0.0,OnPrem-SQLServer
TE-00000143,TS-0000029,EMP-0003,2026-07-22,PRJ-003,WBS-00092,CC-00021,2026-07-22 06:00:00,2026-07-22 14:30:00,8.0,0.0,OnPrem-SQLServer
TE-00000144,TS-0000029,EMP-0003,2026-07-23,PRJ-003,WBS-00094,CC-00026,2026-07-23 06:15:00,2026-07-23 14:45:00,8.0,0.0,OnPrem-SQLServer
TE-00000145,TS-0000029,EMP-0003,2026-07-24,PRJ-003,WBS-00088,CC-00027,2026-07-24 06:00:00,2026-07-24 14:30:00,8.0,0.0,OnPrem-SQLServer
TE-00000146,TS-0000030,EMP-0003,2026-07-27,PRJ-003,WBS-00097,CC-00021,2026-07-27 06:00:00,2026-07-27 14:30:00,8.0,0.0,OnPrem-SQLServer
TE-00000147,TS-0000030,EMP-0003,2026-07-28,PRJ-003,WBS-00088,CC-00023,2026-07-28 06:15:00,2026-07-28 14:45:00,8.0,0.0,OnPrem-SQLServer
TE-00000148,TS-0000030,EMP-0003,2026-07-29,PRJ-003,WBS-00129,CC-00022,2026-07-29 06:30:00,2026-07-29 15:00:00,8.0,0.0,OnPrem-SQLServer
TE-00000149,TS-0000030,EMP-0003,2026-07-30,PRJ-003,WBS-00097,CC-00019,2026-07-30 06:15:00,2026-07-30 14:45:00,8.0,0.0,OnPrem-SQLServer
TE-00000150,TS-0000030,EMP-0003,2026-07-31,PRJ-003,WBS-00088,CC-00026,2026-07-31 06:30:00,2026-07-31 15:00:00,8.0,0.0,OnPrem-SQLServer
TE-00000151,TS-0000031,EMP-0004,2026-06-08,PRJ-010,WBS-00437,CC-00085,2026-06-08 06:15:00,2026-06-08 14:45:00,8.0,0.0,OnPrem-SQLServer
TE-00000152,TS-0000031,EMP-0004,2026-06-09,PRJ-010,WBS-00424,CC-00087,2026-06-09 06:00:00,2026-06-09 15:24:36,8.91,0.91,OnPrem-SQLServer
TE-00000153,TS-0000031,EMP-0004,2026-06-10,PRJ-010,WBS-00463,CC-00090,2026-06-10 06:00:00,2026-06-10 14:30:00,8.0,0.0,OnPrem-SQLServer
TE-00000154,TS-0000031,EMP-0004,2026-06-11,PRJ-010,WBS-00427,CC-00089,2026-06-11 06:30:00,2026-06-11 15:00:00,8.0,0.0,OnPrem-SQLServer
TE-00000155,TS-0000031,EMP-0004,2026-06-12,PRJ-010,WBS-00449,CC-00088,2026-06-12 06:00:00,2026-06-12 14:30:00,8.0,0.0,OnPrem-SQLServer
TE-00000156,TS-0000032,EMP-0004,2026-06-15,PRJ-001,WBS-00015,CC-00007,2026-06-15 06:00:00,2026-06-15 14:30:00,8.0,0.0,OnPrem-SQLServer
TE-00000157,TS-0000032,EMP-0004,2026-06-16,PRJ-001,WBS-00048,CC-00009,2026-06-16 07:00:00,2026-06-16 17:33:36,10.06,2.06,OnPrem-SQLServer
TE-00000158,TS-0000032,EMP-0004,2026-06-17,PRJ-001,WBS-00008,CC-00009,2026-06-17 06:00:00,2026-06-17 15:40:48,9.18,1.18,OnPrem-SQLServer
TE-00000159,TS-0000032,EMP-0004,2026-06-18,PRJ-001,WBS-00042,CC-00003,2026-06-18 06:30:00,2026-06-18 17:37:48,10.63,2.63,OnPrem-SQLServer
TE-00000160,TS-0000032,EMP-0004,2026-06-19,PRJ-001,WBS-00039,CC-00007,2026-06-19 06:15:00,2026-06-19 14:45:00,8.0,0.0,OnPrem-SQLServer
TE-00000161,TS-0000033,EMP-0004,2026-06-22,PRJ-010,WBS-00478,CC-00088,2026-06-22 06:30:00,2026-06-22 15:00:00,8.0,0.0,OnPrem-SQLServer
TE-00000162,TS-0000033,EMP-0004,2026-06-23,PRJ-010,WBS-00474,CC-00082,2026-06-23 06:30:00,2026-06-23 16:25:12,9.42,1.42,OnPrem-SQLServer
TE-00000163,TS-0000033,EMP-0004,2026-06-24,PRJ-010,WBS-00426,CC-00089,2026-06-24 06:00:00,2026-06-24 14:30:00,8.0,0.0,OnPrem-SQLServer
TE-00000164,TS-0000033,EMP-0004,2026-06-25,PRJ-010,WBS-00436,CC-00088,2026-06-25 06:30:00,2026-06-25 15:00:00,8.0,0.0,OnPrem-SQLServer
TE-00000165,TS-0000033,EMP-0004,2026-06-26,PRJ-010,WBS-00477,CC-00085,2026-06-26 06:15:00,2026-06-26 14:45:00,8.0,0.0,OnPrem-SQLServer
TE-00000166,TS-0000034,EMP-0004,2026-06-29,PRJ-008,WBS-00322,CC-00068,2026-06-29 06:30:00,2026-06-29 15:00:00,8.0,0.0,OnPrem-SQLServer
TE-00000167,TS-0000034,EMP-0004,2026-06-30,PRJ-008,WBS-00344,CC-00064,2026-06-30 06:15:00,2026-06-30 14:45:00,8.0,0.0,OnPrem-SQLServer
TE-00000168,TS-0000034,EMP-0004,2026-07-01,PRJ-008,WBS-00322,CC-00064,2026-07-01 06:00:00,2026-07-01 14:30:00,8.0,0.0,OnPrem-SQLServer
TE-00000169,TS-0000034,EMP-0004,2026-07-02,PRJ-008,WBS-00342,CC-00072,2026-07-02 06:00:00,2026-07-02 14:30:00,8.0,0.0,OnPrem-SQLServer
TE-00000170,TS-0000034,EMP-0004,2026-07-03,PRJ-008,WBS-00308,CC-00065,2026-07-03 06:15:00,2026-07-03 14:45:00,8.0,0.0,OnPrem-SQLServer
TE-00000171,TS-0000035,EMP-0004,2026-07-06,PRJ-001,WBS-00024,CC-00002,2026-07-06 07:30:00,2026-07-06 17:53:24,9.89,1.89,OnPrem-SQLServer
TE-00000172,TS-0000035,EMP-0004,2026-07-07,PRJ-001,WBS-00026,CC-00006,2026-07-07 07:00:00,2026-07-07 15:30:00,8.0,0.0,OnPrem-SQLServer
TE-00000173,TS-0000035,EMP-0004,2026-07-08,PRJ-001,WBS-00041,CC-00003,2026-07-08 07:15:00,2026-07-08 15:45:00,8.0,0.0,OnPrem-SQLServer
TE-00000174,TS-0000035,EMP-0004,2026-07-09,PRJ-001,WBS-00044,CC-00003,2026-07-09 07:30:00,2026-07-09 19:46:48,11.78,3.78,OnPrem-SQLServer
TE-00000175,TS-0000035,EMP-0004,2026-07-10,PRJ-001,WBS-00035,CC-00001,2026-07-10 07:15:00,2026-07-10 17:10:12,9.42,1.42,OnPrem-SQLServer
TE-00000176,TS-0000036,EMP-0004,2026-07-13,PRJ-010,WBS-00471,CC-00086,2026-07-13 06:00:00,2026-07-13 14:30:00,8.0,0.0,OnPrem-SQLServer
TE-00000177,TS-0000036,EMP-0004,2026-07-14,PRJ-010,WBS-00427,CC-00083,2026-07-14 06:00:00,2026-07-14 15:49:12,9.32,1.32,OnPrem-SQLServer
TE-00000178,TS-0000036,EMP-0004,2026-07-15,PRJ-010,WBS-00470,CC-00086,2026-07-15 06:00:00,2026-07-15 14:30:00,8.0,0.0,OnPrem-SQLServer
TE-00000179,TS-0000036,EMP-0004,2026-07-16,PRJ-010,WBS-00463,CC-00084,2026-07-16 06:00:00,2026-07-16 14:30:00,8.0,0.0,OnPrem-SQLServer
TE-00000180,TS-0000036,EMP-0004,2026-07-17,PRJ-010,WBS-00472,CC-00085,2026-07-17 06:15:00,2026-07-17 14:45:00,8.0,0.0,OnPrem-SQLServer
TE-00000181,TS-0000037,EMP-0004,2026-07-20,PRJ-010,WBS-00473,CC-00086,2026-07-20 06:15:00,2026-07-20 14:45:00,8.0,0.0,OnPrem-SQLServer
TE-00000182,TS-0000037,EMP-0004,2026-07-21,PRJ-010,WBS-00446,CC-00089,2026-07-21 06:00:00,2026-07-21 14:30:00,8.0,0.0,OnPrem-SQLServer
TE-00000183,TS-0000037,EMP-0004,2026-07-22,PRJ-010,WBS-00450,CC-00084,2026-07-22 06:15:00,2026-07-22 16:36:00,9.85,1.85,OnPrem-SQLServer
TE-00000184,TS-0000037,EMP-0004,2026-07-23,PRJ-010,WBS-00480,CC-00090,2026-07-23 06:30:00,2026-07-23 15:00:00,8.0,0.0,OnPrem-SQLServer
TE-00000185,TS-0000037,EMP-0004,2026-07-24,PRJ-010,WBS-00468,CC-00088,2026-07-24 06:15:00,2026-07-24 14:45:00,8.0,0.0,OnPrem-SQLServer
TE-00000186,TS-0000038,EMP-0004,2026-07-27,PRJ-010,WBS-00469,CC-00082,2026-07-27 06:00:00,2026-07-27 14:30:00,8.0,0.0,OnPrem-SQLServer
TE-00000187,TS-0000038,EMP-0004,2026-07-28,PRJ-010,WBS-00434,CC-00083,2026-07-28 06:15:00,2026-07-28 14:45:00,8.0,0.0,OnPrem-SQLServer
TE-00000188,TS-0000038,EMP-0004,2026-07-29,PRJ-010,WBS-00464,CC-00090,2026-07-29 06:15:00,2026-07-29 15:46:12,9.02,1.02,OnPrem-SQLServer
TE-00000189,TS-0000038,EMP-0004,2026-07-30,PRJ-010,WBS-00471,CC-00084,2026-07-30 06:00:00,2026-07-30 14:30:00,8.0,0.0,OnPrem-SQLServer
TE-00000190,TS-0000038,EMP-0004,2026-07-31,PRJ-010,WBS-00469,CC-00088,2026-07-31 06:00:00,2026-07-31 14:30:00,8.0,0.0,OnPrem-SQLServer
TE-00000191,TS-0000039,EMP-0006,2026-06-15,PRJ-012,WBS-00568,CC-00101,2026-06-15 06:15:00,2026-06-15 14:45:00,8.0,0.0,OnPrem-SQLServer
TE-00000192,TS-0000039,EMP-0006,2026-06-16,PRJ-012,WBS-00550,CC-00106,2026-06-16 06:15:00,2026-06-16 14:45:00,8.0,0.0,OnPrem-SQLServer
TE-00000193,TS-0000039,EMP-0006,2026-06-17,PRJ-012,WBS-00552,CC-00106,2026-06-17 06:30:00,2026-06-17 15:00:00,8.0,0.0,OnPrem-SQLServer
TE-00000194,TS-0000039,EMP-0006,2026-06-18,PRJ-012,WBS-00575,CC-00100,2026-06-18 06:00:00,2026-06-18 14:30:00,8.0,0.0,OnPrem-SQLServer
TE-00000195,TS-0000039,EMP-0006,2026-06-19,PRJ-012,WBS-00571,CC-00106,2026-06-19 06:15:00,2026-06-19 14:45:00,8.0,0.0,OnPrem-SQLServer
TE-00000196,TS-0000040,EMP-0006,2026-06-22,PRJ-012,WBS-00552,CC-00104,2026-06-22 06:00:00,2026-06-22 14:30:00,8.0,0.0,OnPrem-SQLServer
TE-00000197,TS-0000040,EMP-0006,2026-06-23,PRJ-012,WBS-00572,CC-00101,2026-06-23 06:30:00,2026-06-23 15:00:00,8.0,0.0,OnPrem-SQLServer
TE-00000198,TS-0000040,EMP-0006,2026-06-24,PRJ-012,WBS-00564,CC-00101,2026-06-24 06:15:00,2026-06-24 14:45:00,8.0,0.0,OnPrem-SQLServer
TE-00000199,TS-0000040,EMP-0006,2026-06-25,PRJ-012,WBS-00578,CC-00106,2026-06-25 06:15:00,2026-06-25 14:45:00,8.0,0.0,OnPrem-SQLServer
TE-00000200,TS-0000040,EMP-0006,2026-06-26,PRJ-012,WBS-00562,CC-00103,2026-06-26 06:00:00,2026-06-26 14:30:00,8.0,0.0,OnPrem-SQLServer
TE-00000201,TS-0000041,EMP-0006,2026-06-29,PRJ-010,WBS-00473,CC-00082,2026-06-29 06:00:00,2026-06-29 16:01:12,9.52,1.52,OnPrem-SQLServer
TE-00000202,TS-0000041,EMP-0006,2026-06-30,PRJ-010,WBS-00454,CC-00085,2026-06-30 06:15:00,2026-06-30 16:16:48,9.53,1.53,OnPrem-SQLServer
TE-00000203,TS-0000041,EMP-0006,2026-07-01,PRJ-010,WBS-00433,CC-00082,2026-07-01 06:00:00,2026-07-01 14:30:00,8.0,0.0,OnPrem-SQLServer
TE-00000204,TS-0000041,EMP-0006,2026-07-02,PRJ-010,WBS-00459,CC-00086,2026-07-02 06:30:00,2026-07-02 15:00:00,8.0,0.0,OnPrem-SQLServer
TE-00000205,TS-0000041,EMP-0006,2026-07-03,PRJ-010,WBS-00471,CC-00089,2026-07-03 06:30:00,2026-07-03 15:00:00,8.0,0.0,OnPrem-SQLServer
TE-00000206,TS-0000042,EMP-0006,2026-07-06,PRJ-012,WBS-00551,CC-00100,2026-07-06 06:15:00,2026-07-06 15:22:48,8.63,0.63,OnPrem-SQLServer
TE-00000207,TS-0000042,EMP-0006,2026-07-07,PRJ-012,WBS-00550,CC-00106,2026-07-07 06:00:00,2026-07-07 14:30:00,8.0,0.0,OnPrem-SQLServer
TE-00000208,TS-0000042,EMP-0006,2026-07-08,PRJ-012,WBS-00571,CC-00101,2026-07-08 06:00:00,2026-07-08 14:30:00,8.0,0.0,OnPrem-SQLServer
TE-00000209,TS-0000042,EMP-0006,2026-07-09,PRJ-012,WBS-00558,CC-00104,2026-07-09 06:15:00,2026-07-09 14:45:00,8.0,0.0,OnPrem-SQLServer
TE-00000210,TS-0000042,EMP-0006,2026-07-10,PRJ-012,WBS-00552,CC-00107,2026-07-10 06:15:00,2026-07-10 15:15:00,8.5,0.5,OnPrem-SQLServer
TE-00000211,TS-0000043,EMP-0006,2026-07-20,PRJ-012,WBS-00562,CC-00102,2026-07-20 06:15:00,2026-07-20 16:04:12,9.32,1.32,OnPrem-SQLServer
TE-00000212,TS-0000043,EMP-0006,2026-07-21,PRJ-012,WBS-00579,CC-00103,2026-07-21 06:15:00,2026-07-21 14:45:00,8.0,0.0,OnPrem-SQLServer
TE-00000213,TS-0000043,EMP-0006,2026-07-22,PRJ-012,WBS-00560,CC-00106,2026-07-22 06:00:00,2026-07-22 14:30:00,8.0,0.0,OnPrem-SQLServer
TE-00000214,TS-0000043,EMP-0006,2026-07-23,PRJ-012,WBS-00558,CC-00105,2026-07-23 06:15:00,2026-07-23 14:45:00,8.0,0.0,OnPrem-SQLServer
TE-00000215,TS-0000043,EMP-0006,2026-07-24,PRJ-012,WBS-00577,CC-00107,2026-07-24 06:15:00,2026-07-24 16:43:12,9.97,1.97,OnPrem-SQLServer
TE-00000216,TS-0000044,EMP-0006,2026-07-27,PRJ-004,WBS-00131,CC-00035,2026-07-27 06:15:00,2026-07-27 14:45:00,8.0,0.0,OnPrem-SQLServer
TE-00000217,TS-0000044,EMP-0006,2026-07-28,PRJ-004,WBS-00149,CC-00033,2026-07-28 06:30:00,2026-07-28 16:30:36,9.51,1.51,OnPrem-SQLServer
TE-00000218,TS-0000044,EMP-0006,2026-07-29,PRJ-004,WBS-00138,CC-00034,2026-07-29 06:15:00,2026-07-29 14:45:00,8.0,0.0,OnPrem-SQLServer
TE-00000219,TS-0000044,EMP-0006,2026-07-30,PRJ-004,WBS-00158,CC-00030,2026-07-30 06:15:00,2026-07-30 14:45:00,8.0,0.0,OnPrem-SQLServer
TE-00000220,TS-0000044,EMP-0006,2026-07-31,PRJ-004,WBS-00139,CC-00030,2026-07-31 06:30:00,2026-07-31 15:00:00,8.0,0.0,OnPrem-SQLServer
TE-00000221,TS-0000045,EMP-0007,2026-06-08,PRJ-001,WBS-00030,CC-00008,2026-06-08 06:00:00,2026-06-08 15:18:00,8.8,0.8,OnPrem-SQLServer
TE-00000222,TS-0000045,EMP-0007,2026-06-09,PRJ-001,WBS-00018,CC-00008,2026-06-09 07:30:00,2026-06-09 16:00:00,8.0,0.0,OnPrem-SQLServer
TE-00000223,TS-0000045,EMP-0007,2026-06-10,PRJ-001,WBS-00022,CC-00001,2026-06-10 07:00:00,2026-06-10 15:30:00,8.0,0.0,OnPrem-SQLServer
TE-00000224,TS-0000045,EMP-0007,2026-06-11,PRJ-001,WBS-00018,CC-00003,2026-06-11 07:15:00,2026-06-11 15:45:00,8.0,0.0,OnPrem-SQLServer
TE-00000225,TS-0000045,EMP-0007,2026-06-12,PRJ-001,WBS-00013,CC-00008,2026-06-12 06:00:00,2026-06-12 14:30:00,8.0,0.0,OnPrem-SQLServer
TE-00000226,TS-0000046,EMP-0007,2026-06-15,PRJ-001,WBS-00002,CC-00007,2026-06-15 07:15:00,2026-06-15 17:13:48,9.48,1.48,OnPrem-SQLServer
TE-00000227,TS-0000046,EMP-0007,2026-06-16,PRJ-001,WBS-00005,CC-00003,2026-06-16 07:15:00,2026-06-16 18:21:36,10.61,2.61,OnPrem-SQLServer
TE-00000228,TS-0000046,EMP-0007,2026-06-17,PRJ-001,WBS-00001,CC-00008,2026-06-17 06:15:00,2026-06-17 16:42:00,9.95,1.95,OnPrem-SQLServer
TE-00000229,TS-0000046,EMP-0007,2026-06-18,PRJ-001,WBS-00029,CC-00007,2026-06-18 06:15:00,2026-06-18 18:43:48,11.98,3.98,OnPrem-SQLServer
TE-00000230,TS-0000046,EMP-0007,2026-06-19,PRJ-001,WBS-00044,CC-00005,2026-06-19 07:30:00,2026-06-19 16:00:00,8.0,0.0,OnPrem-SQLServer
TE-00000231,TS-0000046,EMP-0007,2026-06-20,PRJ-001,WBS-00040,CC-00002,2026-06-20 07:30:00,2026-06-20 17:43:48,9.73,9.73,OnPrem-SQLServer
TE-00000232,TS-0000047,EMP-0007,2026-06-22,PRJ-001,WBS-00010,CC-00007,2026-06-22 06:00:00,2026-06-22 17:14:24,10.74,2.74,OnPrem-SQLServer
TE-00000233,TS-0000047,EMP-0007,2026-06-23,PRJ-001,WBS-00019,CC-00006,2026-06-23 06:15:00,2026-06-23 18:16:12,11.52,3.52,OnPrem-SQLServer
TE-00000234,TS-0000047,EMP-0007,2026-06-24,PRJ-001,WBS-00050,CC-00008,2026-06-24 07:15:00,2026-06-24 15:45:00,8.0,0.0,OnPrem-SQLServer
TE-00000235,TS-0000047,EMP-0007,2026-06-25,PRJ-001,WBS-00004,CC-00005,2026-06-25 06:00:00,2026-06-25 16:04:12,9.57,1.57,OnPrem-SQLServer
TE-00000236,TS-0000047,EMP-0007,2026-06-26,PRJ-001,WBS-00040,CC-00003,2026-06-26 07:00:00,2026-06-26 17:57:36,10.46,2.46,OnPrem-SQLServer
TE-00000237,TS-0000047,EMP-0007,2026-06-27,PRJ-001,WBS-00038,CC-00001,2026-06-27 06:15:00,2026-06-27 15:14:24,8.49,8.49,OnPrem-SQLServer
TE-00000238,TS-0000048,EMP-0007,2026-06-29,PRJ-001,WBS-00008,CC-00006,2026-06-29 06:15:00,2026-06-29 16:06:36,9.36,1.36,OnPrem-SQLServer
TE-00000239,TS-0000048,EMP-0007,2026-06-30,PRJ-001,WBS-00019,CC-00007,2026-06-30 06:00:00,2026-06-30 15:48:00,9.3,1.3,OnPrem-SQLServer
TE-00000240,TS-0000048,EMP-0007,2026-07-01,PRJ-001,WBS-00043,CC-00003,2026-07-01 07:00:00,2026-07-01 18:30:36,11.01,3.01,OnPrem-SQLServer
TE-00000241,TS-0000048,EMP-0007,2026-07-02,PRJ-001,WBS-00040,CC-00002,2026-07-02 06:00:00,2026-07-02 18:27:00,11.95,3.95,OnPrem-SQLServer
TE-00000242,TS-0000048,EMP-0007,2026-07-03,PRJ-001,WBS-00030,CC-00007,2026-07-03 07:00:00,2026-07-03 16:25:12,8.92,0.92,OnPrem-SQLServer
TE-00000243,TS-0000049,EMP-0007,2026-07-06,PRJ-001,WBS-00022,CC-00008,2026-07-06 06:30:00,2026-07-06 18:22:48,11.38,3.38,OnPrem-SQLServer
TE-00000244,TS-0000049,EMP-0007,2026-07-07,PRJ-001,WBS-00027,CC-00009,2026-07-07 06:30:00,2026-07-07 18:05:24,11.09,3.09,OnPrem-SQLServer
TE-00000245,TS-0000049,EMP-0007,2026-07-08,PRJ-001,WBS-00019,CC-00008,2026-07-08 07:30:00,2026-07-08 19:21:36,11.36,3.36,OnPrem-SQLServer
TE-00000246,TS-0000049,EMP-0007,2026-07-09,PRJ-001,WBS-00005,CC-00002,2026-07-09 07:15:00,2026-07-09 15:45:00,8.0,0.0,OnPrem-SQLServer
TE-00000247,TS-0000049,EMP-0007,2026-07-10,PRJ-001,WBS-00037,CC-00006,2026-07-10 07:00:00,2026-07-10 18:57:00,11.45,3.45,OnPrem-SQLServer
TE-00000248,TS-0000049,EMP-0007,2026-07-11,PRJ-001,WBS-00050,CC-00002,2026-07-11 07:30:00,2026-07-11 16:40:48,8.68,8.68,OnPrem-SQLServer
TE-00000249,TS-0000050,EMP-0007,2026-07-13,PRJ-001,WBS-00006,CC-00008,2026-07-13 07:15:00,2026-07-13 18:50:24,11.09,3.09,OnPrem-SQLServer
TE-00000250,TS-0000050,EMP-0007,2026-07-14,PRJ-001,WBS-00017,CC-00008,2026-07-14 07:15:00,2026-07-14 19:17:24,11.54,3.54,OnPrem-SQLServer
TE-00000251,TS-0000050,EMP-0007,2026-07-15,PRJ-001,WBS-00048,CC-00009,2026-07-15 07:00:00,2026-07-15 15:30:00,8.0,0.0,OnPrem-SQLServer
TE-00000252,TS-0000050,EMP-0007,2026-07-16,PRJ-001,WBS-00042,CC-00007,2026-07-16 07:00:00,2026-07-16 18:35:24,11.09,3.09,OnPrem-SQLServer
TE-00000253,TS-0000050,EMP-0007,2026-07-17,PRJ-001,WBS-00003,CC-00002,2026-07-17 07:15:00,2026-07-17 18:31:48,10.78,2.78,OnPrem-SQLServer
TE-00000254,TS-0000050,EMP-0007,2026-07-18,PRJ-001,WBS-00047,CC-00008,2026-07-18 06:30:00,2026-07-18 15:43:12,8.72,8.72,OnPrem-SQLServer
TE-00000255,TS-0000051,EMP-0007,2026-07-20,PRJ-012,WBS-00547,CC-00107,2026-07-20 06:15:00,2026-07-20 14:45:00,8.0,0.0,OnPrem-SQLServer
TE-00000256,TS-0000051,EMP-0007,2026-07-21,PRJ-012,WBS-00560,CC-00106,2026-07-21 06:00:00,2026-07-21 14:30:00,8.0,0.0,OnPrem-SQLServer
TE-00000257,TS-0000051,EMP-0007,2026-07-22,PRJ-012,WBS-00549,CC-00106,2026-07-22 06:00:00,2026-07-22 14:30:00,8.0,0.0,OnPrem-SQLServer
TE-00000258,TS-0000051,EMP-0007,2026-07-23,PRJ-012,WBS-00570,CC-00101,2026-07-23 06:15:00,2026-07-23 14:45:00,8.0,0.0,OnPrem-SQLServer
TE-00000259,TS-0000051,EMP-0007,2026-07-24,PRJ-012,WBS-00554,CC-00105,2026-07-24 06:15:00,2026-07-24 14:45:00,8.0,0.0,OnPrem-SQLServer
TE-00000260,TS-0000052,EMP-0007,2026-07-27,PRJ-001,WBS-00005,CC-00003,2026-07-27 07:30:00,2026-07-27 19:52:48,11.88,3.88,OnPrem-SQLServer
TE-00000261,TS-0000052,EMP-0007,2026-07-28,PRJ-001,WBS-00003,CC-00009,2026-07-28 07:15:00,2026-07-28 15:45:00,8.0,0.0,OnPrem-SQLServer
TE-00000262,TS-0000052,EMP-0007,2026-07-29,PRJ-001,WBS-00016,CC-00003,2026-07-29 07:30:00,2026-07-29 16:00:00,8.0,0.0,OnPrem-SQLServer
TE-00000263,TS-0000052,EMP-0007,2026-07-30,PRJ-001,WBS-00001,CC-00006,2026-07-30 07:15:00,2026-07-30 16:50:24,9.09,1.09,OnPrem-SQLServer
TE-00000264,TS-0000052,EMP-0007,2026-07-31,PRJ-001,WBS-00024,CC-00004,2026-07-31 06:00:00,2026-07-31 17:14:24,10.74,2.74,OnPrem-SQLServer
TE-00000265,TS-0000053,EMP-0009,2026-05-25,PRJ-010,WBS-00476,CC-00089,2026-05-25 06:00:00,2026-05-25 14:30:00,8.0,0.0,OnPrem-SQLServer
TE-00000266,TS-0000053,EMP-0009,2026-05-26,PRJ-010,WBS-00426,CC-00087,2026-05-26 06:00:00,2026-05-26 14:30:00,8.0,0.0,OnPrem-SQLServer
TE-00000267,TS-0000053,EMP-0009,2026-05-27,PRJ-010,WBS-00483,CC-00085,2026-05-27 06:30:00,2026-05-27 15:00:00,8.0,0.0,OnPrem-SQLServer
TE-00000268,TS-0000053,EMP-0009,2026-05-28,PRJ-010,WBS-00468,CC-00087,2026-05-28 06:30:00,2026-05-28 15:00:00,8.0,0.0,OnPrem-SQLServer
TE-00000269,TS-0000053,EMP-0009,2026-05-29,PRJ-010,WBS-00460,CC-00088,2026-05-29 06:30:00,2026-05-29 15:00:00,8.0,0.0,OnPrem-SQLServer
TE-00000270,TS-0000054,EMP-0009,2026-06-01,PRJ-010,WBS-00469,CC-00082,2026-06-01 06:30:00,2026-06-01 15:00:00,8.0,0.0,OnPrem-SQLServer
TE-00000271,TS-0000054,EMP-0009,2026-06-02,PRJ-010,WBS-00426,CC-00084,2026-06-02 06:00:00,2026-06-02 14:30:00,8.0,0.0,OnPrem-SQLServer
TE-00000272,TS-0000054,EMP-0009,2026-06-03,PRJ-010,WBS-00448,CC-00087,2026-06-03 06:15:00,2026-06-03 14:45:00,8.0,0.0,OnPrem-SQLServer
TE-00000273,TS-0000054,EMP-0009,2026-06-04,PRJ-010,WBS-00452,CC-00086,2026-06-04 06:00:00,2026-06-04 15:28:48,8.98,0.98,OnPrem-SQLServer
TE-00000274,TS-0000054,EMP-0009,2026-06-05,PRJ-010,WBS-00438,CC-00086,2026-06-05 06:15:00,2026-06-05 14:45:00,8.0,0.0,OnPrem-SQLServer
TE-00000275,TS-0000055,EMP-0009,2026-06-08,PRJ-010,WBS-00424,CC-00090,2026-06-08 06:15:00,2026-06-08 16:37:48,9.88,1.88,OnPrem-SQLServer
TE-00000276,TS-0000055,EMP-0009,2026-06-09,PRJ-010,WBS-00460,CC-00089,2026-06-09 06:00:00,2026-06-09 14:30:00,8.0,0.0,OnPrem-SQLServer
TE-00000277,TS-0000055,EMP-0009,2026-06-10,PRJ-010,WBS-00443,CC-00088,2026-06-10 06:00:00,2026-06-10 15:07:12,8.62,0.62,OnPrem-SQLServer
TE-00000278,TS-0000055,EMP-0009,2026-06-11,PRJ-010,WBS-00435,CC-00087,2026-06-11 06:15:00,2026-06-11 14:45:00,8.0,0.0,OnPrem-SQLServer
TE-00000279,TS-0000055,EMP-0009,2026-06-12,PRJ-010,WBS-00438,CC-00086,2026-06-12 06:00:00,2026-06-12 15:36:36,9.11,1.11,OnPrem-SQLServer
TE-00000280,TS-0000056,EMP-0009,2026-06-15,PRJ-010,WBS-00442,CC-00082,2026-06-15 06:00:00,2026-06-15 14:30:00,8.0,0.0,OnPrem-SQLServer
TE-00000281,TS-0000056,EMP-0009,2026-06-16,PRJ-010,WBS-00452,CC-00088,2026-06-16 06:00:00,2026-06-16 14:30:00,8.0,0.0,OnPrem-SQLServer
TE-00000282,TS-0000056,EMP-0009,2026-06-17,PRJ-010,WBS-00441,CC-00084,2026-06-17 06:30:00,2026-06-17 15:00:00,8.0,0.0,OnPrem-SQLServer
TE-00000283,TS-0000056,EMP-0009,2026-06-18,PRJ-010,WBS-00450,CC-00087,2026-06-18 06:00:00,2026-06-18 16:16:48,9.78,1.78,OnPrem-SQLServer
TE-00000284,TS-0000056,EMP-0009,2026-06-19,PRJ-010,WBS-00441,CC-00088,2026-06-19 06:30:00,2026-06-19 15:44:24,8.74,0.74,OnPrem-SQLServer
TE-00000285,TS-0000057,EMP-0009,2026-06-22,PRJ-004,WBS-00164,CC-00031,2026-06-22 06:15:00,2026-06-22 14:45:00,8.0,0.0,OnPrem-SQLServer
TE-00000286,TS-0000057,EMP-0009,2026-06-23,PRJ-004,WBS-00156,CC-00036,2026-06-23 06:30:00,2026-06-23 15:00:00,8.0,0.0,OnPrem-SQLServer
TE-00000287,TS-0000057,EMP-0009,2026-06-24,PRJ-004,WBS-00138,CC-00033,2026-06-24 06:00:00,2026-06-24 14:30:00,8.0,0.0,OnPrem-SQLServer
TE-00000288,TS-0000057,EMP-0009,2026-06-25,PRJ-004,WBS-00143,CC-00034,2026-06-25 06:00:00,2026-06-25 14:30:00,8.0,0.0,OnPrem-SQLServer
TE-00000289,TS-0000057,EMP-0009,2026-06-26,PRJ-004,WBS-00159,CC-00032,2026-06-26 06:00:00,2026-06-26 16:13:48,9.73,1.73,OnPrem-SQLServer
TE-00000290,TS-0000058,EMP-0009,2026-06-29,PRJ-010,WBS-00470,CC-00087,2026-06-29 06:15:00,2026-06-29 14:45:00,8.0,0.0,OnPrem-SQLServer
TE-00000291,TS-0000058,EMP-0009,2026-06-30,PRJ-010,WBS-00439,CC-00088,2026-06-30 06:30:00,2026-06-30 15:00:00,8.0,0.0,OnPrem-SQLServer
TE-00000292,TS-0000058,EMP-0009,2026-07-01,PRJ-010,WBS-00429,CC-00085,2026-07-01 06:15:00,2026-07-01 14:45:00,8.0,0.0,OnPrem-SQLServer
TE-00000293,TS-0000058,EMP-0009,2026-07-02,PRJ-010,WBS-00424,CC-00082,2026-07-02 06:15:00,2026-07-02 14:45:00,8.0,0.0,OnPrem-SQLServer
TE-00000294,TS-0000058,EMP-0009,2026-07-03,PRJ-010,WBS-00429,CC-00090,2026-07-03 06:30:00,2026-07-03 15:49:48,8.83,0.83,OnPrem-SQLServer
TE-00000295,TS-0000059,EMP-0009,2026-07-06,PRJ-010,WBS-00473,CC-00087,2026-07-06 06:00:00,2026-07-06 14:30:00,8.0,0.0,OnPrem-SQLServer
TE-00000296,TS-0000059,EMP-0009,2026-07-07,PRJ-010,WBS-00483,CC-00090,2026-07-07 06:00:00,2026-07-07 14:30:00,8.0,0.0,OnPrem-SQLServer
TE-00000297,TS-0000059,EMP-0009,2026-07-08,PRJ-010,WBS-00470,CC-00085,2026-07-08 06:15:00,2026-07-08 14:45:00,8.0,0.0,OnPrem-SQLServer
TE-00000298,TS-0000059,EMP-0009,2026-07-09,PRJ-010,WBS-00438,CC-00085,2026-07-09 06:15:00,2026-07-09 14:45:00,8.0,0.0,OnPrem-SQLServer
TE-00000299,TS-0000059,EMP-0009,2026-07-10,PRJ-010,WBS-00464,CC-00084,2026-07-10 06:15:00,2026-07-10 14:45:00,8.0,0.0,OnPrem-SQLServer
TE-00000300,TS-0000060,EMP-0009,2026-07-20,PRJ-010,WBS-00465,CC-00082,2026-07-20 06:15:00,2026-07-20 14:45:00,8.0,0.0,OnPrem-SQLServer
TE-00000301,TS-0000060,EMP-0009,2026-07-21,PRJ-010,WBS-00436,CC-00084,2026-07-21 06:15:00,2026-07-21 14:45:00,8.0,0.0,OnPrem-SQLServer
TE-00000302,TS-0000060,EMP-0009,2026-07-22,PRJ-010,WBS-00466,CC-00082,2026-07-22 06:30:00,2026-07-22 15:50:24,8.84,0.84,OnPrem-SQLServer
TE-00000303,TS-0000060,EMP-0009,2026-07-23,PRJ-010,WBS-00460,CC-00088,2026-07-23 06:00:00,2026-07-23 14:30:00,8.0,0.0,OnPrem-SQLServer
TE-00000304,TS-0000060,EMP-0009,2026-07-24,PRJ-010,WBS-00431,CC-00087,2026-07-24 06:30:00,2026-07-24 15:00:00,8.0,0.0,OnPrem-SQLServer
TE-00000305,TS-0000061,EMP-0009,2026-07-27,PRJ-002,WBS-00081,CC-00017,2026-07-27 06:00:00,2026-07-27 14:30:00,8.0,0.0,OnPrem-SQLServer
TE-00000306,TS-0000061,EMP-0009,2026-07-28,PRJ-002,WBS-00073,CC-00014,2026-07-28 06:00:00,2026-07-28 14:30:00,8.0,0.0,OnPrem-SQLServer
TE-00000307,TS-0000061,EMP-0009,2026-07-29,PRJ-002,WBS-00058,CC-00016,2026-07-29 06:30:00,2026-07-29 15:00:00,8.0,0.0,OnPrem-SQLServer
TE-00000308,TS-0000061,EMP-0009,2026-07-30,PRJ-002,WBS-00069,CC-00010,2026-07-30 06:30:00,2026-07-30 15:00:00,8.0,0.0,OnPrem-SQLServer
TE-00000309,TS-0000061,EMP-0009,2026-07-31,PRJ-002,WBS-00074,CC-00015,2026-07-31 06:15:00,2026-07-31 14:45:00,8.0,0.0,OnPrem-SQLServer
TE-00000310,TS-0000062,EMP-0010,2026-05-18,PRJ-005,WBS-00175,CC-00037,2026-05-18 06:00:00,2026-05-18 14:30:00,8.0,0.0,OnPrem-SQLServer
TE-00000311,TS-0000062,EMP-0010,2026-05-19,PRJ-005,WBS-00198,CC-00043,2026-05-19 06:30:00,2026-05-19 15:00:00,8.0,0.0,OnPrem-SQLServer
TE-00000312,TS-0000062,EMP-0010,2026-05-20,PRJ-005,WBS-00171,CC-00039,2026-05-20 06:15:00,2026-05-20 14:45:00,8.0,0.0,OnPrem-SQLServer
TE-00000313,TS-0000062,EMP-0010,2026-05-21,PRJ-005,WBS-00174,CC-00040,2026-05-21 06:15:00,2026-05-21 14:45:00,8.0,0.0,OnPrem-SQLServer
TE-00000314,TS-0000062,EMP-0010,2026-05-22,PRJ-005,WBS-00199,CC-00040,2026-05-22 06:15:00,2026-05-22 14:45:00,8.0,0.0,OnPrem-SQLServer
TE-00000315,TS-0000063,EMP-0010,2026-05-25,PRJ-005,WBS-00187,CC-00043,2026-05-25 06:00:00,2026-05-25 14:30:00,8.0,0.0,OnPrem-SQLServer
TE-00000316,TS-0000063,EMP-0010,2026-05-26,PRJ-005,WBS-00180,CC-00043,2026-05-26 06:15:00,2026-05-26 14:45:00,8.0,0.0,OnPrem-SQLServer
TE-00000317,TS-0000063,EMP-0010,2026-05-27,PRJ-005,WBS-00193,CC-00039,2026-05-27 06:00:00,2026-05-27 14:30:00,8.0,0.0,OnPrem-SQLServer
TE-00000318,TS-0000063,EMP-0010,2026-05-28,PRJ-005,WBS-00206,CC-00038,2026-05-28 06:30:00,2026-05-28 15:00:00,8.0,0.0,OnPrem-SQLServer
TE-00000319,TS-0000063,EMP-0010,2026-05-29,PRJ-005,WBS-00207,CC-00042,2026-05-29 06:15:00,2026-05-29 14:45:00,8.0,0.0,OnPrem-SQLServer
TE-00000320,TS-0000064,EMP-0010,2026-06-01,PRJ-005,WBS-00195,CC-00043,2026-06-01 06:30:00,2026-06-01 15:00:00,8.0,0.0,OnPrem-SQLServer
TE-00000321,TS-0000064,EMP-0010,2026-06-02,PRJ-005,WBS-00181,CC-00044,2026-06-02 06:30:00,2026-06-02 15:00:00,8.0,0.0,OnPrem-SQLServer
TE-00000322,TS-0000064,EMP-0010,2026-06-03,PRJ-005,WBS-00184,CC-00044,2026-06-03 06:15:00,2026-06-03 14:45:00,8.0,0.0,OnPrem-SQLServer
TE-00000323,TS-0000064,EMP-0010,2026-06-04,PRJ-005,WBS-00210,CC-00041,2026-06-04 06:30:00,2026-06-04 15:00:00,8.0,0.0,OnPrem-SQLServer
TE-00000324,TS-0000064,EMP-0010,2026-06-05,PRJ-005,WBS-00186,CC-00037,2026-06-05 06:30:00,2026-06-05 15:00:00,8.0,0.0,OnPrem-SQLServer
TE-00000325,TS-0000065,EMP-0010,2026-06-08,PRJ-005,WBS-00183,CC-00037,2026-06-08 06:00:00,2026-06-08 14:30:00,8.0,0.0,OnPrem-SQLServer
TE-00000326,TS-0000065,EMP-0010,2026-06-09,PRJ-005,WBS-00180,CC-00037,2026-06-09 06:30:00,2026-06-09 15:00:00,8.0,0.0,OnPrem-SQLServer
TE-00000327,TS-0000065,EMP-0010,2026-06-10,PRJ-005,WBS-00203,CC-00042,2026-06-10 06:15:00,2026-06-10 14:45:00,8.0,0.0,OnPrem-SQLServer
TE-00000328,TS-0000065,EMP-0010,2026-06-11,PRJ-005,WBS-00175,CC-00038,2026-06-11 06:15:00,2026-06-11 14:45:00,8.0,0.0,OnPrem-SQLServer
TE-00000329,TS-0000065,EMP-0010,2026-06-12,PRJ-005,WBS-00169,CC-00045,2026-06-12 06:30:00,2026-06-12 15:00:00,8.0,0.0,OnPrem-SQLServer
TE-00000330,TS-0000066,EMP-0010,2026-06-15,PRJ-005,WBS-00213,CC-00039,2026-06-15 06:00:00,2026-06-15 14:30:00,8.0,0.0,OnPrem-SQLServer
TE-00000331,TS-0000066,EMP-0010,2026-06-16,PRJ-005,WBS-00211,CC-00038,2026-06-16 06:00:00,2026-06-16 14:30:00,8.0,0.0,OnPrem-SQLServer
TE-00000332,TS-0000066,EMP-0010,2026-06-17,PRJ-005,WBS-00187,CC-00037,2026-06-17 06:30:00,2026-06-17 15:00:00,8.0,0.0,OnPrem-SQLServer
TE-00000333,TS-0000066,EMP-0010,2026-06-18,PRJ-005,WBS-00176,CC-00042,2026-06-18 06:30:00,2026-06-18 15:00:00,8.0,0.0,OnPrem-SQLServer
TE-00000334,TS-0000066,EMP-0010,2026-06-19,PRJ-005,WBS-00187,CC-00040,2026-06-19 06:15:00,2026-06-19 14:45:00,8.0,0.0,OnPrem-SQLServer
TE-00000335,TS-0000067,EMP-0010,2026-06-22,PRJ-005,WBS-00189,CC-00039,2026-06-22 06:00:00,2026-06-22 16:13:12,9.72,1.72,OnPrem-SQLServer
TE-00000336,TS-0000067,EMP-0010,2026-06-23,PRJ-005,WBS-00187,CC-00039,2026-06-23 06:00:00,2026-06-23 16:27:00,9.95,1.95,OnPrem-SQLServer
TE-00000337,TS-0000067,EMP-0010,2026-06-24,PRJ-005,WBS-00199,CC-00037,2026-06-24 06:00:00,2026-06-24 14:30:00,8.0,0.0,OnPrem-SQLServer
TE-00000338,TS-0000067,EMP-0010,2026-06-25,PRJ-005,WBS-00176,CC-00043,2026-06-25 06:00:00,2026-06-25 14:30:00,8.0,0.0,OnPrem-SQLServer
TE-00000339,TS-0000067,EMP-0010,2026-06-26,PRJ-005,WBS-00171,CC-00042,2026-06-26 06:15:00,2026-06-26 14:45:00,8.0,0.0,OnPrem-SQLServer
TE-00000340,TS-0000068,EMP-0010,2026-06-29,PRJ-005,WBS-00204,CC-00041,2026-06-29 06:00:00,2026-06-29 14:30:00,8.0,0.0,OnPrem-SQLServer
TE-00000341,TS-0000068,EMP-0010,2026-06-30,PRJ-005,WBS-00171,CC-00042,2026-06-30 06:30:00,2026-06-30 15:00:00,8.0,0.0,OnPrem-SQLServer
TE-00000342,TS-0000068,EMP-0010,2026-07-01,PRJ-005,WBS-00194,CC-00039,2026-07-01 06:30:00,2026-07-01 15:00:00,8.0,0.0,OnPrem-SQLServer
TE-00000343,TS-0000068,EMP-0010,2026-07-02,PRJ-005,WBS-00199,CC-00045,2026-07-02 06:00:00,2026-07-02 14:30:00,8.0,0.0,OnPrem-SQLServer
TE-00000344,TS-0000068,EMP-0010,2026-07-03,PRJ-005,WBS-00204,CC-00041,2026-07-03 06:15:00,2026-07-03 16:36:36,9.86,1.86,OnPrem-SQLServer
TE-00000345,TS-0000069,EMP-0010,2026-07-06,PRJ-005,WBS-00190,CC-00039,2026-07-06 06:15:00,2026-07-06 14:45:00,8.0,0.0,OnPrem-SQLServer
TE-00000346,TS-0000069,EMP-0010,2026-07-07,PRJ-005,WBS-00198,CC-00039,2026-07-07 06:00:00,2026-07-07 14:30:00,8.0,0.0,OnPrem-SQLServer
TE-00000347,TS-0000069,EMP-0010,2026-07-08,PRJ-005,WBS-00210,CC-00038,2026-07-08 06:15:00,2026-07-08 14:45:00,8.0,0.0,OnPrem-SQLServer
TE-00000348,TS-0000069,EMP-0010,2026-07-09,PRJ-005,WBS-00199,CC-00045,2026-07-09 06:00:00,2026-07-09 14:30:00,8.0,0.0,OnPrem-SQLServer
TE-00000349,TS-0000069,EMP-0010,2026-07-10,PRJ-005,WBS-00192,CC-00044,2026-07-10 06:00:00,2026-07-10 14:30:00,8.0,0.0,OnPrem-SQLServer
TE-00000350,TS-0000070,EMP-0010,2026-07-13,PRJ-005,WBS-00207,CC-00040,2026-07-13 06:30:00,2026-07-13 15:00:00,8.0,0.0,OnPrem-SQLServer
TE-00000351,TS-0000070,EMP-0010,2026-07-14,PRJ-005,WBS-00207,CC-00044,2026-07-14 06:15:00,2026-07-14 14:45:00,8.0,0.0,OnPrem-SQLServer
TE-00000352,TS-0000070,EMP-0010,2026-07-15,PRJ-005,WBS-00209,CC-00037,2026-07-15 06:00:00,2026-07-15 14:30:00,8.0,0.0,OnPrem-SQLServer
TE-00000353,TS-0000070,EMP-0010,2026-07-16,PRJ-005,WBS-00213,CC-00043,2026-07-16 06:30:00,2026-07-16 15:00:00,8.0,0.0,OnPrem-SQLServer
TE-00000354,TS-0000070,EMP-0010,2026-07-17,PRJ-005,WBS-00192,CC-00045,2026-07-17 06:15:00,2026-07-17 14:45:00,8.0,0.0,OnPrem-SQLServer
TE-00000355,TS-0000071,EMP-0010,2026-07-20,PRJ-005,WBS-00176,CC-00042,2026-07-20 06:00:00,2026-07-20 14:30:00,8.0,0.0,OnPrem-SQLServer
TE-00000356,TS-0000071,EMP-0010,2026-07-21,PRJ-005,WBS-00173,CC-00043,2026-07-21 06:30:00,2026-07-21 15:00:00,8.0,0.0,OnPrem-SQLServer
TE-00000357,TS-0000071,EMP-0010,2026-07-22,PRJ-005,WBS-00205,CC-00038,2026-07-22 06:15:00,2026-07-22 14:45:00,8.0,0.0,OnPrem-SQLServer
TE-00000358,TS-0000071,EMP-0010,2026-07-23,PRJ-005,WBS-00174,CC-00045,2026-07-23 06:15:00,2026-07-23 14:45:00,8.0,0.0,OnPrem-SQLServer
TE-00000359,TS-0000071,EMP-0010,2026-07-24,PRJ-005,WBS-00203,CC-00038,2026-07-24 06:15:00,2026-07-24 14:45:00,8.0,0.0,OnPrem-SQLServer
TE-00000360,TS-0000072,EMP-0010,2026-07-27,PRJ-005,WBS-00177,CC-00043,2026-07-27 06:00:00,2026-07-27 14:30:00,8.0,0.0,OnPrem-SQLServer
TE-00000361,TS-0000072,EMP-0010,2026-07-28,PRJ-005,WBS-00175,CC-00044,2026-07-28 06:00:00,2026-07-28 14:30:00,8.0,0.0,OnPrem-SQLServer
TE-00000362,TS-0000072,EMP-0010,2026-07-29,PRJ-005,WBS-00192,CC-00041,2026-07-29 06:30:00,2026-07-29 15:00:00,8.0,0.0,OnPrem-SQLServer
TE-00000363,TS-0000072,EMP-0010,2026-07-30,PRJ-005,WBS-00171,CC-00044,2026-07-30 06:00:00,2026-07-30 14:30:00,8.0,0.0,OnPrem-SQLServer
TE-00000364,TS-0000072,EMP-0010,2026-07-31,PRJ-005,WBS-00194,CC-00038,2026-07-31 06:30:00,2026-07-31 16:22:12,9.37,1.37,OnPrem-SQLServer
TE-00000365,TS-0000073,EMP-0012,2026-05-18,PRJ-012,WBS-00569,CC-00107,2026-05-18 06:00:00,2026-05-18 15:05:24,8.59,0.59,OnPrem-SQLServer
TE-00000366,TS-0000073,EMP-0012,2026-05-19,PRJ-012,WBS-00546,CC-00102,2026-05-19 06:00:00,2026-05-19 15:42:00,9.2,1.2,OnPrem-SQLServer
TE-00000367,TS-0000073,EMP-0012,2026-05-20,PRJ-012,WBS-00559,CC-00101,2026-05-20 06:15:00,2026-05-20 14:45:00,8.0,0.0,OnPrem-SQLServer
TE-00000368,TS-0000073,EMP-0012,2026-05-21,PRJ-012,WBS-00575,CC-00106,2026-05-21 06:15:00,2026-05-21 14:45:00,8.0,0.0,OnPrem-SQLServer
TE-00000369,TS-0000073,EMP-0012,2026-05-22,PRJ-012,WBS-00574,CC-00107,2026-05-22 06:30:00,2026-05-22 15:00:00,8.0,0.0,OnPrem-SQLServer
TE-00000370,TS-0000074,EMP-0012,2026-05-25,PRJ-012,WBS-00566,CC-00101,2026-05-25 06:15:00,2026-05-25 14:45:00,8.0,0.0,OnPrem-SQLServer
TE-00000371,TS-0000074,EMP-0012,2026-05-26,PRJ-012,WBS-00544,CC-00101,2026-05-26 06:00:00,2026-05-26 14:30:00,8.0,0.0,OnPrem-SQLServer
TE-00000372,TS-0000074,EMP-0012,2026-05-27,PRJ-012,WBS-00550,CC-00105,2026-05-27 06:30:00,2026-05-27 15:00:00,8.0,0.0,OnPrem-SQLServer
TE-00000373,TS-0000074,EMP-0012,2026-05-28,PRJ-012,WBS-00555,CC-00105,2026-05-28 06:00:00,2026-05-28 14:30:00,8.0,0.0,OnPrem-SQLServer
TE-00000374,TS-0000074,EMP-0012,2026-05-29,PRJ-012,WBS-00554,CC-00105,2026-05-29 06:30:00,2026-05-29 15:51:36,8.86,0.86,OnPrem-SQLServer
TE-00000375,TS-0000075,EMP-0012,2026-06-01,PRJ-012,WBS-00577,CC-00104,2026-06-01 06:15:00,2026-06-01 14:45:00,8.0,0.0,OnPrem-SQLServer
TE-00000376,TS-0000075,EMP-0012,2026-06-02,PRJ-012,WBS-00559,CC-00105,2026-06-02 06:00:00,2026-06-02 14:30:00,8.0,0.0,OnPrem-SQLServer
TE-00000377,TS-0000075,EMP-0012,2026-06-03,PRJ-012,WBS-00550,CC-00104,2026-06-03 06:00:00,2026-06-03 14:30:00,8.0,0.0,OnPrem-SQLServer
TE-00000378,TS-0000075,EMP-0012,2026-06-04,PRJ-012,WBS-00579,CC-00103,2026-06-04 06:30:00,2026-06-04 15:00:00,8.0,0.0,OnPrem-SQLServer
TE-00000379,TS-0000075,EMP-0012,2026-06-05,PRJ-012,WBS-00571,CC-00100,2026-06-05 06:30:00,2026-06-05 15:00:00,8.0,0.0,OnPrem-SQLServer
TE-00000380,TS-0000076,EMP-0012,2026-06-08,PRJ-007,WBS-00299,CC-00056,2026-06-08 06:00:00,2026-06-08 14:30:00,8.0,0.0,OnPrem-SQLServer
TE-00000381,TS-0000076,EMP-0012,2026-06-09,PRJ-007,WBS-00281,CC-00059,2026-06-09 06:00:00,2026-06-09 14:30:00,8.0,0.0,OnPrem-SQLServer
TE-00000382,TS-0000076,EMP-0012,2026-06-10,PRJ-007,WBS-00275,CC-00057,2026-06-10 06:15:00,2026-06-10 14:45:00,8.0,0.0,OnPrem-SQLServer
TE-00000383,TS-0000076,EMP-0012,2026-06-11,PRJ-007,WBS-00277,CC-00057,2026-06-11 06:00:00,2026-06-11 14:30:00,8.0,0.0,OnPrem-SQLServer
TE-00000384,TS-0000076,EMP-0012,2026-06-12,PRJ-007,WBS-00301,CC-00060,2026-06-12 06:00:00,2026-06-12 14:30:00,8.0,0.0,OnPrem-SQLServer
TE-00000385,TS-0000077,EMP-0012,2026-06-15,PRJ-012,WBS-00569,CC-00105,2026-06-15 06:00:00,2026-06-15 15:04:48,8.58,0.58,OnPrem-SQLServer
TE-00000386,TS-0000077,EMP-0012,2026-06-16,PRJ-012,WBS-00561,CC-00107,2026-06-16 06:30:00,2026-06-16 15:00:00,8.0,0.0,OnPrem-SQLServer
TE-00000387,TS-0000077,EMP-0012,2026-06-17,PRJ-012,WBS-00579,CC-00101,2026-06-17 06:15:00,2026-06-17 14:45:00,8.0,0.0,OnPrem-SQLServer
TE-00000388,TS-0000077,EMP-0012,2026-06-18,PRJ-012,WBS-00557,CC-00106,2026-06-18 06:15:00,2026-06-18 14:45:00,8.0,0.0,OnPrem-SQLServer
TE-00000389,TS-0000077,EMP-0012,2026-06-19,PRJ-012,WBS-00569,CC-00102,2026-06-19 06:15:00,2026-06-19 14:45:00,8.0,0.0,OnPrem-SQLServer
TE-00000390,TS-0000078,EMP-0012,2026-06-22,PRJ-012,WBS-00545,CC-00102,2026-06-22 06:30:00,2026-06-22 15:00:00,8.0,0.0,OnPrem-SQLServer
TE-00000391,TS-0000078,EMP-0012,2026-06-23,PRJ-012,WBS-00544,CC-00106,2026-06-23 06:15:00,2026-06-23 14:45:00,8.0,0.0,OnPrem-SQLServer
TE-00000392,TS-0000078,EMP-0012,2026-06-24,PRJ-012,WBS-00564,CC-00102,2026-06-24 06:30:00,2026-06-24 15:00:00,8.0,0.0,OnPrem-SQLServer
TE-00000393,TS-0000078,EMP-0012,2026-06-25,PRJ-012,WBS-00543,CC-00100,2026-06-25 06:30:00,2026-06-25 15:00:00,8.0,0.0,OnPrem-SQLServer
TE-00000394,TS-0000078,EMP-0012,2026-06-26,PRJ-012,WBS-00570,CC-00105,2026-06-26 06:15:00,2026-06-26 14:45:00,8.0,0.0,OnPrem-SQLServer
TE-00000395,TS-0000079,EMP-0012,2026-06-29,PRJ-012,WBS-00548,CC-00102,2026-06-29 06:15:00,2026-06-29 14:45:00,8.0,0.0,OnPrem-SQLServer
TE-00000396,TS-0000079,EMP-0012,2026-06-30,PRJ-012,WBS-00569,CC-00107,2026-06-30 06:15:00,2026-06-30 15:54:36,9.16,1.16,OnPrem-SQLServer
TE-00000397,TS-0000079,EMP-0012,2026-07-01,PRJ-012,WBS-00559,CC-00104,2026-07-01 06:30:00,2026-07-01 15:00:00,8.0,0.0,OnPrem-SQLServer
TE-00000398,TS-0000079,EMP-0012,2026-07-02,PRJ-012,WBS-00560,CC-00108,2026-07-02 06:00:00,2026-07-02 14:30:00,8.0,0.0,OnPrem-SQLServer
TE-00000399,TS-0000079,EMP-0012,2026-07-03,PRJ-012,WBS-00570,CC-00105,2026-07-03 06:30:00,2026-07-03 15:00:00,8.0,0.0,OnPrem-SQLServer
TE-00000400,TS-0000080,EMP-0012,2026-07-06,PRJ-001,WBS-00023,CC-00006,2026-07-06 07:15:00,2026-07-06 15:45:00,8.0,0.0,OnPrem-SQLServer
TE-00000401,TS-0000080,EMP-0012,2026-07-07,PRJ-001,WBS-00047,CC-00008,2026-07-07 06:00:00,2026-07-07 14:30:00,8.0,0.0,OnPrem-SQLServer
TE-00000402,TS-0000080,EMP-0012,2026-07-08,PRJ-001,WBS-00049,CC-00001,2026-07-08 07:15:00,2026-07-08 15:45:00,8.0,0.0,OnPrem-SQLServer
TE-00000403,TS-0000080,EMP-0012,2026-07-09,PRJ-001,WBS-00044,CC-00004,2026-07-09 07:00:00,2026-07-09 17:46:12,10.27,2.27,OnPrem-SQLServer
TE-00000404,TS-0000080,EMP-0012,2026-07-10,PRJ-001,WBS-00017,CC-00005,2026-07-10 06:30:00,2026-07-10 15:00:00,8.0,0.0,OnPrem-SQLServer
TE-00000405,TS-0000080,EMP-0012,2026-07-11,PRJ-001,WBS-00029,CC-00001,2026-07-11 07:00:00,2026-07-11 16:10:48,8.68,8.68,OnPrem-SQLServer
TE-00000406,TS-0000081,EMP-0012,2026-07-13,PRJ-012,WBS-00545,CC-00107,2026-07-13 06:15:00,2026-07-13 14:45:00,8.0,0.0,OnPrem-SQLServer
TE-00000407,TS-0000081,EMP-0012,2026-07-14,PRJ-012,WBS-00578,CC-00106,2026-07-14 06:15:00,2026-07-14 14:45:00,8.0,0.0,OnPrem-SQLServer
TE-00000408,TS-0000081,EMP-0012,2026-07-15,PRJ-012,WBS-00555,CC-00104,2026-07-15 06:30:00,2026-07-15 15:00:00,8.0,0.0,OnPrem-SQLServer
TE-00000409,TS-0000081,EMP-0012,2026-07-16,PRJ-012,WBS-00559,CC-00100,2026-07-16 06:30:00,2026-07-16 15:00:00,8.0,0.0,OnPrem-SQLServer
TE-00000410,TS-0000081,EMP-0012,2026-07-17,PRJ-012,WBS-00551,CC-00102,2026-07-17 06:00:00,2026-07-17 14:30:00,8.0,0.0,OnPrem-SQLServer
TE-00000411,TS-0000082,EMP-0012,2026-07-20,PRJ-002,WBS-00062,CC-00018,2026-07-20 06:00:00,2026-07-20 14:30:00,8.0,0.0,OnPrem-SQLServer
TE-00000412,TS-0000082,EMP-0012,2026-07-21,PRJ-002,WBS-00068,CC-00012,2026-07-21 06:15:00,2026-07-21 14:45:00,8.0,0.0,OnPrem-SQLServer
TE-00000413,TS-0000082,EMP-0012,2026-07-22,PRJ-002,WBS-00060,CC-00018,2026-07-22 06:15:00,2026-07-22 14:45:00,8.0,0.0,OnPrem-SQLServer
TE-00000414,TS-0000082,EMP-0012,2026-07-23,PRJ-002,WBS-00064,CC-00012,2026-07-23 06:15:00,2026-07-23 14:45:00,8.0,0.0,OnPrem-SQLServer
TE-00000415,TS-0000082,EMP-0012,2026-07-24,PRJ-002,WBS-00074,CC-00010,2026-07-24 06:15:00,2026-07-24 16:21:00,9.6,1.6,OnPrem-SQLServer
TE-00000416,TS-0000083,EMP-0012,2026-07-27,PRJ-012,WBS-00578,CC-00105,2026-07-27 06:00:00,2026-07-27 14:30:00,8.0,0.0,OnPrem-SQLServer
TE-00000417,TS-0000083,EMP-0012,2026-07-28,PRJ-012,WBS-00555,CC-00102,2026-07-28 06:30:00,2026-07-28 15:00:00,8.0,0.0,OnPrem-SQLServer
TE-00000418,TS-0000083,EMP-0012,2026-07-29,PRJ-012,WBS-00573,CC-00107,2026-07-29 06:00:00,2026-07-29 14:30:00,8.0,0.0,OnPrem-SQLServer
TE-00000419,TS-0000083,EMP-0012,2026-07-30,PRJ-012,WBS-00551,CC-00100,2026-07-30 06:15:00,2026-07-30 15:33:36,8.81,0.81,OnPrem-SQLServer
TE-00000420,TS-0000083,EMP-0012,2026-07-31,PRJ-012,WBS-00561,CC-00103,2026-07-31 06:15:00,2026-07-31 14:45:00,8.0,0.0,OnPrem-SQLServer
TE-00000421,TS-0000084,EMP-0014,2026-06-15,PRJ-001,WBS-00007,CC-00003,2026-06-15 07:00:00,2026-06-15 18:25:48,10.93,2.93,OnPrem-SQLServer
TE-00000422,TS-0000084,EMP-0014,2026-06-16,PRJ-001,WBS-00040,CC-00007,2026-06-16 06:15:00,2026-06-16 14:45:00,8.0,0.0,OnPrem-SQLServer
TE-00000423,TS-0000084,EMP-0014,2026-06-17,PRJ-001,WBS-00022,CC-00004,2026-06-17 07:30:00,2026-06-17 16:00:00,8.0,0.0,OnPrem-SQLServer
TE-00000424,TS-0000084,EMP-0014,2026-06-18,PRJ-001,WBS-00040,CC-00003,2026-06-18 07:15:00,2026-06-18 17:44:24,9.99,1.99,OnPrem-SQLServer
TE-00000425,TS-0000084,EMP-0014,2026-06-19,PRJ-001,WBS-00027,CC-00003,2026-06-19 06:15:00,2026-06-19 15:58:12,9.22,1.22,OnPrem-SQLServer
TE-00000426,TS-0000085,EMP-0014,2026-06-22,PRJ-001,WBS-00044,CC-00004,2026-06-22 07:15:00,2026-06-22 17:16:12,9.52,1.52,OnPrem-SQLServer
TE-00000427,TS-0000085,EMP-0014,2026-06-23,PRJ-001,WBS-00005,CC-00005,2026-06-23 07:15:00,2026-06-23 17:32:24,9.79,1.79,OnPrem-SQLServer
TE-00000428,TS-0000085,EMP-0014,2026-06-24,PRJ-001,WBS-00038,CC-00006,2026-06-24 06:30:00,2026-06-24 18:42:36,11.71,3.71,OnPrem-SQLServer
TE-00000429,TS-0000085,EMP-0014,2026-06-25,PRJ-001,WBS-00048,CC-00009,2026-06-25 06:00:00,2026-06-25 17:28:12,10.97,2.97,OnPrem-SQLServer
TE-00000430,TS-0000085,EMP-0014,2026-06-26,PRJ-001,WBS-00036,CC-00002,2026-06-26 06:00:00,2026-06-26 14:30:00,8.0,0.0,OnPrem-SQLServer
TE-00000431,TS-0000085,EMP-0014,2026-06-27,PRJ-001,WBS-00031,CC-00003,2026-06-27 06:15:00,2026-06-27 14:55:12,8.17,8.17,OnPrem-SQLServer
TE-00000432,TS-0000086,EMP-0014,2026-07-06,PRJ-001,WBS-00020,CC-00007,2026-07-06 07:30:00,2026-07-06 18:26:24,10.44,2.44,OnPrem-SQLServer
TE-00000433,TS-0000086,EMP-0014,2026-07-07,PRJ-001,WBS-00010,CC-00006,2026-07-07 07:30:00,2026-07-07 17:33:00,9.55,1.55,OnPrem-SQLServer
TE-00000434,TS-0000086,EMP-0014,2026-07-08,PRJ-001,WBS-00049,CC-00001,2026-07-08 06:30:00,2026-07-08 18:19:48,11.33,3.33,OnPrem-SQLServer
TE-00000435,TS-0000086,EMP-0014,2026-07-09,PRJ-001,WBS-00043,CC-00009,2026-07-09 07:15:00,2026-07-09 16:55:48,9.18,1.18,OnPrem-SQLServer
TE-00000436,TS-0000086,EMP-0014,2026-07-10,PRJ-001,WBS-00010,CC-00003,2026-07-10 06:00:00,2026-07-10 14:30:00,8.0,0.0,OnPrem-SQLServer
TE-00000437,TS-0000087,EMP-0014,2026-07-13,PRJ-005,WBS-00181,CC-00041,2026-07-13 06:30:00,2026-07-13 15:00:00,8.0,0.0,OnPrem-SQLServer
TE-00000438,TS-0000087,EMP-0014,2026-07-14,PRJ-005,WBS-00207,CC-00045,2026-07-14 06:30:00,2026-07-14 15:00:00,8.0,0.0,OnPrem-SQLServer
TE-00000439,TS-0000087,EMP-0014,2026-07-15,PRJ-005,WBS-00191,CC-00043,2026-07-15 06:15:00,2026-07-15 14:45:00,8.0,0.0,OnPrem-SQLServer
TE-00000440,TS-0000087,EMP-0014,2026-07-16,PRJ-005,WBS-00203,CC-00045,2026-07-16 06:00:00,2026-07-16 14:30:00,8.0,0.0,OnPrem-SQLServer
TE-00000441,TS-0000087,EMP-0014,2026-07-17,PRJ-005,WBS-00192,CC-00038,2026-07-17 06:00:00,2026-07-17 14:30:00,8.0,0.0,OnPrem-SQLServer
TE-00000442,TS-0000088,EMP-0014,2026-07-20,PRJ-001,WBS-00044,CC-00002,2026-07-20 07:00:00,2026-07-20 15:30:00,8.0,0.0,OnPrem-SQLServer
TE-00000443,TS-0000088,EMP-0014,2026-07-21,PRJ-001,WBS-00011,CC-00006,2026-07-21 06:00:00,2026-07-21 14:30:00,8.0,0.0,OnPrem-SQLServer
TE-00000444,TS-0000088,EMP-0014,2026-07-22,PRJ-001,WBS-00015,CC-00003,2026-07-22 07:30:00,2026-07-22 16:00:00,8.0,0.0,OnPrem-SQLServer
TE-00000445,TS-0000088,EMP-0014,2026-07-23,PRJ-001,WBS-00050,CC-00005,2026-07-23 06:15:00,2026-07-23 14:45:00,8.0,0.0,OnPrem-SQLServer
TE-00000446,TS-0000088,EMP-0014,2026-07-24,PRJ-001,WBS-00011,CC-00002,2026-07-24 07:00:00,2026-07-24 19:05:24,11.59,3.59,OnPrem-SQLServer
TE-00000447,TS-0000089,EMP-0014,2026-07-27,PRJ-001,WBS-00038,CC-00008,2026-07-27 07:00:00,2026-07-27 16:48:36,9.31,1.31,OnPrem-SQLServer
TE-00000448,TS-0000089,EMP-0014,2026-07-28,PRJ-001,WBS-00006,CC-00007,2026-07-28 07:30:00,2026-07-28 17:28:12,9.47,1.47,OnPrem-SQLServer
TE-00000449,TS-0000089,EMP-0014,2026-07-29,PRJ-001,WBS-00017,CC-00005,2026-07-29 06:00:00,2026-07-29 16:57:36,10.46,2.46,OnPrem-SQLServer
TE-00000450,TS-0000089,EMP-0014,2026-07-30,PRJ-001,WBS-00015,CC-00002,2026-07-30 06:30:00,2026-07-30 17:56:24,10.94,2.94,OnPrem-SQLServer
TE-00000451,TS-0000089,EMP-0014,2026-07-31,PRJ-001,WBS-00043,CC-00004,2026-07-31 06:30:00,2026-07-31 15:00:00,8.0,0.0,OnPrem-SQLServer
TE-00000452,TS-0000090,EMP-0015,2026-05-11,PRJ-003,WBS-00090,CC-00024,2026-05-11 06:15:00,2026-05-11 14:45:00,8.0,0.0,OnPrem-SQLServer
TE-00000453,TS-0000090,EMP-0015,2026-05-12,PRJ-003,WBS-00101,CC-00022,2026-05-12 06:00:00,2026-05-12 14:30:00,8.0,0.0,OnPrem-SQLServer
TE-00000454,TS-0000090,EMP-0015,2026-05-13,PRJ-003,WBS-00096,CC-00025,2026-05-13 06:15:00,2026-05-13 14:45:00,8.0,0.0,OnPrem-SQLServer
TE-00000455,TS-0000090,EMP-0015,2026-05-14,PRJ-003,WBS-00109,CC-00024,2026-05-14 06:15:00,2026-05-14 14:45:00,8.0,0.0,OnPrem-SQLServer
TE-00000456,TS-0000090,EMP-0015,2026-05-15,PRJ-003,WBS-00129,CC-00023,2026-05-15 06:30:00,2026-05-15 15:00:00,8.0,0.0,OnPrem-SQLServer
TE-00000457,TS-0000091,EMP-0015,2026-05-18,PRJ-003,WBS-00116,CC-00020,2026-05-18 06:15:00,2026-05-18 14:45:00,8.0,0.0,OnPrem-SQLServer
TE-00000458,TS-0000091,EMP-0015,2026-05-19,PRJ-003,WBS-00089,CC-00021,2026-05-19 06:00:00,2026-05-19 14:30:00,8.0,0.0,OnPrem-SQLServer
TE-00000459,TS-0000091,EMP-0015,2026-05-20,PRJ-003,WBS-00117,CC-00019,2026-05-20 06:30:00,2026-05-20 16:54:36,9.91,1.91,OnPrem-SQLServer
TE-00000460,TS-0000091,EMP-0015,2026-05-21,PRJ-003,WBS-00123,CC-00023,2026-05-21 06:30:00,2026-05-21 15:00:00,8.0,0.0,OnPrem-SQLServer
TE-00000461,TS-0000091,EMP-0015,2026-05-22,PRJ-003,WBS-00105,CC-00024,2026-05-22 06:15:00,2026-05-22 16:10:48,9.43,1.43,OnPrem-SQLServer
TE-00000462,TS-0000092,EMP-0015,2026-05-25,PRJ-008,WBS-00308,CC-00064,2026-05-25 06:30:00,2026-05-25 15:00:00,8.0,0.0,OnPrem-SQLServer
TE-00000463,TS-0000092,EMP-0015,2026-05-26,PRJ-008,WBS-00358,CC-00065,2026-05-26 06:30:00,2026-05-26 16:34:48,9.58,1.58,OnPrem-SQLServer
TE-00000464,TS-0000092,EMP-0015,2026-05-27,PRJ-008,WBS-00351,CC-00067,2026-05-27 06:15:00,2026-05-27 15:46:48,9.03,1.03,OnPrem-SQLServer
TE-00000465,TS-0000092,EMP-0015,2026-05-28,PRJ-008,WBS-00342,CC-00072,2026-05-28 06:15:00,2026-05-28 14:45:00,8.0,0.0,OnPrem-SQLServer
TE-00000466,TS-0000092,EMP-0015,2026-05-29,PRJ-008,WBS-00310,CC-00064,2026-05-29 06:00:00,2026-05-29 14:30:00,8.0,0.0,OnPrem-SQLServer
TE-00000467,TS-0000093,EMP-0015,2026-06-01,PRJ-003,WBS-00126,CC-00027,2026-06-01 06:15:00,2026-06-01 14:45:00,8.0,0.0,OnPrem-SQLServer
TE-00000468,TS-0000093,EMP-0015,2026-06-02,PRJ-003,WBS-00092,CC-00023,2026-06-02 06:30:00,2026-06-02 15:00:00,8.0,0.0,OnPrem-SQLServer
TE-00000469,TS-0000093,EMP-0015,2026-06-03,PRJ-003,WBS-00119,CC-00019,2026-06-03 06:15:00,2026-06-03 14:45:00,8.0,0.0,OnPrem-SQLServer
TE-00000470,TS-0000093,EMP-0015,2026-06-04,PRJ-003,WBS-00090,CC-00019,2026-06-04 06:30:00,2026-06-04 15:49:12,8.82,0.82,OnPrem-SQLServer
TE-00000471,TS-0000093,EMP-0015,2026-06-05,PRJ-003,WBS-00117,CC-00019,2026-06-05 06:15:00,2026-06-05 14:45:00,8.0,0.0,OnPrem-SQLServer
TE-00000472,TS-0000094,EMP-0015,2026-06-08,PRJ-003,WBS-00119,CC-00025,2026-06-08 06:00:00,2026-06-08 14:30:00,8.0,0.0,OnPrem-SQLServer
TE-00000473,TS-0000094,EMP-0015,2026-06-09,PRJ-003,WBS-00097,CC-00019,2026-06-09 06:30:00,2026-06-09 16:31:48,9.53,1.53,OnPrem-SQLServer
TE-00000474,TS-0000094,EMP-0015,2026-06-10,PRJ-003,WBS-00106,CC-00027,2026-06-10 06:30:00,2026-06-10 15:00:00,8.0,0.0,OnPrem-SQLServer
TE-00000475,TS-0000094,EMP-0015,2026-06-11,PRJ-003,WBS-00095,CC-00025,2026-06-11 06:15:00,2026-06-11 14:45:00,8.0,0.0,OnPrem-SQLServer
TE-00000476,TS-0000094,EMP-0015,2026-06-12,PRJ-003,WBS-00121,CC-00021,2026-06-12 06:15:00,2026-06-12 14:45:00,8.0,0.0,OnPrem-SQLServer
TE-00000477,TS-0000095,EMP-0015,2026-06-15,PRJ-003,WBS-00117,CC-00023,2026-06-15 06:30:00,2026-06-15 15:00:00,8.0,0.0,OnPrem-SQLServer
TE-00000478,TS-0000095,EMP-0015,2026-06-16,PRJ-003,WBS-00119,CC-00022,2026-06-16 06:15:00,2026-06-16 14:45:00,8.0,0.0,OnPrem-SQLServer
TE-00000479,TS-0000095,EMP-0015,2026-06-17,PRJ-003,WBS-00115,CC-00023,2026-06-17 06:30:00,2026-06-17 15:00:00,8.0,0.0,OnPrem-SQLServer
TE-00000480,TS-0000095,EMP-0015,2026-06-18,PRJ-003,WBS-00095,CC-00023,2026-06-18 06:15:00,2026-06-18 14:45:00,8.0,0.0,OnPrem-SQLServer
TE-00000481,TS-0000095,EMP-0015,2026-06-19,PRJ-003,WBS-00096,CC-00024,2026-06-19 06:00:00,2026-06-19 16:00:00,9.5,1.5,OnPrem-SQLServer
TE-00000482,TS-0000096,EMP-0015,2026-06-22,PRJ-003,WBS-00089,CC-00020,2026-06-22 06:30:00,2026-06-22 15:00:00,8.0,0.0,OnPrem-SQLServer
TE-00000483,TS-0000096,EMP-0015,2026-06-23,PRJ-003,WBS-00130,CC-00027,2026-06-23 06:00:00,2026-06-23 14:30:00,8.0,0.0,OnPrem-SQLServer
TE-00000484,TS-0000096,EMP-0015,2026-06-24,PRJ-003,WBS-00122,CC-00024,2026-06-24 06:00:00,2026-06-24 14:30:00,8.0,0.0,OnPrem-SQLServer
TE-00000485,TS-0000096,EMP-0015,2026-06-25,PRJ-003,WBS-00115,CC-00019,2026-06-25 06:15:00,2026-06-25 14:45:00,8.0,0.0,OnPrem-SQLServer
TE-00000486,TS-0000096,EMP-0015,2026-06-26,PRJ-003,WBS-00096,CC-00019,2026-06-26 06:15:00,2026-06-26 14:45:00,8.0,0.0,OnPrem-SQLServer
TE-00000487,TS-0000097,EMP-0015,2026-06-29,PRJ-003,WBS-00088,CC-00019,2026-06-29 06:00:00,2026-06-29 14:30:00,8.0,0.0,OnPrem-SQLServer
TE-00000488,TS-0000097,EMP-0015,2026-06-30,PRJ-003,WBS-00107,CC-00022,2026-06-30 06:00:00,2026-06-30 14:30:00,8.0,0.0,OnPrem-SQLServer
TE-00000489,TS-0000097,EMP-0015,2026-07-01,PRJ-003,WBS-00114,CC-00027,2026-07-01 06:00:00,2026-07-01 14:30:00,8.0,0.0,OnPrem-SQLServer
TE-00000490,TS-0000097,EMP-0015,2026-07-02,PRJ-003,WBS-00098,CC-00021,2026-07-02 06:30:00,2026-07-02 15:00:00,8.0,0.0,OnPrem-SQLServer
TE-00000491,TS-0000097,EMP-0015,2026-07-03,PRJ-003,WBS-00102,CC-00021,2026-07-03 06:30:00,2026-07-03 16:46:48,9.78,1.78,OnPrem-SQLServer
TE-00000492,TS-0000098,EMP-0015,2026-07-06,PRJ-003,WBS-00129,CC-00023,2026-07-06 06:15:00,2026-07-06 14:45:00,8.0,0.0,OnPrem-SQLServer
TE-00000493,TS-0000098,EMP-0015,2026-07-07,PRJ-003,WBS-00099,CC-00025,2026-07-07 06:15:00,2026-07-07 14:45:00,8.0,0.0,OnPrem-SQLServer
TE-00000494,TS-0000098,EMP-0015,2026-07-08,PRJ-003,WBS-00102,CC-00022,2026-07-08 06:30:00,2026-07-08 15:00:00,8.0,0.0,OnPrem-SQLServer
TE-00000495,TS-0000098,EMP-0015,2026-07-09,PRJ-003,WBS-00094,CC-00020,2026-07-09 06:30:00,2026-07-09 15:00:00,8.0,0.0,OnPrem-SQLServer
TE-00000496,TS-0000098,EMP-0015,2026-07-10,PRJ-003,WBS-00102,CC-00019,2026-07-10 06:00:00,2026-07-10 14:30:00,8.0,0.0,OnPrem-SQLServer
TE-00000497,TS-0000099,EMP-0015,2026-07-13,PRJ-003,WBS-00124,CC-00027,2026-07-13 06:30:00,2026-07-13 15:00:00,8.0,0.0,OnPrem-SQLServer
TE-00000498,TS-0000099,EMP-0015,2026-07-14,PRJ-003,WBS-00096,CC-00021,2026-07-14 06:00:00,2026-07-14 15:56:24,9.44,1.44,OnPrem-SQLServer
TE-00000499,TS-0000099,EMP-0015,2026-07-15,PRJ-003,WBS-00123,CC-00025,2026-07-15 06:00:00,2026-07-15 14:30:00,8.0,0.0,OnPrem-SQLServer
TE-00000500,TS-0000099,EMP-0015,2026-07-16,PRJ-003,WBS-00103,CC-00019,2026-07-16 06:00:00,2026-07-16 14:30:00,8.0,0.0,OnPrem-SQLServer
TE-00000501,TS-0000099,EMP-0015,2026-07-17,PRJ-003,WBS-00129,CC-00020,2026-07-17 06:15:00,2026-07-17 14:45:00,8.0,0.0,OnPrem-SQLServer
TE-00000502,TS-0000100,EMP-0015,2026-07-20,PRJ-003,WBS-00117,CC-00023,2026-07-20 06:30:00,2026-07-20 15:31:48,8.53,0.53,OnPrem-SQLServer
TE-00000503,TS-0000100,EMP-0015,2026-07-21,PRJ-003,WBS-00108,CC-00023,2026-07-21 06:15:00,2026-07-21 14:45:00,8.0,0.0,OnPrem-SQLServer
TE-00000504,TS-0000100,EMP-0015,2026-07-22,PRJ-003,WBS-00103,CC-00019,2026-07-22 06:30:00,2026-07-22 15:00:00,8.0,0.0,OnPrem-SQLServer
TE-00000505,TS-0000100,EMP-0015,2026-07-23,PRJ-003,WBS-00130,CC-00026,2026-07-23 06:15:00,2026-07-23 14:45:00,8.0,0.0,OnPrem-SQLServer
TE-00000506,TS-0000100,EMP-0015,2026-07-24,PRJ-003,WBS-00114,CC-00020,2026-07-24 06:15:00,2026-07-24 14:45:00,8.0,0.0,OnPrem-SQLServer
TE-00000507,TS-0000101,EMP-0015,2026-07-27,PRJ-003,WBS-00118,CC-00026,2026-07-27 06:15:00,2026-07-27 15:21:00,8.6,0.6,OnPrem-SQLServer
TE-00000508,TS-0000101,EMP-0015,2026-07-28,PRJ-003,WBS-00089,CC-00021,2026-07-28 06:15:00,2026-07-28 14:45:00,8.0,0.0,OnPrem-SQLServer
TE-00000509,TS-0000101,EMP-0015,2026-07-29,PRJ-003,WBS-00112,CC-00026,2026-07-29 06:15:00,2026-07-29 14:45:00,8.0,0.0,OnPrem-SQLServer
TE-00000510,TS-0000101,EMP-0015,2026-07-30,PRJ-003,WBS-00104,CC-00022,2026-07-30 06:30:00,2026-07-30 15:00:00,8.0,0.0,OnPrem-SQLServer
TE-00000511,TS-0000101,EMP-0015,2026-07-31,PRJ-003,WBS-00120,CC-00023,2026-07-31 06:00:00,2026-07-31 14:30:00,8.0,0.0,OnPrem-SQLServer
TE-00000512,TS-0000102,EMP-0016,2026-06-08,PRJ-009,WBS-00378,CC-00081,2026-06-08 06:30:00,2026-06-08 15:00:00,8.0,0.0,OnPrem-SQLServer
TE-00000513,TS-0000102,EMP-0016,2026-06-09,PRJ-009,WBS-00376,CC-00073,2026-06-09 06:00:00,2026-06-09 14:30:00,8.0,0.0,OnPrem-SQLServer
TE-00000514,TS-0000102,EMP-0016,2026-06-10,PRJ-009,WBS-00380,CC-00079,2026-06-10 06:00:00,2026-06-10 14:30:00,8.0,0.0,OnPrem-SQLServer
TE-00000515,TS-0000102,EMP-0016,2026-06-11,PRJ-009,WBS-00361,CC-00078,2026-06-11 06:30:00,2026-06-11 15:00:00,8.0,0.0,OnPrem-SQLServer
TE-00000516,TS-0000102,EMP-0016,2026-06-12,PRJ-009,WBS-00403,CC-00078,2026-06-12 06:15:00,2026-06-12 14:45:00,8.0,0.0,OnPrem-SQLServer
TE-00000517,TS-0000103,EMP-0016,2026-06-15,PRJ-009,WBS-00413,CC-00076,2026-06-15 06:30:00,2026-06-15 15:00:00,8.0,0.0,OnPrem-SQLServer
TE-00000518,TS-0000103,EMP-0016,2026-06-16,PRJ-009,WBS-00384,CC-00074,2026-06-16 06:00:00,2026-06-16 14:30:00,8.0,0.0,OnPrem-SQLServer
TE-00000519,TS-0000103,EMP-0016,2026-06-17,PRJ-009,WBS-00382,CC-00074,2026-06-17 06:15:00,2026-06-17 15:52:12,9.12,1.12,OnPrem-SQLServer
TE-00000520,TS-0000103,EMP-0016,2026-06-18,PRJ-009,WBS-00381,CC-00077,2026-06-18 06:15:00,2026-06-18 14:45:00,8.0,0.0,OnPrem-SQLServer
TE-00000521,TS-0000103,EMP-0016,2026-06-19,PRJ-009,WBS-00417,CC-00079,2026-06-19 06:30:00,2026-06-19 15:00:00,8.0,0.0,OnPrem-SQLServer
TE-00000522,TS-0000104,EMP-0016,2026-06-22,PRJ-009,WBS-00383,CC-00081,2026-06-22 06:15:00,2026-06-22 15:24:00,8.65,0.65,OnPrem-SQLServer
TE-00000523,TS-0000104,EMP-0016,2026-06-23,PRJ-009,WBS-00371,CC-00075,2026-06-23 06:30:00,2026-06-23 15:00:00,8.0,0.0,OnPrem-SQLServer
TE-00000524,TS-0000104,EMP-0016,2026-06-24,PRJ-009,WBS-00374,CC-00075,2026-06-24 06:00:00,2026-06-24 14:30:00,8.0,0.0,OnPrem-SQLServer
TE-00000525,TS-0000104,EMP-0016,2026-06-25,PRJ-009,WBS-00408,CC-00077,2026-06-25 06:00:00,2026-06-25 15:52:48,9.38,1.38,OnPrem-SQLServer
TE-00000526,TS-0000104,EMP-0016,2026-06-26,PRJ-009,WBS-00360,CC-00080,2026-06-26 06:15:00,2026-06-26 14:45:00,8.0,0.0,OnPrem-SQLServer
TE-00000527,TS-0000105,EMP-0016,2026-07-06,PRJ-009,WBS-00402,CC-00073,2026-07-06 06:15:00,2026-07-06 14:45:00,8.0,0.0,OnPrem-SQLServer
TE-00000528,TS-0000105,EMP-0016,2026-07-07,PRJ-009,WBS-00390,CC-00075,2026-07-07 06:00:00,2026-07-07 14:30:00,8.0,0.0,OnPrem-SQLServer
TE-00000529,TS-0000105,EMP-0016,2026-07-08,PRJ-009,WBS-00404,CC-00080,2026-07-08 06:15:00,2026-07-08 14:45:00,8.0,0.0,OnPrem-SQLServer
TE-00000530,TS-0000105,EMP-0016,2026-07-09,PRJ-009,WBS-00413,CC-00080,2026-07-09 06:00:00,2026-07-09 14:30:00,8.0,0.0,OnPrem-SQLServer
TE-00000531,TS-0000105,EMP-0016,2026-07-10,PRJ-009,WBS-00384,CC-00075,2026-07-10 06:00:00,2026-07-10 14:30:00,8.0,0.0,OnPrem-SQLServer
TE-00000532,TS-0000106,EMP-0016,2026-07-13,PRJ-009,WBS-00408,CC-00076,2026-07-13 06:00:00,2026-07-13 14:30:00,8.0,0.0,OnPrem-SQLServer
TE-00000533,TS-0000106,EMP-0016,2026-07-14,PRJ-009,WBS-00387,CC-00073,2026-07-14 06:15:00,2026-07-14 14:45:00,8.0,0.0,OnPrem-SQLServer
TE-00000534,TS-0000106,EMP-0016,2026-07-15,PRJ-009,WBS-00396,CC-00077,2026-07-15 06:15:00,2026-07-15 14:45:00,8.0,0.0,OnPrem-SQLServer
TE-00000535,TS-0000106,EMP-0016,2026-07-16,PRJ-009,WBS-00416,CC-00081,2026-07-16 06:15:00,2026-07-16 14:45:00,8.0,0.0,OnPrem-SQLServer
TE-00000536,TS-0000106,EMP-0016,2026-07-17,PRJ-009,WBS-00386,CC-00079,2026-07-17 06:00:00,2026-07-17 14:30:00,8.0,0.0,OnPrem-SQLServer
TE-00000537,TS-0000107,EMP-0016,2026-07-20,PRJ-009,WBS-00381,CC-00079,2026-07-20 06:15:00,2026-07-20 14:45:00,8.0,0.0,OnPrem-SQLServer
TE-00000538,TS-0000107,EMP-0016,2026-07-21,PRJ-009,WBS-00416,CC-00080,2026-07-21 06:15:00,2026-07-21 16:22:12,9.62,1.62,OnPrem-SQLServer
TE-00000539,TS-0000107,EMP-0016,2026-07-22,PRJ-009,WBS-00419,CC-00073,2026-07-22 06:30:00,2026-07-22 16:44:24,9.74,1.74,OnPrem-SQLServer
TE-00000540,TS-0000107,EMP-0016,2026-07-23,PRJ-009,WBS-00403,CC-00073,2026-07-23 06:30:00,2026-07-23 15:00:00,8.0,0.0,OnPrem-SQLServer
TE-00000541,TS-0000107,EMP-0016,2026-07-24,PRJ-009,WBS-00408,CC-00079,2026-07-24 06:15:00,2026-07-24 14:45:00,8.0,0.0,OnPrem-SQLServer
TE-00000542,TS-0000108,EMP-0016,2026-07-27,PRJ-009,WBS-00385,CC-00073,2026-07-27 06:15:00,2026-07-27 14:45:00,8.0,0.0,OnPrem-SQLServer
TE-00000543,TS-0000108,EMP-0016,2026-07-28,PRJ-009,WBS-00423,CC-00079,2026-07-28 06:00:00,2026-07-28 14:30:00,8.0,0.0,OnPrem-SQLServer
TE-00000544,TS-0000108,EMP-0016,2026-07-29,PRJ-009,WBS-00369,CC-00073,2026-07-29 06:00:00,2026-07-29 14:30:00,8.0,0.0,OnPrem-SQLServer
TE-00000545,TS-0000108,EMP-0016,2026-07-30,PRJ-009,WBS-00397,CC-00078,2026-07-30 06:30:00,2026-07-30 15:00:00,8.0,0.0,OnPrem-SQLServer
TE-00000546,TS-0000108,EMP-0016,2026-07-31,PRJ-009,WBS-00422,CC-00074,2026-07-31 06:00:00,2026-07-31 14:30:00,8.0,0.0,OnPrem-SQLServer
TE-00000547,TS-0000109,EMP-0017,2026-05-18,PRJ-005,WBS-00173,CC-00043,2026-05-18 06:30:00,2026-05-18 16:52:48,9.88,1.88,OnPrem-SQLServer
TE-00000548,TS-0000109,EMP-0017,2026-05-19,PRJ-005,WBS-00213,CC-00043,2026-05-19 06:30:00,2026-05-19 15:00:00,8.0,0.0,OnPrem-SQLServer
TE-00000549,TS-0000109,EMP-0017,2026-05-20,PRJ-005,WBS-00198,CC-00045,2026-05-20 06:30:00,2026-05-20 15:00:00,8.0,0.0,OnPrem-SQLServer
TE-00000550,TS-0000109,EMP-0017,2026-05-21,PRJ-005,WBS-00185,CC-00038,2026-05-21 06:30:00,2026-05-21 16:39:36,9.66,1.66,OnPrem-SQLServer
TE-00000551,TS-0000109,EMP-0017,2026-05-22,PRJ-005,WBS-00198,CC-00044,2026-05-22 06:30:00,2026-05-22 15:00:00,8.0,0.0,OnPrem-SQLServer
TE-00000552,TS-0000110,EMP-0017,2026-05-25,PRJ-010,WBS-00431,CC-00088,2026-05-25 06:30:00,2026-05-25 15:00:00,8.0,0.0,OnPrem-SQLServer
TE-00000553,TS-0000110,EMP-0017,2026-05-26,PRJ-010,WBS-00432,CC-00087,2026-05-26 06:30:00,2026-05-26 15:00:00,8.0,0.0,OnPrem-SQLServer
TE-00000554,TS-0000110,EMP-0017,2026-05-27,PRJ-010,WBS-00462,CC-00090,2026-05-27 06:30:00,2026-05-27 15:00:00,8.0,0.0,OnPrem-SQLServer
TE-00000555,TS-0000110,EMP-0017,2026-05-28,PRJ-010,WBS-00463,CC-00089,2026-05-28 06:15:00,2026-05-28 14:45:00,8.0,0.0,OnPrem-SQLServer
TE-00000556,TS-0000110,EMP-0017,2026-05-29,PRJ-010,WBS-00474,CC-00088,2026-05-29 06:30:00,2026-05-29 15:00:00,8.0,0.0,OnPrem-SQLServer
TE-00000557,TS-0000111,EMP-0017,2026-06-01,PRJ-010,WBS-00428,CC-00086,2026-06-01 06:00:00,2026-06-01 15:18:00,8.8,0.8,OnPrem-SQLServer
TE-00000558,TS-0000111,EMP-0017,2026-06-02,PRJ-010,WBS-00454,CC-00088,2026-06-02 06:30:00,2026-06-02 16:08:24,9.14,1.14,OnPrem-SQLServer
TE-00000559,TS-0000111,EMP-0017,2026-06-03,PRJ-010,WBS-00440,CC-00083,2026-06-03 06:30:00,2026-06-03 15:00:00,8.0,0.0,OnPrem-SQLServer
TE-00000560,TS-0000111,EMP-0017,2026-06-04,PRJ-010,WBS-00471,CC-00086,2026-06-04 06:15:00,2026-06-04 15:25:48,8.68,0.68,OnPrem-SQLServer
TE-00000561,TS-0000111,EMP-0017,2026-06-05,PRJ-010,WBS-00447,CC-00090,2026-06-05 06:15:00,2026-06-05 14:45:00,8.0,0.0,OnPrem-SQLServer
TE-00000562,TS-0000112,EMP-0017,2026-06-08,PRJ-010,WBS-00467,CC-00083,2026-06-08 06:30:00,2026-06-08 15:00:00,8.0,0.0,OnPrem-SQLServer
TE-00000563,TS-0000112,EMP-0017,2026-06-09,PRJ-010,WBS-00429,CC-00082,2026-06-09 06:30:00,2026-06-09 16:39:36,9.66,1.66,OnPrem-SQLServer
TE-00000564,TS-0000112,EMP-0017,2026-06-10,PRJ-010,WBS-00471,CC-00086,2026-06-10 06:15:00,2026-06-10 14:45:00,8.0,0.0,OnPrem-SQLServer
TE-00000565,TS-0000112,EMP-0017,2026-06-11,PRJ-010,WBS-00444,CC-00089,2026-06-11 06:30:00,2026-06-11 15:48:00,8.8,0.8,OnPrem-SQLServer
TE-00000566,TS-0000112,EMP-0017,2026-06-12,PRJ-010,WBS-00435,CC-00087,2026-06-12 06:00:00,2026-06-12 15:29:24,8.99,0.99,OnPrem-SQLServer
TE-00000567,TS-0000113,EMP-0017,2026-06-22,PRJ-010,WBS-00466,CC-00085,2026-06-22 06:00:00,2026-06-22 15:57:00,9.45,1.45,OnPrem-SQLServer
TE-00000568,TS-0000113,EMP-0017,2026-06-23,PRJ-010,WBS-00474,CC-00090,2026-06-23 06:30:00,2026-06-23 15:00:00,8.0,0.0,OnPrem-SQLServer
TE-00000569,TS-0000113,EMP-0017,2026-06-24,PRJ-010,WBS-00446,CC-00089,2026-06-24 06:30:00,2026-06-24 15:00:00,8.0,0.0,OnPrem-SQLServer
TE-00000570,TS-0000113,EMP-0017,2026-06-25,PRJ-010,WBS-00447,CC-00086,2026-06-25 06:15:00,2026-06-25 14:45:00,8.0,0.0,OnPrem-SQLServer
TE-00000571,TS-0000113,EMP-0017,2026-06-26,PRJ-010,WBS-00457,CC-00084,2026-06-26 06:00:00,2026-06-26 15:22:48,8.88,0.88,OnPrem-SQLServer
TE-00000572,TS-0000114,EMP-0017,2026-06-29,PRJ-010,WBS-00468,CC-00087,2026-06-29 06:15:00,2026-06-29 14:45:00,8.0,0.0,OnPrem-SQLServer
TE-00000573,TS-0000114,EMP-0017,2026-06-30,PRJ-010,WBS-00452,CC-00088,2026-06-30 06:15:00,2026-06-30 14:45:00,8.0,0.0,OnPrem-SQLServer
TE-00000574,TS-0000114,EMP-0017,2026-07-01,PRJ-010,WBS-00437,CC-00090,2026-07-01 06:00:00,2026-07-01 14:30:00,8.0,0.0,OnPrem-SQLServer
TE-00000575,TS-0000114,EMP-0017,2026-07-02,PRJ-010,WBS-00461,CC-00083,2026-07-02 06:00:00,2026-07-02 14:30:00,8.0,0.0,OnPrem-SQLServer
TE-00000576,TS-0000114,EMP-0017,2026-07-03,PRJ-010,WBS-00454,CC-00087,2026-07-03 06:15:00,2026-07-03 15:39:00,8.9,0.9,OnPrem-SQLServer
TE-00000577,TS-0000115,EMP-0017,2026-07-06,PRJ-005,WBS-00192,CC-00038,2026-07-06 06:00:00,2026-07-06 14:30:00,8.0,0.0,OnPrem-SQLServer
TE-00000578,TS-0000115,EMP-0017,2026-07-07,PRJ-005,WBS-00196,CC-00044,2026-07-07 06:00:00,2026-07-07 14:30:00,8.0,0.0,OnPrem-SQLServer
TE-00000579,TS-0000115,EMP-0017,2026-07-08,PRJ-005,WBS-00188,CC-00045,2026-07-08 06:30:00,2026-07-08 15:00:00,8.0,0.0,OnPrem-SQLServer
TE-00000580,TS-0000115,EMP-0017,2026-07-09,PRJ-005,WBS-00176,CC-00038,2026-07-09 06:30:00,2026-07-09 15:00:00,8.0,0.0,OnPrem-SQLServer
TE-00000581,TS-0000115,EMP-0017,2026-07-10,PRJ-005,WBS-00204,CC-00040,2026-07-10 06:15:00,2026-07-10 14:45:00,8.0,0.0,OnPrem-SQLServer
TE-00000582,TS-0000116,EMP-0017,2026-07-13,PRJ-010,WBS-00446,CC-00082,2026-07-13 06:30:00,2026-07-13 15:00:00,8.0,0.0,OnPrem-SQLServer
TE-00000583,TS-0000116,EMP-0017,2026-07-14,PRJ-010,WBS-00455,CC-00090,2026-07-14 06:30:00,2026-07-14 15:00:00,8.0,0.0,OnPrem-SQLServer
TE-00000584,TS-0000116,EMP-0017,2026-07-15,PRJ-010,WBS-00470,CC-00082,2026-07-15 06:00:00,2026-07-15 14:30:00,8.0,0.0,OnPrem-SQLServer
TE-00000585,TS-0000116,EMP-0017,2026-07-16,PRJ-010,WBS-00473,CC-00089,2026-07-16 06:30:00,2026-07-16 15:00:00,8.0,0.0,OnPrem-SQLServer
TE-00000586,TS-0000116,EMP-0017,2026-07-17,PRJ-010,WBS-00441,CC-00089,2026-07-17 06:30:00,2026-07-17 15:00:00,8.0,0.0,OnPrem-SQLServer
TE-00000587,TS-0000117,EMP-0017,2026-07-20,PRJ-003,WBS-00125,CC-00023,2026-07-20 06:00:00,2026-07-20 16:16:12,9.77,1.77,OnPrem-SQLServer
TE-00000588,TS-0000117,EMP-0017,2026-07-21,PRJ-003,WBS-00090,CC-00019,2026-07-21 06:30:00,2026-07-21 15:00:00,8.0,0.0,OnPrem-SQLServer
TE-00000589,TS-0000117,EMP-0017,2026-07-22,PRJ-003,WBS-00111,CC-00027,2026-07-22 06:00:00,2026-07-22 15:16:48,8.78,0.78,OnPrem-SQLServer
TE-00000590,TS-0000117,EMP-0017,2026-07-23,PRJ-003,WBS-00123,CC-00027,2026-07-23 06:30:00,2026-07-23 15:00:00,8.0,0.0,OnPrem-SQLServer
TE-00000591,TS-0000117,EMP-0017,2026-07-24,PRJ-003,WBS-00111,CC-00027,2026-07-24 06:00:00,2026-07-24 14:30:00,8.0,0.0,OnPrem-SQLServer
TE-00000592,TS-0000118,EMP-0017,2026-07-27,PRJ-010,WBS-00484,CC-00084,2026-07-27 06:15:00,2026-07-27 15:19:48,8.58,0.58,OnPrem-SQLServer
TE-00000593,TS-0000118,EMP-0017,2026-07-28,PRJ-010,WBS-00441,CC-00083,2026-07-28 06:15:00,2026-07-28 14:45:00,8.0,0.0,OnPrem-SQLServer
TE-00000594,TS-0000118,EMP-0017,2026-07-29,PRJ-010,WBS-00452,CC-00087,2026-07-29 06:00:00,2026-07-29 14:30:00,8.0,0.0,OnPrem-SQLServer
TE-00000595,TS-0000118,EMP-0017,2026-07-30,PRJ-010,WBS-00465,CC-00089,2026-07-30 06:30:00,2026-07-30 15:00:00,8.0,0.0,OnPrem-SQLServer
TE-00000596,TS-0000118,EMP-0017,2026-07-31,PRJ-010,WBS-00458,CC-00089,2026-07-31 06:00:00,2026-07-31 14:30:00,8.0,0.0,OnPrem-SQLServer
TE-00000597,TS-0000119,EMP-0018,2026-05-11,PRJ-001,WBS-00037,CC-00001,2026-05-11 06:30:00,2026-05-11 18:48:36,11.81,3.81,OnPrem-SQLServer
TE-00000598,TS-0000119,EMP-0018,2026-05-12,PRJ-001,WBS-00003,CC-00008,2026-05-12 07:15:00,2026-05-12 18:19:48,10.58,2.58,OnPrem-SQLServer
TE-00000599,TS-0000119,EMP-0018,2026-05-13,PRJ-001,WBS-00031,CC-00009,2026-05-13 06:30:00,2026-05-13 17:52:12,10.87,2.87,OnPrem-SQLServer
TE-00000600,TS-0000119,EMP-0018,2026-05-14,PRJ-001,WBS-00004,CC-00005,2026-05-14 07:00:00,2026-05-14 19:25:12,11.92,3.92,OnPrem-SQLServer
TE-00000601,TS-0000119,EMP-0018,2026-05-15,PRJ-001,WBS-00003,CC-00003,2026-05-15 06:00:00,2026-05-15 17:19:12,10.82,2.82,OnPrem-SQLServer
TE-00000602,TS-0000120,EMP-0018,2026-05-18,PRJ-001,WBS-00012,CC-00001,2026-05-18 07:00:00,2026-05-18 15:30:00,8.0,0.0,OnPrem-SQLServer
TE-00000603,TS-0000120,EMP-0018,2026-05-19,PRJ-001,WBS-00049,CC-00007,2026-05-19 07:00:00,2026-05-19 19:19:12,11.82,3.82,OnPrem-SQLServer
TE-00000604,TS-0000120,EMP-0018,2026-05-20,PRJ-001,WBS-00003,CC-00009,2026-05-20 06:00:00,2026-05-20 14:30:00,8.0,0.0,OnPrem-SQLServer
TE-00000605,TS-0000120,EMP-0018,2026-05-21,PRJ-001,WBS-00028,CC-00003,2026-05-21 06:30:00,2026-05-21 15:00:00,8.0,0.0,OnPrem-SQLServer
TE-00000606,TS-0000120,EMP-0018,2026-05-22,PRJ-001,WBS-00011,CC-00008,2026-05-22 07:30:00,2026-05-22 16:00:00,8.0,0.0,OnPrem-SQLServer
TE-00000607,TS-0000121,EMP-0018,2026-06-01,PRJ-008,WBS-00342,CC-00067,2026-06-01 06:15:00,2026-06-01 14:45:00,8.0,0.0,OnPrem-SQLServer
TE-00000608,TS-0000121,EMP-0018,2026-06-02,PRJ-008,WBS-00352,CC-00064,2026-06-02 06:30:00,2026-06-02 15:00:00,8.0,0.0,OnPrem-SQLServer
TE-00000609,TS-0000121,EMP-0018,2026-06-03,PRJ-008,WBS-00329,CC-00064,2026-06-03 06:30:00,2026-06-03 15:00:00,8.0,0.0,OnPrem-SQLServer
TE-00000610,TS-0000121,EMP-0018,2026-06-04,PRJ-008,WBS-00348,CC-00069,2026-06-04 06:15:00,2026-06-04 14:45:00,8.0,0.0,OnPrem-SQLServer
TE-00000611,TS-0000121,EMP-0018,2026-06-05,PRJ-008,WBS-00347,CC-00065,2026-06-05 06:15:00,2026-06-05 14:45:00,8.0,0.0,OnPrem-SQLServer
TE-00000612,TS-0000122,EMP-0018,2026-06-08,PRJ-001,WBS-00041,CC-00001,2026-06-08 07:15:00,2026-06-08 19:11:24,11.44,3.44,OnPrem-SQLServer
TE-00000613,TS-0000122,EMP-0018,2026-06-09,PRJ-001,WBS-00044,CC-00009,2026-06-09 06:30:00,2026-06-09 16:28:12,9.47,1.47,OnPrem-SQLServer
TE-00000614,TS-0000122,EMP-0018,2026-06-10,PRJ-001,WBS-00004,CC-00007,2026-06-10 07:30:00,2026-06-10 16:00:00,8.0,0.0,OnPrem-SQLServer
TE-00000615,TS-0000122,EMP-0018,2026-06-11,PRJ-001,WBS-00023,CC-00001,2026-06-11 07:15:00,2026-06-11 15:45:00,8.0,0.0,OnPrem-SQLServer
TE-00000616,TS-0000122,EMP-0018,2026-06-12,PRJ-001,WBS-00048,CC-00009,2026-06-12 06:00:00,2026-06-12 14:30:00,8.0,0.0,OnPrem-SQLServer
TE-00000617,TS-0000123,EMP-0018,2026-06-15,PRJ-010,WBS-00477,CC-00089,2026-06-15 06:00:00,2026-06-15 14:30:00,8.0,0.0,OnPrem-SQLServer
TE-00000618,TS-0000123,EMP-0018,2026-06-16,PRJ-010,WBS-00484,CC-00082,2026-06-16 06:30:00,2026-06-16 15:00:00,8.0,0.0,OnPrem-SQLServer
TE-00000619,TS-0000123,EMP-0018,2026-06-17,PRJ-010,WBS-00434,CC-00088,2026-06-17 06:15:00,2026-06-17 14:45:00,8.0,0.0,OnPrem-SQLServer
TE-00000620,TS-0000123,EMP-0018,2026-06-18,PRJ-010,WBS-00444,CC-00088,2026-06-18 06:30:00,2026-06-18 15:00:00,8.0,0.0,OnPrem-SQLServer
TE-00000621,TS-0000123,EMP-0018,2026-06-19,PRJ-010,WBS-00455,CC-00089,2026-06-19 06:00:00,2026-06-19 14:30:00,8.0,0.0,OnPrem-SQLServer
TE-00000622,TS-0000124,EMP-0018,2026-06-22,PRJ-001,WBS-00019,CC-00004,2026-06-22 06:15:00,2026-06-22 14:45:00,8.0,0.0,OnPrem-SQLServer
TE-00000623,TS-0000124,EMP-0018,2026-06-23,PRJ-001,WBS-00043,CC-00009,2026-06-23 06:30:00,2026-06-23 15:00:00,8.0,0.0,OnPrem-SQLServer
TE-00000624,TS-0000124,EMP-0018,2026-06-24,PRJ-001,WBS-00039,CC-00009,2026-06-24 07:00:00,2026-06-24 15:30:00,8.0,0.0,OnPrem-SQLServer
TE-00000625,TS-0000124,EMP-0018,2026-06-25,PRJ-001,WBS-00030,CC-00007,2026-06-25 06:30:00,2026-06-25 16:21:00,9.35,1.35,OnPrem-SQLServer
TE-00000626,TS-0000124,EMP-0018,2026-06-26,PRJ-001,WBS-00019,CC-00008,2026-06-26 06:15:00,2026-06-26 14:45:00,8.0,0.0,OnPrem-SQLServer
TE-00000627,TS-0000124,EMP-0018,2026-06-27,PRJ-001,WBS-00046,CC-00003,2026-06-27 07:15:00,2026-06-27 13:47:24,6.04,6.04,OnPrem-SQLServer
TE-00000628,TS-0000125,EMP-0018,2026-06-29,PRJ-001,WBS-00044,CC-00002,2026-06-29 07:30:00,2026-06-29 16:00:00,8.0,0.0,OnPrem-SQLServer
TE-00000629,TS-0000125,EMP-0018,2026-06-30,PRJ-001,WBS-00048,CC-00008,2026-06-30 07:15:00,2026-06-30 17:21:36,9.61,1.61,OnPrem-SQLServer
TE-00000630,TS-0000125,EMP-0018,2026-07-01,PRJ-001,WBS-00002,CC-00006,2026-07-01 06:30:00,2026-07-01 16:04:48,9.08,1.08,OnPrem-SQLServer
TE-00000631,TS-0000125,EMP-0018,2026-07-02,PRJ-001,WBS-00037,CC-00005,2026-07-02 07:00:00,2026-07-02 17:40:12,10.17,2.17,OnPrem-SQLServer
TE-00000632,TS-0000125,EMP-0018,2026-07-03,PRJ-001,WBS-00047,CC-00005,2026-07-03 07:15:00,2026-07-03 18:16:12,10.52,2.52,OnPrem-SQLServer
TE-00000633,TS-0000126,EMP-0018,2026-07-13,PRJ-009,WBS-00387,CC-00078,2026-07-13 06:30:00,2026-07-13 16:14:24,9.24,1.24,OnPrem-SQLServer
TE-00000634,TS-0000126,EMP-0018,2026-07-14,PRJ-009,WBS-00404,CC-00077,2026-07-14 06:15:00,2026-07-14 14:45:00,8.0,0.0,OnPrem-SQLServer
TE-00000635,TS-0000126,EMP-0018,2026-07-15,PRJ-009,WBS-00412,CC-00077,2026-07-15 06:30:00,2026-07-15 16:16:12,9.27,1.27,OnPrem-SQLServer
TE-00000636,TS-0000126,EMP-0018,2026-07-16,PRJ-009,WBS-00370,CC-00077,2026-07-16 06:30:00,2026-07-16 15:00:00,8.0,0.0,OnPrem-SQLServer
TE-00000637,TS-0000126,EMP-0018,2026-07-17,PRJ-009,WBS-00401,CC-00078,2026-07-17 06:15:00,2026-07-17 16:21:36,9.61,1.61,OnPrem-SQLServer
TE-00000638,TS-0000127,EMP-0018,2026-07-20,PRJ-001,WBS-00049,CC-00006,2026-07-20 07:00:00,2026-07-20 15:30:00,8.0,0.0,OnPrem-SQLServer
TE-00000639,TS-0000127,EMP-0018,2026-07-21,PRJ-001,WBS-00013,CC-00005,2026-07-21 06:30:00,2026-07-21 15:00:00,8.0,0.0,OnPrem-SQLServer
TE-00000640,TS-0000127,EMP-0018,2026-07-22,PRJ-001,WBS-00041,CC-00004,2026-07-22 07:30:00,2026-07-22 18:26:24,10.44,2.44,OnPrem-SQLServer
TE-00000641,TS-0000127,EMP-0018,2026-07-23,PRJ-001,WBS-00040,CC-00001,2026-07-23 06:30:00,2026-07-23 16:54:36,9.91,1.91,OnPrem-SQLServer
TE-00000642,TS-0000127,EMP-0018,2026-07-24,PRJ-001,WBS-00006,CC-00002,2026-07-24 07:15:00,2026-07-24 17:09:00,9.4,1.4,OnPrem-SQLServer
TE-00000643,TS-0000127,EMP-0018,2026-07-25,PRJ-001,WBS-00045,CC-00006,2026-07-25 06:00:00,2026-07-25 13:07:48,6.63,6.63,OnPrem-SQLServer
TE-00000644,TS-0000128,EMP-0019,2026-04-20,PRJ-002,WBS-00080,CC-00013,2026-04-20 06:15:00,2026-04-20 14:45:00,8.0,0.0,OnPrem-SQLServer
TE-00000645,TS-0000128,EMP-0019,2026-04-21,PRJ-002,WBS-00085,CC-00015,2026-04-21 06:15:00,2026-04-21 14:45:00,8.0,0.0,OnPrem-SQLServer
TE-00000646,TS-0000128,EMP-0019,2026-04-22,PRJ-002,WBS-00078,CC-00014,2026-04-22 06:15:00,2026-04-22 14:45:00,8.0,0.0,OnPrem-SQLServer
TE-00000647,TS-0000128,EMP-0019,2026-04-23,PRJ-002,WBS-00085,CC-00018,2026-04-23 06:15:00,2026-04-23 14:45:00,8.0,0.0,OnPrem-SQLServer
TE-00000648,TS-0000128,EMP-0019,2026-04-24,PRJ-002,WBS-00084,CC-00014,2026-04-24 06:00:00,2026-04-24 14:30:00,8.0,0.0,OnPrem-SQLServer
TE-00000649,TS-0000129,EMP-0019,2026-04-27,PRJ-002,WBS-00074,CC-00013,2026-04-27 06:30:00,2026-04-27 16:55:12,9.92,1.92,OnPrem-SQLServer
TE-00000650,TS-0000129,EMP-0019,2026-04-28,PRJ-002,WBS-00056,CC-00012,2026-04-28 06:30:00,2026-04-28 15:00:00,8.0,0.0,OnPrem-SQLServer
TE-00000651,TS-0000129,EMP-0019,2026-04-29,PRJ-002,WBS-00060,CC-00013,2026-04-29 06:15:00,2026-04-29 14:45:00,8.0,0.0,OnPrem-SQLServer
TE-00000652,TS-0000129,EMP-0019,2026-04-30,PRJ-002,WBS-00084,CC-00017,2026-04-30 06:15:00,2026-04-30 14:45:00,8.0,0.0,OnPrem-SQLServer
TE-00000653,TS-0000129,EMP-0019,2026-05-01,PRJ-002,WBS-00064,CC-00012,2026-05-01 06:30:00,2026-05-01 15:00:00,8.0,0.0,OnPrem-SQLServer
TE-00000654,TS-0000130,EMP-0019,2026-05-04,PRJ-002,WBS-00087,CC-00018,2026-05-04 06:15:00,2026-05-04 15:21:36,8.61,0.61,OnPrem-SQLServer
TE-00000655,TS-0000130,EMP-0019,2026-05-05,PRJ-002,WBS-00086,CC-00014,2026-05-05 06:00:00,2026-05-05 14:30:00,8.0,0.0,OnPrem-SQLServer
TE-00000656,TS-0000130,EMP-0019,2026-05-06,PRJ-002,WBS-00065,CC-00012,2026-05-06 06:15:00,2026-05-06 14:45:00,8.0,0.0,OnPrem-SQLServer
TE-00000657,TS-0000130,EMP-0019,2026-05-07,PRJ-002,WBS-00062,CC-00016,2026-05-07 06:15:00,2026-05-07 14:45:00,8.0,0.0,OnPrem-SQLServer
TE-00000658,TS-0000130,EMP-0019,2026-05-08,PRJ-002,WBS-00060,CC-00010,2026-05-08 06:30:00,2026-05-08 15:00:00,8.0,0.0,OnPrem-SQLServer
TE-00000659,TS-0000131,EMP-0019,2026-05-11,PRJ-002,WBS-00074,CC-00012,2026-05-11 06:00:00,2026-05-11 14:30:00,8.0,0.0,OnPrem-SQLServer
TE-00000660,TS-0000131,EMP-0019,2026-05-12,PRJ-002,WBS-00062,CC-00010,2026-05-12 06:15:00,2026-05-12 14:45:00,8.0,0.0,OnPrem-SQLServer
TE-00000661,TS-0000131,EMP-0019,2026-05-13,PRJ-002,WBS-00079,CC-00014,2026-05-13 06:15:00,2026-05-13 14:45:00,8.0,0.0,OnPrem-SQLServer
TE-00000662,TS-0000131,EMP-0019,2026-05-14,PRJ-002,WBS-00064,CC-00013,2026-05-14 06:15:00,2026-05-14 15:33:00,8.8,0.8,OnPrem-SQLServer
TE-00000663,TS-0000131,EMP-0019,2026-05-15,PRJ-002,WBS-00074,CC-00017,2026-05-15 06:30:00,2026-05-15 15:00:00,8.0,0.0,OnPrem-SQLServer
TE-00000664,TS-0000132,EMP-0019,2026-05-18,PRJ-002,WBS-00081,CC-00012,2026-05-18 06:15:00,2026-05-18 16:16:12,9.52,1.52,OnPrem-SQLServer
TE-00000665,TS-0000132,EMP-0019,2026-05-19,PRJ-002,WBS-00068,CC-00018,2026-05-19 06:00:00,2026-05-19 14:30:00,8.0,0.0,OnPrem-SQLServer
TE-00000666,TS-0000132,EMP-0019,2026-05-20,PRJ-002,WBS-00084,CC-00017,2026-05-20 06:00:00,2026-05-20 14:30:00,8.0,0.0,OnPrem-SQLServer
TE-00000667,TS-0000132,EMP-0019,2026-05-21,PRJ-002,WBS-00086,CC-00016,2026-05-21 06:30:00,2026-05-21 15:00:00,8.0,0.0,OnPrem-SQLServer
TE-00000668,TS-0000132,EMP-0019,2026-05-22,PRJ-002,WBS-00070,CC-00016,2026-05-22 06:00:00,2026-05-22 14:30:00,8.0,0.0,OnPrem-SQLServer
TE-00000669,TS-0000133,EMP-0019,2026-05-25,PRJ-002,WBS-00076,CC-00013,2026-05-25 06:15:00,2026-05-25 14:45:00,8.0,0.0,OnPrem-SQLServer
TE-00000670,TS-0000133,EMP-0019,2026-05-26,PRJ-002,WBS-00068,CC-00015,2026-05-26 06:30:00,2026-05-26 15:00:00,8.0,0.0,OnPrem-SQLServer
TE-00000671,TS-0000133,EMP-0019,2026-05-27,PRJ-002,WBS-00073,CC-00010,2026-05-27 06:30:00,2026-05-27 15:00:00,8.0,0.0,OnPrem-SQLServer
TE-00000672,TS-0000133,EMP-0019,2026-05-28,PRJ-002,WBS-00086,CC-00017,2026-05-28 06:30:00,2026-05-28 15:00:00,8.0,0.0,OnPrem-SQLServer
TE-00000673,TS-0000133,EMP-0019,2026-05-29,PRJ-002,WBS-00086,CC-00011,2026-05-29 06:00:00,2026-05-29 15:30:00,9.0,1.0,OnPrem-SQLServer
TE-00000674,TS-0000134,EMP-0019,2026-06-01,PRJ-004,WBS-00142,CC-00033,2026-06-01 06:00:00,2026-06-01 14:30:00,8.0,0.0,OnPrem-SQLServer
TE-00000675,TS-0000134,EMP-0019,2026-06-02,PRJ-004,WBS-00137,CC-00032,2026-06-02 06:30:00,2026-06-02 15:00:00,8.0,0.0,OnPrem-SQLServer
TE-00000676,TS-0000134,EMP-0019,2026-06-03,PRJ-004,WBS-00146,CC-00034,2026-06-03 06:00:00,2026-06-03 14:30:00,8.0,0.0,OnPrem-SQLServer
TE-00000677,TS-0000134,EMP-0019,2026-06-04,PRJ-004,WBS-00146,CC-00036,2026-06-04 06:30:00,2026-06-04 15:00:00,8.0,0.0,OnPrem-SQLServer
TE-00000678,TS-0000134,EMP-0019,2026-06-05,PRJ-004,WBS-00151,CC-00036,2026-06-05 06:30:00,2026-06-05 15:00:00,8.0,0.0,OnPrem-SQLServer
TE-00000679,TS-0000135,EMP-0019,2026-06-08,PRJ-002,WBS-00064,CC-00015,2026-06-08 06:15:00,2026-06-08 16:39:36,9.91,1.91,OnPrem-SQLServer
TE-00000680,TS-0000135,EMP-0019,2026-06-09,PRJ-002,WBS-00067,CC-00010,2026-06-09 06:15:00,2026-06-09 14:45:00,8.0,0.0,OnPrem-SQLServer
TE-00000681,TS-0000135,EMP-0019,2026-06-10,PRJ-002,WBS-00080,CC-00016,2026-06-10 06:15:00,2026-06-10 14:45:00,8.0,0.0,OnPrem-SQLServer
TE-00000682,TS-0000135,EMP-0019,2026-06-11,PRJ-002,WBS-00079,CC-00018,2026-06-11 06:30:00,2026-06-11 16:06:36,9.11,1.11,OnPrem-SQLServer
TE-00000683,TS-0000135,EMP-0019,2026-06-12,PRJ-002,WBS-00083,CC-00014,2026-06-12 06:30:00,2026-06-12 15:54:00,8.9,0.9,OnPrem-SQLServer
TE-00000684,TS-0000136,EMP-0019,2026-06-22,PRJ-002,WBS-00065,CC-00015,2026-06-22 06:30:00,2026-06-22 15:00:00,8.0,0.0,OnPrem-SQLServer
TE-00000685,TS-0000136,EMP-0019,2026-06-23,PRJ-002,WBS-00073,CC-00017,2026-06-23 06:30:00,2026-06-23 15:00:00,8.0,0.0,OnPrem-SQLServer
TE-00000686,TS-0000136,EMP-0019,2026-06-24,PRJ-002,WBS-00081,CC-00017,2026-06-24 06:15:00,2026-06-24 14:45:00,8.0,0.0,OnPrem-SQLServer
TE-00000687,TS-0000136,EMP-0019,2026-06-25,PRJ-002,WBS-00065,CC-00015,2026-06-25 06:30:00,2026-06-25 15:00:00,8.0,0.0,OnPrem-SQLServer
TE-00000688,TS-0000136,EMP-0019,2026-06-26,PRJ-002,WBS-00067,CC-00013,2026-06-26 06:15:00,2026-06-26 14:45:00,8.0,0.0,OnPrem-SQLServer
TE-00000689,TS-0000137,EMP-0019,2026-06-29,PRJ-010,WBS-00433,CC-00090,2026-06-29 06:30:00,2026-06-29 15:00:00,8.0,0.0,OnPrem-SQLServer
TE-00000690,TS-0000137,EMP-0019,2026-06-30,PRJ-010,WBS-00434,CC-00083,2026-06-30 06:00:00,2026-06-30 14:30:00,8.0,0.0,OnPrem-SQLServer
TE-00000691,TS-0000137,EMP-0019,2026-07-01,PRJ-010,WBS-00467,CC-00090,2026-07-01 06:00:00,2026-07-01 14:30:00,8.0,0.0,OnPrem-SQLServer
TE-00000692,TS-0000137,EMP-0019,2026-07-02,PRJ-010,WBS-00462,CC-00090,2026-07-02 06:30:00,2026-07-02 15:00:00,8.0,0.0,OnPrem-SQLServer
TE-00000693,TS-0000137,EMP-0019,2026-07-03,PRJ-010,WBS-00462,CC-00085,2026-07-03 06:30:00,2026-07-03 16:25:48,9.43,1.43,OnPrem-SQLServer
TE-00000694,TS-0000138,EMP-0019,2026-07-06,PRJ-002,WBS-00069,CC-00018,2026-07-06 06:00:00,2026-07-06 15:09:36,8.66,0.66,OnPrem-SQLServer
TE-00000695,TS-0000138,EMP-0019,2026-07-07,PRJ-002,WBS-00084,CC-00018,2026-07-07 06:30:00,2026-07-07 15:00:00,8.0,0.0,OnPrem-SQLServer
TE-00000696,TS-0000138,EMP-0019,2026-07-08,PRJ-002,WBS-00070,CC-00017,2026-07-08 06:00:00,2026-07-08 14:30:00,8.0,0.0,OnPrem-SQLServer
TE-00000697,TS-0000138,EMP-0019,2026-07-09,PRJ-002,WBS-00080,CC-00013,2026-07-09 06:30:00,2026-07-09 15:37:48,8.63,0.63,OnPrem-SQLServer
TE-00000698,TS-0000138,EMP-0019,2026-07-10,PRJ-002,WBS-00078,CC-00017,2026-07-10 06:00:00,2026-07-10 14:30:00,8.0,0.0,OnPrem-SQLServer
TE-00000699,TS-0000139,EMP-0019,2026-07-13,PRJ-011,WBS-00520,CC-00094,2026-07-13 06:15:00,2026-07-13 14:45:00,8.0,0.0,OnPrem-SQLServer
TE-00000700,TS-0000139,EMP-0019,2026-07-14,PRJ-011,WBS-00525,CC-00092,2026-07-14 06:00:00,2026-07-14 14:30:00,8.0,0.0,OnPrem-SQLServer
TE-00000701,TS-0000139,EMP-0019,2026-07-15,PRJ-011,WBS-00524,CC-00095,2026-07-15 06:15:00,2026-07-15 14:45:00,8.0,0.0,OnPrem-SQLServer
TE-00000702,TS-0000139,EMP-0019,2026-07-16,PRJ-011,WBS-00515,CC-00097,2026-07-16 06:00:00,2026-07-16 14:30:00,8.0,0.0,OnPrem-SQLServer
TE-00000703,TS-0000139,EMP-0019,2026-07-17,PRJ-011,WBS-00496,CC-00099,2026-07-17 06:00:00,2026-07-17 14:30:00,8.0,0.0,OnPrem-SQLServer
TE-00000704,TS-0000140,EMP-0019,2026-07-20,PRJ-002,WBS-00079,CC-00011,2026-07-20 06:30:00,2026-07-20 15:00:00,8.0,0.0,OnPrem-SQLServer
TE-00000705,TS-0000140,EMP-0019,2026-07-21,PRJ-002,WBS-00078,CC-00016,2026-07-21 06:00:00,2026-07-21 14:30:00,8.0,0.0,OnPrem-SQLServer
TE-00000706,TS-0000140,EMP-0019,2026-07-22,PRJ-002,WBS-00070,CC-00012,2026-07-22 06:00:00,2026-07-22 14:30:00,8.0,0.0,OnPrem-SQLServer
TE-00000707,TS-0000140,EMP-0019,2026-07-23,PRJ-002,WBS-00086,CC-00018,2026-07-23 06:00:00,2026-07-23 16:30:00,10.0,2.0,OnPrem-SQLServer
TE-00000708,TS-0000140,EMP-0019,2026-07-24,PRJ-002,WBS-00059,CC-00016,2026-07-24 06:00:00,2026-07-24 14:30:00,8.0,0.0,OnPrem-SQLServer
TE-00000709,TS-0000141,EMP-0019,2026-07-27,PRJ-002,WBS-00062,CC-00016,2026-07-27 06:30:00,2026-07-27 15:00:00,8.0,0.0,OnPrem-SQLServer
TE-00000710,TS-0000141,EMP-0019,2026-07-28,PRJ-002,WBS-00058,CC-00017,2026-07-28 06:00:00,2026-07-28 14:30:00,8.0,0.0,OnPrem-SQLServer
TE-00000711,TS-0000141,EMP-0019,2026-07-29,PRJ-002,WBS-00075,CC-00018,2026-07-29 06:00:00,2026-07-29 14:30:00,8.0,0.0,OnPrem-SQLServer
TE-00000712,TS-0000141,EMP-0019,2026-07-30,PRJ-002,WBS-00085,CC-00014,2026-07-30 06:15:00,2026-07-30 14:45:00,8.0,0.0,OnPrem-SQLServer
TE-00000713,TS-0000141,EMP-0019,2026-07-31,PRJ-002,WBS-00066,CC-00014,2026-07-31 06:30:00,2026-07-31 15:00:00,8.0,0.0,OnPrem-SQLServer
TE-00000714,TS-0000142,EMP-0020,2026-04-27,PRJ-005,WBS-00204,CC-00044,2026-04-27 06:30:00,2026-04-27 15:00:00,8.0,0.0,OnPrem-SQLServer
TE-00000715,TS-0000142,EMP-0020,2026-04-28,PRJ-005,WBS-00184,CC-00044,2026-04-28 06:15:00,2026-04-28 14:45:00,8.0,0.0,OnPrem-SQLServer
TE-00000716,TS-0000142,EMP-0020,2026-04-29,PRJ-005,WBS-00190,CC-00037,2026-04-29 06:30:00,2026-04-29 15:00:00,8.0,0.0,OnPrem-SQLServer
TE-00000717,TS-0000142,EMP-0020,2026-04-30,PRJ-005,WBS-00190,CC-00042,2026-04-30 06:30:00,2026-04-30 15:00:00,8.0,0.0,OnPrem-SQLServer
TE-00000718,TS-0000142,EMP-0020,2026-05-01,PRJ-005,WBS-00199,CC-00044,2026-05-01 06:00:00,2026-05-01 14:30:00,8.0,0.0,OnPrem-SQLServer
TE-00000719,TS-0000143,EMP-0020,2026-05-04,PRJ-001,WBS-00021,CC-00003,2026-05-04 06:15:00,2026-05-04 17:43:12,10.97,2.97,OnPrem-SQLServer
TE-00000720,TS-0000143,EMP-0020,2026-05-05,PRJ-001,WBS-00009,CC-00009,2026-05-05 07:00:00,2026-05-05 15:30:00,8.0,0.0,OnPrem-SQLServer
TE-00000721,TS-0000143,EMP-0020,2026-05-06,PRJ-001,WBS-00035,CC-00005,2026-05-06 06:15:00,2026-05-06 18:13:12,11.47,3.47,OnPrem-SQLServer
TE-00000722,TS-0000143,EMP-0020,2026-05-07,PRJ-001,WBS-00003,CC-00004,2026-05-07 07:30:00,2026-05-07 16:00:00,8.0,0.0,OnPrem-SQLServer
TE-00000723,TS-0000143,EMP-0020,2026-05-08,PRJ-001,WBS-00017,CC-00004,2026-05-08 06:30:00,2026-05-08 16:11:24,9.19,1.19,OnPrem-SQLServer
TE-00000724,TS-0000143,EMP-0020,2026-05-09,PRJ-001,WBS-00014,CC-00009,2026-05-09 07:30:00,2026-05-09 14:30:00,6.5,6.5,OnPrem-SQLServer
TE-00000725,TS-0000144,EMP-0020,2026-05-11,PRJ-003,WBS-00097,CC-00022,2026-05-11 06:00:00,2026-05-11 14:30:00,8.0,0.0,OnPrem-SQLServer
TE-00000726,TS-0000144,EMP-0020,2026-05-12,PRJ-003,WBS-00089,CC-00024,2026-05-12 06:15:00,2026-05-12 14:45:00,8.0,0.0,OnPrem-SQLServer
TE-00000727,TS-0000144,EMP-0020,2026-05-13,PRJ-003,WBS-00126,CC-00023,2026-05-13 06:30:00,2026-05-13 15:00:00,8.0,0.0,OnPrem-SQLServer
TE-00000728,TS-0000144,EMP-0020,2026-05-14,PRJ-003,WBS-00130,CC-00020,2026-05-14 06:30:00,2026-05-14 15:00:00,8.0,0.0,OnPrem-SQLServer
TE-00000729,TS-0000144,EMP-0020,2026-05-15,PRJ-003,WBS-00101,CC-00027,2026-05-15 06:30:00,2026-05-15 15:00:00,8.0,0.0,OnPrem-SQLServer
TE-00000730,TS-0000145,EMP-0020,2026-05-18,PRJ-005,WBS-00189,CC-00039,2026-05-18 06:30:00,2026-05-18 15:00:00,8.0,0.0,OnPrem-SQLServer
TE-00000731,TS-0000145,EMP-0020,2026-05-19,PRJ-005,WBS-00199,CC-00037,2026-05-19 06:00:00,2026-05-19 14:30:00,8.0,0.0,OnPrem-SQLServer
TE-00000732,TS-0000145,EMP-0020,2026-05-20,PRJ-005,WBS-00203,CC-00037,2026-05-20 06:15:00,2026-05-20 14:45:00,8.0,0.0,OnPrem-SQLServer
TE-00000733,TS-0000145,EMP-0020,2026-05-21,PRJ-005,WBS-00190,CC-00038,2026-05-21 06:00:00,2026-05-21 14:30:00,8.0,0.0,OnPrem-SQLServer
TE-00000734,TS-0000145,EMP-0020,2026-05-22,PRJ-005,WBS-00212,CC-00042,2026-05-22 06:15:00,2026-05-22 14:45:00,8.0,0.0,OnPrem-SQLServer
TE-00000735,TS-0000146,EMP-0020,2026-06-01,PRJ-005,WBS-00178,CC-00040,2026-06-01 06:15:00,2026-06-01 16:22:12,9.62,1.62,OnPrem-SQLServer
TE-00000736,TS-0000146,EMP-0020,2026-06-02,PRJ-005,WBS-00196,CC-00044,2026-06-02 06:00:00,2026-06-02 14:30:00,8.0,0.0,OnPrem-SQLServer
TE-00000737,TS-0000146,EMP-0020,2026-06-03,PRJ-005,WBS-00199,CC-00038,2026-06-03 06:30:00,2026-06-03 15:00:00,8.0,0.0,OnPrem-SQLServer
TE-00000738,TS-0000146,EMP-0020,2026-06-04,PRJ-005,WBS-00172,CC-00041,2026-06-04 06:00:00,2026-06-04 14:30:00,8.0,0.0,OnPrem-SQLServer
TE-00000739,TS-0000146,EMP-0020,2026-06-05,PRJ-005,WBS-00186,CC-00038,2026-06-05 06:30:00,2026-06-05 15:00:00,8.0,0.0,OnPrem-SQLServer
TE-00000740,TS-0000147,EMP-0020,2026-06-15,PRJ-005,WBS-00197,CC-00037,2026-06-15 06:15:00,2026-06-15 14:45:00,8.0,0.0,OnPrem-SQLServer
TE-00000741,TS-0000147,EMP-0020,2026-06-16,PRJ-005,WBS-00185,CC-00037,2026-06-16 06:15:00,2026-06-16 14:45:00,8.0,0.0,OnPrem-SQLServer
TE-00000742,TS-0000147,EMP-0020,2026-06-17,PRJ-005,WBS-00198,CC-00040,2026-06-17 06:15:00,2026-06-17 14:45:00,8.0,0.0,OnPrem-SQLServer
TE-00000743,TS-0000147,EMP-0020,2026-06-18,PRJ-005,WBS-00189,CC-00042,2026-06-18 06:30:00,2026-06-18 15:00:00,8.0,0.0,OnPrem-SQLServer
TE-00000744,TS-0000147,EMP-0020,2026-06-19,PRJ-005,WBS-00187,CC-00044,2026-06-19 06:00:00,2026-06-19 14:30:00,8.0,0.0,OnPrem-SQLServer
TE-00000745,TS-0000148,EMP-0020,2026-06-22,PRJ-005,WBS-00175,CC-00045,2026-06-22 06:30:00,2026-06-22 15:00:00,8.0,0.0,OnPrem-SQLServer
TE-00000746,TS-0000148,EMP-0020,2026-06-23,PRJ-005,WBS-00207,CC-00039,2026-06-23 06:30:00,2026-06-23 15:00:00,8.0,0.0,OnPrem-SQLServer
TE-00000747,TS-0000148,EMP-0020,2026-06-24,PRJ-005,WBS-00194,CC-00040,2026-06-24 06:30:00,2026-06-24 15:00:00,8.0,0.0,OnPrem-SQLServer
TE-00000748,TS-0000148,EMP-0020,2026-06-25,PRJ-005,WBS-00196,CC-00044,2026-06-25 06:30:00,2026-06-25 15:00:00,8.0,0.0,OnPrem-SQLServer
TE-00000749,TS-0000148,EMP-0020,2026-06-26,PRJ-005,WBS-00191,CC-00039,2026-06-26 06:30:00,2026-06-26 15:00:00,8.0,0.0,OnPrem-SQLServer
TE-00000750,TS-0000149,EMP-0020,2026-07-06,PRJ-010,WBS-00427,CC-00090,2026-07-06 06:00:00,2026-07-06 14:30:00,8.0,0.0,OnPrem-SQLServer
TE-00000751,TS-0000149,EMP-0020,2026-07-07,PRJ-010,WBS-00445,CC-00082,2026-07-07 06:00:00,2026-07-07 14:30:00,8.0,0.0,OnPrem-SQLServer
TE-00000752,TS-0000149,EMP-0020,2026-07-08,PRJ-010,WBS-00445,CC-00086,2026-07-08 06:00:00,2026-07-08 14:30:00,8.0,0.0,OnPrem-SQLServer
TE-00000753,TS-0000149,EMP-0020,2026-07-09,PRJ-010,WBS-00435,CC-00084,2026-07-09 06:30:00,2026-07-09 15:00:00,8.0,0.0,OnPrem-SQLServer
TE-00000754,TS-0000149,EMP-0020,2026-07-10,PRJ-010,WBS-00431,CC-00082,2026-07-10 06:15:00,2026-07-10 14:45:00,8.0,0.0,OnPrem-SQLServer
TE-00000755,TS-0000150,EMP-0020,2026-07-13,PRJ-005,WBS-00181,CC-00037,2026-07-13 06:30:00,2026-07-13 15:00:00,8.0,0.0,OnPrem-SQLServer
TE-00000756,TS-0000150,EMP-0020,2026-07-14,PRJ-005,WBS-00187,CC-00044,2026-07-14 06:00:00,2026-07-14 14:30:00,8.0,0.0,OnPrem-SQLServer
TE-00000757,TS-0000150,EMP-0020,2026-07-15,PRJ-005,WBS-00195,CC-00045,2026-07-15 06:15:00,2026-07-15 14:45:00,8.0,0.0,OnPrem-SQLServer
TE-00000758,TS-0000150,EMP-0020,2026-07-16,PRJ-005,WBS-00172,CC-00038,2026-07-16 06:30:00,2026-07-16 15:00:00,8.0,0.0,OnPrem-SQLServer
TE-00000759,TS-0000150,EMP-0020,2026-07-17,PRJ-005,WBS-00190,CC-00044,2026-07-17 06:15:00,2026-07-17 14:45:00,8.0,0.0,OnPrem-SQLServer
TE-00000760,TS-0000151,EMP-0020,2026-07-20,PRJ-006,WBS-00225,CC-00051,2026-07-20 06:15:00,2026-07-20 14:45:00,8.0,0.0,OnPrem-SQLServer
TE-00000761,TS-0000151,EMP-0020,2026-07-21,PRJ-006,WBS-00224,CC-00047,2026-07-21 06:30:00,2026-07-21 15:00:00,8.0,0.0,OnPrem-SQLServer
TE-00000762,TS-0000151,EMP-0020,2026-07-22,PRJ-006,WBS-00252,CC-00053,2026-07-22 06:15:00,2026-07-22 15:34:12,8.82,0.82,OnPrem-SQLServer
TE-00000763,TS-0000151,EMP-0020,2026-07-23,PRJ-006,WBS-00230,CC-00047,2026-07-23 06:30:00,2026-07-23 16:43:12,9.72,1.72,OnPrem-SQLServer
TE-00000764,TS-0000151,EMP-0020,2026-07-24,PRJ-006,WBS-00234,CC-00053,2026-07-24 06:15:00,2026-07-24 14:45:00,8.0,0.0,OnPrem-SQLServer
TE-00000765,TS-0000152,EMP-0020,2026-07-27,PRJ-005,WBS-00203,CC-00041,2026-07-27 06:30:00,2026-07-27 15:00:00,8.0,0.0,OnPrem-SQLServer
TE-00000766,TS-0000152,EMP-0020,2026-07-28,PRJ-005,WBS-00181,CC-00039,2026-07-28 06:30:00,2026-07-28 15:00:00,8.0,0.0,OnPrem-SQLServer
TE-00000767,TS-0000152,EMP-0020,2026-07-29,PRJ-005,WBS-00211,CC-00038,2026-07-29 06:30:00,2026-07-29 15:00:00,8.0,0.0,OnPrem-SQLServer
TE-00000768,TS-0000152,EMP-0020,2026-07-30,PRJ-005,WBS-00196,CC-00042,2026-07-30 06:15:00,2026-07-30 14:45:00,8.0,0.0,OnPrem-SQLServer
TE-00000769,TS-0000152,EMP-0020,2026-07-31,PRJ-005,WBS-00207,CC-00044,2026-07-31 06:00:00,2026-07-31 14:30:00,8.0,0.0,OnPrem-SQLServer
TE-00000770,TS-0000153,EMP-0021,2026-04-27,PRJ-001,WBS-00008,CC-00009,2026-04-27 06:30:00,2026-04-27 16:52:12,9.87,1.87,OnPrem-SQLServer
TE-00000771,TS-0000153,EMP-0021,2026-04-28,PRJ-001,WBS-00003,CC-00004,2026-04-28 07:15:00,2026-04-28 18:51:00,11.1,3.1,OnPrem-SQLServer
TE-00000772,TS-0000153,EMP-0021,2026-04-29,PRJ-001,WBS-00036,CC-00007,2026-04-29 06:30:00,2026-04-29 15:00:00,8.0,0.0,OnPrem-SQLServer
TE-00000773,TS-0000153,EMP-0021,2026-04-30,PRJ-001,WBS-00001,CC-00008,2026-04-30 06:00:00,2026-04-30 14:30:00,8.0,0.0,OnPrem-SQLServer
TE-00000774,TS-0000153,EMP-0021,2026-05-01,PRJ-001,WBS-00018,CC-00002,2026-05-01 06:30:00,2026-05-01 16:24:36,9.41,1.41,OnPrem-SQLServer
TE-00000775,TS-0000154,EMP-0021,2026-05-04,PRJ-001,WBS-00034,CC-00005,2026-05-04 06:30:00,2026-05-04 18:18:36,11.31,3.31,OnPrem-SQLServer
TE-00000776,TS-0000154,EMP-0021,2026-05-05,PRJ-001,WBS-00022,CC-00005,2026-05-05 07:00:00,2026-05-05 15:30:00,8.0,0.0,OnPrem-SQLServer
TE-00000777,TS-0000154,EMP-0021,2026-05-06,PRJ-001,WBS-00021,CC-00001,2026-05-06 06:15:00,2026-05-06 18:10:12,11.42,3.42,OnPrem-SQLServer
TE-00000778,TS-0000154,EMP-0021,2026-05-07,PRJ-001,WBS-00027,CC-00007,2026-05-07 07:00:00,2026-05-07 19:04:48,11.58,3.58,OnPrem-SQLServer
TE-00000779,TS-0000154,EMP-0021,2026-05-08,PRJ-001,WBS-00036,CC-00005,2026-05-08 07:15:00,2026-05-08 19:32:24,11.79,3.79,OnPrem-SQLServer
TE-00000780,TS-0000155,EMP-0021,2026-05-11,PRJ-001,WBS-00021,CC-00009,2026-05-11 07:15:00,2026-05-11 17:19:12,9.57,1.57,OnPrem-SQLServer
TE-00000781,TS-0000155,EMP-0021,2026-05-12,PRJ-001,WBS-00002,CC-00001,2026-05-12 06:30:00,2026-05-12 18:33:36,11.56,3.56,OnPrem-SQLServer
TE-00000782,TS-0000155,EMP-0021,2026-05-13,PRJ-001,WBS-00014,CC-00007,2026-05-13 07:00:00,2026-05-13 17:33:00,10.05,2.05,OnPrem-SQLServer
TE-00000783,TS-0000155,EMP-0021,2026-05-14,PRJ-001,WBS-00024,CC-00003,2026-05-14 07:30:00,2026-05-14 16:00:00,8.0,0.0,OnPrem-SQLServer
TE-00000784,TS-0000155,EMP-0021,2026-05-15,PRJ-001,WBS-00048,CC-00005,2026-05-15 06:15:00,2026-05-15 14:45:00,8.0,0.0,OnPrem-SQLServer
TE-00000785,TS-0000155,EMP-0021,2026-05-16,PRJ-001,WBS-00042,CC-00009,2026-05-16 07:30:00,2026-05-16 15:44:24,7.74,7.74,OnPrem-SQLServer
TE-00000786,TS-0000156,EMP-0021,2026-05-18,PRJ-001,WBS-00046,CC-00006,2026-05-18 06:30:00,2026-05-18 15:00:00,8.0,0.0,OnPrem-SQLServer
TE-00000787,TS-0000156,EMP-0021,2026-05-19,PRJ-001,WBS-00045,CC-00002,2026-05-19 06:00:00,2026-05-19 16:45:00,10.25,2.25,OnPrem-SQLServer
TE-00000788,TS-0000156,EMP-0021,2026-05-20,PRJ-001,WBS-00006,CC-00005,2026-05-20 06:15:00,2026-05-20 16:42:00,9.95,1.95,OnPrem-SQLServer
TE-00000789,TS-0000156,EMP-0021,2026-05-21,PRJ-001,WBS-00012,CC-00004,2026-05-21 07:15:00,2026-05-21 17:00:36,9.26,1.26,OnPrem-SQLServer
TE-00000790,TS-0000156,EMP-0021,2026-05-22,PRJ-001,WBS-00042,CC-00005,2026-05-22 06:00:00,2026-05-22 14:30:00,8.0,0.0,OnPrem-SQLServer
TE-00000791,TS-0000156,EMP-0021,2026-05-23,PRJ-001,WBS-00013,CC-00003,2026-05-23 06:00:00,2026-05-23 15:34:48,9.08,9.08,OnPrem-SQLServer
TE-00000792,TS-0000157,EMP-0021,2026-05-25,PRJ-001,WBS-00002,CC-00004,2026-05-25 07:00:00,2026-05-25 15:30:00,8.0,0.0,OnPrem-SQLServer
TE-00000793,TS-0000157,EMP-0021,2026-05-26,PRJ-001,WBS-00031,CC-00008,2026-05-26 07:15:00,2026-05-26 17:42:36,9.96,1.96,OnPrem-SQLServer
TE-00000794,TS-0000157,EMP-0021,2026-05-27,PRJ-001,WBS-00006,CC-00004,2026-05-27 07:15:00,2026-05-27 17:37:48,9.88,1.88,OnPrem-SQLServer
TE-00000795,TS-0000157,EMP-0021,2026-05-28,PRJ-001,WBS-00047,CC-00007,2026-05-28 07:15:00,2026-05-28 19:35:24,11.84,3.84,OnPrem-SQLServer
TE-00000796,TS-0000157,EMP-0021,2026-05-29,PRJ-001,WBS-00019,CC-00007,2026-05-29 06:30:00,2026-05-29 15:37:12,8.62,0.62,OnPrem-SQLServer
TE-00000797,TS-0000158,EMP-0021,2026-06-01,PRJ-008,WBS-00317,CC-00068,2026-06-01 06:00:00,2026-06-01 14:30:00,8.0,0.0,OnPrem-SQLServer
TE-00000798,TS-0000158,EMP-0021,2026-06-02,PRJ-008,WBS-00318,CC-00066,2026-06-02 06:15:00,2026-06-02 14:45:00,8.0,0.0,OnPrem-SQLServer
TE-00000799,TS-0000158,EMP-0021,2026-06-03,PRJ-008,WBS-00359,CC-00066,2026-06-03 06:15:00,2026-06-03 14:45:00,8.0,0.0,OnPrem-SQLServer
TE-00000800,TS-0000158,EMP-0021,2026-06-04,PRJ-008,WBS-00321,CC-00067,2026-06-04 06:00:00,2026-06-04 14:30:00,8.0,0.0,OnPrem-SQLServer
TE-00000801,TS-0000158,EMP-0021,2026-06-05,PRJ-008,WBS-00308,CC-00072,2026-06-05 06:30:00,2026-06-05 15:00:00,8.0,0.0,OnPrem-SQLServer
TE-00000802,TS-0000159,EMP-0021,2026-06-08,PRJ-001,WBS-00043,CC-00009,2026-06-08 06:00:00,2026-06-08 14:30:00,8.0,0.0,OnPrem-SQLServer
TE-00000803,TS-0000159,EMP-0021,2026-06-09,PRJ-001,WBS-00008,CC-00003,2026-06-09 06:00:00,2026-06-09 16:23:24,9.89,1.89,OnPrem-SQLServer
TE-00000804,TS-0000159,EMP-0021,2026-06-10,PRJ-001,WBS-00030,CC-00003,2026-06-10 07:00:00,2026-06-10 18:57:00,11.45,3.45,OnPrem-SQLServer
TE-00000805,TS-0000159,EMP-0021,2026-06-11,PRJ-001,WBS-00017,CC-00004,2026-06-11 06:00:00,2026-06-11 15:48:36,9.31,1.31,OnPrem-SQLServer
TE-00000806,TS-0000159,EMP-0021,2026-06-12,PRJ-001,WBS-00039,CC-00005,2026-06-12 07:15:00,2026-06-12 15:45:00,8.0,0.0,OnPrem-SQLServer
TE-00000807,TS-0000160,EMP-0021,2026-06-15,PRJ-001,WBS-00042,CC-00004,2026-06-15 07:30:00,2026-06-15 17:44:24,9.74,1.74,OnPrem-SQLServer
TE-00000808,TS-0000160,EMP-0021,2026-06-16,PRJ-001,WBS-00041,CC-00009,2026-06-16 07:00:00,2026-06-16 16:00:00,8.5,0.5,OnPrem-SQLServer
TE-00000809,TS-0000160,EMP-0021,2026-06-17,PRJ-001,WBS-00011,CC-00007,2026-06-17 07:00:00,2026-06-17 15:30:00,8.0,0.0,OnPrem-SQLServer
TE-00000810,TS-0000160,EMP-0021,2026-06-18,PRJ-001,WBS-00011,CC-00009,2026-06-18 07:00:00,2026-06-18 17:02:24,9.54,1.54,OnPrem-SQLServer
TE-00000811,TS-0000160,EMP-0021,2026-06-19,PRJ-001,WBS-00038,CC-00003,2026-06-19 06:15:00,2026-06-19 17:37:48,10.88,2.88,OnPrem-SQLServer
TE-00000812,TS-0000160,EMP-0021,2026-06-20,PRJ-001,WBS-00004,CC-00003,2026-06-20 06:15:00,2026-06-20 14:23:24,7.64,7.64,OnPrem-SQLServer
TE-00000813,TS-0000161,EMP-0021,2026-06-22,PRJ-001,WBS-00002,CC-00009,2026-06-22 06:30:00,2026-06-22 15:00:00,8.0,0.0,OnPrem-SQLServer
TE-00000814,TS-0000161,EMP-0021,2026-06-23,PRJ-001,WBS-00017,CC-00001,2026-06-23 06:30:00,2026-06-23 16:40:12,9.67,1.67,OnPrem-SQLServer
TE-00000815,TS-0000161,EMP-0021,2026-06-24,PRJ-001,WBS-00019,CC-00002,2026-06-24 06:30:00,2026-06-24 17:33:36,10.56,2.56,OnPrem-SQLServer
TE-00000816,TS-0000161,EMP-0021,2026-06-25,PRJ-001,WBS-00004,CC-00003,2026-06-25 06:00:00,2026-06-25 18:23:24,11.89,3.89,OnPrem-SQLServer
TE-00000817,TS-0000161,EMP-0021,2026-06-26,PRJ-001,WBS-00028,CC-00008,2026-06-26 07:30:00,2026-06-26 18:07:48,10.13,2.13,OnPrem-SQLServer
TE-00000818,TS-0000161,EMP-0021,2026-06-27,PRJ-001,WBS-00041,CC-00008,2026-06-27 07:00:00,2026-06-27 14:31:48,7.03,7.03,OnPrem-SQLServer
TE-00000819,TS-0000162,EMP-0021,2026-06-29,PRJ-001,WBS-00051,CC-00009,2026-06-29 06:15:00,2026-06-29 15:55:12,9.17,1.17,OnPrem-SQLServer
TE-00000820,TS-0000162,EMP-0021,2026-06-30,PRJ-001,WBS-00020,CC-00004,2026-06-30 06:15:00,2026-06-30 17:15:36,10.51,2.51,OnPrem-SQLServer
TE-00000821,TS-0000162,EMP-0021,2026-07-01,PRJ-001,WBS-00023,CC-00008,2026-07-01 06:15:00,2026-07-01 17:13:48,10.48,2.48,OnPrem-SQLServer
TE-00000822,TS-0000162,EMP-0021,2026-07-02,PRJ-001,WBS-00015,CC-00004,2026-07-02 07:30:00,2026-07-02 19:49:12,11.82,3.82,OnPrem-SQLServer
TE-00000823,TS-0000162,EMP-0021,2026-07-03,PRJ-001,WBS-00017,CC-00009,2026-07-03 06:15:00,2026-07-03 14:45:00,8.0,0.0,OnPrem-SQLServer
TE-00000824,TS-0000162,EMP-0021,2026-07-04,PRJ-001,WBS-00043,CC-00007,2026-07-04 06:00:00,2026-07-04 14:37:48,8.13,8.13,OnPrem-SQLServer
TE-00000825,TS-0000163,EMP-0021,2026-07-06,PRJ-001,WBS-00028,CC-00003,2026-07-06 07:15:00,2026-07-06 18:57:00,11.2,3.2,OnPrem-SQLServer
TE-00000826,TS-0000163,EMP-0021,2026-07-07,PRJ-001,WBS-00025,CC-00003,2026-07-07 06:00:00,2026-07-07 14:30:00,8.0,0.0,OnPrem-SQLServer
TE-00000827,TS-0000163,EMP-0021,2026-07-08,PRJ-001,WBS-00035,CC-00003,2026-07-08 06:15:00,2026-07-08 17:39:00,10.9,2.9,OnPrem-SQLServer
TE-00000828,TS-0000163,EMP-0021,2026-07-09,PRJ-001,WBS-00016,CC-00007,2026-07-09 06:15:00,2026-07-09 17:54:00,11.15,3.15,OnPrem-SQLServer
TE-00000829,TS-0000163,EMP-0021,2026-07-10,PRJ-001,WBS-00050,CC-00006,2026-07-10 06:15:00,2026-07-10 17:22:12,10.62,2.62,OnPrem-SQLServer
TE-00000830,TS-0000164,EMP-0021,2026-07-13,PRJ-001,WBS-00045,CC-00007,2026-07-13 07:00:00,2026-07-13 19:13:48,11.73,3.73,OnPrem-SQLServer
TE-00000831,TS-0000164,EMP-0021,2026-07-14,PRJ-001,WBS-00037,CC-00003,2026-07-14 07:15:00,2026-07-14 19:18:00,11.55,3.55,OnPrem-SQLServer
TE-00000832,TS-0000164,EMP-0021,2026-07-15,PRJ-001,WBS-00049,CC-00009,2026-07-15 06:00:00,2026-07-15 17:25:12,10.92,2.92,OnPrem-SQLServer
TE-00000833,TS-0000164,EMP-0021,2026-07-16,PRJ-001,WBS-00010,CC-00001,2026-07-16 07:00:00,2026-07-16 18:26:24,10.94,2.94,OnPrem-SQLServer
TE-00000834,TS-0000164,EMP-0021,2026-07-17,PRJ-001,WBS-00040,CC-00008,2026-07-17 06:30:00,2026-07-17 15:00:00,8.0,0.0,OnPrem-SQLServer
TE-00000835,TS-0000165,EMP-0021,2026-07-20,PRJ-001,WBS-00046,CC-00009,2026-07-20 07:00:00,2026-07-20 15:30:00,8.0,0.0,OnPrem-SQLServer
TE-00000836,TS-0000165,EMP-0021,2026-07-21,PRJ-001,WBS-00015,CC-00009,2026-07-21 07:00:00,2026-07-21 18:57:36,11.46,3.46,OnPrem-SQLServer
TE-00000837,TS-0000165,EMP-0021,2026-07-22,PRJ-001,WBS-00028,CC-00004,2026-07-22 07:00:00,2026-07-22 19:08:24,11.64,3.64,OnPrem-SQLServer
TE-00000838,TS-0000165,EMP-0021,2026-07-23,PRJ-001,WBS-00048,CC-00005,2026-07-23 07:15:00,2026-07-23 18:34:48,10.83,2.83,OnPrem-SQLServer
TE-00000839,TS-0000165,EMP-0021,2026-07-24,PRJ-001,WBS-00031,CC-00009,2026-07-24 06:30:00,2026-07-24 16:16:12,9.27,1.27,OnPrem-SQLServer
TE-00000840,TS-0000166,EMP-0022,2026-06-01,PRJ-010,WBS-00434,CC-00089,2026-06-01 06:00:00,2026-06-01 15:06:36,8.61,0.61,OnPrem-SQLServer
TE-00000841,TS-0000166,EMP-0022,2026-06-02,PRJ-010,WBS-00436,CC-00087,2026-06-02 06:30:00,2026-06-02 15:00:00,8.0,0.0,OnPrem-SQLServer
TE-00000842,TS-0000166,EMP-0022,2026-06-03,PRJ-010,WBS-00478,CC-00089,2026-06-03 06:15:00,2026-06-03 14:45:00,8.0,0.0,OnPrem-SQLServer
TE-00000843,TS-0000166,EMP-0022,2026-06-04,PRJ-010,WBS-00441,CC-00085,2026-06-04 06:15:00,2026-06-04 14:45:00,8.0,0.0,OnPrem-SQLServer
TE-00000844,TS-0000166,EMP-0022,2026-06-05,PRJ-010,WBS-00458,CC-00083,2026-06-05 06:00:00,2026-06-05 14:30:00,8.0,0.0,OnPrem-SQLServer
TE-00000845,TS-0000167,EMP-0022,2026-06-08,PRJ-010,WBS-00440,CC-00090,2026-06-08 06:15:00,2026-06-08 14:45:00,8.0,0.0,OnPrem-SQLServer
TE-00000846,TS-0000167,EMP-0022,2026-06-09,PRJ-010,WBS-00452,CC-00090,2026-06-09 06:30:00,2026-06-09 15:00:00,8.0,0.0,OnPrem-SQLServer
TE-00000847,TS-0000167,EMP-0022,2026-06-10,PRJ-010,WBS-00467,CC-00087,2026-06-10 06:30:00,2026-06-10 15:00:00,8.0,0.0,OnPrem-SQLServer
TE-00000848,TS-0000167,EMP-0022,2026-06-11,PRJ-010,WBS-00435,CC-00086,2026-06-11 06:30:00,2026-06-11 15:00:00,8.0,0.0,OnPrem-SQLServer
TE-00000849,TS-0000167,EMP-0022,2026-06-12,PRJ-010,WBS-00437,CC-00089,2026-06-12 06:15:00,2026-06-12 14:45:00,8.0,0.0,OnPrem-SQLServer
TE-00000850,TS-0000168,EMP-0022,2026-06-15,PRJ-010,WBS-00472,CC-00085,2026-06-15 06:30:00,2026-06-15 15:00:00,8.0,0.0,OnPrem-SQLServer
TE-00000851,TS-0000168,EMP-0022,2026-06-16,PRJ-010,WBS-00456,CC-00083,2026-06-16 06:00:00,2026-06-16 15:34:12,9.07,1.07,OnPrem-SQLServer
TE-00000852,TS-0000168,EMP-0022,2026-06-17,PRJ-010,WBS-00479,CC-00087,2026-06-17 06:15:00,2026-06-17 15:43:12,8.97,0.97,OnPrem-SQLServer
TE-00000853,TS-0000168,EMP-0022,2026-06-18,PRJ-010,WBS-00482,CC-00087,2026-06-18 06:00:00,2026-06-18 14:30:00,8.0,0.0,OnPrem-SQLServer
TE-00000854,TS-0000168,EMP-0022,2026-06-19,PRJ-010,WBS-00455,CC-00090,2026-06-19 06:00:00,2026-06-19 14:30:00,8.0,0.0,OnPrem-SQLServer
TE-00000855,TS-0000169,EMP-0022,2026-06-22,PRJ-001,WBS-00036,CC-00007,2026-06-22 06:30:00,2026-06-22 18:57:00,11.95,3.95,OnPrem-SQLServer
TE-00000856,TS-0000169,EMP-0022,2026-06-23,PRJ-001,WBS-00007,CC-00006,2026-06-23 07:15:00,2026-06-23 15:45:00,8.0,0.0,OnPrem-SQLServer
TE-00000857,TS-0000169,EMP-0022,2026-06-24,PRJ-001,WBS-00016,CC-00009,2026-06-24 06:30:00,2026-06-24 15:00:00,8.0,0.0,OnPrem-SQLServer
TE-00000858,TS-0000169,EMP-0022,2026-06-25,PRJ-001,WBS-00037,CC-00003,2026-06-25 06:30:00,2026-06-25 15:00:00,8.0,0.0,OnPrem-SQLServer
TE-00000859,TS-0000169,EMP-0022,2026-06-26,PRJ-001,WBS-00045,CC-00001,2026-06-26 06:30:00,2026-06-26 16:42:36,9.71,1.71,OnPrem-SQLServer
TE-00000860,TS-0000169,EMP-0022,2026-06-27,PRJ-001,WBS-00033,CC-00004,2026-06-27 07:00:00,2026-06-27 13:56:24,6.44,6.44,OnPrem-SQLServer
TE-00000861,TS-0000170,EMP-0022,2026-06-29,PRJ-010,WBS-00453,CC-00083,2026-06-29 06:15:00,2026-06-29 14:45:00,8.0,0.0,OnPrem-SQLServer
TE-00000862,TS-0000170,EMP-0022,2026-06-30,PRJ-010,WBS-00485,CC-00082,2026-06-30 06:00:00,2026-06-30 14:30:00,8.0,0.0,OnPrem-SQLServer
TE-00000863,TS-0000170,EMP-0022,2026-07-01,PRJ-010,WBS-00470,CC-00083,2026-07-01 06:30:00,2026-07-01 15:00:00,8.0,0.0,OnPrem-SQLServer
TE-00000864,TS-0000170,EMP-0022,2026-07-02,PRJ-010,WBS-00431,CC-00087,2026-07-02 06:30:00,2026-07-02 15:00:00,8.0,0.0,OnPrem-SQLServer
TE-00000865,TS-0000170,EMP-0022,2026-07-03,PRJ-010,WBS-00456,CC-00088,2026-07-03 06:15:00,2026-07-03 14:45:00,8.0,0.0,OnPrem-SQLServer
TE-00000866,TS-0000171,EMP-0022,2026-07-06,PRJ-010,WBS-00462,CC-00089,2026-07-06 06:00:00,2026-07-06 14:30:00,8.0,0.0,OnPrem-SQLServer
TE-00000867,TS-0000171,EMP-0022,2026-07-07,PRJ-010,WBS-00485,CC-00083,2026-07-07 06:00:00,2026-07-07 14:30:00,8.0,0.0,OnPrem-SQLServer
TE-00000868,TS-0000171,EMP-0022,2026-07-08,PRJ-010,WBS-00456,CC-00089,2026-07-08 06:30:00,2026-07-08 15:37:12,8.62,0.62,OnPrem-SQLServer
TE-00000869,TS-0000171,EMP-0022,2026-07-09,PRJ-010,WBS-00482,CC-00085,2026-07-09 06:15:00,2026-07-09 14:45:00,8.0,0.0,OnPrem-SQLServer
TE-00000870,TS-0000171,EMP-0022,2026-07-10,PRJ-010,WBS-00478,CC-00088,2026-07-10 06:00:00,2026-07-10 14:30:00,8.0,0.0,OnPrem-SQLServer
TE-00000871,TS-0000172,EMP-0022,2026-07-13,PRJ-010,WBS-00464,CC-00085,2026-07-13 06:00:00,2026-07-13 14:30:00,8.0,0.0,OnPrem-SQLServer
TE-00000872,TS-0000172,EMP-0022,2026-07-14,PRJ-010,WBS-00482,CC-00087,2026-07-14 06:30:00,2026-07-14 15:00:00,8.0,0.0,OnPrem-SQLServer
TE-00000873,TS-0000172,EMP-0022,2026-07-15,PRJ-010,WBS-00432,CC-00085,2026-07-15 06:30:00,2026-07-15 16:37:12,9.62,1.62,OnPrem-SQLServer
TE-00000874,TS-0000172,EMP-0022,2026-07-16,PRJ-010,WBS-00452,CC-00088,2026-07-16 06:30:00,2026-07-16 16:31:48,9.53,1.53,OnPrem-SQLServer
TE-00000875,TS-0000172,EMP-0022,2026-07-17,PRJ-010,WBS-00440,CC-00084,2026-07-17 06:30:00,2026-07-17 15:00:00,8.0,0.0,OnPrem-SQLServer
TE-00000876,TS-0000173,EMP-0022,2026-07-20,PRJ-010,WBS-00452,CC-00090,2026-07-20 06:15:00,2026-07-20 14:45:00,8.0,0.0,OnPrem-SQLServer
TE-00000877,TS-0000173,EMP-0022,2026-07-21,PRJ-010,WBS-00459,CC-00082,2026-07-21 06:30:00,2026-07-21 15:00:00,8.0,0.0,OnPrem-SQLServer
TE-00000878,TS-0000173,EMP-0022,2026-07-22,PRJ-010,WBS-00430,CC-00083,2026-07-22 06:30:00,2026-07-22 15:00:00,8.0,0.0,OnPrem-SQLServer
TE-00000879,TS-0000173,EMP-0022,2026-07-23,PRJ-010,WBS-00461,CC-00090,2026-07-23 06:15:00,2026-07-23 14:45:00,8.0,0.0,OnPrem-SQLServer
TE-00000880,TS-0000173,EMP-0022,2026-07-24,PRJ-010,WBS-00468,CC-00086,2026-07-24 06:15:00,2026-07-24 14:45:00,8.0,0.0,OnPrem-SQLServer
TE-00000881,TS-0000174,EMP-0022,2026-07-27,PRJ-010,WBS-00447,CC-00082,2026-07-27 06:15:00,2026-07-27 14:45:00,8.0,0.0,OnPrem-SQLServer
TE-00000882,TS-0000174,EMP-0022,2026-07-28,PRJ-010,WBS-00469,CC-00087,2026-07-28 06:00:00,2026-07-28 14:30:00,8.0,0.0,OnPrem-SQLServer
TE-00000883,TS-0000174,EMP-0022,2026-07-29,PRJ-010,WBS-00479,CC-00090,2026-07-29 06:15:00,2026-07-29 14:45:00,8.0,0.0,OnPrem-SQLServer
TE-00000884,TS-0000174,EMP-0022,2026-07-30,PRJ-010,WBS-00425,CC-00089,2026-07-30 06:30:00,2026-07-30 15:00:00,8.0,0.0,OnPrem-SQLServer
TE-00000885,TS-0000174,EMP-0022,2026-07-31,PRJ-010,WBS-00459,CC-00086,2026-07-31 06:15:00,2026-07-31 14:45:00,8.0,0.0,OnPrem-SQLServer
TE-00000886,TS-0000175,EMP-0023,2026-05-18,PRJ-009,WBS-00417,CC-00080,2026-05-18 06:00:00,2026-05-18 14:30:00,8.0,0.0,OnPrem-SQLServer
TE-00000887,TS-0000175,EMP-0023,2026-05-19,PRJ-009,WBS-00411,CC-00081,2026-05-19 06:30:00,2026-05-19 15:00:00,8.0,0.0,OnPrem-SQLServer
TE-00000888,TS-0000175,EMP-0023,2026-05-20,PRJ-009,WBS-00401,CC-00081,2026-05-20 06:30:00,2026-05-20 15:00:00,8.0,0.0,OnPrem-SQLServer
TE-00000889,TS-0000175,EMP-0023,2026-05-21,PRJ-009,WBS-00376,CC-00079,2026-05-21 06:15:00,2026-05-21 14:45:00,8.0,0.0,OnPrem-SQLServer
TE-00000890,TS-0000175,EMP-0023,2026-05-22,PRJ-009,WBS-00423,CC-00080,2026-05-22 06:00:00,2026-05-22 14:30:00,8.0,0.0,OnPrem-SQLServer
TE-00000891,TS-0000176,EMP-0023,2026-05-25,PRJ-009,WBS-00377,CC-00076,2026-05-25 06:00:00,2026-05-25 14:30:00,8.0,0.0,OnPrem-SQLServer
TE-00000892,TS-0000176,EMP-0023,2026-05-26,PRJ-009,WBS-00363,CC-00076,2026-05-26 06:00:00,2026-05-26 14:30:00,8.0,0.0,OnPrem-SQLServer
TE-00000893,TS-0000176,EMP-0023,2026-05-27,PRJ-009,WBS-00361,CC-00075,2026-05-27 06:00:00,2026-05-27 14:30:00,8.0,0.0,OnPrem-SQLServer
TE-00000894,TS-0000176,EMP-0023,2026-05-28,PRJ-009,WBS-00372,CC-00080,2026-05-28 06:00:00,2026-05-28 15:07:12,8.62,0.62,OnPrem-SQLServer
TE-00000895,TS-0000176,EMP-0023,2026-05-29,PRJ-009,WBS-00399,CC-00078,2026-05-29 06:00:00,2026-05-29 14:30:00,8.0,0.0,OnPrem-SQLServer
TE-00000896,TS-0000177,EMP-0023,2026-06-01,PRJ-009,WBS-00422,CC-00075,2026-06-01 06:00:00,2026-06-01 14:30:00,8.0,0.0,OnPrem-SQLServer
TE-00000897,TS-0000177,EMP-0023,2026-06-02,PRJ-009,WBS-00363,CC-00078,2026-06-02 06:00:00,2026-06-02 14:30:00,8.0,0.0,OnPrem-SQLServer
TE-00000898,TS-0000177,EMP-0023,2026-06-03,PRJ-009,WBS-00368,CC-00081,2026-06-03 06:00:00,2026-06-03 14:30:00,8.0,0.0,OnPrem-SQLServer
TE-00000899,TS-0000177,EMP-0023,2026-06-04,PRJ-009,WBS-00394,CC-00074,2026-06-04 06:30:00,2026-06-04 15:00:00,8.0,0.0,OnPrem-SQLServer
TE-00000900,TS-0000177,EMP-0023,2026-06-05,PRJ-009,WBS-00366,CC-00079,2026-06-05 06:15:00,2026-06-05 14:45:00,8.0,0.0,OnPrem-SQLServer
TE-00000901,TS-0000178,EMP-0023,2026-06-08,PRJ-009,WBS-00376,CC-00078,2026-06-08 06:00:00,2026-06-08 14:30:00,8.0,0.0,OnPrem-SQLServer
TE-00000902,TS-0000178,EMP-0023,2026-06-09,PRJ-009,WBS-00396,CC-00074,2026-06-09 06:30:00,2026-06-09 15:00:00,8.0,0.0,OnPrem-SQLServer
TE-00000903,TS-0000178,EMP-0023,2026-06-10,PRJ-009,WBS-00403,CC-00075,2026-06-10 06:15:00,2026-06-10 14:45:00,8.0,0.0,OnPrem-SQLServer
TE-00000904,TS-0000178,EMP-0023,2026-06-11,PRJ-009,WBS-00377,CC-00074,2026-06-11 06:30:00,2026-06-11 15:00:00,8.0,0.0,OnPrem-SQLServer
TE-00000905,TS-0000178,EMP-0023,2026-06-12,PRJ-009,WBS-00387,CC-00078,2026-06-12 06:15:00,2026-06-12 14:45:00,8.0,0.0,OnPrem-SQLServer
TE-00000906,TS-0000179,EMP-0023,2026-06-15,PRJ-009,WBS-00389,CC-00075,2026-06-15 06:15:00,2026-06-15 14:45:00,8.0,0.0,OnPrem-SQLServer
TE-00000907,TS-0000179,EMP-0023,2026-06-16,PRJ-009,WBS-00388,CC-00077,2026-06-16 06:00:00,2026-06-16 14:30:00,8.0,0.0,OnPrem-SQLServer
TE-00000908,TS-0000179,EMP-0023,2026-06-17,PRJ-009,WBS-00394,CC-00076,2026-06-17 06:30:00,2026-06-17 16:48:00,9.8,1.8,OnPrem-SQLServer
TE-00000909,TS-0000179,EMP-0023,2026-06-18,PRJ-009,WBS-00420,CC-00073,2026-06-18 06:15:00,2026-06-18 14:45:00,8.0,0.0,OnPrem-SQLServer
TE-00000910,TS-0000179,EMP-0023,2026-06-19,PRJ-009,WBS-00390,CC-00074,2026-06-19 06:15:00,2026-06-19 14:45:00,8.0,0.0,OnPrem-SQLServer
TE-00000911,TS-0000180,EMP-0023,2026-06-22,PRJ-009,WBS-00417,CC-00076,2026-06-22 06:15:00,2026-06-22 14:45:00,8.0,0.0,OnPrem-SQLServer
TE-00000912,TS-0000180,EMP-0023,2026-06-23,PRJ-009,WBS-00415,CC-00075,2026-06-23 06:00:00,2026-06-23 14:30:00,8.0,0.0,OnPrem-SQLServer
TE-00000913,TS-0000180,EMP-0023,2026-06-24,PRJ-009,WBS-00377,CC-00080,2026-06-24 06:15:00,2026-06-24 14:45:00,8.0,0.0,OnPrem-SQLServer
TE-00000914,TS-0000180,EMP-0023,2026-06-25,PRJ-009,WBS-00419,CC-00077,2026-06-25 06:15:00,2026-06-25 14:45:00,8.0,0.0,OnPrem-SQLServer
TE-00000915,TS-0000180,EMP-0023,2026-06-26,PRJ-009,WBS-00379,CC-00073,2026-06-26 06:15:00,2026-06-26 14:45:00,8.0,0.0,OnPrem-SQLServer
TE-00000916,TS-0000181,EMP-0023,2026-06-29,PRJ-009,WBS-00378,CC-00079,2026-06-29 06:00:00,2026-06-29 14:30:00,8.0,0.0,OnPrem-SQLServer
TE-00000917,TS-0000181,EMP-0023,2026-06-30,PRJ-009,WBS-00370,CC-00078,2026-06-30 06:00:00,2026-06-30 14:30:00,8.0,0.0,OnPrem-SQLServer
TE-00000918,TS-0000181,EMP-0023,2026-07-01,PRJ-009,WBS-00409,CC-00074,2026-07-01 06:00:00,2026-07-01 14:30:00,8.0,0.0,OnPrem-SQLServer
TE-00000919,TS-0000181,EMP-0023,2026-07-02,PRJ-009,WBS-00394,CC-00081,2026-07-02 06:00:00,2026-07-02 16:24:00,9.9,1.9,OnPrem-SQLServer
TE-00000920,TS-0000181,EMP-0023,2026-07-03,PRJ-009,WBS-00386,CC-00081,2026-07-03 06:30:00,2026-07-03 15:00:00,8.0,0.0,OnPrem-SQLServer
TE-00000921,TS-0000182,EMP-0023,2026-07-06,PRJ-009,WBS-00379,CC-00078,2026-07-06 06:30:00,2026-07-06 16:40:12,9.67,1.67,OnPrem-SQLServer
TE-00000922,TS-0000182,EMP-0023,2026-07-07,PRJ-009,WBS-00370,CC-00076,2026-07-07 06:00:00,2026-07-07 14:30:00,8.0,0.0,OnPrem-SQLServer
TE-00000923,TS-0000182,EMP-0023,2026-07-08,PRJ-009,WBS-00374,CC-00080,2026-07-08 06:00:00,2026-07-08 14:30:00,8.0,0.0,OnPrem-SQLServer
TE-00000924,TS-0000182,EMP-0023,2026-07-09,PRJ-009,WBS-00409,CC-00073,2026-07-09 06:30:00,2026-07-09 15:00:00,8.0,0.0,OnPrem-SQLServer
TE-00000925,TS-0000182,EMP-0023,2026-07-10,PRJ-009,WBS-00415,CC-00076,2026-07-10 06:00:00,2026-07-10 14:30:00,8.0,0.0,OnPrem-SQLServer
TE-00000926,TS-0000183,EMP-0023,2026-07-13,PRJ-009,WBS-00415,CC-00078,2026-07-13 06:15:00,2026-07-13 15:58:12,9.22,1.22,OnPrem-SQLServer
TE-00000927,TS-0000183,EMP-0023,2026-07-14,PRJ-009,WBS-00422,CC-00074,2026-07-14 06:30:00,2026-07-14 15:00:00,8.0,0.0,OnPrem-SQLServer
TE-00000928,TS-0000183,EMP-0023,2026-07-15,PRJ-009,WBS-00369,CC-00073,2026-07-15 06:00:00,2026-07-15 14:30:00,8.0,0.0,OnPrem-SQLServer
TE-00000929,TS-0000183,EMP-0023,2026-07-16,PRJ-009,WBS-00382,CC-00078,2026-07-16 06:00:00,2026-07-16 15:41:24,9.19,1.19,OnPrem-SQLServer
TE-00000930,TS-0000183,EMP-0023,2026-07-17,PRJ-009,WBS-00389,CC-00073,2026-07-17 06:15:00,2026-07-17 14:45:00,8.0,0.0,OnPrem-SQLServer
TE-00000931,TS-0000184,EMP-0023,2026-07-20,PRJ-009,WBS-00404,CC-00078,2026-07-20 06:30:00,2026-07-20 15:00:00,8.0,0.0,OnPrem-SQLServer
TE-00000932,TS-0000184,EMP-0023,2026-07-21,PRJ-009,WBS-00373,CC-00076,2026-07-21 06:30:00,2026-07-21 15:00:00,8.0,0.0,OnPrem-SQLServer
TE-00000933,TS-0000184,EMP-0023,2026-07-22,PRJ-009,WBS-00362,CC-00076,2026-07-22 06:15:00,2026-07-22 14:45:00,8.0,0.0,OnPrem-SQLServer
TE-00000934,TS-0000184,EMP-0023,2026-07-23,PRJ-009,WBS-00369,CC-00074,2026-07-23 06:30:00,2026-07-23 15:00:00,8.0,0.0,OnPrem-SQLServer
TE-00000935,TS-0000184,EMP-0023,2026-07-24,PRJ-009,WBS-00423,CC-00080,2026-07-24 06:00:00,2026-07-24 14:30:00,8.0,0.0,OnPrem-SQLServer
TE-00000936,TS-0000185,EMP-0023,2026-07-27,PRJ-009,WBS-00412,CC-00075,2026-07-27 06:00:00,2026-07-27 14:30:00,8.0,0.0,OnPrem-SQLServer
TE-00000937,TS-0000185,EMP-0023,2026-07-28,PRJ-009,WBS-00394,CC-00073,2026-07-28 06:15:00,2026-07-28 14:45:00,8.0,0.0,OnPrem-SQLServer
TE-00000938,TS-0000185,EMP-0023,2026-07-29,PRJ-009,WBS-00409,CC-00073,2026-07-29 06:30:00,2026-07-29 15:00:00,8.0,0.0,OnPrem-SQLServer
TE-00000939,TS-0000185,EMP-0023,2026-07-30,PRJ-009,WBS-00391,CC-00077,2026-07-30 06:30:00,2026-07-30 15:00:00,8.0,0.0,OnPrem-SQLServer
TE-00000940,TS-0000185,EMP-0023,2026-07-31,PRJ-009,WBS-00412,CC-00075,2026-07-31 06:00:00,2026-07-31 15:45:00,9.25,1.25,OnPrem-SQLServer
TE-00000941,TS-0000186,EMP-0024,2026-06-08,PRJ-009,WBS-00397,CC-00080,2026-06-08 06:15:00,2026-06-08 14:45:00,8.0,0.0,OnPrem-SQLServer
TE-00000942,TS-0000186,EMP-0024,2026-06-09,PRJ-009,WBS-00366,CC-00079,2026-06-09 06:15:00,2026-06-09 14:45:00,8.0,0.0,OnPrem-SQLServer
TE-00000943,TS-0000186,EMP-0024,2026-06-10,PRJ-009,WBS-00393,CC-00080,2026-06-10 06:15:00,2026-06-10 14:45:00,8.0,0.0,OnPrem-SQLServer
TE-00000944,TS-0000186,EMP-0024,2026-06-11,PRJ-009,WBS-00366,CC-00079,2026-06-11 06:00:00,2026-06-11 14:30:00,8.0,0.0,OnPrem-SQLServer
TE-00000945,TS-0000186,EMP-0024,2026-06-12,PRJ-009,WBS-00371,CC-00078,2026-06-12 06:00:00,2026-06-12 14:30:00,8.0,0.0,OnPrem-SQLServer
TE-00000946,TS-0000187,EMP-0024,2026-06-15,PRJ-009,WBS-00416,CC-00079,2026-06-15 06:30:00,2026-06-15 15:00:00,8.0,0.0,OnPrem-SQLServer
TE-00000947,TS-0000187,EMP-0024,2026-06-16,PRJ-009,WBS-00374,CC-00074,2026-06-16 06:30:00,2026-06-16 15:00:00,8.0,0.0,OnPrem-SQLServer
TE-00000948,TS-0000187,EMP-0024,2026-06-17,PRJ-009,WBS-00387,CC-00077,2026-06-17 06:15:00,2026-06-17 14:45:00,8.0,0.0,OnPrem-SQLServer
TE-00000949,TS-0000187,EMP-0024,2026-06-18,PRJ-009,WBS-00386,CC-00079,2026-06-18 06:00:00,2026-06-18 14:30:00,8.0,0.0,OnPrem-SQLServer
TE-00000950,TS-0000187,EMP-0024,2026-06-19,PRJ-009,WBS-00384,CC-00075,2026-06-19 06:00:00,2026-06-19 14:30:00,8.0,0.0,OnPrem-SQLServer
TE-00000951,TS-0000188,EMP-0024,2026-06-22,PRJ-012,WBS-00578,CC-00104,2026-06-22 06:30:00,2026-06-22 15:00:00,8.0,0.0,OnPrem-SQLServer
TE-00000952,TS-0000188,EMP-0024,2026-06-23,PRJ-012,WBS-00575,CC-00103,2026-06-23 06:30:00,2026-06-23 15:00:00,8.0,0.0,OnPrem-SQLServer
TE-00000953,TS-0000188,EMP-0024,2026-06-24,PRJ-012,WBS-00574,CC-00105,2026-06-24 06:00:00,2026-06-24 14:30:00,8.0,0.0,OnPrem-SQLServer
TE-00000954,TS-0000188,EMP-0024,2026-06-25,PRJ-012,WBS-00544,CC-00105,2026-06-25 06:30:00,2026-06-25 15:39:36,8.66,0.66,OnPrem-SQLServer
TE-00000955,TS-0000188,EMP-0024,2026-06-26,PRJ-012,WBS-00544,CC-00106,2026-06-26 06:30:00,2026-06-26 15:00:00,8.0,0.0,OnPrem-SQLServer
TE-00000956,TS-0000189,EMP-0024,2026-06-29,PRJ-009,WBS-00393,CC-00081,2026-06-29 06:15:00,2026-06-29 14:45:00,8.0,0.0,OnPrem-SQLServer
TE-00000957,TS-0000189,EMP-0024,2026-06-30,PRJ-009,WBS-00379,CC-00077,2026-06-30 06:30:00,2026-06-30 15:00:00,8.0,0.0,OnPrem-SQLServer
TE-00000958,TS-0000189,EMP-0024,2026-07-01,PRJ-009,WBS-00391,CC-00081,2026-07-01 06:30:00,2026-07-01 15:00:00,8.0,0.0,OnPrem-SQLServer
TE-00000959,TS-0000189,EMP-0024,2026-07-02,PRJ-009,WBS-00413,CC-00081,2026-07-02 06:30:00,2026-07-02 16:29:24,9.49,1.49,OnPrem-SQLServer
TE-00000960,TS-0000189,EMP-0024,2026-07-03,PRJ-009,WBS-00391,CC-00076,2026-07-03 06:30:00,2026-07-03 15:00:00,8.0,0.0,OnPrem-SQLServer
TE-00000961,TS-0000190,EMP-0024,2026-07-06,PRJ-006,WBS-00217,CC-00050,2026-07-06 06:00:00,2026-07-06 14:30:00,8.0,0.0,OnPrem-SQLServer
TE-00000962,TS-0000190,EMP-0024,2026-07-07,PRJ-006,WBS-00242,CC-00049,2026-07-07 06:30:00,2026-07-07 15:00:00,8.0,0.0,OnPrem-SQLServer
TE-00000963,TS-0000190,EMP-0024,2026-07-08,PRJ-006,WBS-00258,CC-00053,2026-07-08 06:15:00,2026-07-08 14:45:00,8.0,0.0,OnPrem-SQLServer
TE-00000964,TS-0000190,EMP-0024,2026-07-09,PRJ-006,WBS-00234,CC-00049,2026-07-09 06:15:00,2026-07-09 14:45:00,8.0,0.0,OnPrem-SQLServer
TE-00000965,TS-0000190,EMP-0024,2026-07-10,PRJ-006,WBS-00223,CC-00046,2026-07-10 06:30:00,2026-07-10 15:00:00,8.0,0.0,OnPrem-SQLServer
TE-00000966,TS-0000191,EMP-0024,2026-07-20,PRJ-009,WBS-00395,CC-00077,2026-07-20 06:15:00,2026-07-20 14:45:00,8.0,0.0,OnPrem-SQLServer
TE-00000967,TS-0000191,EMP-0024,2026-07-21,PRJ-009,WBS-00393,CC-00079,2026-07-21 06:15:00,2026-07-21 14:45:00,8.0,0.0,OnPrem-SQLServer
TE-00000968,TS-0000191,EMP-0024,2026-07-22,PRJ-009,WBS-00417,CC-00080,2026-07-22 06:30:00,2026-07-22 15:00:00,8.0,0.0,OnPrem-SQLServer
TE-00000969,TS-0000191,EMP-0024,2026-07-23,PRJ-009,WBS-00389,CC-00081,2026-07-23 06:15:00,2026-07-23 14:45:00,8.0,0.0,OnPrem-SQLServer
TE-00000970,TS-0000191,EMP-0024,2026-07-24,PRJ-009,WBS-00404,CC-00077,2026-07-24 06:30:00,2026-07-24 15:00:00,8.0,0.0,OnPrem-SQLServer
TE-00000971,TS-0000192,EMP-0024,2026-07-27,PRJ-003,WBS-00109,CC-00026,2026-07-27 06:15:00,2026-07-27 14:45:00,8.0,0.0,OnPrem-SQLServer
TE-00000972,TS-0000192,EMP-0024,2026-07-28,PRJ-003,WBS-00094,CC-00022,2026-07-28 06:00:00,2026-07-28 14:30:00,8.0,0.0,OnPrem-SQLServer
TE-00000973,TS-0000192,EMP-0024,2026-07-29,PRJ-003,WBS-00120,CC-00025,2026-07-29 06:00:00,2026-07-29 14:30:00,8.0,0.0,OnPrem-SQLServer
TE-00000974,TS-0000192,EMP-0024,2026-07-30,PRJ-003,WBS-00094,CC-00023,2026-07-30 06:15:00,2026-07-30 14:45:00,8.0,0.0,OnPrem-SQLServer
TE-00000975,TS-0000192,EMP-0024,2026-07-31,PRJ-003,WBS-00119,CC-00020,2026-07-31 06:00:00,2026-07-31 14:30:00,8.0,0.0,OnPrem-SQLServer
TE-00000976,TS-0000193,EMP-0025,2026-06-15,PRJ-006,WBS-00221,CC-00051,2026-06-15 06:15:00,2026-06-15 16:25:12,9.67,1.67,OnPrem-SQLServer
TE-00000977,TS-0000193,EMP-0025,2026-06-16,PRJ-006,WBS-00253,CC-00046,2026-06-16 06:15:00,2026-06-16 14:45:00,8.0,0.0,OnPrem-SQLServer
TE-00000978,TS-0000193,EMP-0025,2026-06-17,PRJ-006,WBS-00240,CC-00047,2026-06-17 06:00:00,2026-06-17 14:30:00,8.0,0.0,OnPrem-SQLServer
TE-00000979,TS-0000193,EMP-0025,2026-06-18,PRJ-006,WBS-00215,CC-00049,2026-06-18 06:00:00,2026-06-18 14:30:00,8.0,0.0,OnPrem-SQLServer
TE-00000980,TS-0000193,EMP-0025,2026-06-19,PRJ-006,WBS-00217,CC-00049,2026-06-19 06:15:00,2026-06-19 14:45:00,8.0,0.0,OnPrem-SQLServer
TE-00000981,TS-0000194,EMP-0025,2026-06-22,PRJ-006,WBS-00234,CC-00048,2026-06-22 06:00:00,2026-06-22 16:04:48,9.58,1.58,OnPrem-SQLServer
TE-00000982,TS-0000194,EMP-0025,2026-06-23,PRJ-006,WBS-00243,CC-00051,2026-06-23 06:00:00,2026-06-23 14:30:00,8.0,0.0,OnPrem-SQLServer
TE-00000983,TS-0000194,EMP-0025,2026-06-24,PRJ-006,WBS-00233,CC-00046,2026-06-24 06:30:00,2026-06-24 15:00:00,8.0,0.0,OnPrem-SQLServer
TE-00000984,TS-0000194,EMP-0025,2026-06-25,PRJ-006,WBS-00238,CC-00053,2026-06-25 06:15:00,2026-06-25 14:45:00,8.0,0.0,OnPrem-SQLServer
TE-00000985,TS-0000194,EMP-0025,2026-06-26,PRJ-006,WBS-00258,CC-00054,2026-06-26 06:30:00,2026-06-26 15:00:00,8.0,0.0,OnPrem-SQLServer
TE-00000986,TS-0000195,EMP-0025,2026-06-29,PRJ-006,WBS-00224,CC-00052,2026-06-29 06:30:00,2026-06-29 15:00:00,8.0,0.0,OnPrem-SQLServer
TE-00000987,TS-0000195,EMP-0025,2026-06-30,PRJ-006,WBS-00224,CC-00049,2026-06-30 06:15:00,2026-06-30 15:26:24,8.69,0.69,OnPrem-SQLServer
TE-00000988,TS-0000195,EMP-0025,2026-07-01,PRJ-006,WBS-00249,CC-00052,2026-07-01 06:00:00,2026-07-01 14:30:00,8.0,0.0,OnPrem-SQLServer
TE-00000989,TS-0000195,EMP-0025,2026-07-02,PRJ-006,WBS-00224,CC-00047,2026-07-02 06:00:00,2026-07-02 15:38:24,9.14,1.14,OnPrem-SQLServer
TE-00000990,TS-0000195,EMP-0025,2026-07-03,PRJ-006,WBS-00244,CC-00047,2026-07-03 06:30:00,2026-07-03 15:00:00,8.0,0.0,OnPrem-SQLServer
TE-00000991,TS-0000196,EMP-0025,2026-07-06,PRJ-006,WBS-00230,CC-00053,2026-07-06 06:15:00,2026-07-06 14:45:00,8.0,0.0,OnPrem-SQLServer
TE-00000992,TS-0000196,EMP-0025,2026-07-07,PRJ-006,WBS-00254,CC-00047,2026-07-07 06:00:00,2026-07-07 14:30:00,8.0,0.0,OnPrem-SQLServer
TE-00000993,TS-0000196,EMP-0025,2026-07-08,PRJ-006,WBS-00247,CC-00052,2026-07-08 06:15:00,2026-07-08 14:45:00,8.0,0.0,OnPrem-SQLServer
TE-00000994,TS-0000196,EMP-0025,2026-07-09,PRJ-006,WBS-00215,CC-00053,2026-07-09 06:00:00,2026-07-09 14:30:00,8.0,0.0,OnPrem-SQLServer
TE-00000995,TS-0000196,EMP-0025,2026-07-10,PRJ-006,WBS-00229,CC-00046,2026-07-10 06:30:00,2026-07-10 15:00:00,8.0,0.0,OnPrem-SQLServer
TE-00000996,TS-0000197,EMP-0025,2026-07-13,PRJ-006,WBS-00256,CC-00052,2026-07-13 06:30:00,2026-07-13 15:00:00,8.0,0.0,OnPrem-SQLServer
TE-00000997,TS-0000197,EMP-0025,2026-07-14,PRJ-006,WBS-00247,CC-00054,2026-07-14 06:15:00,2026-07-14 14:45:00,8.0,0.0,OnPrem-SQLServer
TE-00000998,TS-0000197,EMP-0025,2026-07-15,PRJ-006,WBS-00252,CC-00053,2026-07-15 06:15:00,2026-07-15 14:45:00,8.0,0.0,OnPrem-SQLServer
TE-00000999,TS-0000197,EMP-0025,2026-07-16,PRJ-006,WBS-00223,CC-00051,2026-07-16 06:30:00,2026-07-16 15:00:00,8.0,0.0,OnPrem-SQLServer
TE-00001000,TS-0000197,EMP-0025,2026-07-17,PRJ-006,WBS-00238,CC-00050,2026-07-17 06:30:00,2026-07-17 15:00:00,8.0,0.0,OnPrem-SQLServer
TE-00001001,TS-0000198,EMP-0025,2026-07-20,PRJ-006,WBS-00215,CC-00051,2026-07-20 06:15:00,2026-07-20 14:45:00,8.0,0.0,OnPrem-SQLServer
TE-00001002,TS-0000198,EMP-0025,2026-07-21,PRJ-006,WBS-00217,CC-00047,2026-07-21 06:30:00,2026-07-21 15:00:00,8.0,0.0,OnPrem-SQLServer
TE-00001003,TS-0000198,EMP-0025,2026-07-22,PRJ-006,WBS-00256,CC-00054,2026-07-22 06:30:00,2026-07-22 15:00:00,8.0,0.0,OnPrem-SQLServer
TE-00001004,TS-0000198,EMP-0025,2026-07-23,PRJ-006,WBS-00237,CC-00052,2026-07-23 06:30:00,2026-07-23 15:46:48,8.78,0.78,OnPrem-SQLServer
TE-00001005,TS-0000198,EMP-0025,2026-07-24,PRJ-006,WBS-00223,CC-00049,2026-07-24 06:00:00,2026-07-24 14:30:00,8.0,0.0,OnPrem-SQLServer
TE-00001006,TS-0000199,EMP-0025,2026-07-27,PRJ-006,WBS-00215,CC-00051,2026-07-27 06:15:00,2026-07-27 16:12:36,9.46,1.46,OnPrem-SQLServer
TE-00001007,TS-0000199,EMP-0025,2026-07-28,PRJ-006,WBS-00254,CC-00047,2026-07-28 06:15:00,2026-07-28 14:45:00,8.0,0.0,OnPrem-SQLServer
TE-00001008,TS-0000199,EMP-0025,2026-07-29,PRJ-006,WBS-00231,CC-00050,2026-07-29 06:00:00,2026-07-29 15:44:24,9.24,1.24,OnPrem-SQLServer
TE-00001009,TS-0000199,EMP-0025,2026-07-30,PRJ-006,WBS-00257,CC-00053,2026-07-30 06:00:00,2026-07-30 14:30:00,8.0,0.0,OnPrem-SQLServer
TE-00001010,TS-0000199,EMP-0025,2026-07-31,PRJ-006,WBS-00257,CC-00053,2026-07-31 06:00:00,2026-07-31 14:30:00,8.0,0.0,OnPrem-SQLServer
TE-00001011,TS-0000200,EMP-0026,2026-04-27,PRJ-008,WBS-00308,CC-00070,2026-04-27 06:15:00,2026-04-27 14:45:00,8.0,0.0,OnPrem-SQLServer
TE-00001012,TS-0000200,EMP-0026,2026-04-28,PRJ-008,WBS-00334,CC-00072,2026-04-28 06:15:00,2026-04-28 14:45:00,8.0,0.0,OnPrem-SQLServer
TE-00001013,TS-0000200,EMP-0026,2026-04-29,PRJ-008,WBS-00310,CC-00065,2026-04-29 06:30:00,2026-04-29 15:00:00,8.0,0.0,OnPrem-SQLServer
TE-00001014,TS-0000200,EMP-0026,2026-04-30,PRJ-008,WBS-00306,CC-00072,2026-04-30 06:15:00,2026-04-30 14:45:00,8.0,0.0,OnPrem-SQLServer
TE-00001015,TS-0000200,EMP-0026,2026-05-01,PRJ-008,WBS-00354,CC-00069,2026-05-01 06:00:00,2026-05-01 15:49:48,9.33,1.33,OnPrem-SQLServer
TE-00001016,TS-0000201,EMP-0026,2026-05-04,PRJ-008,WBS-00350,CC-00070,2026-05-04 06:30:00,2026-05-04 15:00:00,8.0,0.0,OnPrem-SQLServer
TE-00001017,TS-0000201,EMP-0026,2026-05-05,PRJ-008,WBS-00312,CC-00067,2026-05-05 06:30:00,2026-05-05 15:00:00,8.0,0.0,OnPrem-SQLServer
TE-00001018,TS-0000201,EMP-0026,2026-05-06,PRJ-008,WBS-00314,CC-00071,2026-05-06 06:30:00,2026-05-06 15:00:00,8.0,0.0,OnPrem-SQLServer
TE-00001019,TS-0000201,EMP-0026,2026-05-07,PRJ-008,WBS-00350,CC-00065,2026-05-07 06:00:00,2026-05-07 14:30:00,8.0,0.0,OnPrem-SQLServer
TE-00001020,TS-0000201,EMP-0026,2026-05-08,PRJ-008,WBS-00336,CC-00068,2026-05-08 06:00:00,2026-05-08 15:49:12,9.32,1.32,OnPrem-SQLServer
TE-00001021,TS-0000202,EMP-0026,2026-05-11,PRJ-008,WBS-00337,CC-00066,2026-05-11 06:15:00,2026-05-11 14:45:00,8.0,0.0,OnPrem-SQLServer
TE-00001022,TS-0000202,EMP-0026,2026-05-12,PRJ-008,WBS-00315,CC-00072,2026-05-12 06:00:00,2026-05-12 15:51:00,9.35,1.35,OnPrem-SQLServer
TE-00001023,TS-0000202,EMP-0026,2026-05-13,PRJ-008,WBS-00310,CC-00067,2026-05-13 06:15:00,2026-05-13 14:45:00,8.0,0.0,OnPrem-SQLServer
TE-00001024,TS-0000202,EMP-0026,2026-05-14,PRJ-008,WBS-00328,CC-00064,2026-05-14 06:30:00,2026-05-14 15:00:00,8.0,0.0,OnPrem-SQLServer
TE-00001025,TS-0000202,EMP-0026,2026-05-15,PRJ-008,WBS-00324,CC-00065,2026-05-15 06:00:00,2026-05-15 14:30:00,8.0,0.0,OnPrem-SQLServer
TE-00001026,TS-0000203,EMP-0026,2026-05-18,PRJ-008,WBS-00316,CC-00066,2026-05-18 06:00:00,2026-05-18 15:02:24,8.54,0.54,OnPrem-SQLServer
TE-00001027,TS-0000203,EMP-0026,2026-05-19,PRJ-008,WBS-00332,CC-00072,2026-05-19 06:15:00,2026-05-19 14:45:00,8.0,0.0,OnPrem-SQLServer
TE-00001028,TS-0000203,EMP-0026,2026-05-20,PRJ-008,WBS-00308,CC-00066,2026-05-20 06:15:00,2026-05-20 14:45:00,8.0,0.0,OnPrem-SQLServer
TE-00001029,TS-0000203,EMP-0026,2026-05-21,PRJ-008,WBS-00312,CC-00068,2026-05-21 06:00:00,2026-05-21 15:12:36,8.71,0.71,OnPrem-SQLServer
TE-00001030,TS-0000203,EMP-0026,2026-05-22,PRJ-008,WBS-00310,CC-00064,2026-05-22 06:15:00,2026-05-22 15:20:24,8.59,0.59,OnPrem-SQLServer
TE-00001031,TS-0000204,EMP-0026,2026-05-25,PRJ-008,WBS-00338,CC-00068,2026-05-25 06:30:00,2026-05-25 15:00:00,8.0,0.0,OnPrem-SQLServer
TE-00001032,TS-0000204,EMP-0026,2026-05-26,PRJ-008,WBS-00327,CC-00066,2026-05-26 06:15:00,2026-05-26 14:45:00,8.0,0.0,OnPrem-SQLServer
TE-00001033,TS-0000204,EMP-0026,2026-05-27,PRJ-008,WBS-00308,CC-00066,2026-05-27 06:15:00,2026-05-27 14:45:00,8.0,0.0,OnPrem-SQLServer
TE-00001034,TS-0000204,EMP-0026,2026-05-28,PRJ-008,WBS-00338,CC-00070,2026-05-28 06:30:00,2026-05-28 16:30:36,9.51,1.51,OnPrem-SQLServer
TE-00001035,TS-0000204,EMP-0026,2026-05-29,PRJ-008,WBS-00310,CC-00068,2026-05-29 06:30:00,2026-05-29 15:00:00,8.0,0.0,OnPrem-SQLServer
TE-00001036,TS-0000205,EMP-0026,2026-06-01,PRJ-008,WBS-00316,CC-00072,2026-06-01 06:15:00,2026-06-01 14:45:00,8.0,0.0,OnPrem-SQLServer
TE-00001037,TS-0000205,EMP-0026,2026-06-02,PRJ-008,WBS-00320,CC-00064,2026-06-02 06:00:00,2026-06-02 14:30:00,8.0,0.0,OnPrem-SQLServer
TE-00001038,TS-0000205,EMP-0026,2026-06-03,PRJ-008,WBS-00348,CC-00067,2026-06-03 06:30:00,2026-06-03 15:00:00,8.0,0.0,OnPrem-SQLServer
TE-00001039,TS-0000205,EMP-0026,2026-06-04,PRJ-008,WBS-00311,CC-00072,2026-06-04 06:15:00,2026-06-04 15:20:24,8.59,0.59,OnPrem-SQLServer
TE-00001040,TS-0000205,EMP-0026,2026-06-05,PRJ-008,WBS-00339,CC-00070,2026-06-05 06:30:00,2026-06-05 15:00:00,8.0,0.0,OnPrem-SQLServer
TE-00001041,TS-0000206,EMP-0026,2026-06-08,PRJ-008,WBS-00327,CC-00071,2026-06-08 06:00:00,2026-06-08 14:30:00,8.0,0.0,OnPrem-SQLServer
TE-00001042,TS-0000206,EMP-0026,2026-06-09,PRJ-008,WBS-00352,CC-00065,2026-06-09 06:00:00,2026-06-09 14:30:00,8.0,0.0,OnPrem-SQLServer
TE-00001043,TS-0000206,EMP-0026,2026-06-10,PRJ-008,WBS-00350,CC-00068,2026-06-10 06:15:00,2026-06-10 14:45:00,8.0,0.0,OnPrem-SQLServer
TE-00001044,TS-0000206,EMP-0026,2026-06-11,PRJ-008,WBS-00354,CC-00068,2026-06-11 06:00:00,2026-06-11 14:30:00,8.0,0.0,OnPrem-SQLServer
TE-00001045,TS-0000206,EMP-0026,2026-06-12,PRJ-008,WBS-00352,CC-00067,2026-06-12 06:15:00,2026-06-12 14:45:00,8.0,0.0,OnPrem-SQLServer
TE-00001046,TS-0000207,EMP-0026,2026-06-15,PRJ-008,WBS-00308,CC-00067,2026-06-15 06:15:00,2026-06-15 14:45:00,8.0,0.0,OnPrem-SQLServer
TE-00001047,TS-0000207,EMP-0026,2026-06-16,PRJ-008,WBS-00320,CC-00070,2026-06-16 06:15:00,2026-06-16 14:45:00,8.0,0.0,OnPrem-SQLServer
TE-00001048,TS-0000207,EMP-0026,2026-06-17,PRJ-008,WBS-00349,CC-00064,2026-06-17 06:00:00,2026-06-17 14:30:00,8.0,0.0,OnPrem-SQLServer
TE-00001049,TS-0000207,EMP-0026,2026-06-18,PRJ-008,WBS-00309,CC-00066,2026-06-18 06:00:00,2026-06-18 14:30:00,8.0,0.0,OnPrem-SQLServer
TE-00001050,TS-0000207,EMP-0026,2026-06-19,PRJ-008,WBS-00310,CC-00066,2026-06-19 06:15:00,2026-06-19 14:45:00,8.0,0.0,OnPrem-SQLServer
TE-00001051,TS-0000208,EMP-0026,2026-06-22,PRJ-008,WBS-00339,CC-00066,2026-06-22 06:30:00,2026-06-22 15:00:00,8.0,0.0,OnPrem-SQLServer
TE-00001052,TS-0000208,EMP-0026,2026-06-23,PRJ-008,WBS-00314,CC-00072,2026-06-23 06:15:00,2026-06-23 14:45:00,8.0,0.0,OnPrem-SQLServer
TE-00001053,TS-0000208,EMP-0026,2026-06-24,PRJ-008,WBS-00329,CC-00071,2026-06-24 06:30:00,2026-06-24 15:00:00,8.0,0.0,OnPrem-SQLServer
TE-00001054,TS-0000208,EMP-0026,2026-06-25,PRJ-008,WBS-00312,CC-00070,2026-06-25 06:15:00,2026-06-25 14:45:00,8.0,0.0,OnPrem-SQLServer
TE-00001055,TS-0000208,EMP-0026,2026-06-26,PRJ-008,WBS-00323,CC-00065,2026-06-26 06:00:00,2026-06-26 14:30:00,8.0,0.0,OnPrem-SQLServer
TE-00001056,TS-0000209,EMP-0026,2026-06-29,PRJ-008,WBS-00351,CC-00069,2026-06-29 06:15:00,2026-06-29 14:45:00,8.0,0.0,OnPrem-SQLServer
TE-00001057,TS-0000209,EMP-0026,2026-06-30,PRJ-008,WBS-00342,CC-00071,2026-06-30 06:15:00,2026-06-30 14:45:00,8.0,0.0,OnPrem-SQLServer
TE-00001058,TS-0000209,EMP-0026,2026-07-01,PRJ-008,WBS-00310,CC-00066,2026-07-01 06:00:00,2026-07-01 14:30:00,8.0,0.0,OnPrem-SQLServer
TE-00001059,TS-0000209,EMP-0026,2026-07-02,PRJ-008,WBS-00314,CC-00067,2026-07-02 06:30:00,2026-07-02 15:00:00,8.0,0.0,OnPrem-SQLServer
TE-00001060,TS-0000209,EMP-0026,2026-07-03,PRJ-008,WBS-00322,CC-00065,2026-07-03 06:30:00,2026-07-03 15:00:00,8.0,0.0,OnPrem-SQLServer
TE-00001061,TS-0000210,EMP-0026,2026-07-06,PRJ-008,WBS-00343,CC-00071,2026-07-06 06:00:00,2026-07-06 14:30:00,8.0,0.0,OnPrem-SQLServer
TE-00001062,TS-0000210,EMP-0026,2026-07-07,PRJ-008,WBS-00348,CC-00064,2026-07-07 06:30:00,2026-07-07 15:00:00,8.0,0.0,OnPrem-SQLServer
TE-00001063,TS-0000210,EMP-0026,2026-07-08,PRJ-008,WBS-00329,CC-00072,2026-07-08 06:15:00,2026-07-08 14:45:00,8.0,0.0,OnPrem-SQLServer
TE-00001064,TS-0000210,EMP-0026,2026-07-09,PRJ-008,WBS-00310,CC-00066,2026-07-09 06:30:00,2026-07-09 15:00:00,8.0,0.0,OnPrem-SQLServer
TE-00001065,TS-0000210,EMP-0026,2026-07-10,PRJ-008,WBS-00312,CC-00069,2026-07-10 06:30:00,2026-07-10 16:53:24,9.89,1.89,OnPrem-SQLServer
TE-00001066,TS-0000211,EMP-0026,2026-07-13,PRJ-008,WBS-00348,CC-00067,2026-07-13 06:30:00,2026-07-13 16:42:00,9.7,1.7,OnPrem-SQLServer
TE-00001067,TS-0000211,EMP-0026,2026-07-14,PRJ-008,WBS-00309,CC-00064,2026-07-14 06:15:00,2026-07-14 14:45:00,8.0,0.0,OnPrem-SQLServer
TE-00001068,TS-0000211,EMP-0026,2026-07-15,PRJ-008,WBS-00341,CC-00067,2026-07-15 06:00:00,2026-07-15 14:30:00,8.0,0.0,OnPrem-SQLServer
TE-00001069,TS-0000211,EMP-0026,2026-07-16,PRJ-008,WBS-00338,CC-00072,2026-07-16 06:00:00,2026-07-16 14:30:00,8.0,0.0,OnPrem-SQLServer
TE-00001070,TS-0000211,EMP-0026,2026-07-17,PRJ-008,WBS-00335,CC-00065,2026-07-17 06:15:00,2026-07-17 14:45:00,8.0,0.0,OnPrem-SQLServer
TE-00001071,TS-0000212,EMP-0026,2026-07-20,PRJ-008,WBS-00327,CC-00065,2026-07-20 06:15:00,2026-07-20 14:45:00,8.0,0.0,OnPrem-SQLServer
TE-00001072,TS-0000212,EMP-0026,2026-07-21,PRJ-008,WBS-00338,CC-00072,2026-07-21 06:15:00,2026-07-21 15:41:24,8.94,0.94,OnPrem-SQLServer
TE-00001073,TS-0000212,EMP-0026,2026-07-22,PRJ-008,WBS-00335,CC-00067,2026-07-22 06:30:00,2026-07-22 15:00:00,8.0,0.0,OnPrem-SQLServer
TE-00001074,TS-0000212,EMP-0026,2026-07-23,PRJ-008,WBS-00312,CC-00072,2026-07-23 06:00:00,2026-07-23 14:30:00,8.0,0.0,OnPrem-SQLServer
TE-00001075,TS-0000212,EMP-0026,2026-07-24,PRJ-008,WBS-00329,CC-00065,2026-07-24 06:00:00,2026-07-24 16:27:36,9.96,1.96,OnPrem-SQLServer
TE-00001076,TS-0000213,EMP-0026,2026-07-27,PRJ-008,WBS-00356,CC-00064,2026-07-27 06:15:00,2026-07-27 14:45:00,8.0,0.0,OnPrem-SQLServer
TE-00001077,TS-0000213,EMP-0026,2026-07-28,PRJ-008,WBS-00338,CC-00066,2026-07-28 06:00:00,2026-07-28 14:30:00,8.0,0.0,OnPrem-SQLServer
TE-00001078,TS-0000213,EMP-0026,2026-07-29,PRJ-008,WBS-00304,CC-00067,2026-07-29 06:30:00,2026-07-29 15:00:00,8.0,0.0,OnPrem-SQLServer
TE-00001079,TS-0000213,EMP-0026,2026-07-30,PRJ-008,WBS-00346,CC-00071,2026-07-30 06:15:00,2026-07-30 14:45:00,8.0,0.0,OnPrem-SQLServer
TE-00001080,TS-0000213,EMP-0026,2026-07-31,PRJ-008,WBS-00320,CC-00066,2026-07-31 06:15:00,2026-07-31 14:45:00,8.0,0.0,OnPrem-SQLServer
TE-00001081,TS-0000214,EMP-0027,2026-06-08,PRJ-007,WBS-00264,CC-00055,2026-06-08 06:30:00,2026-06-08 15:00:00,8.0,0.0,OnPrem-SQLServer
TE-00001082,TS-0000214,EMP-0027,2026-06-09,PRJ-007,WBS-00259,CC-00056,2026-06-09 06:30:00,2026-06-09 16:22:48,9.38,1.38,OnPrem-SQLServer
TE-00001083,TS-0000214,EMP-0027,2026-06-10,PRJ-007,WBS-00271,CC-00056,2026-06-10 06:00:00,2026-06-10 14:30:00,8.0,0.0,OnPrem-SQLServer
TE-00001084,TS-0000214,EMP-0027,2026-06-11,PRJ-007,WBS-00262,CC-00063,2026-06-11 06:00:00,2026-06-11 14:30:00,8.0,0.0,OnPrem-SQLServer
TE-00001085,TS-0000214,EMP-0027,2026-06-12,PRJ-007,WBS-00275,CC-00057,2026-06-12 06:30:00,2026-06-12 15:00:00,8.0,0.0,OnPrem-SQLServer
TE-00001086,TS-0000215,EMP-0027,2026-06-15,PRJ-007,WBS-00278,CC-00062,2026-06-15 06:30:00,2026-06-15 15:36:36,8.61,0.61,OnPrem-SQLServer
TE-00001087,TS-0000215,EMP-0027,2026-06-16,PRJ-007,WBS-00285,CC-00057,2026-06-16 06:00:00,2026-06-16 15:15:36,8.76,0.76,OnPrem-SQLServer
TE-00001088,TS-0000215,EMP-0027,2026-06-17,PRJ-007,WBS-00300,CC-00061,2026-06-17 06:30:00,2026-06-17 15:00:00,8.0,0.0,OnPrem-SQLServer
TE-00001089,TS-0000215,EMP-0027,2026-06-18,PRJ-007,WBS-00300,CC-00056,2026-06-18 06:00:00,2026-06-18 14:30:00,8.0,0.0,OnPrem-SQLServer
TE-00001090,TS-0000215,EMP-0027,2026-06-19,PRJ-007,WBS-00266,CC-00059,2026-06-19 06:00:00,2026-06-19 14:30:00,8.0,0.0,OnPrem-SQLServer
TE-00001091,TS-0000216,EMP-0027,2026-06-22,PRJ-007,WBS-00259,CC-00060,2026-06-22 06:00:00,2026-06-22 14:30:00,8.0,0.0,OnPrem-SQLServer
TE-00001092,TS-0000216,EMP-0027,2026-06-23,PRJ-007,WBS-00260,CC-00060,2026-06-23 06:00:00,2026-06-23 16:21:36,9.86,1.86,OnPrem-SQLServer
TE-00001093,TS-0000216,EMP-0027,2026-06-24,PRJ-007,WBS-00295,CC-00060,2026-06-24 06:00:00,2026-06-24 15:08:24,8.64,0.64,OnPrem-SQLServer
TE-00001094,TS-0000216,EMP-0027,2026-06-25,PRJ-007,WBS-00263,CC-00056,2026-06-25 06:30:00,2026-06-25 15:00:00,8.0,0.0,OnPrem-SQLServer
TE-00001095,TS-0000216,EMP-0027,2026-06-26,PRJ-007,WBS-00264,CC-00055,2026-06-26 06:30:00,2026-06-26 15:00:00,8.0,0.0,OnPrem-SQLServer
TE-00001096,TS-0000217,EMP-0027,2026-06-29,PRJ-007,WBS-00298,CC-00057,2026-06-29 06:30:00,2026-06-29 15:00:00,8.0,0.0,OnPrem-SQLServer
TE-00001097,TS-0000217,EMP-0027,2026-06-30,PRJ-007,WBS-00267,CC-00056,2026-06-30 06:00:00,2026-06-30 14:30:00,8.0,0.0,OnPrem-SQLServer
TE-00001098,TS-0000217,EMP-0027,2026-07-01,PRJ-007,WBS-00299,CC-00062,2026-07-01 06:30:00,2026-07-01 16:30:00,9.5,1.5,OnPrem-SQLServer
TE-00001099,TS-0000217,EMP-0027,2026-07-02,PRJ-007,WBS-00269,CC-00060,2026-07-02 06:00:00,2026-07-02 14:30:00,8.0,0.0,OnPrem-SQLServer
TE-00001100,TS-0000217,EMP-0027,2026-07-03,PRJ-007,WBS-00284,CC-00060,2026-07-03 06:15:00,2026-07-03 14:45:00,8.0,0.0,OnPrem-SQLServer
TE-00001101,TS-0000218,EMP-0027,2026-07-13,PRJ-007,WBS-00291,CC-00058,2026-07-13 06:30:00,2026-07-13 15:00:00,8.0,0.0,OnPrem-SQLServer
TE-00001102,TS-0000218,EMP-0027,2026-07-14,PRJ-007,WBS-00295,CC-00061,2026-07-14 06:00:00,2026-07-14 14:30:00,8.0,0.0,OnPrem-SQLServer
TE-00001103,TS-0000218,EMP-0027,2026-07-15,PRJ-007,WBS-00297,CC-00056,2026-07-15 06:00:00,2026-07-15 14:30:00,8.0,0.0,OnPrem-SQLServer
TE-00001104,TS-0000218,EMP-0027,2026-07-16,PRJ-007,WBS-00296,CC-00057,2026-07-16 06:15:00,2026-07-16 14:45:00,8.0,0.0,OnPrem-SQLServer
TE-00001105,TS-0000218,EMP-0027,2026-07-17,PRJ-007,WBS-00265,CC-00055,2026-07-17 06:15:00,2026-07-17 14:45:00,8.0,0.0,OnPrem-SQLServer
TE-00001106,TS-0000219,EMP-0027,2026-07-20,PRJ-007,WBS-00289,CC-00056,2026-07-20 06:15:00,2026-07-20 14:45:00,8.0,0.0,OnPrem-SQLServer
TE-00001107,TS-0000219,EMP-0027,2026-07-21,PRJ-007,WBS-00270,CC-00058,2026-07-21 06:30:00,2026-07-21 15:00:00,8.0,0.0,OnPrem-SQLServer
TE-00001108,TS-0000219,EMP-0027,2026-07-22,PRJ-007,WBS-00295,CC-00063,2026-07-22 06:00:00,2026-07-22 14:30:00,8.0,0.0,OnPrem-SQLServer
TE-00001109,TS-0000219,EMP-0027,2026-07-23,PRJ-007,WBS-00284,CC-00057,2026-07-23 06:15:00,2026-07-23 14:45:00,8.0,0.0,OnPrem-SQLServer
TE-00001110,TS-0000219,EMP-0027,2026-07-24,PRJ-007,WBS-00300,CC-00062,2026-07-24 06:30:00,2026-07-24 15:00:00,8.0,0.0,OnPrem-SQLServer
TE-00001111,TS-0000220,EMP-0027,2026-07-27,PRJ-007,WBS-00260,CC-00056,2026-07-27 06:30:00,2026-07-27 15:00:00,8.0,0.0,OnPrem-SQLServer
TE-00001112,TS-0000220,EMP-0027,2026-07-28,PRJ-007,WBS-00301,CC-00063,2026-07-28 06:00:00,2026-07-28 14:30:00,8.0,0.0,OnPrem-SQLServer
TE-00001113,TS-0000220,EMP-0027,2026-07-29,PRJ-007,WBS-00293,CC-00057,2026-07-29 06:15:00,2026-07-29 14:45:00,8.0,0.0,OnPrem-SQLServer
TE-00001114,TS-0000220,EMP-0027,2026-07-30,PRJ-007,WBS-00302,CC-00061,2026-07-30 06:15:00,2026-07-30 14:45:00,8.0,0.0,OnPrem-SQLServer
TE-00001115,TS-0000220,EMP-0027,2026-07-31,PRJ-007,WBS-00281,CC-00059,2026-07-31 06:30:00,2026-07-31 15:00:00,8.0,0.0,OnPrem-SQLServer
TE-00001116,TS-0000221,EMP-0028,2026-05-11,PRJ-009,WBS-00373,CC-00080,2026-05-11 06:30:00,2026-05-11 15:00:00,8.0,0.0,OnPrem-SQLServer
TE-00001117,TS-0000221,EMP-0028,2026-05-12,PRJ-009,WBS-00401,CC-00080,2026-05-12 06:30:00,2026-05-12 15:00:00,8.0,0.0,OnPrem-SQLServer
TE-00001118,TS-0000221,EMP-0028,2026-05-13,PRJ-009,WBS-00408,CC-00080,2026-05-13 06:00:00,2026-05-13 16:28:12,9.97,1.97,OnPrem-SQLServer
TE-00001119,TS-0000221,EMP-0028,2026-05-14,PRJ-009,WBS-00407,CC-00078,2026-05-14 06:30:00,2026-05-14 15:00:00,8.0,0.0,OnPrem-SQLServer
TE-00001120,TS-0000221,EMP-0028,2026-05-15,PRJ-009,WBS-00387,CC-00075,2026-05-15 06:30:00,2026-05-15 15:00:00,8.0,0.0,OnPrem-SQLServer
TE-00001121,TS-0000222,EMP-0028,2026-05-25,PRJ-009,WBS-00394,CC-00074,2026-05-25 06:30:00,2026-05-25 15:00:00,8.0,0.0,OnPrem-SQLServer
TE-00001122,TS-0000222,EMP-0028,2026-05-26,PRJ-009,WBS-00378,CC-00073,2026-05-26 06:00:00,2026-05-26 14:30:00,8.0,0.0,OnPrem-SQLServer
TE-00001123,TS-0000222,EMP-0028,2026-05-27,PRJ-009,WBS-00406,CC-00080,2026-05-27 06:15:00,2026-05-27 14:45:00,8.0,0.0,OnPrem-SQLServer
TE-00001124,TS-0000222,EMP-0028,2026-05-28,PRJ-009,WBS-00381,CC-00079,2026-05-28 06:15:00,2026-05-28 14:45:00,8.0,0.0,OnPrem-SQLServer
TE-00001125,TS-0000222,EMP-0028,2026-05-29,PRJ-009,WBS-00381,CC-00077,2026-05-29 06:30:00,2026-05-29 15:40:48,8.68,0.68,OnPrem-SQLServer
TE-00001126,TS-0000223,EMP-0028,2026-06-01,PRJ-009,WBS-00420,CC-00075,2026-06-01 06:30:00,2026-06-01 15:00:00,8.0,0.0,OnPrem-SQLServer
TE-00001127,TS-0000223,EMP-0028,2026-06-02,PRJ-009,WBS-00391,CC-00081,2026-06-02 06:15:00,2026-06-02 14:45:00,8.0,0.0,OnPrem-SQLServer
TE-00001128,TS-0000223,EMP-0028,2026-06-03,PRJ-009,WBS-00410,CC-00073,2026-06-03 06:15:00,2026-06-03 14:45:00,8.0,0.0,OnPrem-SQLServer
TE-00001129,TS-0000223,EMP-0028,2026-06-04,PRJ-009,WBS-00411,CC-00080,2026-06-04 06:15:00,2026-06-04 14:45:00,8.0,0.0,OnPrem-SQLServer
TE-00001130,TS-0000223,EMP-0028,2026-06-05,PRJ-009,WBS-00378,CC-00078,2026-06-05 06:30:00,2026-06-05 15:00:00,8.0,0.0,OnPrem-SQLServer
TE-00001131,TS-0000224,EMP-0028,2026-06-08,PRJ-009,WBS-00368,CC-00081,2026-06-08 06:15:00,2026-06-08 16:11:24,9.44,1.44,OnPrem-SQLServer
TE-00001132,TS-0000224,EMP-0028,2026-06-09,PRJ-009,WBS-00416,CC-00073,2026-06-09 06:00:00,2026-06-09 14:30:00,8.0,0.0,OnPrem-SQLServer
TE-00001133,TS-0000224,EMP-0028,2026-06-10,PRJ-009,WBS-00366,CC-00079,2026-06-10 06:30:00,2026-06-10 15:00:00,8.0,0.0,OnPrem-SQLServer
TE-00001134,TS-0000224,EMP-0028,2026-06-11,PRJ-009,WBS-00395,CC-00079,2026-06-11 06:15:00,2026-06-11 14:45:00,8.0,0.0,OnPrem-SQLServer
TE-00001135,TS-0000224,EMP-0028,2026-06-12,PRJ-009,WBS-00382,CC-00076,2026-06-12 06:15:00,2026-06-12 14:45:00,8.0,0.0,OnPrem-SQLServer
TE-00001136,TS-0000225,EMP-0028,2026-06-15,PRJ-009,WBS-00367,CC-00074,2026-06-15 06:15:00,2026-06-15 14:45:00,8.0,0.0,OnPrem-SQLServer
TE-00001137,TS-0000225,EMP-0028,2026-06-16,PRJ-009,WBS-00368,CC-00075,2026-06-16 06:30:00,2026-06-16 16:45:36,9.76,1.76,OnPrem-SQLServer
TE-00001138,TS-0000225,EMP-0028,2026-06-17,PRJ-009,WBS-00406,CC-00075,2026-06-17 06:30:00,2026-06-17 15:00:00,8.0,0.0,OnPrem-SQLServer
TE-00001139,TS-0000225,EMP-0028,2026-06-18,PRJ-009,WBS-00383,CC-00079,2026-06-18 06:30:00,2026-06-18 15:00:00,8.0,0.0,OnPrem-SQLServer
TE-00001140,TS-0000225,EMP-0028,2026-06-19,PRJ-009,WBS-00395,CC-00078,2026-06-19 06:15:00,2026-06-19 14:45:00,8.0,0.0,OnPrem-SQLServer
TE-00001141,TS-0000226,EMP-0028,2026-06-22,PRJ-009,WBS-00420,CC-00076,2026-06-22 06:15:00,2026-06-22 14:45:00,8.0,0.0,OnPrem-SQLServer
TE-00001142,TS-0000226,EMP-0028,2026-06-23,PRJ-009,WBS-00399,CC-00079,2026-06-23 06:15:00,2026-06-23 14:45:00,8.0,0.0,OnPrem-SQLServer
TE-00001143,TS-0000226,EMP-0028,2026-06-24,PRJ-009,WBS-00377,CC-00075,2026-06-24 06:15:00,2026-06-24 14:45:00,8.0,0.0,OnPrem-SQLServer
TE-00001144,TS-0000226,EMP-0028,2026-06-25,PRJ-009,WBS-00404,CC-00073,2026-06-25 06:15:00,2026-06-25 14:45:00,8.0,0.0,OnPrem-SQLServer
TE-00001145,TS-0000226,EMP-0028,2026-06-26,PRJ-009,WBS-00382,CC-00073,2026-06-26 06:00:00,2026-06-26 14:30:00,8.0,0.0,OnPrem-SQLServer
TE-00001146,TS-0000227,EMP-0028,2026-06-29,PRJ-009,WBS-00377,CC-00080,2026-06-29 06:15:00,2026-06-29 15:57:36,9.21,1.21,OnPrem-SQLServer
TE-00001147,TS-0000227,EMP-0028,2026-06-30,PRJ-009,WBS-00371,CC-00076,2026-06-30 06:00:00,2026-06-30 14:30:00,8.0,0.0,OnPrem-SQLServer
TE-00001148,TS-0000227,EMP-0028,2026-07-01,PRJ-009,WBS-00387,CC-00079,2026-07-01 06:15:00,2026-07-01 14:45:00,8.0,0.0,OnPrem-SQLServer
TE-00001149,TS-0000227,EMP-0028,2026-07-02,PRJ-009,WBS-00382,CC-00075,2026-07-02 06:15:00,2026-07-02 14:45:00,8.0,0.0,OnPrem-SQLServer
TE-00001150,TS-0000227,EMP-0028,2026-07-03,PRJ-009,WBS-00406,CC-00077,2026-07-03 06:15:00,2026-07-03 14:45:00,8.0,0.0,OnPrem-SQLServer
TE-00001151,TS-0000228,EMP-0028,2026-07-06,PRJ-009,WBS-00392,CC-00075,2026-07-06 06:30:00,2026-07-06 16:44:24,9.74,1.74,OnPrem-SQLServer
TE-00001152,TS-0000228,EMP-0028,2026-07-07,PRJ-009,WBS-00395,CC-00080,2026-07-07 06:00:00,2026-07-07 14:30:00,8.0,0.0,OnPrem-SQLServer
TE-00001153,TS-0000228,EMP-0028,2026-07-08,PRJ-009,WBS-00408,CC-00074,2026-07-08 06:00:00,2026-07-08 14:30:00,8.0,0.0,OnPrem-SQLServer
TE-00001154,TS-0000228,EMP-0028,2026-07-09,PRJ-009,WBS-00411,CC-00074,2026-07-09 06:30:00,2026-07-09 15:00:00,8.0,0.0,OnPrem-SQLServer
TE-00001155,TS-0000228,EMP-0028,2026-07-10,PRJ-009,WBS-00370,CC-00076,2026-07-10 06:15:00,2026-07-10 14:45:00,8.0,0.0,OnPrem-SQLServer
TE-00001156,TS-0000229,EMP-0028,2026-07-13,PRJ-009,WBS-00408,CC-00081,2026-07-13 06:00:00,2026-07-13 14:30:00,8.0,0.0,OnPrem-SQLServer
TE-00001157,TS-0000229,EMP-0028,2026-07-14,PRJ-009,WBS-00361,CC-00075,2026-07-14 06:30:00,2026-07-14 15:00:00,8.0,0.0,OnPrem-SQLServer
TE-00001158,TS-0000229,EMP-0028,2026-07-15,PRJ-009,WBS-00387,CC-00073,2026-07-15 06:00:00,2026-07-15 14:30:00,8.0,0.0,OnPrem-SQLServer
TE-00001159,TS-0000229,EMP-0028,2026-07-16,PRJ-009,WBS-00363,CC-00080,2026-07-16 06:30:00,2026-07-16 15:00:00,8.0,0.0,OnPrem-SQLServer
TE-00001160,TS-0000229,EMP-0028,2026-07-17,PRJ-009,WBS-00407,CC-00079,2026-07-17 06:30:00,2026-07-17 15:00:00,8.0,0.0,OnPrem-SQLServer
TE-00001161,TS-0000230,EMP-0028,2026-07-27,PRJ-009,WBS-00367,CC-00074,2026-07-27 06:30:00,2026-07-27 15:00:00,8.0,0.0,OnPrem-SQLServer
TE-00001162,TS-0000230,EMP-0028,2026-07-28,PRJ-009,WBS-00410,CC-00081,2026-07-28 06:00:00,2026-07-28 14:30:00,8.0,0.0,OnPrem-SQLServer
TE-00001163,TS-0000230,EMP-0028,2026-07-29,PRJ-009,WBS-00418,CC-00080,2026-07-29 06:30:00,2026-07-29 15:00:00,8.0,0.0,OnPrem-SQLServer
TE-00001164,TS-0000230,EMP-0028,2026-07-30,PRJ-009,WBS-00413,CC-00073,2026-07-30 06:00:00,2026-07-30 14:30:00,8.0,0.0,OnPrem-SQLServer
TE-00001165,TS-0000230,EMP-0028,2026-07-31,PRJ-009,WBS-00378,CC-00081,2026-07-31 06:15:00,2026-07-31 14:45:00,8.0,0.0,OnPrem-SQLServer
TE-00001166,TS-0000231,EMP-0029,2026-05-18,PRJ-006,WBS-00252,CC-00049,2026-05-18 06:15:00,2026-05-18 15:19:12,8.57,0.57,OnPrem-SQLServer
TE-00001167,TS-0000231,EMP-0029,2026-05-19,PRJ-006,WBS-00243,CC-00048,2026-05-19 06:00:00,2026-05-19 16:19:12,9.82,1.82,OnPrem-SQLServer
TE-00001168,TS-0000231,EMP-0029,2026-05-20,PRJ-006,WBS-00255,CC-00048,2026-05-20 06:30:00,2026-05-20 15:00:00,8.0,0.0,OnPrem-SQLServer
TE-00001169,TS-0000231,EMP-0029,2026-05-21,PRJ-006,WBS-00252,CC-00051,2026-05-21 06:30:00,2026-05-21 15:00:00,8.0,0.0,OnPrem-SQLServer
TE-00001170,TS-0000231,EMP-0029,2026-05-22,PRJ-006,WBS-00252,CC-00048,2026-05-22 06:00:00,2026-05-22 14:30:00,8.0,0.0,OnPrem-SQLServer
TE-00001171,TS-0000232,EMP-0029,2026-06-01,PRJ-006,WBS-00218,CC-00054,2026-06-01 06:00:00,2026-06-01 14:30:00,8.0,0.0,OnPrem-SQLServer
TE-00001172,TS-0000232,EMP-0029,2026-06-02,PRJ-006,WBS-00258,CC-00051,2026-06-02 06:00:00,2026-06-02 16:29:24,9.99,1.99,OnPrem-SQLServer
TE-00001173,TS-0000232,EMP-0029,2026-06-03,PRJ-006,WBS-00237,CC-00047,2026-06-03 06:30:00,2026-06-03 15:00:00,8.0,0.0,OnPrem-SQLServer
TE-00001174,TS-0000232,EMP-0029,2026-06-04,PRJ-006,WBS-00216,CC-00053,2026-06-04 06:30:00,2026-06-04 16:41:24,9.69,1.69,OnPrem-SQLServer
TE-00001175,TS-0000232,EMP-0029,2026-06-05,PRJ-006,WBS-00238,CC-00052,2026-06-05 06:00:00,2026-06-05 15:12:00,8.7,0.7,OnPrem-SQLServer
TE-00001176,TS-0000233,EMP-0029,2026-06-08,PRJ-006,WBS-00258,CC-00050,2026-06-08 06:00:00,2026-06-08 14:30:00,8.0,0.0,OnPrem-SQLServer
TE-00001177,TS-0000233,EMP-0029,2026-06-09,PRJ-006,WBS-00235,CC-00050,2026-06-09 06:15:00,2026-06-09 14:45:00,8.0,0.0,OnPrem-SQLServer
TE-00001178,TS-0000233,EMP-0029,2026-06-10,PRJ-006,WBS-00257,CC-00054,2026-06-10 06:15:00,2026-06-10 14:45:00,8.0,0.0,OnPrem-SQLServer
TE-00001179,TS-0000233,EMP-0029,2026-06-11,PRJ-006,WBS-00242,CC-00048,2026-06-11 06:30:00,2026-06-11 15:00:00,8.0,0.0,OnPrem-SQLServer
TE-00001180,TS-0000233,EMP-0029,2026-06-12,PRJ-006,WBS-00249,CC-00048,2026-06-12 06:30:00,2026-06-12 15:00:00,8.0,0.0,OnPrem-SQLServer
TE-00001181,TS-0000234,EMP-0029,2026-06-15,PRJ-006,WBS-00245,CC-00053,2026-06-15 06:00:00,2026-06-15 14:30:00,8.0,0.0,OnPrem-SQLServer
TE-00001182,TS-0000234,EMP-0029,2026-06-16,PRJ-006,WBS-00237,CC-00051,2026-06-16 06:00:00,2026-06-16 14:30:00,8.0,0.0,OnPrem-SQLServer
TE-00001183,TS-0000234,EMP-0029,2026-06-17,PRJ-006,WBS-00248,CC-00046,2026-06-17 06:30:00,2026-06-17 15:00:00,8.0,0.0,OnPrem-SQLServer
TE-00001184,TS-0000234,EMP-0029,2026-06-18,PRJ-006,WBS-00254,CC-00051,2026-06-18 06:15:00,2026-06-18 14:45:00,8.0,0.0,OnPrem-SQLServer
TE-00001185,TS-0000234,EMP-0029,2026-06-19,PRJ-006,WBS-00238,CC-00053,2026-06-19 06:30:00,2026-06-19 15:00:00,8.0,0.0,OnPrem-SQLServer
TE-00001186,TS-0000235,EMP-0029,2026-06-22,PRJ-006,WBS-00227,CC-00050,2026-06-22 06:00:00,2026-06-22 14:30:00,8.0,0.0,OnPrem-SQLServer
TE-00001187,TS-0000235,EMP-0029,2026-06-23,PRJ-006,WBS-00247,CC-00053,2026-06-23 06:30:00,2026-06-23 15:00:00,8.0,0.0,OnPrem-SQLServer
TE-00001188,TS-0000235,EMP-0029,2026-06-24,PRJ-006,WBS-00223,CC-00054,2026-06-24 06:30:00,2026-06-24 15:00:00,8.0,0.0,OnPrem-SQLServer
TE-00001189,TS-0000235,EMP-0029,2026-06-25,PRJ-006,WBS-00249,CC-00052,2026-06-25 06:30:00,2026-06-25 15:00:00,8.0,0.0,OnPrem-SQLServer
TE-00001190,TS-0000235,EMP-0029,2026-06-26,PRJ-006,WBS-00220,CC-00051,2026-06-26 06:15:00,2026-06-26 14:45:00,8.0,0.0,OnPrem-SQLServer
TE-00001191,TS-0000236,EMP-0029,2026-06-29,PRJ-006,WBS-00258,CC-00046,2026-06-29 06:30:00,2026-06-29 15:00:00,8.0,0.0,OnPrem-SQLServer
TE-00001192,TS-0000236,EMP-0029,2026-06-30,PRJ-006,WBS-00248,CC-00052,2026-06-30 06:15:00,2026-06-30 14:45:00,8.0,0.0,OnPrem-SQLServer
TE-00001193,TS-0000236,EMP-0029,2026-07-01,PRJ-006,WBS-00246,CC-00052,2026-07-01 06:30:00,2026-07-01 15:00:00,8.0,0.0,OnPrem-SQLServer
TE-00001194,TS-0000236,EMP-0029,2026-07-02,PRJ-006,WBS-00232,CC-00052,2026-07-02 06:15:00,2026-07-02 15:33:00,8.8,0.8,OnPrem-SQLServer
TE-00001195,TS-0000236,EMP-0029,2026-07-03,PRJ-006,WBS-00247,CC-00052,2026-07-03 06:00:00,2026-07-03 14:30:00,8.0,0.0,OnPrem-SQLServer
TE-00001196,TS-0000237,EMP-0029,2026-07-06,PRJ-006,WBS-00235,CC-00052,2026-07-06 06:00:00,2026-07-06 14:30:00,8.0,0.0,OnPrem-SQLServer
TE-00001197,TS-0000237,EMP-0029,2026-07-07,PRJ-006,WBS-00225,CC-00047,2026-07-07 06:15:00,2026-07-07 14:45:00,8.0,0.0,OnPrem-SQLServer
TE-00001198,TS-0000237,EMP-0029,2026-07-08,PRJ-006,WBS-00230,CC-00048,2026-07-08 06:30:00,2026-07-08 15:00:00,8.0,0.0,OnPrem-SQLServer
TE-00001199,TS-0000237,EMP-0029,2026-07-09,PRJ-006,WBS-00246,CC-00053,2026-07-09 06:30:00,2026-07-09 15:00:00,8.0,0.0,OnPrem-SQLServer
TE-00001200,TS-0000237,EMP-0029,2026-07-10,PRJ-006,WBS-00244,CC-00051,2026-07-10 06:00:00,2026-07-10 16:18:36,9.81,1.81,OnPrem-SQLServer
TE-00001201,TS-0000238,EMP-0029,2026-07-13,PRJ-006,WBS-00215,CC-00053,2026-07-13 06:00:00,2026-07-13 14:30:00,8.0,0.0,OnPrem-SQLServer
TE-00001202,TS-0000238,EMP-0029,2026-07-14,PRJ-006,WBS-00236,CC-00054,2026-07-14 06:00:00,2026-07-14 14:30:00,8.0,0.0,OnPrem-SQLServer
TE-00001203,TS-0000238,EMP-0029,2026-07-15,PRJ-006,WBS-00257,CC-00052,2026-07-15 06:00:00,2026-07-15 14:30:00,8.0,0.0,OnPrem-SQLServer
TE-00001204,TS-0000238,EMP-0029,2026-07-16,PRJ-006,WBS-00222,CC-00049,2026-07-16 06:30:00,2026-07-16 15:00:00,8.0,0.0,OnPrem-SQLServer
TE-00001205,TS-0000238,EMP-0029,2026-07-17,PRJ-006,WBS-00216,CC-00048,2026-07-17 06:30:00,2026-07-17 16:25:12,9.42,1.42,OnPrem-SQLServer
TE-00001206,TS-0000239,EMP-0029,2026-07-20,PRJ-006,WBS-00255,CC-00049,2026-07-20 06:15:00,2026-07-20 14:45:00,8.0,0.0,OnPrem-SQLServer
TE-00001207,TS-0000239,EMP-0029,2026-07-21,PRJ-006,WBS-00249,CC-00047,2026-07-21 06:30:00,2026-07-21 16:01:48,9.03,1.03,OnPrem-SQLServer
TE-00001208,TS-0000239,EMP-0029,2026-07-22,PRJ-006,WBS-00234,CC-00053,2026-07-22 06:15:00,2026-07-22 14:45:00,8.0,0.0,OnPrem-SQLServer
TE-00001209,TS-0000239,EMP-0029,2026-07-23,PRJ-006,WBS-00216,CC-00049,2026-07-23 06:00:00,2026-07-23 16:14:24,9.74,1.74,OnPrem-SQLServer
TE-00001210,TS-0000239,EMP-0029,2026-07-24,PRJ-006,WBS-00244,CC-00053,2026-07-24 06:30:00,2026-07-24 15:00:00,8.0,0.0,OnPrem-SQLServer
TE-00001211,TS-0000240,EMP-0029,2026-07-27,PRJ-006,WBS-00230,CC-00047,2026-07-27 06:00:00,2026-07-27 14:30:00,8.0,0.0,OnPrem-SQLServer
TE-00001212,TS-0000240,EMP-0029,2026-07-28,PRJ-006,WBS-00220,CC-00046,2026-07-28 06:15:00,2026-07-28 15:59:24,9.24,1.24,OnPrem-SQLServer
TE-00001213,TS-0000240,EMP-0029,2026-07-29,PRJ-006,WBS-00231,CC-00051,2026-07-29 06:15:00,2026-07-29 14:45:00,8.0,0.0,OnPrem-SQLServer
TE-00001214,TS-0000240,EMP-0029,2026-07-30,PRJ-006,WBS-00235,CC-00051,2026-07-30 06:00:00,2026-07-30 16:22:48,9.88,1.88,OnPrem-SQLServer
TE-00001215,TS-0000240,EMP-0029,2026-07-31,PRJ-006,WBS-00249,CC-00048,2026-07-31 06:30:00,2026-07-31 15:00:00,8.0,0.0,OnPrem-SQLServer
TE-00001216,TS-0000241,EMP-0030,2026-05-25,PRJ-008,WBS-00315,CC-00070,2026-05-25 06:15:00,2026-05-25 14:45:00,8.0,0.0,OnPrem-SQLServer
TE-00001217,TS-0000241,EMP-0030,2026-05-26,PRJ-008,WBS-00339,CC-00066,2026-05-26 06:30:00,2026-05-26 15:00:00,8.0,0.0,OnPrem-SQLServer
TE-00001218,TS-0000241,EMP-0030,2026-05-27,PRJ-008,WBS-00309,CC-00070,2026-05-27 06:00:00,2026-05-27 14:30:00,8.0,0.0,OnPrem-SQLServer
TE-00001219,TS-0000241,EMP-0030,2026-05-28,PRJ-008,WBS-00310,CC-00070,2026-05-28 06:15:00,2026-05-28 14:45:00,8.0,0.0,OnPrem-SQLServer
TE-00001220,TS-0000241,EMP-0030,2026-05-29,PRJ-008,WBS-00330,CC-00069,2026-05-29 06:00:00,2026-05-29 14:30:00,8.0,0.0,OnPrem-SQLServer
TE-00001221,TS-0000242,EMP-0030,2026-06-01,PRJ-008,WBS-00347,CC-00064,2026-06-01 06:15:00,2026-06-01 15:27:36,8.71,0.71,OnPrem-SQLServer
TE-00001222,TS-0000242,EMP-0030,2026-06-02,PRJ-008,WBS-00304,CC-00068,2026-06-02 06:30:00,2026-06-02 15:00:00,8.0,0.0,OnPrem-SQLServer
TE-00001223,TS-0000242,EMP-0030,2026-06-03,PRJ-008,WBS-00316,CC-00067,2026-06-03 06:15:00,2026-06-03 14:45:00,8.0,0.0,OnPrem-SQLServer
TE-00001224,TS-0000242,EMP-0030,2026-06-04,PRJ-008,WBS-00333,CC-00071,2026-06-04 06:30:00,2026-06-04 15:00:00,8.0,0.0,OnPrem-SQLServer
TE-00001225,TS-0000242,EMP-0030,2026-06-05,PRJ-008,WBS-00357,CC-00066,2026-06-05 06:30:00,2026-06-05 15:00:00,8.0,0.0,OnPrem-SQLServer
TE-00001226,TS-0000243,EMP-0030,2026-06-08,PRJ-008,WBS-00325,CC-00066,2026-06-08 06:00:00,2026-06-08 14:30:00,8.0,0.0,OnPrem-SQLServer
TE-00001227,TS-0000243,EMP-0030,2026-06-09,PRJ-008,WBS-00304,CC-00067,2026-06-09 06:30:00,2026-06-09 15:00:00,8.0,0.0,OnPrem-SQLServer
TE-00001228,TS-0000243,EMP-0030,2026-06-10,PRJ-008,WBS-00357,CC-00070,2026-06-10 06:30:00,2026-06-10 15:00:00,8.0,0.0,OnPrem-SQLServer
TE-00001229,TS-0000243,EMP-0030,2026-06-11,PRJ-008,WBS-00359,CC-00070,2026-06-11 06:15:00,2026-06-11 14:45:00,8.0,0.0,OnPrem-SQLServer
TE-00001230,TS-0000243,EMP-0030,2026-06-12,PRJ-008,WBS-00316,CC-00072,2026-06-12 06:00:00,2026-06-12 14:30:00,8.0,0.0,OnPrem-SQLServer
TE-00001231,TS-0000244,EMP-0030,2026-06-15,PRJ-008,WBS-00335,CC-00071,2026-06-15 06:00:00,2026-06-15 14:30:00,8.0,0.0,OnPrem-SQLServer
TE-00001232,TS-0000244,EMP-0030,2026-06-16,PRJ-008,WBS-00307,CC-00068,2026-06-16 06:00:00,2026-06-16 14:30:00,8.0,0.0,OnPrem-SQLServer
TE-00001233,TS-0000244,EMP-0030,2026-06-17,PRJ-008,WBS-00355,CC-00071,2026-06-17 06:15:00,2026-06-17 14:45:00,8.0,0.0,OnPrem-SQLServer
TE-00001234,TS-0000244,EMP-0030,2026-06-18,PRJ-008,WBS-00334,CC-00067,2026-06-18 06:15:00,2026-06-18 14:45:00,8.0,0.0,OnPrem-SQLServer
TE-00001235,TS-0000244,EMP-0030,2026-06-19,PRJ-008,WBS-00344,CC-00064,2026-06-19 06:30:00,2026-06-19 15:00:00,8.0,0.0,OnPrem-SQLServer
TE-00001236,TS-0000245,EMP-0030,2026-06-22,PRJ-008,WBS-00336,CC-00067,2026-06-22 06:30:00,2026-06-22 15:00:00,8.0,0.0,OnPrem-SQLServer
TE-00001237,TS-0000245,EMP-0030,2026-06-23,PRJ-008,WBS-00338,CC-00065,2026-06-23 06:00:00,2026-06-23 14:30:00,8.0,0.0,OnPrem-SQLServer
TE-00001238,TS-0000245,EMP-0030,2026-06-24,PRJ-008,WBS-00319,CC-00069,2026-06-24 06:30:00,2026-06-24 15:00:00,8.0,0.0,OnPrem-SQLServer
TE-00001239,TS-0000245,EMP-0030,2026-06-25,PRJ-008,WBS-00341,CC-00067,2026-06-25 06:00:00,2026-06-25 14:30:00,8.0,0.0,OnPrem-SQLServer
TE-00001240,TS-0000245,EMP-0030,2026-06-26,PRJ-008,WBS-00342,CC-00071,2026-06-26 06:15:00,2026-06-26 14:45:00,8.0,0.0,OnPrem-SQLServer
TE-00001241,TS-0000246,EMP-0030,2026-06-29,PRJ-008,WBS-00334,CC-00071,2026-06-29 06:30:00,2026-06-29 15:00:00,8.0,0.0,OnPrem-SQLServer
TE-00001242,TS-0000246,EMP-0030,2026-06-30,PRJ-008,WBS-00356,CC-00066,2026-06-30 06:15:00,2026-06-30 14:45:00,8.0,0.0,OnPrem-SQLServer
TE-00001243,TS-0000246,EMP-0030,2026-07-01,PRJ-008,WBS-00304,CC-00070,2026-07-01 06:00:00,2026-07-01 14:30:00,8.0,0.0,OnPrem-SQLServer
TE-00001244,TS-0000246,EMP-0030,2026-07-02,PRJ-008,WBS-00341,CC-00067,2026-07-02 06:00:00,2026-07-02 14:30:00,8.0,0.0,OnPrem-SQLServer
TE-00001245,TS-0000246,EMP-0030,2026-07-03,PRJ-008,WBS-00335,CC-00068,2026-07-03 06:00:00,2026-07-03 14:30:00,8.0,0.0,OnPrem-SQLServer
TE-00001246,TS-0000247,EMP-0030,2026-07-13,PRJ-005,WBS-00178,CC-00038,2026-07-13 06:00:00,2026-07-13 14:30:00,8.0,0.0,OnPrem-SQLServer
TE-00001247,TS-0000247,EMP-0030,2026-07-14,PRJ-005,WBS-00202,CC-00037,2026-07-14 06:30:00,2026-07-14 15:00:00,8.0,0.0,OnPrem-SQLServer
TE-00001248,TS-0000247,EMP-0030,2026-07-15,PRJ-005,WBS-00208,CC-00039,2026-07-15 06:30:00,2026-07-15 15:00:00,8.0,0.0,OnPrem-SQLServer
TE-00001249,TS-0000247,EMP-0030,2026-07-16,PRJ-005,WBS-00196,CC-00038,2026-07-16 06:00:00,2026-07-16 15:24:00,8.9,0.9,OnPrem-SQLServer
TE-00001250,TS-0000247,EMP-0030,2026-07-17,PRJ-005,WBS-00198,CC-00043,2026-07-17 06:30:00,2026-07-17 16:04:48,9.08,1.08,OnPrem-SQLServer
TE-00001251,TS-0000248,EMP-0030,2026-07-20,PRJ-008,WBS-00331,CC-00066,2026-07-20 06:30:00,2026-07-20 15:00:00,8.0,0.0,OnPrem-SQLServer
TE-00001252,TS-0000248,EMP-0030,2026-07-21,PRJ-008,WBS-00318,CC-00065,2026-07-21 06:15:00,2026-07-21 14:45:00,8.0,0.0,OnPrem-SQLServer
TE-00001253,TS-0000248,EMP-0030,2026-07-22,PRJ-008,WBS-00357,CC-00069,2026-07-22 06:30:00,2026-07-22 15:00:00,8.0,0.0,OnPrem-SQLServer
TE-00001254,TS-0000248,EMP-0030,2026-07-23,PRJ-008,WBS-00327,CC-00072,2026-07-23 06:15:00,2026-07-23 14:45:00,8.0,0.0,OnPrem-SQLServer
TE-00001255,TS-0000248,EMP-0030,2026-07-24,PRJ-008,WBS-00346,CC-00072,2026-07-24 06:00:00,2026-07-24 14:30:00,8.0,0.0,OnPrem-SQLServer
TE-00001256,TS-0000249,EMP-0030,2026-07-27,PRJ-008,WBS-00358,CC-00069,2026-07-27 06:00:00,2026-07-27 14:30:00,8.0,0.0,OnPrem-SQLServer
TE-00001257,TS-0000249,EMP-0030,2026-07-28,PRJ-008,WBS-00304,CC-00067,2026-07-28 06:00:00,2026-07-28 14:30:00,8.0,0.0,OnPrem-SQLServer
TE-00001258,TS-0000249,EMP-0030,2026-07-29,PRJ-008,WBS-00344,CC-00068,2026-07-29 06:00:00,2026-07-29 14:30:00,8.0,0.0,OnPrem-SQLServer
TE-00001259,TS-0000249,EMP-0030,2026-07-30,PRJ-008,WBS-00355,CC-00066,2026-07-30 06:00:00,2026-07-30 14:30:00,8.0,0.0,OnPrem-SQLServer
TE-00001260,TS-0000249,EMP-0030,2026-07-31,PRJ-008,WBS-00339,CC-00068,2026-07-31 06:30:00,2026-07-31 15:00:00,8.0,0.0,OnPrem-SQLServer
TE-00001261,TS-0000250,EMP-0031,2026-06-01,PRJ-008,WBS-00320,CC-00070,2026-06-01 06:15:00,2026-06-01 14:45:00,8.0,0.0,OnPrem-SQLServer
TE-00001262,TS-0000250,EMP-0031,2026-06-02,PRJ-008,WBS-00328,CC-00066,2026-06-02 06:30:00,2026-06-02 15:00:00,8.0,0.0,OnPrem-SQLServer
TE-00001263,TS-0000250,EMP-0031,2026-06-03,PRJ-008,WBS-00316,CC-00067,2026-06-03 06:00:00,2026-06-03 14:30:00,8.0,0.0,OnPrem-SQLServer
TE-00001264,TS-0000250,EMP-0031,2026-06-04,PRJ-008,WBS-00333,CC-00070,2026-06-04 06:30:00,2026-06-04 15:00:00,8.0,0.0,OnPrem-SQLServer
TE-00001265,TS-0000250,EMP-0031,2026-06-05,PRJ-008,WBS-00311,CC-00072,2026-06-05 06:15:00,2026-06-05 14:45:00,8.0,0.0,OnPrem-SQLServer
TE-00001266,TS-0000251,EMP-0031,2026-06-08,PRJ-008,WBS-00349,CC-00066,2026-06-08 06:30:00,2026-06-08 15:00:00,8.0,0.0,OnPrem-SQLServer
TE-00001267,TS-0000251,EMP-0031,2026-06-09,PRJ-008,WBS-00304,CC-00070,2026-06-09 06:30:00,2026-06-09 15:00:00,8.0,0.0,OnPrem-SQLServer
TE-00001268,TS-0000251,EMP-0031,2026-06-10,PRJ-008,WBS-00308,CC-00072,2026-06-10 06:30:00,2026-06-10 15:00:00,8.0,0.0,OnPrem-SQLServer
TE-00001269,TS-0000251,EMP-0031,2026-06-11,PRJ-008,WBS-00358,CC-00067,2026-06-11 06:00:00,2026-06-11 15:45:36,9.26,1.26,OnPrem-SQLServer
TE-00001270,TS-0000251,EMP-0031,2026-06-12,PRJ-008,WBS-00338,CC-00064,2026-06-12 06:00:00,2026-06-12 14:30:00,8.0,0.0,OnPrem-SQLServer
TE-00001271,TS-0000252,EMP-0031,2026-06-15,PRJ-008,WBS-00334,CC-00064,2026-06-15 06:00:00,2026-06-15 14:30:00,8.0,0.0,OnPrem-SQLServer
TE-00001272,TS-0000252,EMP-0031,2026-06-16,PRJ-008,WBS-00339,CC-00067,2026-06-16 06:30:00,2026-06-16 15:00:00,8.0,0.0,OnPrem-SQLServer
TE-00001273,TS-0000252,EMP-0031,2026-06-17,PRJ-008,WBS-00313,CC-00070,2026-06-17 06:15:00,2026-06-17 14:45:00,8.0,0.0,OnPrem-SQLServer
TE-00001274,TS-0000252,EMP-0031,2026-06-18,PRJ-008,WBS-00333,CC-00072,2026-06-18 06:30:00,2026-06-18 15:00:00,8.0,0.0,OnPrem-SQLServer
TE-00001275,TS-0000252,EMP-0031,2026-06-19,PRJ-008,WBS-00342,CC-00066,2026-06-19 06:30:00,2026-06-19 16:12:00,9.2,1.2,OnPrem-SQLServer
TE-00001276,TS-0000253,EMP-0031,2026-06-22,PRJ-008,WBS-00326,CC-00064,2026-06-22 06:30:00,2026-06-22 15:00:00,8.0,0.0,OnPrem-SQLServer
TE-00001277,TS-0000253,EMP-0031,2026-06-23,PRJ-008,WBS-00349,CC-00067,2026-06-23 06:00:00,2026-06-23 14:30:00,8.0,0.0,OnPrem-SQLServer
TE-00001278,TS-0000253,EMP-0031,2026-06-24,PRJ-008,WBS-00315,CC-00072,2026-06-24 06:15:00,2026-06-24 14:45:00,8.0,0.0,OnPrem-SQLServer
TE-00001279,TS-0000253,EMP-0031,2026-06-25,PRJ-008,WBS-00319,CC-00071,2026-06-25 06:15:00,2026-06-25 14:45:00,8.0,0.0,OnPrem-SQLServer
TE-00001280,TS-0000253,EMP-0031,2026-06-26,PRJ-008,WBS-00331,CC-00066,2026-06-26 06:15:00,2026-06-26 14:45:00,8.0,0.0,OnPrem-SQLServer
TE-00001281,TS-0000254,EMP-0031,2026-06-29,PRJ-008,WBS-00315,CC-00068,2026-06-29 06:30:00,2026-06-29 15:00:00,8.0,0.0,OnPrem-SQLServer
TE-00001282,TS-0000254,EMP-0031,2026-06-30,PRJ-008,WBS-00330,CC-00070,2026-06-30 06:30:00,2026-06-30 15:00:00,8.0,0.0,OnPrem-SQLServer
TE-00001283,TS-0000254,EMP-0031,2026-07-01,PRJ-008,WBS-00314,CC-00066,2026-07-01 06:30:00,2026-07-01 15:00:00,8.0,0.0,OnPrem-SQLServer
TE-00001284,TS-0000254,EMP-0031,2026-07-02,PRJ-008,WBS-00329,CC-00066,2026-07-02 06:00:00,2026-07-02 14:30:00,8.0,0.0,OnPrem-SQLServer
TE-00001285,TS-0000254,EMP-0031,2026-07-03,PRJ-008,WBS-00320,CC-00070,2026-07-03 06:30:00,2026-07-03 15:00:00,8.0,0.0,OnPrem-SQLServer
TE-00001286,TS-0000255,EMP-0031,2026-07-13,PRJ-008,WBS-00345,CC-00064,2026-07-13 06:30:00,2026-07-13 15:00:00,8.0,0.0,OnPrem-SQLServer
TE-00001287,TS-0000255,EMP-0031,2026-07-14,PRJ-008,WBS-00331,CC-00072,2026-07-14 06:00:00,2026-07-14 14:30:00,8.0,0.0,OnPrem-SQLServer
TE-00001288,TS-0000255,EMP-0031,2026-07-15,PRJ-008,WBS-00354,CC-00067,2026-07-15 06:30:00,2026-07-15 15:00:00,8.0,0.0,OnPrem-SQLServer
TE-00001289,TS-0000255,EMP-0031,2026-07-16,PRJ-008,WBS-00331,CC-00066,2026-07-16 06:00:00,2026-07-16 15:48:00,9.3,1.3,OnPrem-SQLServer
TE-00001290,TS-0000255,EMP-0031,2026-07-17,PRJ-008,WBS-00341,CC-00068,2026-07-17 06:00:00,2026-07-17 14:30:00,8.0,0.0,OnPrem-SQLServer
TE-00001291,TS-0000256,EMP-0031,2026-07-20,PRJ-008,WBS-00328,CC-00071,2026-07-20 06:30:00,2026-07-20 15:00:00,8.0,0.0,OnPrem-SQLServer
TE-00001292,TS-0000256,EMP-0031,2026-07-21,PRJ-008,WBS-00323,CC-00069,2026-07-21 06:15:00,2026-07-21 14:45:00,8.0,0.0,OnPrem-SQLServer
TE-00001293,TS-0000256,EMP-0031,2026-07-22,PRJ-008,WBS-00357,CC-00066,2026-07-22 06:15:00,2026-07-22 14:45:00,8.0,0.0,OnPrem-SQLServer
TE-00001294,TS-0000256,EMP-0031,2026-07-23,PRJ-008,WBS-00325,CC-00072,2026-07-23 06:00:00,2026-07-23 14:30:00,8.0,0.0,OnPrem-SQLServer
TE-00001295,TS-0000256,EMP-0031,2026-07-24,PRJ-008,WBS-00314,CC-00070,2026-07-24 06:00:00,2026-07-24 14:30:00,8.0,0.0,OnPrem-SQLServer
TE-00001296,TS-0000257,EMP-0031,2026-07-27,PRJ-008,WBS-00334,CC-00068,2026-07-27 06:30:00,2026-07-27 16:03:36,9.06,1.06,OnPrem-SQLServer
TE-00001297,TS-0000257,EMP-0031,2026-07-28,PRJ-008,WBS-00339,CC-00070,2026-07-28 06:15:00,2026-07-28 14:45:00,8.0,0.0,OnPrem-SQLServer
TE-00001298,TS-0000257,EMP-0031,2026-07-29,PRJ-008,WBS-00316,CC-00072,2026-07-29 06:30:00,2026-07-29 15:00:00,8.0,0.0,OnPrem-SQLServer
TE-00001299,TS-0000257,EMP-0031,2026-07-30,PRJ-008,WBS-00354,CC-00068,2026-07-30 06:00:00,2026-07-30 14:30:00,8.0,0.0,OnPrem-SQLServer
TE-00001300,TS-0000257,EMP-0031,2026-07-31,PRJ-008,WBS-00320,CC-00071,2026-07-31 06:30:00,2026-07-31 15:00:00,8.0,0.0,OnPrem-SQLServer
TE-00001301,TS-0000258,EMP-0032,2026-05-25,PRJ-008,WBS-00357,CC-00072,2026-05-25 06:00:00,2026-05-25 14:30:00,8.0,0.0,OnPrem-SQLServer
TE-00001302,TS-0000258,EMP-0032,2026-05-26,PRJ-008,WBS-00317,CC-00065,2026-05-26 06:00:00,2026-05-26 14:30:00,8.0,0.0,OnPrem-SQLServer
TE-00001303,TS-0000258,EMP-0032,2026-05-27,PRJ-008,WBS-00344,CC-00065,2026-05-27 06:00:00,2026-05-27 14:30:00,8.0,0.0,OnPrem-SQLServer
TE-00001304,TS-0000258,EMP-0032,2026-05-28,PRJ-008,WBS-00322,CC-00067,2026-05-28 06:00:00,2026-05-28 16:13:12,9.72,1.72,OnPrem-SQLServer
TE-00001305,TS-0000258,EMP-0032,2026-05-29,PRJ-008,WBS-00338,CC-00069,2026-05-29 06:15:00,2026-05-29 16:00:36,9.26,1.26,OnPrem-SQLServer
TE-00001306,TS-0000259,EMP-0032,2026-06-01,PRJ-008,WBS-00331,CC-00065,2026-06-01 06:15:00,2026-06-01 15:25:12,8.67,0.67,OnPrem-SQLServer
TE-00001307,TS-0000259,EMP-0032,2026-06-02,PRJ-008,WBS-00352,CC-00065,2026-06-02 06:00:00,2026-06-02 14:30:00,8.0,0.0,OnPrem-SQLServer
TE-00001308,TS-0000259,EMP-0032,2026-06-03,PRJ-008,WBS-00329,CC-00068,2026-06-03 06:00:00,2026-06-03 14:30:00,8.0,0.0,OnPrem-SQLServer
TE-00001309,TS-0000259,EMP-0032,2026-06-04,PRJ-008,WBS-00325,CC-00067,2026-06-04 06:15:00,2026-06-04 14:45:00,8.0,0.0,OnPrem-SQLServer
TE-00001310,TS-0000259,EMP-0032,2026-06-05,PRJ-008,WBS-00325,CC-00064,2026-06-05 06:30:00,2026-06-05 15:00:00,8.0,0.0,OnPrem-SQLServer
TE-00001311,TS-0000260,EMP-0032,2026-06-08,PRJ-007,WBS-00261,CC-00062,2026-06-08 06:15:00,2026-06-08 14:45:00,8.0,0.0,OnPrem-SQLServer
TE-00001312,TS-0000260,EMP-0032,2026-06-09,PRJ-007,WBS-00300,CC-00055,2026-06-09 06:30:00,2026-06-09 15:00:00,8.0,0.0,OnPrem-SQLServer
TE-00001313,TS-0000260,EMP-0032,2026-06-10,PRJ-007,WBS-00300,CC-00057,2026-06-10 06:30:00,2026-06-10 15:00:00,8.0,0.0,OnPrem-SQLServer
TE-00001314,TS-0000260,EMP-0032,2026-06-11,PRJ-007,WBS-00274,CC-00060,2026-06-11 06:00:00,2026-06-11 14:30:00,8.0,0.0,OnPrem-SQLServer
TE-00001315,TS-0000260,EMP-0032,2026-06-12,PRJ-007,WBS-00275,CC-00059,2026-06-12 06:00:00,2026-06-12 14:30:00,8.0,0.0,OnPrem-SQLServer
TE-00001316,TS-0000261,EMP-0032,2026-06-15,PRJ-008,WBS-00350,CC-00070,2026-06-15 06:00:00,2026-06-15 16:09:36,9.66,1.66,OnPrem-SQLServer
TE-00001317,TS-0000261,EMP-0032,2026-06-16,PRJ-008,WBS-00331,CC-00070,2026-06-16 06:15:00,2026-06-16 14:45:00,8.0,0.0,OnPrem-SQLServer
TE-00001318,TS-0000261,EMP-0032,2026-06-17,PRJ-008,WBS-00330,CC-00064,2026-06-17 06:15:00,2026-06-17 14:45:00,8.0,0.0,OnPrem-SQLServer
TE-00001319,TS-0000261,EMP-0032,2026-06-18,PRJ-008,WBS-00306,CC-00071,2026-06-18 06:00:00,2026-06-18 14:30:00,8.0,0.0,OnPrem-SQLServer
TE-00001320,TS-0000261,EMP-0032,2026-06-19,PRJ-008,WBS-00327,CC-00069,2026-06-19 06:00:00,2026-06-19 15:18:36,8.81,0.81,OnPrem-SQLServer
TE-00001321,TS-0000262,EMP-0032,2026-06-22,PRJ-008,WBS-00337,CC-00064,2026-06-22 06:30:00,2026-06-22 15:00:00,8.0,0.0,OnPrem-SQLServer
TE-00001322,TS-0000262,EMP-0032,2026-06-23,PRJ-008,WBS-00306,CC-00071,2026-06-23 06:30:00,2026-06-23 15:00:00,8.0,0.0,OnPrem-SQLServer
TE-00001323,TS-0000262,EMP-0032,2026-06-24,PRJ-008,WBS-00353,CC-00065,2026-06-24 06:30:00,2026-06-24 15:00:00,8.0,0.0,OnPrem-SQLServer
TE-00001324,TS-0000262,EMP-0032,2026-06-25,PRJ-008,WBS-00349,CC-00070,2026-06-25 06:15:00,2026-06-25 14:45:00,8.0,0.0,OnPrem-SQLServer
TE-00001325,TS-0000262,EMP-0032,2026-06-26,PRJ-008,WBS-00324,CC-00067,2026-06-26 06:15:00,2026-06-26 14:45:00,8.0,0.0,OnPrem-SQLServer
TE-00001326,TS-0000263,EMP-0032,2026-07-06,PRJ-008,WBS-00336,CC-00068,2026-07-06 06:30:00,2026-07-06 15:00:00,8.0,0.0,OnPrem-SQLServer
TE-00001327,TS-0000263,EMP-0032,2026-07-07,PRJ-008,WBS-00331,CC-00068,2026-07-07 06:00:00,2026-07-07 14:30:00,8.0,0.0,OnPrem-SQLServer
TE-00001328,TS-0000263,EMP-0032,2026-07-08,PRJ-008,WBS-00320,CC-00064,2026-07-08 06:00:00,2026-07-08 14:30:00,8.0,0.0,OnPrem-SQLServer
TE-00001329,TS-0000263,EMP-0032,2026-07-09,PRJ-008,WBS-00340,CC-00067,2026-07-09 06:30:00,2026-07-09 15:00:00,8.0,0.0,OnPrem-SQLServer
TE-00001330,TS-0000263,EMP-0032,2026-07-10,PRJ-008,WBS-00311,CC-00069,2026-07-10 06:00:00,2026-07-10 14:30:00,8.0,0.0,OnPrem-SQLServer
TE-00001331,TS-0000264,EMP-0032,2026-07-13,PRJ-008,WBS-00341,CC-00066,2026-07-13 06:15:00,2026-07-13 16:37:12,9.87,1.87,OnPrem-SQLServer
TE-00001332,TS-0000264,EMP-0032,2026-07-14,PRJ-008,WBS-00316,CC-00072,2026-07-14 06:30:00,2026-07-14 15:00:00,8.0,0.0,OnPrem-SQLServer
TE-00001333,TS-0000264,EMP-0032,2026-07-15,PRJ-008,WBS-00307,CC-00064,2026-07-15 06:00:00,2026-07-15 14:30:00,8.0,0.0,OnPrem-SQLServer
TE-00001334,TS-0000264,EMP-0032,2026-07-16,PRJ-008,WBS-00308,CC-00067,2026-07-16 06:00:00,2026-07-16 14:30:00,8.0,0.0,OnPrem-SQLServer
TE-00001335,TS-0000264,EMP-0032,2026-07-17,PRJ-008,WBS-00318,CC-00068,2026-07-17 06:30:00,2026-07-17 15:00:00,8.0,0.0,OnPrem-SQLServer
TE-00001336,TS-0000265,EMP-0032,2026-07-20,PRJ-008,WBS-00333,CC-00068,2026-07-20 06:30:00,2026-07-20 16:46:12,9.77,1.77,OnPrem-SQLServer
TE-00001337,TS-0000265,EMP-0032,2026-07-21,PRJ-008,WBS-00353,CC-00068,2026-07-21 06:30:00,2026-07-21 15:00:00,8.0,0.0,OnPrem-SQLServer
TE-00001338,TS-0000265,EMP-0032,2026-07-22,PRJ-008,WBS-00304,CC-00065,2026-07-22 06:00:00,2026-07-22 14:30:00,8.0,0.0,OnPrem-SQLServer
TE-00001339,TS-0000265,EMP-0032,2026-07-23,PRJ-008,WBS-00349,CC-00066,2026-07-23 06:15:00,2026-07-23 16:40:12,9.92,1.92,OnPrem-SQLServer
TE-00001340,TS-0000265,EMP-0032,2026-07-24,PRJ-008,WBS-00324,CC-00072,2026-07-24 06:15:00,2026-07-24 14:45:00,8.0,0.0,OnPrem-SQLServer
TE-00001341,TS-0000266,EMP-0034,2026-06-08,PRJ-011,WBS-00511,CC-00092,2026-06-08 06:30:00,2026-06-08 15:00:00,8.0,0.0,OnPrem-SQLServer
TE-00001342,TS-0000266,EMP-0034,2026-06-09,PRJ-011,WBS-00523,CC-00092,2026-06-09 06:00:00,2026-06-09 14:30:00,8.0,0.0,OnPrem-SQLServer
TE-00001343,TS-0000266,EMP-0034,2026-06-10,PRJ-011,WBS-00494,CC-00095,2026-06-10 06:00:00,2026-06-10 14:30:00,8.0,0.0,OnPrem-SQLServer
TE-00001344,TS-0000266,EMP-0034,2026-06-11,PRJ-011,WBS-00522,CC-00098,2026-06-11 06:30:00,2026-06-11 15:00:00,8.0,0.0,OnPrem-SQLServer
TE-00001345,TS-0000266,EMP-0034,2026-06-12,PRJ-011,WBS-00542,CC-00092,2026-06-12 06:15:00,2026-06-12 14:45:00,8.0,0.0,OnPrem-SQLServer
TE-00001346,TS-0000267,EMP-0034,2026-06-15,PRJ-011,WBS-00532,CC-00097,2026-06-15 06:00:00,2026-06-15 14:30:00,8.0,0.0,OnPrem-SQLServer
TE-00001347,TS-0000267,EMP-0034,2026-06-16,PRJ-011,WBS-00496,CC-00095,2026-06-16 06:00:00,2026-06-16 14:30:00,8.0,0.0,OnPrem-SQLServer
TE-00001348,TS-0000267,EMP-0034,2026-06-17,PRJ-011,WBS-00522,CC-00096,2026-06-17 06:00:00,2026-06-17 16:27:00,9.95,1.95,OnPrem-SQLServer
TE-00001349,TS-0000267,EMP-0034,2026-06-18,PRJ-011,WBS-00525,CC-00092,2026-06-18 06:00:00,2026-06-18 14:30:00,8.0,0.0,OnPrem-SQLServer
TE-00001350,TS-0000267,EMP-0034,2026-06-19,PRJ-011,WBS-00500,CC-00097,2026-06-19 06:30:00,2026-06-19 15:00:00,8.0,0.0,OnPrem-SQLServer
TE-00001351,TS-0000268,EMP-0034,2026-06-22,PRJ-011,WBS-00512,CC-00098,2026-06-22 06:30:00,2026-06-22 15:00:00,8.0,0.0,OnPrem-SQLServer
TE-00001352,TS-0000268,EMP-0034,2026-06-23,PRJ-011,WBS-00508,CC-00099,2026-06-23 06:30:00,2026-06-23 15:00:00,8.0,0.0,OnPrem-SQLServer
TE-00001353,TS-0000268,EMP-0034,2026-06-24,PRJ-011,WBS-00526,CC-00098,2026-06-24 06:30:00,2026-06-24 15:00:00,8.0,0.0,OnPrem-SQLServer
TE-00001354,TS-0000268,EMP-0034,2026-06-25,PRJ-011,WBS-00519,CC-00096,2026-06-25 06:00:00,2026-06-25 14:30:00,8.0,0.0,OnPrem-SQLServer
TE-00001355,TS-0000268,EMP-0034,2026-06-26,PRJ-011,WBS-00515,CC-00092,2026-06-26 06:15:00,2026-06-26 14:45:00,8.0,0.0,OnPrem-SQLServer
TE-00001356,TS-0000269,EMP-0034,2026-06-29,PRJ-011,WBS-00530,CC-00092,2026-06-29 06:30:00,2026-06-29 15:00:00,8.0,0.0,OnPrem-SQLServer
TE-00001357,TS-0000269,EMP-0034,2026-06-30,PRJ-011,WBS-00488,CC-00095,2026-06-30 06:00:00,2026-06-30 14:30:00,8.0,0.0,OnPrem-SQLServer
TE-00001358,TS-0000269,EMP-0034,2026-07-01,PRJ-011,WBS-00489,CC-00093,2026-07-01 06:15:00,2026-07-01 14:45:00,8.0,0.0,OnPrem-SQLServer
TE-00001359,TS-0000269,EMP-0034,2026-07-02,PRJ-011,WBS-00504,CC-00099,2026-07-02 06:15:00,2026-07-02 14:45:00,8.0,0.0,OnPrem-SQLServer
TE-00001360,TS-0000269,EMP-0034,2026-07-03,PRJ-011,WBS-00509,CC-00097,2026-07-03 06:30:00,2026-07-03 15:00:00,8.0,0.0,OnPrem-SQLServer
TE-00001361,TS-0000270,EMP-0034,2026-07-06,PRJ-002,WBS-00059,CC-00017,2026-07-06 06:15:00,2026-07-06 14:45:00,8.0,0.0,OnPrem-SQLServer
TE-00001362,TS-0000270,EMP-0034,2026-07-07,PRJ-002,WBS-00079,CC-00013,2026-07-07 06:15:00,2026-07-07 14:45:00,8.0,0.0,OnPrem-SQLServer
TE-00001363,TS-0000270,EMP-0034,2026-07-08,PRJ-002,WBS-00065,CC-00010,2026-07-08 06:30:00,2026-07-08 15:36:36,8.61,0.61,OnPrem-SQLServer
TE-00001364,TS-0000270,EMP-0034,2026-07-09,PRJ-002,WBS-00071,CC-00016,2026-07-09 06:30:00,2026-07-09 15:00:00,8.0,0.0,OnPrem-SQLServer
TE-00001365,TS-0000270,EMP-0034,2026-07-10,PRJ-002,WBS-00078,CC-00015,2026-07-10 06:15:00,2026-07-10 14:45:00,8.0,0.0,OnPrem-SQLServer
TE-00001366,TS-0000271,EMP-0034,2026-07-13,PRJ-011,WBS-00539,CC-00098,2026-07-13 06:15:00,2026-07-13 14:45:00,8.0,0.0,OnPrem-SQLServer
TE-00001367,TS-0000271,EMP-0034,2026-07-14,PRJ-011,WBS-00521,CC-00099,2026-07-14 06:00:00,2026-07-14 14:30:00,8.0,0.0,OnPrem-SQLServer
TE-00001368,TS-0000271,EMP-0034,2026-07-15,PRJ-011,WBS-00502,CC-00096,2026-07-15 06:15:00,2026-07-15 14:45:00,8.0,0.0,OnPrem-SQLServer
TE-00001369,TS-0000271,EMP-0034,2026-07-16,PRJ-011,WBS-00530,CC-00093,2026-07-16 06:15:00,2026-07-16 14:45:00,8.0,0.0,OnPrem-SQLServer
TE-00001370,TS-0000271,EMP-0034,2026-07-17,PRJ-011,WBS-00518,CC-00091,2026-07-17 06:00:00,2026-07-17 14:30:00,8.0,0.0,OnPrem-SQLServer
TE-00001371,TS-0000272,EMP-0034,2026-07-20,PRJ-011,WBS-00507,CC-00091,2026-07-20 06:00:00,2026-07-20 14:30:00,8.0,0.0,OnPrem-SQLServer
TE-00001372,TS-0000272,EMP-0034,2026-07-21,PRJ-011,WBS-00511,CC-00092,2026-07-21 06:30:00,2026-07-21 15:00:00,8.0,0.0,OnPrem-SQLServer
TE-00001373,TS-0000272,EMP-0034,2026-07-22,PRJ-011,WBS-00536,CC-00098,2026-07-22 06:15:00,2026-07-22 14:45:00,8.0,0.0,OnPrem-SQLServer
TE-00001374,TS-0000272,EMP-0034,2026-07-23,PRJ-011,WBS-00539,CC-00092,2026-07-23 06:00:00,2026-07-23 14:30:00,8.0,0.0,OnPrem-SQLServer
TE-00001375,TS-0000272,EMP-0034,2026-07-24,PRJ-011,WBS-00506,CC-00098,2026-07-24 06:00:00,2026-07-24 14:30:00,8.0,0.0,OnPrem-SQLServer
TE-00001376,TS-0000273,EMP-0034,2026-07-27,PRJ-011,WBS-00540,CC-00094,2026-07-27 06:00:00,2026-07-27 14:30:00,8.0,0.0,OnPrem-SQLServer
TE-00001377,TS-0000273,EMP-0034,2026-07-28,PRJ-011,WBS-00503,CC-00095,2026-07-28 06:30:00,2026-07-28 15:00:00,8.0,0.0,OnPrem-SQLServer
TE-00001378,TS-0000273,EMP-0034,2026-07-29,PRJ-011,WBS-00524,CC-00097,2026-07-29 06:30:00,2026-07-29 15:00:00,8.0,0.0,OnPrem-SQLServer
TE-00001379,TS-0000273,EMP-0034,2026-07-30,PRJ-011,WBS-00516,CC-00093,2026-07-30 06:15:00,2026-07-30 14:45:00,8.0,0.0,OnPrem-SQLServer
TE-00001380,TS-0000273,EMP-0034,2026-07-31,PRJ-011,WBS-00488,CC-00092,2026-07-31 06:15:00,2026-07-31 14:45:00,8.0,0.0,OnPrem-SQLServer
TE-00001381,TS-0000274,EMP-0035,2026-06-01,PRJ-005,WBS-00203,CC-00041,2026-06-01 06:00:00,2026-06-01 14:30:00,8.0,0.0,OnPrem-SQLServer
TE-00001382,TS-0000274,EMP-0035,2026-06-02,PRJ-005,WBS-00173,CC-00041,2026-06-02 06:00:00,2026-06-02 14:30:00,8.0,0.0,OnPrem-SQLServer
TE-00001383,TS-0000274,EMP-0035,2026-06-03,PRJ-005,WBS-00196,CC-00042,2026-06-03 06:15:00,2026-06-03 14:45:00,8.0,0.0,OnPrem-SQLServer
TE-00001384,TS-0000274,EMP-0035,2026-06-04,PRJ-005,WBS-00178,CC-00043,2026-06-04 06:15:00,2026-06-04 14:45:00,8.0,0.0,OnPrem-SQLServer
TE-00001385,TS-0000274,EMP-0035,2026-06-05,PRJ-005,WBS-00170,CC-00044,2026-06-05 06:30:00,2026-06-05 15:00:00,8.0,0.0,OnPrem-SQLServer
TE-00001386,TS-0000275,EMP-0035,2026-06-08,PRJ-005,WBS-00179,CC-00037,2026-06-08 06:15:00,2026-06-08 14:45:00,8.0,0.0,OnPrem-SQLServer
TE-00001387,TS-0000275,EMP-0035,2026-06-09,PRJ-005,WBS-00189,CC-00040,2026-06-09 06:00:00,2026-06-09 14:30:00,8.0,0.0,OnPrem-SQLServer
TE-00001388,TS-0000275,EMP-0035,2026-06-10,PRJ-005,WBS-00197,CC-00038,2026-06-10 06:00:00,2026-06-10 14:30:00,8.0,0.0,OnPrem-SQLServer
TE-00001389,TS-0000275,EMP-0035,2026-06-11,PRJ-005,WBS-00170,CC-00040,2026-06-11 06:00:00,2026-06-11 14:30:00,8.0,0.0,OnPrem-SQLServer
TE-00001390,TS-0000275,EMP-0035,2026-06-12,PRJ-005,WBS-00168,CC-00043,2026-06-12 06:30:00,2026-06-12 15:00:00,8.0,0.0,OnPrem-SQLServer
TE-00001391,TS-0000276,EMP-0035,2026-06-15,PRJ-005,WBS-00168,CC-00042,2026-06-15 06:30:00,2026-06-15 15:00:00,8.0,0.0,OnPrem-SQLServer
TE-00001392,TS-0000276,EMP-0035,2026-06-16,PRJ-005,WBS-00169,CC-00040,2026-06-16 06:00:00,2026-06-16 14:30:00,8.0,0.0,OnPrem-SQLServer
TE-00001393,TS-0000276,EMP-0035,2026-06-17,PRJ-005,WBS-00180,CC-00044,2026-06-17 06:15:00,2026-06-17 14:45:00,8.0,0.0,OnPrem-SQLServer
TE-00001394,TS-0000276,EMP-0035,2026-06-18,PRJ-005,WBS-00178,CC-00038,2026-06-18 06:00:00,2026-06-18 14:30:00,8.0,0.0,OnPrem-SQLServer
TE-00001395,TS-0000276,EMP-0035,2026-06-19,PRJ-005,WBS-00202,CC-00043,2026-06-19 06:00:00,2026-06-19 14:30:00,8.0,0.0,OnPrem-SQLServer
TE-00001396,TS-0000277,EMP-0035,2026-06-22,PRJ-005,WBS-00212,CC-00044,2026-06-22 06:15:00,2026-06-22 14:45:00,8.0,0.0,OnPrem-SQLServer
TE-00001397,TS-0000277,EMP-0035,2026-06-23,PRJ-005,WBS-00173,CC-00039,2026-06-23 06:15:00,2026-06-23 14:45:00,8.0,0.0,OnPrem-SQLServer
TE-00001398,TS-0000277,EMP-0035,2026-06-24,PRJ-005,WBS-00182,CC-00041,2026-06-24 06:30:00,2026-06-24 15:00:00,8.0,0.0,OnPrem-SQLServer
TE-00001399,TS-0000277,EMP-0035,2026-06-25,PRJ-005,WBS-00172,CC-00038,2026-06-25 06:00:00,2026-06-25 14:30:00,8.0,0.0,OnPrem-SQLServer
TE-00001400,TS-0000277,EMP-0035,2026-06-26,PRJ-005,WBS-00178,CC-00042,2026-06-26 06:30:00,2026-06-26 15:00:00,8.0,0.0,OnPrem-SQLServer
TE-00001401,TS-0000278,EMP-0035,2026-06-29,PRJ-005,WBS-00170,CC-00042,2026-06-29 06:15:00,2026-06-29 14:45:00,8.0,0.0,OnPrem-SQLServer
TE-00001402,TS-0000278,EMP-0035,2026-06-30,PRJ-005,WBS-00206,CC-00038,2026-06-30 06:00:00,2026-06-30 14:30:00,8.0,0.0,OnPrem-SQLServer
TE-00001403,TS-0000278,EMP-0035,2026-07-01,PRJ-005,WBS-00173,CC-00040,2026-07-01 06:30:00,2026-07-01 15:00:00,8.0,0.0,OnPrem-SQLServer
TE-00001404,TS-0000278,EMP-0035,2026-07-02,PRJ-005,WBS-00192,CC-00037,2026-07-02 06:30:00,2026-07-02 15:00:00,8.0,0.0,OnPrem-SQLServer
TE-00001405,TS-0000278,EMP-0035,2026-07-03,PRJ-005,WBS-00185,CC-00044,2026-07-03 06:00:00,2026-07-03 14:30:00,8.0,0.0,OnPrem-SQLServer
TE-00001406,TS-0000279,EMP-0035,2026-07-06,PRJ-008,WBS-00320,CC-00065,2026-07-06 06:00:00,2026-07-06 16:26:24,9.94,1.94,OnPrem-SQLServer
TE-00001407,TS-0000279,EMP-0035,2026-07-07,PRJ-008,WBS-00306,CC-00064,2026-07-07 06:15:00,2026-07-07 14:45:00,8.0,0.0,OnPrem-SQLServer
TE-00001408,TS-0000279,EMP-0035,2026-07-08,PRJ-008,WBS-00354,CC-00066,2026-07-08 06:00:00,2026-07-08 14:30:00,8.0,0.0,OnPrem-SQLServer
TE-00001409,TS-0000279,EMP-0035,2026-07-09,PRJ-008,WBS-00313,CC-00064,2026-07-09 06:30:00,2026-07-09 15:00:00,8.0,0.0,OnPrem-SQLServer
TE-00001410,TS-0000279,EMP-0035,2026-07-10,PRJ-008,WBS-00359,CC-00072,2026-07-10 06:00:00,2026-07-10 14:30:00,8.0,0.0,OnPrem-SQLServer
TE-00001411,TS-0000280,EMP-0035,2026-07-13,PRJ-005,WBS-00201,CC-00044,2026-07-13 06:15:00,2026-07-13 14:45:00,8.0,0.0,OnPrem-SQLServer
TE-00001412,TS-0000280,EMP-0035,2026-07-14,PRJ-005,WBS-00176,CC-00045,2026-07-14 06:30:00,2026-07-14 15:00:00,8.0,0.0,OnPrem-SQLServer
TE-00001413,TS-0000280,EMP-0035,2026-07-15,PRJ-005,WBS-00201,CC-00040,2026-07-15 06:15:00,2026-07-15 14:45:00,8.0,0.0,OnPrem-SQLServer
TE-00001414,TS-0000280,EMP-0035,2026-07-16,PRJ-005,WBS-00203,CC-00045,2026-07-16 06:30:00,2026-07-16 15:00:00,8.0,0.0,OnPrem-SQLServer
TE-00001415,TS-0000280,EMP-0035,2026-07-17,PRJ-005,WBS-00207,CC-00039,2026-07-17 06:00:00,2026-07-17 14:30:00,8.0,0.0,OnPrem-SQLServer
TE-00001416,TS-0000281,EMP-0035,2026-07-20,PRJ-005,WBS-00173,CC-00045,2026-07-20 06:15:00,2026-07-20 16:10:48,9.43,1.43,OnPrem-SQLServer
TE-00001417,TS-0000281,EMP-0035,2026-07-21,PRJ-005,WBS-00183,CC-00044,2026-07-21 06:30:00,2026-07-21 15:00:00,8.0,0.0,OnPrem-SQLServer
TE-00001418,TS-0000281,EMP-0035,2026-07-22,PRJ-005,WBS-00184,CC-00040,2026-07-22 06:30:00,2026-07-22 15:00:00,8.0,0.0,OnPrem-SQLServer
TE-00001419,TS-0000281,EMP-0035,2026-07-23,PRJ-005,WBS-00173,CC-00040,2026-07-23 06:30:00,2026-07-23 15:00:00,8.0,0.0,OnPrem-SQLServer
TE-00001420,TS-0000281,EMP-0035,2026-07-24,PRJ-005,WBS-00177,CC-00044,2026-07-24 06:30:00,2026-07-24 15:00:00,8.0,0.0,OnPrem-SQLServer
TE-00001421,TS-0000282,EMP-0035,2026-07-27,PRJ-005,WBS-00210,CC-00037,2026-07-27 06:00:00,2026-07-27 14:30:00,8.0,0.0,OnPrem-SQLServer
TE-00001422,TS-0000282,EMP-0035,2026-07-28,PRJ-005,WBS-00204,CC-00037,2026-07-28 06:30:00,2026-07-28 15:00:00,8.0,0.0,OnPrem-SQLServer
TE-00001423,TS-0000282,EMP-0035,2026-07-29,PRJ-005,WBS-00168,CC-00038,2026-07-29 06:30:00,2026-07-29 15:00:00,8.0,0.0,OnPrem-SQLServer
TE-00001424,TS-0000282,EMP-0035,2026-07-30,PRJ-005,WBS-00202,CC-00038,2026-07-30 06:00:00,2026-07-30 14:30:00,8.0,0.0,OnPrem-SQLServer
TE-00001425,TS-0000282,EMP-0035,2026-07-31,PRJ-005,WBS-00172,CC-00041,2026-07-31 06:30:00,2026-07-31 15:00:00,8.0,0.0,OnPrem-SQLServer
TE-00001426,TS-0000283,EMP-0036,2026-05-18,PRJ-011,WBS-00489,CC-00091,2026-05-18 06:15:00,2026-05-18 14:45:00,8.0,0.0,OnPrem-SQLServer
TE-00001427,TS-0000283,EMP-0036,2026-05-19,PRJ-011,WBS-00500,CC-00096,2026-05-19 06:15:00,2026-05-19 14:45:00,8.0,0.0,OnPrem-SQLServer
TE-00001428,TS-0000283,EMP-0036,2026-05-20,PRJ-011,WBS-00511,CC-00097,2026-05-20 06:00:00,2026-05-20 14:30:00,8.0,0.0,OnPrem-SQLServer
TE-00001429,TS-0000283,EMP-0036,2026-05-21,PRJ-011,WBS-00506,CC-00094,2026-05-21 06:15:00,2026-05-21 14:45:00,8.0,0.0,OnPrem-SQLServer
TE-00001430,TS-0000283,EMP-0036,2026-05-22,PRJ-011,WBS-00502,CC-00094,2026-05-22 06:00:00,2026-05-22 14:30:00,8.0,0.0,OnPrem-SQLServer
TE-00001431,TS-0000284,EMP-0036,2026-05-25,PRJ-008,WBS-00314,CC-00066,2026-05-25 06:15:00,2026-05-25 14:45:00,8.0,0.0,OnPrem-SQLServer
TE-00001432,TS-0000284,EMP-0036,2026-05-26,PRJ-008,WBS-00347,CC-00064,2026-05-26 06:30:00,2026-05-26 15:44:24,8.74,0.74,OnPrem-SQLServer
TE-00001433,TS-0000284,EMP-0036,2026-05-27,PRJ-008,WBS-00334,CC-00072,2026-05-27 06:15:00,2026-05-27 14:45:00,8.0,0.0,OnPrem-SQLServer
TE-00001434,TS-0000284,EMP-0036,2026-05-28,PRJ-008,WBS-00310,CC-00066,2026-05-28 06:30:00,2026-05-28 15:00:00,8.0,0.0,OnPrem-SQLServer
TE-00001435,TS-0000284,EMP-0036,2026-05-29,PRJ-008,WBS-00357,CC-00069,2026-05-29 06:30:00,2026-05-29 15:00:00,8.0,0.0,OnPrem-SQLServer
TE-00001436,TS-0000285,EMP-0036,2026-06-01,PRJ-011,WBS-00494,CC-00092,2026-06-01 06:00:00,2026-06-01 14:30:00,8.0,0.0,OnPrem-SQLServer
TE-00001437,TS-0000285,EMP-0036,2026-06-02,PRJ-011,WBS-00542,CC-00093,2026-06-02 06:00:00,2026-06-02 14:30:00,8.0,0.0,OnPrem-SQLServer
TE-00001438,TS-0000285,EMP-0036,2026-06-03,PRJ-011,WBS-00509,CC-00097,2026-06-03 06:15:00,2026-06-03 16:07:48,9.38,1.38,OnPrem-SQLServer
TE-00001439,TS-0000285,EMP-0036,2026-06-04,PRJ-011,WBS-00496,CC-00092,2026-06-04 06:15:00,2026-06-04 14:45:00,8.0,0.0,OnPrem-SQLServer
TE-00001440,TS-0000285,EMP-0036,2026-06-05,PRJ-011,WBS-00536,CC-00096,2026-06-05 06:30:00,2026-06-05 15:00:00,8.0,0.0,OnPrem-SQLServer
TE-00001441,TS-0000286,EMP-0036,2026-06-08,PRJ-011,WBS-00502,CC-00094,2026-06-08 06:00:00,2026-06-08 14:30:00,8.0,0.0,OnPrem-SQLServer
TE-00001442,TS-0000286,EMP-0036,2026-06-09,PRJ-011,WBS-00490,CC-00095,2026-06-09 06:00:00,2026-06-09 14:30:00,8.0,0.0,OnPrem-SQLServer
TE-00001443,TS-0000286,EMP-0036,2026-06-10,PRJ-011,WBS-00526,CC-00097,2026-06-10 06:30:00,2026-06-10 15:00:00,8.0,0.0,OnPrem-SQLServer
TE-00001444,TS-0000286,EMP-0036,2026-06-11,PRJ-011,WBS-00527,CC-00094,2026-06-11 06:00:00,2026-06-11 16:06:36,9.61,1.61,OnPrem-SQLServer
TE-00001445,TS-0000286,EMP-0036,2026-06-12,PRJ-011,WBS-00511,CC-00092,2026-06-12 06:00:00,2026-06-12 14:30:00,8.0,0.0,OnPrem-SQLServer
TE-00001446,TS-0000287,EMP-0036,2026-06-22,PRJ-011,WBS-00487,CC-00094,2026-06-22 06:00:00,2026-06-22 15:16:48,8.78,0.78,OnPrem-SQLServer
TE-00001447,TS-0000287,EMP-0036,2026-06-23,PRJ-011,WBS-00541,CC-00096,2026-06-23 06:30:00,2026-06-23 16:27:00,9.45,1.45,OnPrem-SQLServer
TE-00001448,TS-0000287,EMP-0036,2026-06-24,PRJ-011,WBS-00508,CC-00094,2026-06-24 06:00:00,2026-06-24 14:30:00,8.0,0.0,OnPrem-SQLServer
TE-00001449,TS-0000287,EMP-0036,2026-06-25,PRJ-011,WBS-00513,CC-00098,2026-06-25 06:00:00,2026-06-25 14:30:00,8.0,0.0,OnPrem-SQLServer
TE-00001450,TS-0000287,EMP-0036,2026-06-26,PRJ-011,WBS-00528,CC-00096,2026-06-26 06:30:00,2026-06-26 15:00:00,8.0,0.0,OnPrem-SQLServer
TE-00001451,TS-0000288,EMP-0036,2026-06-29,PRJ-010,WBS-00454,CC-00084,2026-06-29 06:00:00,2026-06-29 15:09:36,8.66,0.66,OnPrem-SQLServer
TE-00001452,TS-0000288,EMP-0036,2026-06-30,PRJ-010,WBS-00427,CC-00086,2026-06-30 06:15:00,2026-06-30 14:45:00,8.0,0.0,OnPrem-SQLServer
TE-00001453,TS-0000288,EMP-0036,2026-07-01,PRJ-010,WBS-00478,CC-00088,2026-07-01 06:00:00,2026-07-01 14:30:00,8.0,0.0,OnPrem-SQLServer
TE-00001454,TS-0000288,EMP-0036,2026-07-02,PRJ-010,WBS-00486,CC-00088,2026-07-02 06:15:00,2026-07-02 14:45:00,8.0,0.0,OnPrem-SQLServer
TE-00001455,TS-0000288,EMP-0036,2026-07-03,PRJ-010,WBS-00476,CC-00087,2026-07-03 06:00:00,2026-07-03 14:30:00,8.0,0.0,OnPrem-SQLServer
TE-00001456,TS-0000289,EMP-0036,2026-07-06,PRJ-011,WBS-00516,CC-00093,2026-07-06 06:00:00,2026-07-06 14:30:00,8.0,0.0,OnPrem-SQLServer
TE-00001457,TS-0000289,EMP-0036,2026-07-07,PRJ-011,WBS-00533,CC-00099,2026-07-07 06:30:00,2026-07-07 15:00:00,8.0,0.0,OnPrem-SQLServer
TE-00001458,TS-0000289,EMP-0036,2026-07-08,PRJ-011,WBS-00530,CC-00091,2026-07-08 06:15:00,2026-07-08 16:22:48,9.63,1.63,OnPrem-SQLServer
TE-00001459,TS-0000289,EMP-0036,2026-07-09,PRJ-011,WBS-00517,CC-00096,2026-07-09 06:30:00,2026-07-09 15:00:00,8.0,0.0,OnPrem-SQLServer
TE-00001460,TS-0000289,EMP-0036,2026-07-10,PRJ-011,WBS-00521,CC-00094,2026-07-10 06:15:00,2026-07-10 14:45:00,8.0,0.0,OnPrem-SQLServer
TE-00001461,TS-0000290,EMP-0036,2026-07-13,PRJ-006,WBS-00245,CC-00049,2026-07-13 06:00:00,2026-07-13 14:30:00,8.0,0.0,OnPrem-SQLServer
TE-00001462,TS-0000290,EMP-0036,2026-07-14,PRJ-006,WBS-00246,CC-00051,2026-07-14 06:30:00,2026-07-14 15:00:00,8.0,0.0,OnPrem-SQLServer
TE-00001463,TS-0000290,EMP-0036,2026-07-15,PRJ-006,WBS-00229,CC-00054,2026-07-15 06:15:00,2026-07-15 14:45:00,8.0,0.0,OnPrem-SQLServer
TE-00001464,TS-0000290,EMP-0036,2026-07-16,PRJ-006,WBS-00237,CC-00054,2026-07-16 06:30:00,2026-07-16 15:00:00,8.0,0.0,OnPrem-SQLServer
TE-00001465,TS-0000290,EMP-0036,2026-07-17,PRJ-006,WBS-00251,CC-00052,2026-07-17 06:30:00,2026-07-17 15:00:00,8.0,0.0,OnPrem-SQLServer
TE-00001466,TS-0000291,EMP-0036,2026-07-27,PRJ-011,WBS-00492,CC-00096,2026-07-27 06:00:00,2026-07-27 14:30:00,8.0,0.0,OnPrem-SQLServer
TE-00001467,TS-0000291,EMP-0036,2026-07-28,PRJ-011,WBS-00526,CC-00095,2026-07-28 06:00:00,2026-07-28 14:30:00,8.0,0.0,OnPrem-SQLServer
TE-00001468,TS-0000291,EMP-0036,2026-07-29,PRJ-011,WBS-00500,CC-00097,2026-07-29 06:00:00,2026-07-29 14:30:00,8.0,0.0,OnPrem-SQLServer
TE-00001469,TS-0000291,EMP-0036,2026-07-30,PRJ-011,WBS-00523,CC-00091,2026-07-30 06:00:00,2026-07-30 15:40:12,9.17,1.17,OnPrem-SQLServer
TE-00001470,TS-0000291,EMP-0036,2026-07-31,PRJ-011,WBS-00491,CC-00095,2026-07-31 06:15:00,2026-07-31 14:45:00,8.0,0.0,OnPrem-SQLServer
TE-00001471,TS-0000292,EMP-0038,2026-06-15,PRJ-001,WBS-00049,CC-00003,2026-06-15 07:15:00,2026-06-15 18:18:36,10.56,2.56,OnPrem-SQLServer
TE-00001472,TS-0000292,EMP-0038,2026-06-16,PRJ-001,WBS-00020,CC-00002,2026-06-16 06:00:00,2026-06-16 18:26:24,11.94,3.94,OnPrem-SQLServer
TE-00001473,TS-0000292,EMP-0038,2026-06-17,PRJ-001,WBS-00041,CC-00006,2026-06-17 07:15:00,2026-06-17 17:39:36,9.91,1.91,OnPrem-SQLServer
TE-00001474,TS-0000292,EMP-0038,2026-06-18,PRJ-001,WBS-00041,CC-00001,2026-06-18 06:00:00,2026-06-18 14:30:00,8.0,0.0,OnPrem-SQLServer
TE-00001475,TS-0000292,EMP-0038,2026-06-19,PRJ-001,WBS-00043,CC-00005,2026-06-19 06:00:00,2026-06-19 14:30:00,8.0,0.0,OnPrem-SQLServer
TE-00001476,TS-0000292,EMP-0038,2026-06-20,PRJ-001,WBS-00038,CC-00009,2026-06-20 06:00:00,2026-06-20 16:06:36,9.61,9.61,OnPrem-SQLServer
TE-00001477,TS-0000293,EMP-0038,2026-06-22,PRJ-001,WBS-00026,CC-00006,2026-06-22 06:30:00,2026-06-22 18:36:36,11.61,3.61,OnPrem-SQLServer
TE-00001478,TS-0000293,EMP-0038,2026-06-23,PRJ-001,WBS-00005,CC-00009,2026-06-23 07:30:00,2026-06-23 17:46:48,9.78,1.78,OnPrem-SQLServer
TE-00001479,TS-0000293,EMP-0038,2026-06-24,PRJ-001,WBS-00005,CC-00002,2026-06-24 07:00:00,2026-06-24 17:06:36,9.61,1.61,OnPrem-SQLServer
TE-00001480,TS-0000293,EMP-0038,2026-06-25,PRJ-001,WBS-00006,CC-00008,2026-06-25 06:00:00,2026-06-25 18:00:36,11.51,3.51,OnPrem-SQLServer
TE-00001481,TS-0000293,EMP-0038,2026-06-26,PRJ-001,WBS-00029,CC-00005,2026-06-26 07:15:00,2026-06-26 15:45:00,8.0,0.0,OnPrem-SQLServer
TE-00001482,TS-0000294,EMP-0038,2026-06-29,PRJ-001,WBS-00025,CC-00009,2026-06-29 07:00:00,2026-06-29 15:30:00,8.0,0.0,OnPrem-SQLServer
TE-00001483,TS-0000294,EMP-0038,2026-06-30,PRJ-001,WBS-00050,CC-00003,2026-06-30 06:00:00,2026-06-30 15:40:48,9.18,1.18,OnPrem-SQLServer
TE-00001484,TS-0000294,EMP-0038,2026-07-01,PRJ-001,WBS-00027,CC-00006,2026-07-01 07:15:00,2026-07-01 18:48:36,11.06,3.06,OnPrem-SQLServer
TE-00001485,TS-0000294,EMP-0038,2026-07-02,PRJ-001,WBS-00013,CC-00007,2026-07-02 07:30:00,2026-07-02 18:09:00,10.15,2.15,OnPrem-SQLServer
TE-00001486,TS-0000294,EMP-0038,2026-07-03,PRJ-001,WBS-00002,CC-00008,2026-07-03 06:15:00,2026-07-03 14:45:00,8.0,0.0,OnPrem-SQLServer
TE-00001487,TS-0000294,EMP-0038,2026-07-04,PRJ-001,WBS-00046,CC-00002,2026-07-04 07:00:00,2026-07-04 15:19:48,7.83,7.83,OnPrem-SQLServer
TE-00001488,TS-0000295,EMP-0038,2026-07-06,PRJ-001,WBS-00028,CC-00003,2026-07-06 06:15:00,2026-07-06 14:45:00,8.0,0.0,OnPrem-SQLServer
TE-00001489,TS-0000295,EMP-0038,2026-07-07,PRJ-001,WBS-00025,CC-00008,2026-07-07 06:15:00,2026-07-07 14:45:00,8.0,0.0,OnPrem-SQLServer
TE-00001490,TS-0000295,EMP-0038,2026-07-08,PRJ-001,WBS-00014,CC-00007,2026-07-08 07:15:00,2026-07-08 18:37:12,10.87,2.87,OnPrem-SQLServer
TE-00001491,TS-0000295,EMP-0038,2026-07-09,PRJ-001,WBS-00032,CC-00008,2026-07-09 06:30:00,2026-07-09 15:00:00,8.0,0.0,OnPrem-SQLServer
TE-00001492,TS-0000295,EMP-0038,2026-07-10,PRJ-001,WBS-00030,CC-00007,2026-07-10 07:30:00,2026-07-10 16:30:00,8.5,0.5,OnPrem-SQLServer
TE-00001493,TS-0000295,EMP-0038,2026-07-11,PRJ-001,WBS-00024,CC-00008,2026-07-11 06:30:00,2026-07-11 16:09:00,9.15,9.15,OnPrem-SQLServer
TE-00001494,TS-0000296,EMP-0038,2026-07-13,PRJ-001,WBS-00033,CC-00002,2026-07-13 07:30:00,2026-07-13 17:37:48,9.63,1.63,OnPrem-SQLServer
TE-00001495,TS-0000296,EMP-0038,2026-07-14,PRJ-001,WBS-00051,CC-00007,2026-07-14 06:30:00,2026-07-14 17:52:12,10.87,2.87,OnPrem-SQLServer
TE-00001496,TS-0000296,EMP-0038,2026-07-15,PRJ-001,WBS-00049,CC-00003,2026-07-15 06:00:00,2026-07-15 15:40:48,9.18,1.18,OnPrem-SQLServer
TE-00001497,TS-0000296,EMP-0038,2026-07-16,PRJ-001,WBS-00027,CC-00008,2026-07-16 06:00:00,2026-07-16 14:30:00,8.0,0.0,OnPrem-SQLServer
TE-00001498,TS-0000296,EMP-0038,2026-07-17,PRJ-001,WBS-00038,CC-00001,2026-07-17 06:15:00,2026-07-17 15:45:36,9.01,1.01,OnPrem-SQLServer
TE-00001499,TS-0000297,EMP-0038,2026-07-20,PRJ-001,WBS-00022,CC-00001,2026-07-20 06:15:00,2026-07-20 16:30:00,9.75,1.75,OnPrem-SQLServer
TE-00001500,TS-0000297,EMP-0038,2026-07-21,PRJ-001,WBS-00033,CC-00003,2026-07-21 06:00:00,2026-07-21 17:00:36,10.51,2.51,OnPrem-SQLServer
TE-00001501,TS-0000297,EMP-0038,2026-07-22,PRJ-001,WBS-00023,CC-00006,2026-07-22 06:00:00,2026-07-22 16:53:24,10.39,2.39,OnPrem-SQLServer
TE-00001502,TS-0000297,EMP-0038,2026-07-23,PRJ-001,WBS-00005,CC-00004,2026-07-23 07:00:00,2026-07-23 18:17:24,10.79,2.79,OnPrem-SQLServer
TE-00001503,TS-0000297,EMP-0038,2026-07-24,PRJ-001,WBS-00048,CC-00005,2026-07-24 06:00:00,2026-07-24 14:30:00,8.0,0.0,OnPrem-SQLServer
TE-00001504,TS-0000298,EMP-0038,2026-07-27,PRJ-001,WBS-00016,CC-00006,2026-07-27 06:30:00,2026-07-27 15:00:00,8.0,0.0,OnPrem-SQLServer
TE-00001505,TS-0000298,EMP-0038,2026-07-28,PRJ-001,WBS-00012,CC-00002,2026-07-28 06:15:00,2026-07-28 14:45:00,8.0,0.0,OnPrem-SQLServer
TE-00001506,TS-0000298,EMP-0038,2026-07-29,PRJ-001,WBS-00049,CC-00007,2026-07-29 07:30:00,2026-07-29 17:51:00,9.85,1.85,OnPrem-SQLServer
TE-00001507,TS-0000298,EMP-0038,2026-07-30,PRJ-001,WBS-00046,CC-00008,2026-07-30 06:30:00,2026-07-30 15:00:00,8.0,0.0,OnPrem-SQLServer
TE-00001508,TS-0000298,EMP-0038,2026-07-31,PRJ-001,WBS-00039,CC-00008,2026-07-31 07:00:00,2026-07-31 15:30:00,8.0,0.0,OnPrem-SQLServer
TE-00001509,TS-0000298,EMP-0038,2026-08-01,PRJ-001,WBS-00025,CC-00003,2026-08-01 06:00:00,2026-08-01 13:19:12,6.82,6.82,OnPrem-SQLServer
TE-00001510,TS-0000299,EMP-0039,2026-05-18,PRJ-006,WBS-00251,CC-00047,2026-05-18 06:15:00,2026-05-18 15:44:24,8.99,0.99,OnPrem-SQLServer
TE-00001511,TS-0000299,EMP-0039,2026-05-19,PRJ-006,WBS-00246,CC-00051,2026-05-19 06:15:00,2026-05-19 14:45:00,8.0,0.0,OnPrem-SQLServer
TE-00001512,TS-0000299,EMP-0039,2026-05-20,PRJ-006,WBS-00217,CC-00048,2026-05-20 06:30:00,2026-05-20 15:00:00,8.0,0.0,OnPrem-SQLServer
TE-00001513,TS-0000299,EMP-0039,2026-05-21,PRJ-006,WBS-00226,CC-00050,2026-05-21 06:30:00,2026-05-21 15:00:00,8.0,0.0,OnPrem-SQLServer
TE-00001514,TS-0000299,EMP-0039,2026-05-22,PRJ-006,WBS-00214,CC-00053,2026-05-22 06:30:00,2026-05-22 15:00:00,8.0,0.0,OnPrem-SQLServer
TE-00001515,TS-0000300,EMP-0039,2026-05-25,PRJ-012,WBS-00565,CC-00103,2026-05-25 06:00:00,2026-05-25 14:30:00,8.0,0.0,OnPrem-SQLServer
TE-00001516,TS-0000300,EMP-0039,2026-05-26,PRJ-012,WBS-00579,CC-00107,2026-05-26 06:15:00,2026-05-26 14:45:00,8.0,0.0,OnPrem-SQLServer
TE-00001517,TS-0000300,EMP-0039,2026-05-27,PRJ-012,WBS-00570,CC-00100,2026-05-27 06:00:00,2026-05-27 14:30:00,8.0,0.0,OnPrem-SQLServer
TE-00001518,TS-0000300,EMP-0039,2026-05-28,PRJ-012,WBS-00574,CC-00105,2026-05-28 06:15:00,2026-05-28 14:45:00,8.0,0.0,OnPrem-SQLServer
TE-00001519,TS-0000300,EMP-0039,2026-05-29,PRJ-012,WBS-00557,CC-00100,2026-05-29 06:15:00,2026-05-29 14:45:00,8.0,0.0,OnPrem-SQLServer
TE-00001520,TS-0000301,EMP-0039,2026-06-01,PRJ-006,WBS-00257,CC-00052,2026-06-01 06:15:00,2026-06-01 14:45:00,8.0,0.0,OnPrem-SQLServer
TE-00001521,TS-0000301,EMP-0039,2026-06-02,PRJ-006,WBS-00248,CC-00049,2026-06-02 06:30:00,2026-06-02 15:00:00,8.0,0.0,OnPrem-SQLServer
TE-00001522,TS-0000301,EMP-0039,2026-06-03,PRJ-006,WBS-00243,CC-00046,2026-06-03 06:00:00,2026-06-03 15:48:36,9.31,1.31,OnPrem-SQLServer
TE-00001523,TS-0000301,EMP-0039,2026-06-04,PRJ-006,WBS-00241,CC-00048,2026-06-04 06:30:00,2026-06-04 15:00:00,8.0,0.0,OnPrem-SQLServer
TE-00001524,TS-0000301,EMP-0039,2026-06-05,PRJ-006,WBS-00218,CC-00047,2026-06-05 06:30:00,2026-06-05 15:00:00,8.0,0.0,OnPrem-SQLServer
TE-00001525,TS-0000302,EMP-0039,2026-06-08,PRJ-006,WBS-00245,CC-00047,2026-06-08 06:30:00,2026-06-08 15:00:00,8.0,0.0,OnPrem-SQLServer
TE-00001526,TS-0000302,EMP-0039,2026-06-09,PRJ-006,WBS-00223,CC-00051,2026-06-09 06:00:00,2026-06-09 14:30:00,8.0,0.0,OnPrem-SQLServer
TE-00001527,TS-0000302,EMP-0039,2026-06-10,PRJ-006,WBS-00248,CC-00049,2026-06-10 06:30:00,2026-06-10 16:18:36,9.31,1.31,OnPrem-SQLServer
TE-00001528,TS-0000302,EMP-0039,2026-06-11,PRJ-006,WBS-00223,CC-00051,2026-06-11 06:30:00,2026-06-11 15:00:00,8.0,0.0,OnPrem-SQLServer
TE-00001529,TS-0000302,EMP-0039,2026-06-12,PRJ-006,WBS-00238,CC-00054,2026-06-12 06:30:00,2026-06-12 15:00:00,8.0,0.0,OnPrem-SQLServer
TE-00001530,TS-0000303,EMP-0039,2026-06-15,PRJ-006,WBS-00220,CC-00054,2026-06-15 06:30:00,2026-06-15 15:00:00,8.0,0.0,OnPrem-SQLServer
TE-00001531,TS-0000303,EMP-0039,2026-06-16,PRJ-006,WBS-00239,CC-00051,2026-06-16 06:30:00,2026-06-16 15:00:00,8.0,0.0,OnPrem-SQLServer
TE-00001532,TS-0000303,EMP-0039,2026-06-17,PRJ-006,WBS-00243,CC-00050,2026-06-17 06:00:00,2026-06-17 14:30:00,8.0,0.0,OnPrem-SQLServer
TE-00001533,TS-0000303,EMP-0039,2026-06-18,PRJ-006,WBS-00243,CC-00048,2026-06-18 06:15:00,2026-06-18 14:45:00,8.0,0.0,OnPrem-SQLServer
TE-00001534,TS-0000303,EMP-0039,2026-06-19,PRJ-006,WBS-00227,CC-00047,2026-06-19 06:30:00,2026-06-19 15:00:00,8.0,0.0,OnPrem-SQLServer
TE-00001535,TS-0000304,EMP-0039,2026-06-22,PRJ-006,WBS-00250,CC-00052,2026-06-22 06:00:00,2026-06-22 14:30:00,8.0,0.0,OnPrem-SQLServer
TE-00001536,TS-0000304,EMP-0039,2026-06-23,PRJ-006,WBS-00229,CC-00050,2026-06-23 06:15:00,2026-06-23 14:45:00,8.0,0.0,OnPrem-SQLServer
TE-00001537,TS-0000304,EMP-0039,2026-06-24,PRJ-006,WBS-00253,CC-00048,2026-06-24 06:15:00,2026-06-24 14:45:00,8.0,0.0,OnPrem-SQLServer
TE-00001538,TS-0000304,EMP-0039,2026-06-25,PRJ-006,WBS-00254,CC-00053,2026-06-25 06:30:00,2026-06-25 15:45:36,8.76,0.76,OnPrem-SQLServer
TE-00001539,TS-0000304,EMP-0039,2026-06-26,PRJ-006,WBS-00226,CC-00050,2026-06-26 06:00:00,2026-06-26 14:30:00,8.0,0.0,OnPrem-SQLServer
TE-00001540,TS-0000305,EMP-0039,2026-06-29,PRJ-006,WBS-00223,CC-00046,2026-06-29 06:15:00,2026-06-29 14:45:00,8.0,0.0,OnPrem-SQLServer
TE-00001541,TS-0000305,EMP-0039,2026-06-30,PRJ-006,WBS-00254,CC-00046,2026-06-30 06:15:00,2026-06-30 15:38:24,8.89,0.89,OnPrem-SQLServer
TE-00001542,TS-0000305,EMP-0039,2026-07-01,PRJ-006,WBS-00223,CC-00047,2026-07-01 06:00:00,2026-07-01 14:30:00,8.0,0.0,OnPrem-SQLServer
TE-00001543,TS-0000305,EMP-0039,2026-07-02,PRJ-006,WBS-00256,CC-00049,2026-07-02 06:30:00,2026-07-02 15:00:00,8.0,0.0,OnPrem-SQLServer
TE-00001544,TS-0000305,EMP-0039,2026-07-03,PRJ-006,WBS-00256,CC-00046,2026-07-03 06:30:00,2026-07-03 15:00:00,8.0,0.0,OnPrem-SQLServer
TE-00001545,TS-0000306,EMP-0039,2026-07-06,PRJ-004,WBS-00148,CC-00035,2026-07-06 06:15:00,2026-07-06 14:45:00,8.0,0.0,OnPrem-SQLServer
TE-00001546,TS-0000306,EMP-0039,2026-07-07,PRJ-004,WBS-00140,CC-00034,2026-07-07 06:00:00,2026-07-07 14:30:00,8.0,0.0,OnPrem-SQLServer
TE-00001547,TS-0000306,EMP-0039,2026-07-08,PRJ-004,WBS-00134,CC-00031,2026-07-08 06:00:00,2026-07-08 14:30:00,8.0,0.0,OnPrem-SQLServer
TE-00001548,TS-0000306,EMP-0039,2026-07-09,PRJ-004,WBS-00166,CC-00036,2026-07-09 06:00:00,2026-07-09 14:30:00,8.0,0.0,OnPrem-SQLServer
TE-00001549,TS-0000306,EMP-0039,2026-07-10,PRJ-004,WBS-00164,CC-00033,2026-07-10 06:15:00,2026-07-10 14:45:00,8.0,0.0,OnPrem-SQLServer
TE-00001550,TS-0000307,EMP-0039,2026-07-13,PRJ-006,WBS-00214,CC-00053,2026-07-13 06:15:00,2026-07-13 15:39:00,8.9,0.9,OnPrem-SQLServer
TE-00001551,TS-0000307,EMP-0039,2026-07-14,PRJ-006,WBS-00228,CC-00053,2026-07-14 06:30:00,2026-07-14 15:00:00,8.0,0.0,OnPrem-SQLServer
TE-00001552,TS-0000307,EMP-0039,2026-07-15,PRJ-006,WBS-00249,CC-00048,2026-07-15 06:15:00,2026-07-15 14:45:00,8.0,0.0,OnPrem-SQLServer
TE-00001553,TS-0000307,EMP-0039,2026-07-16,PRJ-006,WBS-00232,CC-00052,2026-07-16 06:00:00,2026-07-16 14:30:00,8.0,0.0,OnPrem-SQLServer
TE-00001554,TS-0000307,EMP-0039,2026-07-17,PRJ-006,WBS-00236,CC-00054,2026-07-17 06:00:00,2026-07-17 14:30:00,8.0,0.0,OnPrem-SQLServer
TE-00001555,TS-0000308,EMP-0039,2026-07-20,PRJ-006,WBS-00214,CC-00047,2026-07-20 06:15:00,2026-07-20 15:21:36,8.61,0.61,OnPrem-SQLServer
TE-00001556,TS-0000308,EMP-0039,2026-07-21,PRJ-006,WBS-00239,CC-00047,2026-07-21 06:00:00,2026-07-21 14:30:00,8.0,0.0,OnPrem-SQLServer
TE-00001557,TS-0000308,EMP-0039,2026-07-22,PRJ-006,WBS-00245,CC-00046,2026-07-22 06:30:00,2026-07-22 15:00:00,8.0,0.0,OnPrem-SQLServer
TE-00001558,TS-0000308,EMP-0039,2026-07-23,PRJ-006,WBS-00232,CC-00054,2026-07-23 06:00:00,2026-07-23 14:30:00,8.0,0.0,OnPrem-SQLServer
TE-00001559,TS-0000308,EMP-0039,2026-07-24,PRJ-006,WBS-00243,CC-00050,2026-07-24 06:15:00,2026-07-24 14:45:00,8.0,0.0,OnPrem-SQLServer
TE-00001560,TS-0000309,EMP-0039,2026-07-27,PRJ-006,WBS-00220,CC-00046,2026-07-27 06:15:00,2026-07-27 14:45:00,8.0,0.0,OnPrem-SQLServer
TE-00001561,TS-0000309,EMP-0039,2026-07-28,PRJ-006,WBS-00214,CC-00047,2026-07-28 06:15:00,2026-07-28 14:45:00,8.0,0.0,OnPrem-SQLServer
TE-00001562,TS-0000309,EMP-0039,2026-07-29,PRJ-006,WBS-00250,CC-00050,2026-07-29 06:15:00,2026-07-29 14:45:00,8.0,0.0,OnPrem-SQLServer
TE-00001563,TS-0000309,EMP-0039,2026-07-30,PRJ-006,WBS-00221,CC-00051,2026-07-30 06:15:00,2026-07-30 14:45:00,8.0,0.0,OnPrem-SQLServer
TE-00001564,TS-0000309,EMP-0039,2026-07-31,PRJ-006,WBS-00216,CC-00046,2026-07-31 06:00:00,2026-07-31 14:30:00,8.0,0.0,OnPrem-SQLServer
TE-00001565,TS-0000310,EMP-0040,2026-06-08,PRJ-006,WBS-00245,CC-00049,2026-06-08 06:15:00,2026-06-08 14:45:00,8.0,0.0,OnPrem-SQLServer
TE-00001566,TS-0000310,EMP-0040,2026-06-09,PRJ-006,WBS-00219,CC-00047,2026-06-09 06:00:00,2026-06-09 16:26:24,9.94,1.94,OnPrem-SQLServer
TE-00001567,TS-0000310,EMP-0040,2026-06-10,PRJ-006,WBS-00231,CC-00050,2026-06-10 06:30:00,2026-06-10 16:03:00,9.05,1.05,OnPrem-SQLServer
TE-00001568,TS-0000310,EMP-0040,2026-06-11,PRJ-006,WBS-00225,CC-00054,2026-06-11 06:15:00,2026-06-11 16:21:00,9.6,1.6,OnPrem-SQLServer
TE-00001569,TS-0000310,EMP-0040,2026-06-12,PRJ-006,WBS-00227,CC-00051,2026-06-12 06:15:00,2026-06-12 14:45:00,8.0,0.0,OnPrem-SQLServer
TE-00001570,TS-0000311,EMP-0040,2026-06-15,PRJ-006,WBS-00240,CC-00047,2026-06-15 06:00:00,2026-06-15 14:30:00,8.0,0.0,OnPrem-SQLServer
TE-00001571,TS-0000311,EMP-0040,2026-06-16,PRJ-006,WBS-00250,CC-00049,2026-06-16 06:15:00,2026-06-16 14:45:00,8.0,0.0,OnPrem-SQLServer
TE-00001572,TS-0000311,EMP-0040,2026-06-17,PRJ-006,WBS-00233,CC-00054,2026-06-17 06:00:00,2026-06-17 15:15:00,8.75,0.75,OnPrem-SQLServer
TE-00001573,TS-0000311,EMP-0040,2026-06-18,PRJ-006,WBS-00216,CC-00050,2026-06-18 06:00:00,2026-06-18 15:49:12,9.32,1.32,OnPrem-SQLServer
TE-00001574,TS-0000311,EMP-0040,2026-06-19,PRJ-006,WBS-00249,CC-00046,2026-06-19 06:00:00,2026-06-19 14:30:00,8.0,0.0,OnPrem-SQLServer
TE-00001575,TS-0000312,EMP-0040,2026-06-22,PRJ-006,WBS-00248,CC-00054,2026-06-22 06:15:00,2026-06-22 14:45:00,8.0,0.0,OnPrem-SQLServer
TE-00001576,TS-0000312,EMP-0040,2026-06-23,PRJ-006,WBS-00226,CC-00054,2026-06-23 06:30:00,2026-06-23 16:24:00,9.4,1.4,OnPrem-SQLServer
TE-00001577,TS-0000312,EMP-0040,2026-06-24,PRJ-006,WBS-00245,CC-00048,2026-06-24 06:00:00,2026-06-24 14:30:00,8.0,0.0,OnPrem-SQLServer
TE-00001578,TS-0000312,EMP-0040,2026-06-25,PRJ-006,WBS-00228,CC-00049,2026-06-25 06:15:00,2026-06-25 15:59:24,9.24,1.24,OnPrem-SQLServer
TE-00001579,TS-0000312,EMP-0040,2026-06-26,PRJ-006,WBS-00246,CC-00050,2026-06-26 06:15:00,2026-06-26 15:51:00,9.1,1.1,OnPrem-SQLServer
TE-00001580,TS-0000313,EMP-0040,2026-06-29,PRJ-006,WBS-00218,CC-00053,2026-06-29 06:00:00,2026-06-29 14:30:00,8.0,0.0,OnPrem-SQLServer
TE-00001581,TS-0000313,EMP-0040,2026-06-30,PRJ-006,WBS-00258,CC-00052,2026-06-30 06:15:00,2026-06-30 14:45:00,8.0,0.0,OnPrem-SQLServer
TE-00001582,TS-0000313,EMP-0040,2026-07-01,PRJ-006,WBS-00245,CC-00046,2026-07-01 06:30:00,2026-07-01 15:00:00,8.0,0.0,OnPrem-SQLServer
TE-00001583,TS-0000313,EMP-0040,2026-07-02,PRJ-006,WBS-00240,CC-00050,2026-07-02 06:30:00,2026-07-02 15:00:00,8.0,0.0,OnPrem-SQLServer
TE-00001584,TS-0000313,EMP-0040,2026-07-03,PRJ-006,WBS-00223,CC-00054,2026-07-03 06:15:00,2026-07-03 14:45:00,8.0,0.0,OnPrem-SQLServer
TE-00001585,TS-0000314,EMP-0040,2026-07-06,PRJ-004,WBS-00158,CC-00033,2026-07-06 06:30:00,2026-07-06 15:00:00,8.0,0.0,OnPrem-SQLServer
TE-00001586,TS-0000314,EMP-0040,2026-07-07,PRJ-004,WBS-00144,CC-00030,2026-07-07 06:15:00,2026-07-07 14:45:00,8.0,0.0,OnPrem-SQLServer
TE-00001587,TS-0000314,EMP-0040,2026-07-08,PRJ-004,WBS-00154,CC-00035,2026-07-08 06:00:00,2026-07-08 15:39:00,9.15,1.15,OnPrem-SQLServer
TE-00001588,TS-0000314,EMP-0040,2026-07-09,PRJ-004,WBS-00153,CC-00036,2026-07-09 06:00:00,2026-07-09 14:30:00,8.0,0.0,OnPrem-SQLServer
TE-00001589,TS-0000314,EMP-0040,2026-07-10,PRJ-004,WBS-00153,CC-00029,2026-07-10 06:15:00,2026-07-10 14:45:00,8.0,0.0,OnPrem-SQLServer
TE-00001590,TS-0000315,EMP-0040,2026-07-13,PRJ-006,WBS-00241,CC-00049,2026-07-13 06:30:00,2026-07-13 15:00:00,8.0,0.0,OnPrem-SQLServer
TE-00001591,TS-0000315,EMP-0040,2026-07-14,PRJ-006,WBS-00227,CC-00054,2026-07-14 06:15:00,2026-07-14 14:45:00,8.0,0.0,OnPrem-SQLServer
TE-00001592,TS-0000315,EMP-0040,2026-07-15,PRJ-006,WBS-00219,CC-00051,2026-07-15 06:15:00,2026-07-15 14:45:00,8.0,0.0,OnPrem-SQLServer
TE-00001593,TS-0000315,EMP-0040,2026-07-16,PRJ-006,WBS-00219,CC-00047,2026-07-16 06:00:00,2026-07-16 14:30:00,8.0,0.0,OnPrem-SQLServer
TE-00001594,TS-0000315,EMP-0040,2026-07-17,PRJ-006,WBS-00255,CC-00052,2026-07-17 06:30:00,2026-07-17 15:00:00,8.0,0.0,OnPrem-SQLServer
TE-00001595,TS-0000316,EMP-0040,2026-07-20,PRJ-006,WBS-00225,CC-00054,2026-07-20 06:00:00,2026-07-20 14:30:00,8.0,0.0,OnPrem-SQLServer
TE-00001596,TS-0000316,EMP-0040,2026-07-21,PRJ-006,WBS-00247,CC-00050,2026-07-21 06:00:00,2026-07-21 14:30:00,8.0,0.0,OnPrem-SQLServer
TE-00001597,TS-0000316,EMP-0040,2026-07-22,PRJ-006,WBS-00244,CC-00054,2026-07-22 06:15:00,2026-07-22 14:45:00,8.0,0.0,OnPrem-SQLServer
TE-00001598,TS-0000316,EMP-0040,2026-07-23,PRJ-006,WBS-00233,CC-00054,2026-07-23 06:30:00,2026-07-23 15:00:00,8.0,0.0,OnPrem-SQLServer
TE-00001599,TS-0000316,EMP-0040,2026-07-24,PRJ-006,WBS-00253,CC-00046,2026-07-24 06:00:00,2026-07-24 14:30:00,8.0,0.0,OnPrem-SQLServer
TE-00001600,TS-0000317,EMP-0040,2026-07-27,PRJ-006,WBS-00240,CC-00050,2026-07-27 06:00:00,2026-07-27 14:30:00,8.0,0.0,OnPrem-SQLServer
TE-00001601,TS-0000317,EMP-0040,2026-07-28,PRJ-006,WBS-00245,CC-00053,2026-07-28 06:30:00,2026-07-28 15:00:00,8.0,0.0,OnPrem-SQLServer
TE-00001602,TS-0000317,EMP-0040,2026-07-29,PRJ-006,WBS-00251,CC-00046,2026-07-29 06:15:00,2026-07-29 14:45:00,8.0,0.0,OnPrem-SQLServer
TE-00001603,TS-0000317,EMP-0040,2026-07-30,PRJ-006,WBS-00257,CC-00052,2026-07-30 06:15:00,2026-07-30 14:45:00,8.0,0.0,OnPrem-SQLServer
TE-00001604,TS-0000317,EMP-0040,2026-07-31,PRJ-006,WBS-00235,CC-00047,2026-07-31 06:00:00,2026-07-31 14:30:00,8.0,0.0,OnPrem-SQLServer
TE-00001605,TS-0000318,EMP-0041,2026-05-25,PRJ-011,WBS-00533,CC-00097,2026-05-25 06:30:00,2026-05-25 15:00:00,8.0,0.0,OnPrem-SQLServer
TE-00001606,TS-0000318,EMP-0041,2026-05-26,PRJ-011,WBS-00487,CC-00096,2026-05-26 06:00:00,2026-05-26 14:30:00,8.0,0.0,OnPrem-SQLServer
TE-00001607,TS-0000318,EMP-0041,2026-05-27,PRJ-011,WBS-00528,CC-00097,2026-05-27 06:15:00,2026-05-27 15:33:36,8.81,0.81,OnPrem-SQLServer
TE-00001608,TS-0000318,EMP-0041,2026-05-28,PRJ-011,WBS-00531,CC-00091,2026-05-28 06:00:00,2026-05-28 14:30:00,8.0,0.0,OnPrem-SQLServer
TE-00001609,TS-0000318,EMP-0041,2026-05-29,PRJ-011,WBS-00541,CC-00097,2026-05-29 06:00:00,2026-05-29 15:35:24,9.09,1.09,OnPrem-SQLServer
TE-00001610,TS-0000319,EMP-0041,2026-06-01,PRJ-011,WBS-00533,CC-00093,2026-06-01 06:15:00,2026-06-01 14:45:00,8.0,0.0,OnPrem-SQLServer
TE-00001611,TS-0000319,EMP-0041,2026-06-02,PRJ-011,WBS-00514,CC-00095,2026-06-02 06:00:00,2026-06-02 14:30:00,8.0,0.0,OnPrem-SQLServer
TE-00001612,TS-0000319,EMP-0041,2026-06-03,PRJ-011,WBS-00518,CC-00096,2026-06-03 06:15:00,2026-06-03 14:45:00,8.0,0.0,OnPrem-SQLServer
TE-00001613,TS-0000319,EMP-0041,2026-06-04,PRJ-011,WBS-00514,CC-00093,2026-06-04 06:15:00,2026-06-04 14:45:00,8.0,0.0,OnPrem-SQLServer
TE-00001614,TS-0000319,EMP-0041,2026-06-05,PRJ-011,WBS-00510,CC-00093,2026-06-05 06:15:00,2026-06-05 14:45:00,8.0,0.0,OnPrem-SQLServer
TE-00001615,TS-0000320,EMP-0041,2026-06-08,PRJ-011,WBS-00534,CC-00096,2026-06-08 06:00:00,2026-06-08 14:30:00,8.0,0.0,OnPrem-SQLServer
TE-00001616,TS-0000320,EMP-0041,2026-06-09,PRJ-011,WBS-00541,CC-00092,2026-06-09 06:00:00,2026-06-09 14:30:00,8.0,0.0,OnPrem-SQLServer
TE-00001617,TS-0000320,EMP-0041,2026-06-10,PRJ-011,WBS-00501,CC-00093,2026-06-10 06:30:00,2026-06-10 16:47:24,9.79,1.79,OnPrem-SQLServer
TE-00001618,TS-0000320,EMP-0041,2026-06-11,PRJ-011,WBS-00510,CC-00099,2026-06-11 06:15:00,2026-06-11 14:45:00,8.0,0.0,OnPrem-SQLServer
TE-00001619,TS-0000320,EMP-0041,2026-06-12,PRJ-011,WBS-00505,CC-00098,2026-06-12 06:30:00,2026-06-12 15:00:00,8.0,0.0,OnPrem-SQLServer
TE-00001620,TS-0000321,EMP-0041,2026-06-15,PRJ-011,WBS-00488,CC-00096,2026-06-15 06:30:00,2026-06-15 15:00:00,8.0,0.0,OnPrem-SQLServer
TE-00001621,TS-0000321,EMP-0041,2026-06-16,PRJ-011,WBS-00518,CC-00096,2026-06-16 06:30:00,2026-06-16 15:00:00,8.0,0.0,OnPrem-SQLServer
TE-00001622,TS-0000321,EMP-0041,2026-06-17,PRJ-011,WBS-00522,CC-00098,2026-06-17 06:30:00,2026-06-17 16:01:48,9.03,1.03,OnPrem-SQLServer
TE-00001623,TS-0000321,EMP-0041,2026-06-18,PRJ-011,WBS-00511,CC-00092,2026-06-18 06:15:00,2026-06-18 14:45:00,8.0,0.0,OnPrem-SQLServer
TE-00001624,TS-0000321,EMP-0041,2026-06-19,PRJ-011,WBS-00537,CC-00092,2026-06-19 06:30:00,2026-06-19 15:00:00,8.0,0.0,OnPrem-SQLServer
TE-00001625,TS-0000322,EMP-0041,2026-06-22,PRJ-011,WBS-00502,CC-00099,2026-06-22 06:30:00,2026-06-22 16:45:00,9.75,1.75,OnPrem-SQLServer
TE-00001626,TS-0000322,EMP-0041,2026-06-23,PRJ-011,WBS-00497,CC-00093,2026-06-23 06:30:00,2026-06-23 15:00:00,8.0,0.0,OnPrem-SQLServer
TE-00001627,TS-0000322,EMP-0041,2026-06-24,PRJ-011,WBS-00497,CC-00092,2026-06-24 06:30:00,2026-06-24 15:00:00,8.0,0.0,OnPrem-SQLServer
TE-00001628,TS-0000322,EMP-0041,2026-06-25,PRJ-011,WBS-00539,CC-00098,2026-06-25 06:15:00,2026-06-25 14:45:00,8.0,0.0,OnPrem-SQLServer
TE-00001629,TS-0000322,EMP-0041,2026-06-26,PRJ-011,WBS-00501,CC-00092,2026-06-26 06:30:00,2026-06-26 15:00:00,8.0,0.0,OnPrem-SQLServer
TE-00001630,TS-0000323,EMP-0041,2026-06-29,PRJ-011,WBS-00494,CC-00094,2026-06-29 06:00:00,2026-06-29 14:30:00,8.0,0.0,OnPrem-SQLServer
TE-00001631,TS-0000323,EMP-0041,2026-06-30,PRJ-011,WBS-00506,CC-00095,2026-06-30 06:00:00,2026-06-30 14:30:00,8.0,0.0,OnPrem-SQLServer
TE-00001632,TS-0000323,EMP-0041,2026-07-01,PRJ-011,WBS-00495,CC-00094,2026-07-01 06:15:00,2026-07-01 14:45:00,8.0,0.0,OnPrem-SQLServer
TE-00001633,TS-0000323,EMP-0041,2026-07-02,PRJ-011,WBS-00506,CC-00096,2026-07-02 06:15:00,2026-07-02 14:45:00,8.0,0.0,OnPrem-SQLServer
TE-00001634,TS-0000323,EMP-0041,2026-07-03,PRJ-011,WBS-00515,CC-00095,2026-07-03 06:30:00,2026-07-03 15:00:00,8.0,0.0,OnPrem-SQLServer
TE-00001635,TS-0000324,EMP-0041,2026-07-13,PRJ-011,WBS-00509,CC-00094,2026-07-13 06:00:00,2026-07-13 14:30:00,8.0,0.0,OnPrem-SQLServer
TE-00001636,TS-0000324,EMP-0041,2026-07-14,PRJ-011,WBS-00497,CC-00094,2026-07-14 06:15:00,2026-07-14 14:45:00,8.0,0.0,OnPrem-SQLServer
TE-00001637,TS-0000324,EMP-0041,2026-07-15,PRJ-011,WBS-00497,CC-00091,2026-07-15 06:30:00,2026-07-15 16:57:36,9.96,1.96,OnPrem-SQLServer
TE-00001638,TS-0000324,EMP-0041,2026-07-16,PRJ-011,WBS-00501,CC-00093,2026-07-16 06:30:00,2026-07-16 15:00:00,8.0,0.0,OnPrem-SQLServer
TE-00001639,TS-0000324,EMP-0041,2026-07-17,PRJ-011,WBS-00491,CC-00095,2026-07-17 06:00:00,2026-07-17 14:30:00,8.0,0.0,OnPrem-SQLServer
TE-00001640,TS-0000325,EMP-0041,2026-07-20,PRJ-011,WBS-00512,CC-00093,2026-07-20 06:15:00,2026-07-20 15:17:24,8.54,0.54,OnPrem-SQLServer
TE-00001641,TS-0000325,EMP-0041,2026-07-21,PRJ-011,WBS-00516,CC-00093,2026-07-21 06:30:00,2026-07-21 16:35:24,9.59,1.59,OnPrem-SQLServer
TE-00001642,TS-0000325,EMP-0041,2026-07-22,PRJ-011,WBS-00526,CC-00096,2026-07-22 06:15:00,2026-07-22 14:45:00,8.0,0.0,OnPrem-SQLServer
TE-00001643,TS-0000325,EMP-0041,2026-07-23,PRJ-011,WBS-00529,CC-00092,2026-07-23 06:30:00,2026-07-23 15:00:00,8.0,0.0,OnPrem-SQLServer
TE-00001644,TS-0000325,EMP-0041,2026-07-24,PRJ-011,WBS-00520,CC-00097,2026-07-24 06:15:00,2026-07-24 16:21:36,9.61,1.61,OnPrem-SQLServer
TE-00001645,TS-0000326,EMP-0041,2026-07-27,PRJ-011,WBS-00521,CC-00097,2026-07-27 06:15:00,2026-07-27 14:45:00,8.0,0.0,OnPrem-SQLServer
TE-00001646,TS-0000326,EMP-0041,2026-07-28,PRJ-011,WBS-00514,CC-00099,2026-07-28 06:30:00,2026-07-28 15:00:00,8.0,0.0,OnPrem-SQLServer
TE-00001647,TS-0000326,EMP-0041,2026-07-29,PRJ-011,WBS-00535,CC-00099,2026-07-29 06:15:00,2026-07-29 14:45:00,8.0,0.0,OnPrem-SQLServer
TE-00001648,TS-0000326,EMP-0041,2026-07-30,PRJ-011,WBS-00490,CC-00097,2026-07-30 06:00:00,2026-07-30 14:30:00,8.0,0.0,OnPrem-SQLServer
TE-00001649,TS-0000326,EMP-0041,2026-07-31,PRJ-011,WBS-00499,CC-00093,2026-07-31 06:15:00,2026-07-31 14:45:00,8.0,0.0,OnPrem-SQLServer
TE-00001650,TS-0000327,EMP-0042,2026-05-18,PRJ-001,WBS-00016,CC-00009,2026-05-18 06:00:00,2026-05-18 14:30:00,8.0,0.0,OnPrem-SQLServer
TE-00001651,TS-0000327,EMP-0042,2026-05-19,PRJ-001,WBS-00039,CC-00002,2026-05-19 07:30:00,2026-05-19 16:00:00,8.0,0.0,OnPrem-SQLServer
TE-00001652,TS-0000327,EMP-0042,2026-05-20,PRJ-001,WBS-00028,CC-00009,2026-05-20 07:00:00,2026-05-20 17:29:24,9.99,1.99,OnPrem-SQLServer
TE-00001653,TS-0000327,EMP-0042,2026-05-21,PRJ-001,WBS-00011,CC-00003,2026-05-21 06:00:00,2026-05-21 14:30:00,8.0,0.0,OnPrem-SQLServer
TE-00001654,TS-0000327,EMP-0042,2026-05-22,PRJ-001,WBS-00001,CC-00007,2026-05-22 06:30:00,2026-05-22 16:00:36,9.01,1.01,OnPrem-SQLServer
TE-00001655,TS-0000328,EMP-0042,2026-06-01,PRJ-001,WBS-00010,CC-00002,2026-06-01 07:00:00,2026-06-01 18:58:12,11.47,3.47,OnPrem-SQLServer
TE-00001656,TS-0000328,EMP-0042,2026-06-02,PRJ-001,WBS-00043,CC-00001,2026-06-02 06:00:00,2026-06-02 18:18:00,11.8,3.8,OnPrem-SQLServer
TE-00001657,TS-0000328,EMP-0042,2026-06-03,PRJ-001,WBS-00012,CC-00003,2026-06-03 06:15:00,2026-06-03 16:13:12,9.47,1.47,OnPrem-SQLServer
TE-00001658,TS-0000328,EMP-0042,2026-06-04,PRJ-001,WBS-00003,CC-00003,2026-06-04 06:15:00,2026-06-04 16:34:12,9.82,1.82,OnPrem-SQLServer
TE-00001659,TS-0000328,EMP-0042,2026-06-05,PRJ-001,WBS-00041,CC-00008,2026-06-05 07:00:00,2026-06-05 16:43:48,9.23,1.23,OnPrem-SQLServer
TE-00001660,TS-0000329,EMP-0042,2026-06-08,PRJ-004,WBS-00139,CC-00033,2026-06-08 06:15:00,2026-06-08 14:45:00,8.0,0.0,OnPrem-SQLServer
TE-00001661,TS-0000329,EMP-0042,2026-06-09,PRJ-004,WBS-00153,CC-00030,2026-06-09 06:15:00,2026-06-09 14:45:00,8.0,0.0,OnPrem-SQLServer
TE-00001662,TS-0000329,EMP-0042,2026-06-10,PRJ-004,WBS-00139,CC-00029,2026-06-10 06:00:00,2026-06-10 14:30:00,8.0,0.0,OnPrem-SQLServer
TE-00001663,TS-0000329,EMP-0042,2026-06-11,PRJ-004,WBS-00135,CC-00028,2026-06-11 06:15:00,2026-06-11 14:45:00,8.0,0.0,OnPrem-SQLServer
TE-00001664,TS-0000329,EMP-0042,2026-06-12,PRJ-004,WBS-00162,CC-00033,2026-06-12 06:00:00,2026-06-12 14:30:00,8.0,0.0,OnPrem-SQLServer
TE-00001665,TS-0000330,EMP-0042,2026-06-15,PRJ-001,WBS-00015,CC-00007,2026-06-15 06:00:00,2026-06-15 14:30:00,8.0,0.0,OnPrem-SQLServer
TE-00001666,TS-0000330,EMP-0042,2026-06-16,PRJ-001,WBS-00008,CC-00008,2026-06-16 06:30:00,2026-06-16 17:47:24,10.79,2.79,OnPrem-SQLServer
TE-00001667,TS-0000330,EMP-0042,2026-06-17,PRJ-001,WBS-00028,CC-00005,2026-06-17 07:30:00,2026-06-17 16:00:00,8.0,0.0,OnPrem-SQLServer
TE-00001668,TS-0000330,EMP-0042,2026-06-18,PRJ-001,WBS-00006,CC-00004,2026-06-18 06:15:00,2026-06-18 17:25:48,10.68,2.68,OnPrem-SQLServer
TE-00001669,TS-0000330,EMP-0042,2026-06-19,PRJ-001,WBS-00034,CC-00004,2026-06-19 06:00:00,2026-06-19 16:01:12,9.52,1.52,OnPrem-SQLServer
TE-00001670,TS-0000331,EMP-0042,2026-06-22,PRJ-001,WBS-00049,CC-00006,2026-06-22 07:00:00,2026-06-22 16:09:00,8.65,0.65,OnPrem-SQLServer
TE-00001671,TS-0000331,EMP-0042,2026-06-23,PRJ-001,WBS-00012,CC-00005,2026-06-23 07:00:00,2026-06-23 17:09:00,9.65,1.65,OnPrem-SQLServer
TE-00001672,TS-0000331,EMP-0042,2026-06-24,PRJ-001,WBS-00035,CC-00005,2026-06-24 06:15:00,2026-06-24 14:45:00,8.0,0.0,OnPrem-SQLServer
TE-00001673,TS-0000331,EMP-0042,2026-06-25,PRJ-001,WBS-00047,CC-00002,2026-06-25 07:15:00,2026-06-25 16:29:24,8.74,0.74,OnPrem-SQLServer
TE-00001674,TS-0000331,EMP-0042,2026-06-26,PRJ-001,WBS-00002,CC-00001,2026-06-26 07:15:00,2026-06-26 16:57:00,9.2,1.2,OnPrem-SQLServer
TE-00001675,TS-0000331,EMP-0042,2026-06-27,PRJ-001,WBS-00013,CC-00005,2026-06-27 07:30:00,2026-06-27 14:52:48,6.88,6.88,OnPrem-SQLServer
TE-00001676,TS-0000332,EMP-0042,2026-06-29,PRJ-001,WBS-00029,CC-00008,2026-06-29 07:15:00,2026-06-29 17:53:24,10.14,2.14,OnPrem-SQLServer
TE-00001677,TS-0000332,EMP-0042,2026-06-30,PRJ-001,WBS-00041,CC-00008,2026-06-30 06:15:00,2026-06-30 16:19:48,9.58,1.58,OnPrem-SQLServer
TE-00001678,TS-0000332,EMP-0042,2026-07-01,PRJ-001,WBS-00016,CC-00007,2026-07-01 07:00:00,2026-07-01 15:30:00,8.0,0.0,OnPrem-SQLServer
TE-00001679,TS-0000332,EMP-0042,2026-07-02,PRJ-001,WBS-00002,CC-00001,2026-07-02 06:15:00,2026-07-02 17:52:12,11.12,3.12,OnPrem-SQLServer
TE-00001680,TS-0000332,EMP-0042,2026-07-03,PRJ-001,WBS-00018,CC-00003,2026-07-03 06:15:00,2026-07-03 14:45:00,8.0,0.0,OnPrem-SQLServer
TE-00001681,TS-0000332,EMP-0042,2026-07-04,PRJ-001,WBS-00013,CC-00006,2026-07-04 06:00:00,2026-07-04 15:11:24,8.69,8.69,OnPrem-SQLServer
TE-00001682,TS-0000333,EMP-0042,2026-07-06,PRJ-001,WBS-00042,CC-00007,2026-07-06 07:15:00,2026-07-06 15:45:00,8.0,0.0,OnPrem-SQLServer
TE-00001683,TS-0000333,EMP-0042,2026-07-07,PRJ-001,WBS-00038,CC-00009,2026-07-07 07:15:00,2026-07-07 18:21:36,10.61,2.61,OnPrem-SQLServer
TE-00001684,TS-0000333,EMP-0042,2026-07-08,PRJ-001,WBS-00028,CC-00006,2026-07-08 07:15:00,2026-07-08 18:20:24,10.59,2.59,OnPrem-SQLServer
TE-00001685,TS-0000333,EMP-0042,2026-07-09,PRJ-001,WBS-00002,CC-00004,2026-07-09 06:30:00,2026-07-09 15:00:00,8.0,0.0,OnPrem-SQLServer
TE-00001686,TS-0000333,EMP-0042,2026-07-10,PRJ-001,WBS-00024,CC-00005,2026-07-10 07:15:00,2026-07-10 15:45:00,8.0,0.0,OnPrem-SQLServer
TE-00001687,TS-0000333,EMP-0042,2026-07-11,PRJ-001,WBS-00022,CC-00004,2026-07-11 07:15:00,2026-07-11 16:06:36,8.36,8.36,OnPrem-SQLServer
TE-00001688,TS-0000334,EMP-0042,2026-07-13,PRJ-001,WBS-00049,CC-00004,2026-07-13 07:30:00,2026-07-13 16:00:00,8.0,0.0,OnPrem-SQLServer
TE-00001689,TS-0000334,EMP-0042,2026-07-14,PRJ-001,WBS-00011,CC-00002,2026-07-14 07:15:00,2026-07-14 15:45:00,8.0,0.0,OnPrem-SQLServer
TE-00001690,TS-0000334,EMP-0042,2026-07-15,PRJ-001,WBS-00011,CC-00004,2026-07-15 06:00:00,2026-07-15 14:30:00,8.0,0.0,OnPrem-SQLServer
TE-00001691,TS-0000334,EMP-0042,2026-07-16,PRJ-001,WBS-00046,CC-00003,2026-07-16 06:00:00,2026-07-16 17:26:24,10.94,2.94,OnPrem-SQLServer
TE-00001692,TS-0000334,EMP-0042,2026-07-17,PRJ-001,WBS-00016,CC-00009,2026-07-17 06:30:00,2026-07-17 15:49:48,8.83,0.83,OnPrem-SQLServer
TE-00001693,TS-0000334,EMP-0042,2026-07-18,PRJ-001,WBS-00010,CC-00002,2026-07-18 07:15:00,2026-07-18 17:01:48,9.28,9.28,OnPrem-SQLServer
TE-00001694,TS-0000335,EMP-0042,2026-07-27,PRJ-001,WBS-00046,CC-00001,2026-07-27 07:15:00,2026-07-27 17:28:48,9.73,1.73,OnPrem-SQLServer
TE-00001695,TS-0000335,EMP-0042,2026-07-28,PRJ-001,WBS-00051,CC-00001,2026-07-28 07:30:00,2026-07-28 16:00:00,8.0,0.0,OnPrem-SQLServer
TE-00001696,TS-0000335,EMP-0042,2026-07-29,PRJ-001,WBS-00047,CC-00007,2026-07-29 06:15:00,2026-07-29 14:45:00,8.0,0.0,OnPrem-SQLServer
TE-00001697,TS-0000335,EMP-0042,2026-07-30,PRJ-001,WBS-00013,CC-00004,2026-07-30 07:00:00,2026-07-30 18:38:24,11.14,3.14,OnPrem-SQLServer
TE-00001698,TS-0000335,EMP-0042,2026-07-31,PRJ-001,WBS-00009,CC-00009,2026-07-31 06:00:00,2026-07-31 14:30:00,8.0,0.0,OnPrem-SQLServer
TE-00001699,TS-0000335,EMP-0042,2026-08-01,PRJ-001,WBS-00024,CC-00004,2026-08-01 06:15:00,2026-08-01 16:09:00,9.4,9.4,OnPrem-SQLServer
TE-00001700,TS-0000336,EMP-0043,2026-05-18,PRJ-005,WBS-00184,CC-00044,2026-05-18 06:00:00,2026-05-18 14:30:00,8.0,0.0,OnPrem-SQLServer
TE-00001701,TS-0000336,EMP-0043,2026-05-19,PRJ-005,WBS-00207,CC-00045,2026-05-19 06:30:00,2026-05-19 16:22:12,9.37,1.37,OnPrem-SQLServer
TE-00001702,TS-0000336,EMP-0043,2026-05-20,PRJ-005,WBS-00212,CC-00037,2026-05-20 06:15:00,2026-05-20 14:45:00,8.0,0.0,OnPrem-SQLServer
TE-00001703,TS-0000336,EMP-0043,2026-05-21,PRJ-005,WBS-00212,CC-00043,2026-05-21 06:00:00,2026-05-21 14:30:00,8.0,0.0,OnPrem-SQLServer
TE-00001704,TS-0000336,EMP-0043,2026-05-22,PRJ-005,WBS-00183,CC-00042,2026-05-22 06:00:00,2026-05-22 14:30:00,8.0,0.0,OnPrem-SQLServer
TE-00001705,TS-0000337,EMP-0043,2026-05-25,PRJ-003,WBS-00105,CC-00019,2026-05-25 06:00:00,2026-05-25 14:30:00,8.0,0.0,OnPrem-SQLServer
TE-00001706,TS-0000337,EMP-0043,2026-05-26,PRJ-003,WBS-00101,CC-00027,2026-05-26 06:15:00,2026-05-26 14:45:00,8.0,0.0,OnPrem-SQLServer
TE-00001707,TS-0000337,EMP-0043,2026-05-27,PRJ-003,WBS-00112,CC-00027,2026-05-27 06:30:00,2026-05-27 16:55:12,9.92,1.92,OnPrem-SQLServer
TE-00001708,TS-0000337,EMP-0043,2026-05-28,PRJ-003,WBS-00094,CC-00026,2026-05-28 06:30:00,2026-05-28 16:27:36,9.46,1.46,OnPrem-SQLServer
TE-00001709,TS-0000337,EMP-0043,2026-05-29,PRJ-003,WBS-00088,CC-00023,2026-05-29 06:00:00,2026-05-29 14:30:00,8.0,0.0,OnPrem-SQLServer
TE-00001710,TS-0000338,EMP-0043,2026-06-01,PRJ-003,WBS-00103,CC-00024,2026-06-01 06:15:00,2026-06-01 14:45:00,8.0,0.0,OnPrem-SQLServer
TE-00001711,TS-0000338,EMP-0043,2026-06-02,PRJ-003,WBS-00104,CC-00024,2026-06-02 06:00:00,2026-06-02 15:22:12,8.87,0.87,OnPrem-SQLServer
TE-00001712,TS-0000338,EMP-0043,2026-06-03,PRJ-003,WBS-00123,CC-00020,2026-06-03 06:00:00,2026-06-03 14:30:00,8.0,0.0,OnPrem-SQLServer
TE-00001713,TS-0000338,EMP-0043,2026-06-04,PRJ-003,WBS-00093,CC-00022,2026-06-04 06:30:00,2026-06-04 16:35:24,9.59,1.59,OnPrem-SQLServer
TE-00001714,TS-0000338,EMP-0043,2026-06-05,PRJ-003,WBS-00113,CC-00019,2026-06-05 06:15:00,2026-06-05 14:45:00,8.0,0.0,OnPrem-SQLServer
TE-00001715,TS-0000339,EMP-0043,2026-06-08,PRJ-003,WBS-00103,CC-00027,2026-06-08 06:15:00,2026-06-08 14:45:00,8.0,0.0,OnPrem-SQLServer
TE-00001716,TS-0000339,EMP-0043,2026-06-09,PRJ-003,WBS-00097,CC-00021,2026-06-09 06:15:00,2026-06-09 15:25:12,8.67,0.67,OnPrem-SQLServer
TE-00001717,TS-0000339,EMP-0043,2026-06-10,PRJ-003,WBS-00130,CC-00021,2026-06-10 06:30:00,2026-06-10 15:33:36,8.56,0.56,OnPrem-SQLServer
TE-00001718,TS-0000339,EMP-0043,2026-06-11,PRJ-003,WBS-00111,CC-00021,2026-06-11 06:15:00,2026-06-11 14:45:00,8.0,0.0,OnPrem-SQLServer
TE-00001719,TS-0000339,EMP-0043,2026-06-12,PRJ-003,WBS-00119,CC-00025,2026-06-12 06:00:00,2026-06-12 16:07:48,9.63,1.63,OnPrem-SQLServer
TE-00001720,TS-0000340,EMP-0043,2026-06-15,PRJ-003,WBS-00096,CC-00019,2026-06-15 06:30:00,2026-06-15 15:00:00,8.0,0.0,OnPrem-SQLServer
TE-00001721,TS-0000340,EMP-0043,2026-06-16,PRJ-003,WBS-00091,CC-00021,2026-06-16 06:00:00,2026-06-16 14:30:00,8.0,0.0,OnPrem-SQLServer
TE-00001722,TS-0000340,EMP-0043,2026-06-17,PRJ-003,WBS-00091,CC-00024,2026-06-17 06:30:00,2026-06-17 15:00:00,8.0,0.0,OnPrem-SQLServer
TE-00001723,TS-0000340,EMP-0043,2026-06-18,PRJ-003,WBS-00121,CC-00023,2026-06-18 06:30:00,2026-06-18 15:00:00,8.0,0.0,OnPrem-SQLServer
TE-00001724,TS-0000340,EMP-0043,2026-06-19,PRJ-003,WBS-00113,CC-00023,2026-06-19 06:15:00,2026-06-19 14:45:00,8.0,0.0,OnPrem-SQLServer
TE-00001725,TS-0000341,EMP-0043,2026-06-22,PRJ-003,WBS-00126,CC-00024,2026-06-22 06:30:00,2026-06-22 15:00:00,8.0,0.0,OnPrem-SQLServer
TE-00001726,TS-0000341,EMP-0043,2026-06-23,PRJ-003,WBS-00108,CC-00025,2026-06-23 06:30:00,2026-06-23 15:00:00,8.0,0.0,OnPrem-SQLServer
TE-00001727,TS-0000341,EMP-0043,2026-06-24,PRJ-003,WBS-00115,CC-00024,2026-06-24 06:30:00,2026-06-24 15:00:00,8.0,0.0,OnPrem-SQLServer
TE-00001728,TS-0000341,EMP-0043,2026-06-25,PRJ-003,WBS-00114,CC-00027,2026-06-25 06:00:00,2026-06-25 14:30:00,8.0,0.0,OnPrem-SQLServer
TE-00001729,TS-0000341,EMP-0043,2026-06-26,PRJ-003,WBS-00109,CC-00027,2026-06-26 06:15:00,2026-06-26 14:45:00,8.0,0.0,OnPrem-SQLServer
TE-00001730,TS-0000342,EMP-0043,2026-06-29,PRJ-003,WBS-00115,CC-00023,2026-06-29 06:00:00,2026-06-29 14:30:00,8.0,0.0,OnPrem-SQLServer
TE-00001731,TS-0000342,EMP-0043,2026-06-30,PRJ-003,WBS-00091,CC-00022,2026-06-30 06:00:00,2026-06-30 16:04:48,9.58,1.58,OnPrem-SQLServer
TE-00001732,TS-0000342,EMP-0043,2026-07-01,PRJ-003,WBS-00099,CC-00020,2026-07-01 06:15:00,2026-07-01 14:45:00,8.0,0.0,OnPrem-SQLServer
TE-00001733,TS-0000342,EMP-0043,2026-07-02,PRJ-003,WBS-00118,CC-00026,2026-07-02 06:00:00,2026-07-02 14:30:00,8.0,0.0,OnPrem-SQLServer
TE-00001734,TS-0000342,EMP-0043,2026-07-03,PRJ-003,WBS-00129,CC-00027,2026-07-03 06:15:00,2026-07-03 14:45:00,8.0,0.0,OnPrem-SQLServer
TE-00001735,TS-0000343,EMP-0043,2026-07-06,PRJ-001,WBS-00044,CC-00001,2026-07-06 07:00:00,2026-07-06 18:40:48,11.18,3.18,OnPrem-SQLServer
TE-00001736,TS-0000343,EMP-0043,2026-07-07,PRJ-001,WBS-00037,CC-00002,2026-07-07 07:30:00,2026-07-07 16:00:00,8.0,0.0,OnPrem-SQLServer
TE-00001737,TS-0000343,EMP-0043,2026-07-08,PRJ-001,WBS-00002,CC-00001,2026-07-08 07:30:00,2026-07-08 18:22:48,10.38,2.38,OnPrem-SQLServer
TE-00001738,TS-0000343,EMP-0043,2026-07-09,PRJ-001,WBS-00023,CC-00008,2026-07-09 06:00:00,2026-07-09 16:22:12,9.87,1.87,OnPrem-SQLServer
TE-00001739,TS-0000343,EMP-0043,2026-07-10,PRJ-001,WBS-00025,CC-00005,2026-07-10 07:30:00,2026-07-10 19:32:24,11.54,3.54,OnPrem-SQLServer
TE-00001740,TS-0000343,EMP-0043,2026-07-11,PRJ-001,WBS-00038,CC-00007,2026-07-11 07:30:00,2026-07-11 16:15:00,8.25,8.25,OnPrem-SQLServer
TE-00001741,TS-0000344,EMP-0043,2026-07-13,PRJ-003,WBS-00088,CC-00021,2026-07-13 06:30:00,2026-07-13 15:00:00,8.0,0.0,OnPrem-SQLServer
TE-00001742,TS-0000344,EMP-0043,2026-07-14,PRJ-003,WBS-00101,CC-00025,2026-07-14 06:00:00,2026-07-14 14:30:00,8.0,0.0,OnPrem-SQLServer
TE-00001743,TS-0000344,EMP-0043,2026-07-15,PRJ-003,WBS-00111,CC-00027,2026-07-15 06:30:00,2026-07-15 15:00:00,8.0,0.0,OnPrem-SQLServer
TE-00001744,TS-0000344,EMP-0043,2026-07-16,PRJ-003,WBS-00092,CC-00023,2026-07-16 06:15:00,2026-07-16 16:10:12,9.42,1.42,OnPrem-SQLServer
TE-00001745,TS-0000344,EMP-0043,2026-07-17,PRJ-003,WBS-00102,CC-00025,2026-07-17 06:15:00,2026-07-17 14:45:00,8.0,0.0,OnPrem-SQLServer
TE-00001746,TS-0000345,EMP-0043,2026-07-20,PRJ-003,WBS-00098,CC-00021,2026-07-20 06:30:00,2026-07-20 15:00:00,8.0,0.0,OnPrem-SQLServer
TE-00001747,TS-0000345,EMP-0043,2026-07-21,PRJ-003,WBS-00112,CC-00026,2026-07-21 06:30:00,2026-07-21 15:00:00,8.0,0.0,OnPrem-SQLServer
TE-00001748,TS-0000345,EMP-0043,2026-07-22,PRJ-003,WBS-00104,CC-00024,2026-07-22 06:15:00,2026-07-22 14:45:00,8.0,0.0,OnPrem-SQLServer
TE-00001749,TS-0000345,EMP-0043,2026-07-23,PRJ-003,WBS-00108,CC-00020,2026-07-23 06:30:00,2026-07-23 15:00:00,8.0,0.0,OnPrem-SQLServer
TE-00001750,TS-0000345,EMP-0043,2026-07-24,PRJ-003,WBS-00108,CC-00022,2026-07-24 06:00:00,2026-07-24 14:30:00,8.0,0.0,OnPrem-SQLServer
TE-00001751,TS-0000346,EMP-0043,2026-07-27,PRJ-003,WBS-00109,CC-00021,2026-07-27 06:30:00,2026-07-27 15:00:00,8.0,0.0,OnPrem-SQLServer
TE-00001752,TS-0000346,EMP-0043,2026-07-28,PRJ-003,WBS-00116,CC-00021,2026-07-28 06:00:00,2026-07-28 14:30:00,8.0,0.0,OnPrem-SQLServer
TE-00001753,TS-0000346,EMP-0043,2026-07-29,PRJ-003,WBS-00095,CC-00020,2026-07-29 06:30:00,2026-07-29 15:00:00,8.0,0.0,OnPrem-SQLServer
TE-00001754,TS-0000346,EMP-0043,2026-07-30,PRJ-003,WBS-00123,CC-00022,2026-07-30 06:00:00,2026-07-30 14:30:00,8.0,0.0,OnPrem-SQLServer
TE-00001755,TS-0000346,EMP-0043,2026-07-31,PRJ-003,WBS-00112,CC-00023,2026-07-31 06:30:00,2026-07-31 15:00:00,8.0,0.0,OnPrem-SQLServer
TE-00001756,TS-0000347,EMP-0044,2026-06-01,PRJ-007,WBS-00276,CC-00057,2026-06-01 06:00:00,2026-06-01 14:30:00,8.0,0.0,OnPrem-SQLServer
TE-00001757,TS-0000347,EMP-0044,2026-06-02,PRJ-007,WBS-00271,CC-00060,2026-06-02 06:15:00,2026-06-02 14:45:00,8.0,0.0,OnPrem-SQLServer
TE-00001758,TS-0000347,EMP-0044,2026-06-03,PRJ-007,WBS-00281,CC-00055,2026-06-03 06:15:00,2026-06-03 14:45:00,8.0,0.0,OnPrem-SQLServer
TE-00001759,TS-0000347,EMP-0044,2026-06-04,PRJ-007,WBS-00264,CC-00061,2026-06-04 06:15:00,2026-06-04 14:45:00,8.0,0.0,OnPrem-SQLServer
TE-00001760,TS-0000347,EMP-0044,2026-06-05,PRJ-007,WBS-00281,CC-00056,2026-06-05 06:00:00,2026-06-05 14:30:00,8.0,0.0,OnPrem-SQLServer
TE-00001761,TS-0000348,EMP-0044,2026-06-08,PRJ-006,WBS-00231,CC-00052,2026-06-08 06:15:00,2026-06-08 15:40:48,8.93,0.93,OnPrem-SQLServer
TE-00001762,TS-0000348,EMP-0044,2026-06-09,PRJ-006,WBS-00216,CC-00052,2026-06-09 06:15:00,2026-06-09 14:45:00,8.0,0.0,OnPrem-SQLServer
TE-00001763,TS-0000348,EMP-0044,2026-06-10,PRJ-006,WBS-00258,CC-00047,2026-06-10 06:00:00,2026-06-10 14:30:00,8.0,0.0,OnPrem-SQLServer
TE-00001764,TS-0000348,EMP-0044,2026-06-11,PRJ-006,WBS-00251,CC-00046,2026-06-11 06:30:00,2026-06-11 15:00:00,8.0,0.0,OnPrem-SQLServer
TE-00001765,TS-0000348,EMP-0044,2026-06-12,PRJ-006,WBS-00254,CC-00048,2026-06-12 06:00:00,2026-06-12 16:28:12,9.97,1.97,OnPrem-SQLServer
TE-00001766,TS-0000349,EMP-0044,2026-06-15,PRJ-006,WBS-00243,CC-00051,2026-06-15 06:00:00,2026-06-15 14:30:00,8.0,0.0,OnPrem-SQLServer
TE-00001767,TS-0000349,EMP-0044,2026-06-16,PRJ-006,WBS-00246,CC-00051,2026-06-16 06:00:00,2026-06-16 14:30:00,8.0,0.0,OnPrem-SQLServer
TE-00001768,TS-0000349,EMP-0044,2026-06-17,PRJ-006,WBS-00248,CC-00051,2026-06-17 06:15:00,2026-06-17 14:45:00,8.0,0.0,OnPrem-SQLServer
TE-00001769,TS-0000349,EMP-0044,2026-06-18,PRJ-006,WBS-00230,CC-00050,2026-06-18 06:15:00,2026-06-18 16:40:48,9.93,1.93,OnPrem-SQLServer
TE-00001770,TS-0000349,EMP-0044,2026-06-19,PRJ-006,WBS-00217,CC-00048,2026-06-19 06:15:00,2026-06-19 14:45:00,8.0,0.0,OnPrem-SQLServer
TE-00001771,TS-0000350,EMP-0044,2026-06-22,PRJ-006,WBS-00240,CC-00047,2026-06-22 06:15:00,2026-06-22 14:45:00,8.0,0.0,OnPrem-SQLServer
TE-00001772,TS-0000350,EMP-0044,2026-06-23,PRJ-006,WBS-00246,CC-00048,2026-06-23 06:15:00,2026-06-23 14:45:00,8.0,0.0,OnPrem-SQLServer
TE-00001773,TS-0000350,EMP-0044,2026-06-24,PRJ-006,WBS-00222,CC-00048,2026-06-24 06:15:00,2026-06-24 14:45:00,8.0,0.0,OnPrem-SQLServer
TE-00001774,TS-0000350,EMP-0044,2026-06-25,PRJ-006,WBS-00228,CC-00047,2026-06-25 06:15:00,2026-06-25 15:17:24,8.54,0.54,OnPrem-SQLServer
TE-00001775,TS-0000350,EMP-0044,2026-06-26,PRJ-006,WBS-00243,CC-00054,2026-06-26 06:15:00,2026-06-26 16:06:00,9.35,1.35,OnPrem-SQLServer
TE-00001776,TS-0000351,EMP-0044,2026-06-29,PRJ-006,WBS-00236,CC-00048,2026-06-29 06:30:00,2026-06-29 15:00:00,8.0,0.0,OnPrem-SQLServer
TE-00001777,TS-0000351,EMP-0044,2026-06-30,PRJ-006,WBS-00253,CC-00046,2026-06-30 06:15:00,2026-06-30 14:45:00,8.0,0.0,OnPrem-SQLServer
TE-00001778,TS-0000351,EMP-0044,2026-07-01,PRJ-006,WBS-00235,CC-00053,2026-07-01 06:00:00,2026-07-01 14:30:00,8.0,0.0,OnPrem-SQLServer
TE-00001779,TS-0000351,EMP-0044,2026-07-02,PRJ-006,WBS-00238,CC-00053,2026-07-02 06:00:00,2026-07-02 14:30:00,8.0,0.0,OnPrem-SQLServer
TE-00001780,TS-0000351,EMP-0044,2026-07-03,PRJ-006,WBS-00233,CC-00050,2026-07-03 06:15:00,2026-07-03 14:45:00,8.0,0.0,OnPrem-SQLServer
TE-00001781,TS-0000352,EMP-0044,2026-07-06,PRJ-006,WBS-00257,CC-00054,2026-07-06 06:00:00,2026-07-06 14:30:00,8.0,0.0,OnPrem-SQLServer
TE-00001782,TS-0000352,EMP-0044,2026-07-07,PRJ-006,WBS-00241,CC-00054,2026-07-07 06:15:00,2026-07-07 14:45:00,8.0,0.0,OnPrem-SQLServer
TE-00001783,TS-0000352,EMP-0044,2026-07-08,PRJ-006,WBS-00242,CC-00049,2026-07-08 06:15:00,2026-07-08 14:45:00,8.0,0.0,OnPrem-SQLServer
TE-00001784,TS-0000352,EMP-0044,2026-07-09,PRJ-006,WBS-00224,CC-00046,2026-07-09 06:15:00,2026-07-09 14:45:00,8.0,0.0,OnPrem-SQLServer
TE-00001785,TS-0000352,EMP-0044,2026-07-10,PRJ-006,WBS-00250,CC-00046,2026-07-10 06:00:00,2026-07-10 14:30:00,8.0,0.0,OnPrem-SQLServer
TE-00001786,TS-0000353,EMP-0044,2026-07-13,PRJ-006,WBS-00215,CC-00046,2026-07-13 06:15:00,2026-07-13 14:45:00,8.0,0.0,OnPrem-SQLServer
TE-00001787,TS-0000353,EMP-0044,2026-07-14,PRJ-006,WBS-00239,CC-00050,2026-07-14 06:30:00,2026-07-14 15:00:00,8.0,0.0,OnPrem-SQLServer
TE-00001788,TS-0000353,EMP-0044,2026-07-15,PRJ-006,WBS-00231,CC-00050,2026-07-15 06:30:00,2026-07-15 15:00:00,8.0,0.0,OnPrem-SQLServer
TE-00001789,TS-0000353,EMP-0044,2026-07-16,PRJ-006,WBS-00250,CC-00050,2026-07-16 06:00:00,2026-07-16 14:30:00,8.0,0.0,OnPrem-SQLServer
TE-00001790,TS-0000353,EMP-0044,2026-07-17,PRJ-006,WBS-00229,CC-00052,2026-07-17 06:15:00,2026-07-17 14:45:00,8.0,0.0,OnPrem-SQLServer
TE-00001791,TS-0000354,EMP-0044,2026-07-20,PRJ-006,WBS-00249,CC-00054,2026-07-20 06:00:00,2026-07-20 14:30:00,8.0,0.0,OnPrem-SQLServer
TE-00001792,TS-0000354,EMP-0044,2026-07-21,PRJ-006,WBS-00246,CC-00046,2026-07-21 06:15:00,2026-07-21 14:45:00,8.0,0.0,OnPrem-SQLServer
TE-00001793,TS-0000354,EMP-0044,2026-07-22,PRJ-006,WBS-00246,CC-00054,2026-07-22 06:15:00,2026-07-22 14:45:00,8.0,0.0,OnPrem-SQLServer
TE-00001794,TS-0000354,EMP-0044,2026-07-23,PRJ-006,WBS-00218,CC-00050,2026-07-23 06:15:00,2026-07-23 14:45:00,8.0,0.0,OnPrem-SQLServer
TE-00001795,TS-0000354,EMP-0044,2026-07-24,PRJ-006,WBS-00226,CC-00051,2026-07-24 06:15:00,2026-07-24 14:45:00,8.0,0.0,OnPrem-SQLServer
TE-00001796,TS-0000355,EMP-0044,2026-07-27,PRJ-006,WBS-00228,CC-00049,2026-07-27 06:15:00,2026-07-27 14:45:00,8.0,0.0,OnPrem-SQLServer
TE-00001797,TS-0000355,EMP-0044,2026-07-28,PRJ-006,WBS-00242,CC-00046,2026-07-28 06:30:00,2026-07-28 15:00:00,8.0,0.0,OnPrem-SQLServer
TE-00001798,TS-0000355,EMP-0044,2026-07-29,PRJ-006,WBS-00216,CC-00054,2026-07-29 06:15:00,2026-07-29 14:45:00,8.0,0.0,OnPrem-SQLServer
TE-00001799,TS-0000355,EMP-0044,2026-07-30,PRJ-006,WBS-00231,CC-00050,2026-07-30 06:15:00,2026-07-30 14:45:00,8.0,0.0,OnPrem-SQLServer
TE-00001800,TS-0000355,EMP-0044,2026-07-31,PRJ-006,WBS-00252,CC-00053,2026-07-31 06:15:00,2026-07-31 16:22:12,9.62,1.62,OnPrem-SQLServer
TE-00001801,TS-0000356,EMP-0045,2026-05-25,PRJ-010,WBS-00434,CC-00090,2026-05-25 06:15:00,2026-05-25 16:19:48,9.58,1.58,OnPrem-SQLServer
TE-00001802,TS-0000356,EMP-0045,2026-05-26,PRJ-010,WBS-00442,CC-00089,2026-05-26 06:30:00,2026-05-26 15:00:00,8.0,0.0,OnPrem-SQLServer
TE-00001803,TS-0000356,EMP-0045,2026-05-27,PRJ-010,WBS-00470,CC-00083,2026-05-27 06:30:00,2026-05-27 15:00:00,8.0,0.0,OnPrem-SQLServer
TE-00001804,TS-0000356,EMP-0045,2026-05-28,PRJ-010,WBS-00430,CC-00088,2026-05-28 06:15:00,2026-05-28 14:45:00,8.0,0.0,OnPrem-SQLServer
TE-00001805,TS-0000356,EMP-0045,2026-05-29,PRJ-010,WBS-00479,CC-00087,2026-05-29 06:30:00,2026-05-29 15:00:00,8.0,0.0,OnPrem-SQLServer
TE-00001806,TS-0000357,EMP-0045,2026-06-01,PRJ-010,WBS-00478,CC-00083,2026-06-01 06:30:00,2026-06-01 16:28:12,9.47,1.47,OnPrem-SQLServer
TE-00001807,TS-0000357,EMP-0045,2026-06-02,PRJ-010,WBS-00484,CC-00090,2026-06-02 06:00:00,2026-06-02 14:30:00,8.0,0.0,OnPrem-SQLServer
TE-00001808,TS-0000357,EMP-0045,2026-06-03,PRJ-010,WBS-00450,CC-00084,2026-06-03 06:00:00,2026-06-03 14:30:00,8.0,0.0,OnPrem-SQLServer
TE-00001809,TS-0000357,EMP-0045,2026-06-04,PRJ-010,WBS-00439,CC-00082,2026-06-04 06:30:00,2026-06-04 15:00:00,8.0,0.0,OnPrem-SQLServer
TE-00001810,TS-0000357,EMP-0045,2026-06-05,PRJ-010,WBS-00485,CC-00082,2026-06-05 06:30:00,2026-06-05 15:00:00,8.0,0.0,OnPrem-SQLServer
TE-00001811,TS-0000358,EMP-0045,2026-06-08,PRJ-010,WBS-00482,CC-00082,2026-06-08 06:30:00,2026-06-08 16:45:00,9.75,1.75,OnPrem-SQLServer
TE-00001812,TS-0000358,EMP-0045,2026-06-09,PRJ-010,WBS-00443,CC-00088,2026-06-09 06:15:00,2026-06-09 14:45:00,8.0,0.0,OnPrem-SQLServer
TE-00001813,TS-0000358,EMP-0045,2026-06-10,PRJ-010,WBS-00475,CC-00086,2026-06-10 06:30:00,2026-06-10 15:00:00,8.0,0.0,OnPrem-SQLServer
TE-00001814,TS-0000358,EMP-0045,2026-06-11,PRJ-010,WBS-00446,CC-00084,2026-06-11 06:15:00,2026-06-11 14:45:00,8.0,0.0,OnPrem-SQLServer
TE-00001815,TS-0000358,EMP-0045,2026-06-12,PRJ-010,WBS-00434,CC-00083,2026-06-12 06:15:00,2026-06-12 14:45:00,8.0,0.0,OnPrem-SQLServer
TE-00001816,TS-0000359,EMP-0045,2026-06-15,PRJ-010,WBS-00462,CC-00089,2026-06-15 06:00:00,2026-06-15 14:30:00,8.0,0.0,OnPrem-SQLServer
TE-00001817,TS-0000359,EMP-0045,2026-06-16,PRJ-010,WBS-00447,CC-00085,2026-06-16 06:00:00,2026-06-16 14:30:00,8.0,0.0,OnPrem-SQLServer
TE-00001818,TS-0000359,EMP-0045,2026-06-17,PRJ-010,WBS-00483,CC-00082,2026-06-17 06:30:00,2026-06-17 15:00:00,8.0,0.0,OnPrem-SQLServer
TE-00001819,TS-0000359,EMP-0045,2026-06-18,PRJ-010,WBS-00443,CC-00085,2026-06-18 06:15:00,2026-06-18 14:45:00,8.0,0.0,OnPrem-SQLServer
TE-00001820,TS-0000359,EMP-0045,2026-06-19,PRJ-010,WBS-00466,CC-00082,2026-06-19 06:15:00,2026-06-19 14:45:00,8.0,0.0,OnPrem-SQLServer
TE-00001821,TS-0000360,EMP-0045,2026-06-22,PRJ-010,WBS-00458,CC-00082,2026-06-22 06:00:00,2026-06-22 16:13:48,9.73,1.73,OnPrem-SQLServer
TE-00001822,TS-0000360,EMP-0045,2026-06-23,PRJ-010,WBS-00486,CC-00082,2026-06-23 06:00:00,2026-06-23 14:30:00,8.0,0.0,OnPrem-SQLServer
TE-00001823,TS-0000360,EMP-0045,2026-06-24,PRJ-010,WBS-00455,CC-00090,2026-06-24 06:30:00,2026-06-24 15:00:00,8.0,0.0,OnPrem-SQLServer
TE-00001824,TS-0000360,EMP-0045,2026-06-25,PRJ-010,WBS-00473,CC-00082,2026-06-25 06:00:00,2026-06-25 14:30:00,8.0,0.0,OnPrem-SQLServer
TE-00001825,TS-0000360,EMP-0045,2026-06-26,PRJ-010,WBS-00468,CC-00085,2026-06-26 06:15:00,2026-06-26 14:45:00,8.0,0.0,OnPrem-SQLServer
TE-00001826,TS-0000361,EMP-0045,2026-06-29,PRJ-010,WBS-00447,CC-00088,2026-06-29 06:00:00,2026-06-29 14:30:00,8.0,0.0,OnPrem-SQLServer
TE-00001827,TS-0000361,EMP-0045,2026-06-30,PRJ-010,WBS-00425,CC-00086,2026-06-30 06:30:00,2026-06-30 16:55:12,9.92,1.92,OnPrem-SQLServer
TE-00001828,TS-0000361,EMP-0045,2026-07-01,PRJ-010,WBS-00454,CC-00083,2026-07-01 06:30:00,2026-07-01 15:00:00,8.0,0.0,OnPrem-SQLServer
TE-00001829,TS-0000361,EMP-0045,2026-07-02,PRJ-010,WBS-00485,CC-00082,2026-07-02 06:00:00,2026-07-02 14:30:00,8.0,0.0,OnPrem-SQLServer
TE-00001830,TS-0000361,EMP-0045,2026-07-03,PRJ-010,WBS-00430,CC-00083,2026-07-03 06:15:00,2026-07-03 16:39:36,9.91,1.91,OnPrem-SQLServer
TE-00001831,TS-0000362,EMP-0045,2026-07-13,PRJ-010,WBS-00483,CC-00085,2026-07-13 06:00:00,2026-07-13 14:30:00,8.0,0.0,OnPrem-SQLServer
TE-00001832,TS-0000362,EMP-0045,2026-07-14,PRJ-010,WBS-00446,CC-00087,2026-07-14 06:15:00,2026-07-14 14:45:00,8.0,0.0,OnPrem-SQLServer
TE-00001833,TS-0000362,EMP-0045,2026-07-15,PRJ-010,WBS-00455,CC-00089,2026-07-15 06:15:00,2026-07-15 14:45:00,8.0,0.0,OnPrem-SQLServer
TE-00001834,TS-0000362,EMP-0045,2026-07-16,PRJ-010,WBS-00451,CC-00088,2026-07-16 06:15:00,2026-07-16 14:45:00,8.0,0.0,OnPrem-SQLServer
TE-00001835,TS-0000362,EMP-0045,2026-07-17,PRJ-010,WBS-00433,CC-00082,2026-07-17 06:00:00,2026-07-17 14:30:00,8.0,0.0,OnPrem-SQLServer
TE-00001836,TS-0000363,EMP-0045,2026-07-20,PRJ-010,WBS-00448,CC-00089,2026-07-20 06:15:00,2026-07-20 14:45:00,8.0,0.0,OnPrem-SQLServer
TE-00001837,TS-0000363,EMP-0045,2026-07-21,PRJ-010,WBS-00463,CC-00085,2026-07-21 06:00:00,2026-07-21 14:30:00,8.0,0.0,OnPrem-SQLServer
TE-00001838,TS-0000363,EMP-0045,2026-07-22,PRJ-010,WBS-00431,CC-00083,2026-07-22 06:00:00,2026-07-22 14:30:00,8.0,0.0,OnPrem-SQLServer
TE-00001839,TS-0000363,EMP-0045,2026-07-23,PRJ-010,WBS-00446,CC-00085,2026-07-23 06:00:00,2026-07-23 15:27:00,8.95,0.95,OnPrem-SQLServer
TE-00001840,TS-0000363,EMP-0045,2026-07-24,PRJ-010,WBS-00434,CC-00082,2026-07-24 06:30:00,2026-07-24 15:00:00,8.0,0.0,OnPrem-SQLServer
TE-00001841,TS-0000364,EMP-0045,2026-07-27,PRJ-010,WBS-00431,CC-00090,2026-07-27 06:00:00,2026-07-27 14:30:00,8.0,0.0,OnPrem-SQLServer
TE-00001842,TS-0000364,EMP-0045,2026-07-28,PRJ-010,WBS-00435,CC-00090,2026-07-28 06:30:00,2026-07-28 15:00:00,8.0,0.0,OnPrem-SQLServer
TE-00001843,TS-0000364,EMP-0045,2026-07-29,PRJ-010,WBS-00474,CC-00089,2026-07-29 06:00:00,2026-07-29 14:30:00,8.0,0.0,OnPrem-SQLServer
TE-00001844,TS-0000364,EMP-0045,2026-07-30,PRJ-010,WBS-00453,CC-00085,2026-07-30 06:00:00,2026-07-30 14:30:00,8.0,0.0,OnPrem-SQLServer
TE-00001845,TS-0000364,EMP-0045,2026-07-31,PRJ-010,WBS-00486,CC-00083,2026-07-31 06:30:00,2026-07-31 15:00:00,8.0,0.0,OnPrem-SQLServer
TE-00001846,TS-0000365,EMP-0046,2026-06-01,PRJ-006,WBS-00233,CC-00049,2026-06-01 06:15:00,2026-06-01 14:45:00,8.0,0.0,OnPrem-SQLServer
TE-00001847,TS-0000365,EMP-0046,2026-06-02,PRJ-006,WBS-00231,CC-00047,2026-06-02 06:00:00,2026-06-02 14:30:00,8.0,0.0,OnPrem-SQLServer
TE-00001848,TS-0000365,EMP-0046,2026-06-03,PRJ-006,WBS-00227,CC-00051,2026-06-03 06:30:00,2026-06-03 15:00:00,8.0,0.0,OnPrem-SQLServer
TE-00001849,TS-0000365,EMP-0046,2026-06-04,PRJ-006,WBS-00221,CC-00047,2026-06-04 06:00:00,2026-06-04 14:30:00,8.0,0.0,OnPrem-SQLServer
TE-00001850,TS-0000365,EMP-0046,2026-06-05,PRJ-006,WBS-00214,CC-00049,2026-06-05 06:30:00,2026-06-05 16:30:00,9.5,1.5,OnPrem-SQLServer
TE-00001851,TS-0000366,EMP-0046,2026-06-08,PRJ-006,WBS-00221,CC-00050,2026-06-08 06:30:00,2026-06-08 15:00:00,8.0,0.0,OnPrem-SQLServer
TE-00001852,TS-0000366,EMP-0046,2026-06-09,PRJ-006,WBS-00248,CC-00048,2026-06-09 06:30:00,2026-06-09 15:00:00,8.0,0.0,OnPrem-SQLServer
TE-00001853,TS-0000366,EMP-0046,2026-06-10,PRJ-006,WBS-00220,CC-00046,2026-06-10 06:15:00,2026-06-10 14:45:00,8.0,0.0,OnPrem-SQLServer
TE-00001854,TS-0000366,EMP-0046,2026-06-11,PRJ-006,WBS-00222,CC-00047,2026-06-11 06:15:00,2026-06-11 14:45:00,8.0,0.0,OnPrem-SQLServer
TE-00001855,TS-0000366,EMP-0046,2026-06-12,PRJ-006,WBS-00255,CC-00046,2026-06-12 06:30:00,2026-06-12 15:00:00,8.0,0.0,OnPrem-SQLServer
TE-00001856,TS-0000367,EMP-0046,2026-06-15,PRJ-006,WBS-00231,CC-00047,2026-06-15 06:15:00,2026-06-15 14:45:00,8.0,0.0,OnPrem-SQLServer
TE-00001857,TS-0000367,EMP-0046,2026-06-16,PRJ-006,WBS-00238,CC-00051,2026-06-16 06:15:00,2026-06-16 14:45:00,8.0,0.0,OnPrem-SQLServer
TE-00001858,TS-0000367,EMP-0046,2026-06-17,PRJ-006,WBS-00251,CC-00051,2026-06-17 06:00:00,2026-06-17 14:30:00,8.0,0.0,OnPrem-SQLServer
TE-00001859,TS-0000367,EMP-0046,2026-06-18,PRJ-006,WBS-00225,CC-00051,2026-06-18 06:30:00,2026-06-18 15:00:00,8.0,0.0,OnPrem-SQLServer
TE-00001860,TS-0000367,EMP-0046,2026-06-19,PRJ-006,WBS-00221,CC-00051,2026-06-19 06:00:00,2026-06-19 14:30:00,8.0,0.0,OnPrem-SQLServer
TE-00001861,TS-0000368,EMP-0046,2026-06-22,PRJ-006,WBS-00236,CC-00050,2026-06-22 06:00:00,2026-06-22 14:30:00,8.0,0.0,OnPrem-SQLServer
TE-00001862,TS-0000368,EMP-0046,2026-06-23,PRJ-006,WBS-00254,CC-00052,2026-06-23 06:30:00,2026-06-23 15:00:00,8.0,0.0,OnPrem-SQLServer
TE-00001863,TS-0000368,EMP-0046,2026-06-24,PRJ-006,WBS-00228,CC-00054,2026-06-24 06:00:00,2026-06-24 14:30:00,8.0,0.0,OnPrem-SQLServer
TE-00001864,TS-0000368,EMP-0046,2026-06-25,PRJ-006,WBS-00231,CC-00047,2026-06-25 06:15:00,2026-06-25 14:45:00,8.0,0.0,OnPrem-SQLServer
TE-00001865,TS-0000368,EMP-0046,2026-06-26,PRJ-006,WBS-00228,CC-00053,2026-06-26 06:30:00,2026-06-26 15:00:00,8.0,0.0,OnPrem-SQLServer
TE-00001866,TS-0000369,EMP-0046,2026-06-29,PRJ-006,WBS-00224,CC-00052,2026-06-29 06:30:00,2026-06-29 15:00:00,8.0,0.0,OnPrem-SQLServer
TE-00001867,TS-0000369,EMP-0046,2026-06-30,PRJ-006,WBS-00214,CC-00052,2026-06-30 06:00:00,2026-06-30 14:30:00,8.0,0.0,OnPrem-SQLServer
TE-00001868,TS-0000369,EMP-0046,2026-07-01,PRJ-006,WBS-00254,CC-00054,2026-07-01 06:00:00,2026-07-01 14:30:00,8.0,0.0,OnPrem-SQLServer
TE-00001869,TS-0000369,EMP-0046,2026-07-02,PRJ-006,WBS-00240,CC-00046,2026-07-02 06:00:00,2026-07-02 14:30:00,8.0,0.0,OnPrem-SQLServer
TE-00001870,TS-0000369,EMP-0046,2026-07-03,PRJ-006,WBS-00238,CC-00047,2026-07-03 06:15:00,2026-07-03 14:45:00,8.0,0.0,OnPrem-SQLServer
TE-00001871,TS-0000370,EMP-0046,2026-07-06,PRJ-006,WBS-00216,CC-00047,2026-07-06 06:30:00,2026-07-06 15:00:00,8.0,0.0,OnPrem-SQLServer
TE-00001872,TS-0000370,EMP-0046,2026-07-07,PRJ-006,WBS-00225,CC-00051,2026-07-07 06:00:00,2026-07-07 14:30:00,8.0,0.0,OnPrem-SQLServer
TE-00001873,TS-0000370,EMP-0046,2026-07-08,PRJ-006,WBS-00238,CC-00046,2026-07-08 06:15:00,2026-07-08 14:45:00,8.0,0.0,OnPrem-SQLServer
TE-00001874,TS-0000370,EMP-0046,2026-07-09,PRJ-006,WBS-00230,CC-00049,2026-07-09 06:15:00,2026-07-09 14:45:00,8.0,0.0,OnPrem-SQLServer
TE-00001875,TS-0000370,EMP-0046,2026-07-10,PRJ-006,WBS-00222,CC-00048,2026-07-10 06:15:00,2026-07-10 14:45:00,8.0,0.0,OnPrem-SQLServer
TE-00001876,TS-0000371,EMP-0046,2026-07-13,PRJ-006,WBS-00218,CC-00047,2026-07-13 06:00:00,2026-07-13 14:30:00,8.0,0.0,OnPrem-SQLServer
TE-00001877,TS-0000371,EMP-0046,2026-07-14,PRJ-006,WBS-00257,CC-00046,2026-07-14 06:00:00,2026-07-14 15:53:24,9.39,1.39,OnPrem-SQLServer
TE-00001878,TS-0000371,EMP-0046,2026-07-15,PRJ-006,WBS-00248,CC-00047,2026-07-15 06:15:00,2026-07-15 14:45:00,8.0,0.0,OnPrem-SQLServer
TE-00001879,TS-0000371,EMP-0046,2026-07-16,PRJ-006,WBS-00219,CC-00046,2026-07-16 06:00:00,2026-07-16 14:30:00,8.0,0.0,OnPrem-SQLServer
TE-00001880,TS-0000371,EMP-0046,2026-07-17,PRJ-006,WBS-00234,CC-00049,2026-07-17 06:00:00,2026-07-17 16:28:48,9.98,1.98,OnPrem-SQLServer
TE-00001881,TS-0000372,EMP-0046,2026-07-20,PRJ-006,WBS-00248,CC-00053,2026-07-20 06:00:00,2026-07-20 14:30:00,8.0,0.0,OnPrem-SQLServer
TE-00001882,TS-0000372,EMP-0046,2026-07-21,PRJ-006,WBS-00236,CC-00051,2026-07-21 06:30:00,2026-07-21 15:00:00,8.0,0.0,OnPrem-SQLServer
TE-00001883,TS-0000372,EMP-0046,2026-07-22,PRJ-006,WBS-00248,CC-00048,2026-07-22 06:30:00,2026-07-22 15:00:00,8.0,0.0,OnPrem-SQLServer
TE-00001884,TS-0000372,EMP-0046,2026-07-23,PRJ-006,WBS-00217,CC-00051,2026-07-23 06:30:00,2026-07-23 16:02:24,9.04,1.04,OnPrem-SQLServer
TE-00001885,TS-0000372,EMP-0046,2026-07-24,PRJ-006,WBS-00233,CC-00054,2026-07-24 06:00:00,2026-07-24 14:30:00,8.0,0.0,OnPrem-SQLServer
TE-00001886,TS-0000373,EMP-0046,2026-07-27,PRJ-006,WBS-00248,CC-00046,2026-07-27 06:30:00,2026-07-27 15:00:00,8.0,0.0,OnPrem-SQLServer
TE-00001887,TS-0000373,EMP-0046,2026-07-28,PRJ-006,WBS-00225,CC-00047,2026-07-28 06:15:00,2026-07-28 14:45:00,8.0,0.0,OnPrem-SQLServer
TE-00001888,TS-0000373,EMP-0046,2026-07-29,PRJ-006,WBS-00241,CC-00053,2026-07-29 06:30:00,2026-07-29 15:00:00,8.0,0.0,OnPrem-SQLServer
TE-00001889,TS-0000373,EMP-0046,2026-07-30,PRJ-006,WBS-00239,CC-00049,2026-07-30 06:00:00,2026-07-30 14:30:00,8.0,0.0,OnPrem-SQLServer
TE-00001890,TS-0000373,EMP-0046,2026-07-31,PRJ-006,WBS-00236,CC-00052,2026-07-31 06:15:00,2026-07-31 14:45:00,8.0,0.0,OnPrem-SQLServer
TE-00001891,TS-0000374,EMP-0048,2026-06-08,PRJ-008,WBS-00331,CC-00065,2026-06-08 06:15:00,2026-06-08 14:45:00,8.0,0.0,OnPrem-SQLServer
TE-00001892,TS-0000374,EMP-0048,2026-06-09,PRJ-008,WBS-00357,CC-00067,2026-06-09 06:00:00,2026-06-09 14:30:00,8.0,0.0,OnPrem-SQLServer
TE-00001893,TS-0000374,EMP-0048,2026-06-10,PRJ-008,WBS-00355,CC-00068,2026-06-10 06:30:00,2026-06-10 15:00:00,8.0,0.0,OnPrem-SQLServer
TE-00001894,TS-0000374,EMP-0048,2026-06-11,PRJ-008,WBS-00314,CC-00071,2026-06-11 06:15:00,2026-06-11 16:11:24,9.44,1.44,OnPrem-SQLServer
TE-00001895,TS-0000374,EMP-0048,2026-06-12,PRJ-008,WBS-00333,CC-00071,2026-06-12 06:30:00,2026-06-12 15:00:00,8.0,0.0,OnPrem-SQLServer
TE-00001896,TS-0000375,EMP-0048,2026-06-15,PRJ-008,WBS-00331,CC-00071,2026-06-15 06:15:00,2026-06-15 14:45:00,8.0,0.0,OnPrem-SQLServer
TE-00001897,TS-0000375,EMP-0048,2026-06-16,PRJ-008,WBS-00358,CC-00067,2026-06-16 06:30:00,2026-06-16 15:34:12,8.57,0.57,OnPrem-SQLServer
TE-00001898,TS-0000375,EMP-0048,2026-06-17,PRJ-008,WBS-00353,CC-00064,2026-06-17 06:30:00,2026-06-17 15:00:00,8.0,0.0,OnPrem-SQLServer
TE-00001899,TS-0000375,EMP-0048,2026-06-18,PRJ-008,WBS-00304,CC-00071,2026-06-18 06:30:00,2026-06-18 15:00:00,8.0,0.0,OnPrem-SQLServer
TE-00001900,TS-0000375,EMP-0048,2026-06-19,PRJ-008,WBS-00359,CC-00065,2026-06-19 06:15:00,2026-06-19 14:45:00,8.0,0.0,OnPrem-SQLServer
TE-00001901,TS-0000376,EMP-0048,2026-06-22,PRJ-005,WBS-00183,CC-00041,2026-06-22 06:30:00,2026-06-22 15:00:00,8.0,0.0,OnPrem-SQLServer
TE-00001902,TS-0000376,EMP-0048,2026-06-23,PRJ-005,WBS-00175,CC-00044,2026-06-23 06:30:00,2026-06-23 15:00:00,8.0,0.0,OnPrem-SQLServer
TE-00001903,TS-0000376,EMP-0048,2026-06-24,PRJ-005,WBS-00190,CC-00042,2026-06-24 06:30:00,2026-06-24 15:00:00,8.0,0.0,OnPrem-SQLServer
TE-00001904,TS-0000376,EMP-0048,2026-06-25,PRJ-005,WBS-00175,CC-00040,2026-06-25 06:00:00,2026-06-25 14:30:00,8.0,0.0,OnPrem-SQLServer
TE-00001905,TS-0000376,EMP-0048,2026-06-26,PRJ-005,WBS-00193,CC-00037,2026-06-26 06:30:00,2026-06-26 15:00:00,8.0,0.0,OnPrem-SQLServer
TE-00001906,TS-0000377,EMP-0048,2026-06-29,PRJ-008,WBS-00348,CC-00070,2026-06-29 06:00:00,2026-06-29 14:30:00,8.0,0.0,OnPrem-SQLServer
TE-00001907,TS-0000377,EMP-0048,2026-06-30,PRJ-008,WBS-00341,CC-00071,2026-06-30 06:30:00,2026-06-30 15:00:00,8.0,0.0,OnPrem-SQLServer
TE-00001908,TS-0000377,EMP-0048,2026-07-01,PRJ-008,WBS-00343,CC-00071,2026-07-01 06:30:00,2026-07-01 15:00:00,8.0,0.0,OnPrem-SQLServer
TE-00001909,TS-0000377,EMP-0048,2026-07-02,PRJ-008,WBS-00338,CC-00070,2026-07-02 06:15:00,2026-07-02 14:45:00,8.0,0.0,OnPrem-SQLServer
TE-00001910,TS-0000377,EMP-0048,2026-07-03,PRJ-008,WBS-00312,CC-00069,2026-07-03 06:00:00,2026-07-03 14:30:00,8.0,0.0,OnPrem-SQLServer
TE-00001911,TS-0000378,EMP-0048,2026-07-06,PRJ-008,WBS-00353,CC-00068,2026-07-06 06:30:00,2026-07-06 16:31:48,9.53,1.53,OnPrem-SQLServer
TE-00001912,TS-0000378,EMP-0048,2026-07-07,PRJ-008,WBS-00315,CC-00071,2026-07-07 06:15:00,2026-07-07 14:45:00,8.0,0.0,OnPrem-SQLServer
TE-00001913,TS-0000378,EMP-0048,2026-07-08,PRJ-008,WBS-00323,CC-00069,2026-07-08 06:00:00,2026-07-08 15:24:00,8.9,0.9,OnPrem-SQLServer
TE-00001914,TS-0000378,EMP-0048,2026-07-09,PRJ-008,WBS-00310,CC-00072,2026-07-09 06:15:00,2026-07-09 14:45:00,8.0,0.0,OnPrem-SQLServer
TE-00001915,TS-0000378,EMP-0048,2026-07-10,PRJ-008,WBS-00313,CC-00071,2026-07-10 06:30:00,2026-07-10 16:01:48,9.03,1.03,OnPrem-SQLServer
TE-00001916,TS-0000379,EMP-0048,2026-07-13,PRJ-010,WBS-00474,CC-00090,2026-07-13 06:15:00,2026-07-13 15:15:36,8.51,0.51,OnPrem-SQLServer
TE-00001917,TS-0000379,EMP-0048,2026-07-14,PRJ-010,WBS-00475,CC-00085,2026-07-14 06:15:00,2026-07-14 14:45:00,8.0,0.0,OnPrem-SQLServer
TE-00001918,TS-0000379,EMP-0048,2026-07-15,PRJ-010,WBS-00428,CC-00090,2026-07-15 06:00:00,2026-07-15 16:17:24,9.79,1.79,OnPrem-SQLServer
TE-00001919,TS-0000379,EMP-0048,2026-07-16,PRJ-010,WBS-00469,CC-00085,2026-07-16 06:30:00,2026-07-16 15:45:00,8.75,0.75,OnPrem-SQLServer
TE-00001920,TS-0000379,EMP-0048,2026-07-17,PRJ-010,WBS-00464,CC-00083,2026-07-17 06:15:00,2026-07-17 14:45:00,8.0,0.0,OnPrem-SQLServer
TE-00001921,TS-0000380,EMP-0048,2026-07-20,PRJ-008,WBS-00311,CC-00069,2026-07-20 06:15:00,2026-07-20 14:45:00,8.0,0.0,OnPrem-SQLServer
TE-00001922,TS-0000380,EMP-0048,2026-07-21,PRJ-008,WBS-00346,CC-00069,2026-07-21 06:15:00,2026-07-21 14:45:00,8.0,0.0,OnPrem-SQLServer
TE-00001923,TS-0000380,EMP-0048,2026-07-22,PRJ-008,WBS-00310,CC-00067,2026-07-22 06:15:00,2026-07-22 14:45:00,8.0,0.0,OnPrem-SQLServer
TE-00001924,TS-0000380,EMP-0048,2026-07-23,PRJ-008,WBS-00342,CC-00066,2026-07-23 06:30:00,2026-07-23 15:00:00,8.0,0.0,OnPrem-SQLServer
TE-00001925,TS-0000380,EMP-0048,2026-07-24,PRJ-008,WBS-00347,CC-00064,2026-07-24 06:00:00,2026-07-24 15:54:00,9.4,1.4,OnPrem-SQLServer
TE-00001926,TS-0000381,EMP-0048,2026-07-27,PRJ-008,WBS-00318,CC-00071,2026-07-27 06:15:00,2026-07-27 14:45:00,8.0,0.0,OnPrem-SQLServer
TE-00001927,TS-0000381,EMP-0048,2026-07-28,PRJ-008,WBS-00306,CC-00065,2026-07-28 06:15:00,2026-07-28 15:54:36,9.16,1.16,OnPrem-SQLServer
TE-00001928,TS-0000381,EMP-0048,2026-07-29,PRJ-008,WBS-00346,CC-00070,2026-07-29 06:15:00,2026-07-29 14:45:00,8.0,0.0,OnPrem-SQLServer
TE-00001929,TS-0000381,EMP-0048,2026-07-30,PRJ-008,WBS-00349,CC-00066,2026-07-30 06:15:00,2026-07-30 14:45:00,8.0,0.0,OnPrem-SQLServer
TE-00001930,TS-0000381,EMP-0048,2026-07-31,PRJ-008,WBS-00332,CC-00065,2026-07-31 06:15:00,2026-07-31 14:45:00,8.0,0.0,OnPrem-SQLServer
TE-00001931,TS-0000382,EMP-0049,2026-05-11,PRJ-003,WBS-00124,CC-00023,2026-05-11 06:15:00,2026-05-11 14:45:00,8.0,0.0,OnPrem-SQLServer
TE-00001932,TS-0000382,EMP-0049,2026-05-12,PRJ-003,WBS-00120,CC-00023,2026-05-12 06:30:00,2026-05-12 15:00:00,8.0,0.0,OnPrem-SQLServer
TE-00001933,TS-0000382,EMP-0049,2026-05-13,PRJ-003,WBS-00101,CC-00026,2026-05-13 06:15:00,2026-05-13 14:45:00,8.0,0.0,OnPrem-SQLServer
TE-00001934,TS-0000382,EMP-0049,2026-05-14,PRJ-003,WBS-00095,CC-00021,2026-05-14 06:15:00,2026-05-14 14:45:00,8.0,0.0,OnPrem-SQLServer
TE-00001935,TS-0000382,EMP-0049,2026-05-15,PRJ-003,WBS-00103,CC-00026,2026-05-15 06:30:00,2026-05-15 15:00:00,8.0,0.0,OnPrem-SQLServer
TE-00001936,TS-0000383,EMP-0049,2026-05-18,PRJ-003,WBS-00128,CC-00026,2026-05-18 06:15:00,2026-05-18 14:45:00,8.0,0.0,OnPrem-SQLServer
TE-00001937,TS-0000383,EMP-0049,2026-05-19,PRJ-003,WBS-00123,CC-00024,2026-05-19 06:15:00,2026-05-19 14:45:00,8.0,0.0,OnPrem-SQLServer
TE-00001938,TS-0000383,EMP-0049,2026-05-20,PRJ-003,WBS-00115,CC-00023,2026-05-20 06:00:00,2026-05-20 15:45:00,9.25,1.25,OnPrem-SQLServer
TE-00001939,TS-0000383,EMP-0049,2026-05-21,PRJ-003,WBS-00097,CC-00021,2026-05-21 06:30:00,2026-05-21 15:00:00,8.0,0.0,OnPrem-SQLServer
TE-00001940,TS-0000383,EMP-0049,2026-05-22,PRJ-003,WBS-00109,CC-00024,2026-05-22 06:30:00,2026-05-22 15:00:00,8.0,0.0,OnPrem-SQLServer
TE-00001941,TS-0000384,EMP-0049,2026-05-25,PRJ-003,WBS-00121,CC-00026,2026-05-25 06:30:00,2026-05-25 15:00:00,8.0,0.0,OnPrem-SQLServer
TE-00001942,TS-0000384,EMP-0049,2026-05-26,PRJ-003,WBS-00102,CC-00022,2026-05-26 06:30:00,2026-05-26 15:00:00,8.0,0.0,OnPrem-SQLServer
TE-00001943,TS-0000384,EMP-0049,2026-05-27,PRJ-003,WBS-00112,CC-00022,2026-05-27 06:15:00,2026-05-27 14:45:00,8.0,0.0,OnPrem-SQLServer
TE-00001944,TS-0000384,EMP-0049,2026-05-28,PRJ-003,WBS-00105,CC-00020,2026-05-28 06:15:00,2026-05-28 14:45:00,8.0,0.0,OnPrem-SQLServer
TE-00001945,TS-0000384,EMP-0049,2026-05-29,PRJ-003,WBS-00129,CC-00026,2026-05-29 06:00:00,2026-05-29 14:30:00,8.0,0.0,OnPrem-SQLServer
TE-00001946,TS-0000385,EMP-0049,2026-06-01,PRJ-003,WBS-00128,CC-00025,2026-06-01 06:00:00,2026-06-01 14:30:00,8.0,0.0,OnPrem-SQLServer
TE-00001947,TS-0000385,EMP-0049,2026-06-02,PRJ-003,WBS-00090,CC-00021,2026-06-02 06:30:00,2026-06-02 15:52:12,8.87,0.87,OnPrem-SQLServer
TE-00001948,TS-0000385,EMP-0049,2026-06-03,PRJ-003,WBS-00110,CC-00027,2026-06-03 06:00:00,2026-06-03 14:30:00,8.0,0.0,OnPrem-SQLServer
TE-00001949,TS-0000385,EMP-0049,2026-06-04,PRJ-003,WBS-00125,CC-00024,2026-06-04 06:00:00,2026-06-04 14:30:00,8.0,0.0,OnPrem-SQLServer
TE-00001950,TS-0000385,EMP-0049,2026-06-05,PRJ-003,WBS-00099,CC-00023,2026-06-05 06:00:00,2026-06-05 14:30:00,8.0,0.0,OnPrem-SQLServer
TE-00001951,TS-0000386,EMP-0049,2026-06-08,PRJ-003,WBS-00093,CC-00023,2026-06-08 06:30:00,2026-06-08 15:00:00,8.0,0.0,OnPrem-SQLServer
TE-00001952,TS-0000386,EMP-0049,2026-06-09,PRJ-003,WBS-00130,CC-00027,2026-06-09 06:15:00,2026-06-09 14:45:00,8.0,0.0,OnPrem-SQLServer
TE-00001953,TS-0000386,EMP-0049,2026-06-10,PRJ-003,WBS-00110,CC-00024,2026-06-10 06:30:00,2026-06-10 16:23:24,9.39,1.39,OnPrem-SQLServer
TE-00001954,TS-0000386,EMP-0049,2026-06-11,PRJ-003,WBS-00104,CC-00022,2026-06-11 06:00:00,2026-06-11 14:30:00,8.0,0.0,OnPrem-SQLServer
TE-00001955,TS-0000386,EMP-0049,2026-06-12,PRJ-003,WBS-00098,CC-00021,2026-06-12 06:15:00,2026-06-12 14:45:00,8.0,0.0,OnPrem-SQLServer
TE-00001956,TS-0000387,EMP-0049,2026-06-15,PRJ-003,WBS-00126,CC-00024,2026-06-15 06:00:00,2026-06-15 14:30:00,8.0,0.0,OnPrem-SQLServer
TE-00001957,TS-0000387,EMP-0049,2026-06-16,PRJ-003,WBS-00095,CC-00027,2026-06-16 06:00:00,2026-06-16 14:30:00,8.0,0.0,OnPrem-SQLServer
TE-00001958,TS-0000387,EMP-0049,2026-06-17,PRJ-003,WBS-00098,CC-00026,2026-06-17 06:00:00,2026-06-17 15:15:36,8.76,0.76,OnPrem-SQLServer
TE-00001959,TS-0000387,EMP-0049,2026-06-18,PRJ-003,WBS-00111,CC-00023,2026-06-18 06:30:00,2026-06-18 15:00:00,8.0,0.0,OnPrem-SQLServer
TE-00001960,TS-0000387,EMP-0049,2026-06-19,PRJ-003,WBS-00125,CC-00020,2026-06-19 06:15:00,2026-06-19 14:45:00,8.0,0.0,OnPrem-SQLServer
TE-00001961,TS-0000388,EMP-0049,2026-06-22,PRJ-010,WBS-00430,CC-00088,2026-06-22 06:30:00,2026-06-22 15:00:00,8.0,0.0,OnPrem-SQLServer
TE-00001962,TS-0000388,EMP-0049,2026-06-23,PRJ-010,WBS-00475,CC-00084,2026-06-23 06:15:00,2026-06-23 15:49:48,9.08,1.08,OnPrem-SQLServer
TE-00001963,TS-0000388,EMP-0049,2026-06-24,PRJ-010,WBS-00425,CC-00083,2026-06-24 06:30:00,2026-06-24 15:00:00,8.0,0.0,OnPrem-SQLServer
TE-00001964,TS-0000388,EMP-0049,2026-06-25,PRJ-010,WBS-00448,CC-00089,2026-06-25 06:00:00,2026-06-25 14:30:00,8.0,0.0,OnPrem-SQLServer
TE-00001965,TS-0000388,EMP-0049,2026-06-26,PRJ-010,WBS-00431,CC-00087,2026-06-26 06:00:00,2026-06-26 15:01:12,8.52,0.52,OnPrem-SQLServer
TE-00001966,TS-0000389,EMP-0049,2026-06-29,PRJ-003,WBS-00106,CC-00024,2026-06-29 06:30:00,2026-06-29 15:00:00,8.0,0.0,OnPrem-SQLServer
TE-00001967,TS-0000389,EMP-0049,2026-06-30,PRJ-003,WBS-00108,CC-00026,2026-06-30 06:00:00,2026-06-30 14:30:00,8.0,0.0,OnPrem-SQLServer
TE-00001968,TS-0000389,EMP-0049,2026-07-01,PRJ-003,WBS-00103,CC-00024,2026-07-01 06:15:00,2026-07-01 14:45:00,8.0,0.0,OnPrem-SQLServer
TE-00001969,TS-0000389,EMP-0049,2026-07-02,PRJ-003,WBS-00116,CC-00019,2026-07-02 06:30:00,2026-07-02 15:00:00,8.0,0.0,OnPrem-SQLServer
TE-00001970,TS-0000389,EMP-0049,2026-07-03,PRJ-003,WBS-00109,CC-00023,2026-07-03 06:00:00,2026-07-03 14:30:00,8.0,0.0,OnPrem-SQLServer
TE-00001971,TS-0000390,EMP-0049,2026-07-06,PRJ-003,WBS-00098,CC-00019,2026-07-06 06:15:00,2026-07-06 14:45:00,8.0,0.0,OnPrem-SQLServer
TE-00001972,TS-0000390,EMP-0049,2026-07-07,PRJ-003,WBS-00129,CC-00020,2026-07-07 06:30:00,2026-07-07 15:00:00,8.0,0.0,OnPrem-SQLServer
TE-00001973,TS-0000390,EMP-0049,2026-07-08,PRJ-003,WBS-00104,CC-00020,2026-07-08 06:30:00,2026-07-08 15:00:00,8.0,0.0,OnPrem-SQLServer
TE-00001974,TS-0000390,EMP-0049,2026-07-09,PRJ-003,WBS-00094,CC-00027,2026-07-09 06:00:00,2026-07-09 14:30:00,8.0,0.0,OnPrem-SQLServer
TE-00001975,TS-0000390,EMP-0049,2026-07-10,PRJ-003,WBS-00115,CC-00027,2026-07-10 06:30:00,2026-07-10 15:00:00,8.0,0.0,OnPrem-SQLServer
TE-00001976,TS-0000391,EMP-0049,2026-07-13,PRJ-005,WBS-00197,CC-00040,2026-07-13 06:30:00,2026-07-13 15:00:00,8.0,0.0,OnPrem-SQLServer
TE-00001977,TS-0000391,EMP-0049,2026-07-14,PRJ-005,WBS-00175,CC-00041,2026-07-14 06:00:00,2026-07-14 14:30:00,8.0,0.0,OnPrem-SQLServer
TE-00001978,TS-0000391,EMP-0049,2026-07-15,PRJ-005,WBS-00169,CC-00040,2026-07-15 06:00:00,2026-07-15 16:02:24,9.54,1.54,OnPrem-SQLServer
TE-00001979,TS-0000391,EMP-0049,2026-07-16,PRJ-005,WBS-00198,CC-00038,2026-07-16 06:00:00,2026-07-16 15:10:12,8.67,0.67,OnPrem-SQLServer
TE-00001980,TS-0000391,EMP-0049,2026-07-17,PRJ-005,WBS-00208,CC-00043,2026-07-17 06:30:00,2026-07-17 15:00:00,8.0,0.0,OnPrem-SQLServer
TE-00001981,TS-0000392,EMP-0049,2026-07-20,PRJ-003,WBS-00130,CC-00025,2026-07-20 06:15:00,2026-07-20 14:45:00,8.0,0.0,OnPrem-SQLServer
TE-00001982,TS-0000392,EMP-0049,2026-07-21,PRJ-003,WBS-00108,CC-00022,2026-07-21 06:00:00,2026-07-21 14:30:00,8.0,0.0,OnPrem-SQLServer
TE-00001983,TS-0000392,EMP-0049,2026-07-22,PRJ-003,WBS-00119,CC-00027,2026-07-22 06:00:00,2026-07-22 14:30:00,8.0,0.0,OnPrem-SQLServer
TE-00001984,TS-0000392,EMP-0049,2026-07-23,PRJ-003,WBS-00117,CC-00027,2026-07-23 06:30:00,2026-07-23 15:00:00,8.0,0.0,OnPrem-SQLServer
TE-00001985,TS-0000392,EMP-0049,2026-07-24,PRJ-003,WBS-00110,CC-00021,2026-07-24 06:00:00,2026-07-24 14:30:00,8.0,0.0,OnPrem-SQLServer
TE-00001986,TS-0000393,EMP-0050,2026-06-15,PRJ-012,WBS-00573,CC-00100,2026-06-15 06:00:00,2026-06-15 14:30:00,8.0,0.0,OnPrem-SQLServer
TE-00001987,TS-0000393,EMP-0050,2026-06-16,PRJ-012,WBS-00571,CC-00105,2026-06-16 06:00:00,2026-06-16 14:30:00,8.0,0.0,OnPrem-SQLServer
TE-00001988,TS-0000393,EMP-0050,2026-06-17,PRJ-012,WBS-00555,CC-00106,2026-06-17 06:00:00,2026-06-17 14:30:00,8.0,0.0,OnPrem-SQLServer
TE-00001989,TS-0000393,EMP-0050,2026-06-18,PRJ-012,WBS-00577,CC-00104,2026-06-18 06:15:00,2026-06-18 14:45:00,8.0,0.0,OnPrem-SQLServer
TE-00001990,TS-0000393,EMP-0050,2026-06-19,PRJ-012,WBS-00544,CC-00101,2026-06-19 06:00:00,2026-06-19 14:30:00,8.0,0.0,OnPrem-SQLServer
TE-00001991,TS-0000394,EMP-0050,2026-06-22,PRJ-012,WBS-00575,CC-00100,2026-06-22 06:00:00,2026-06-22 14:30:00,8.0,0.0,OnPrem-SQLServer
TE-00001992,TS-0000394,EMP-0050,2026-06-23,PRJ-012,WBS-00571,CC-00105,2026-06-23 06:30:00,2026-06-23 16:38:24,9.64,1.64,OnPrem-SQLServer
TE-00001993,TS-0000394,EMP-0050,2026-06-24,PRJ-012,WBS-00549,CC-00108,2026-06-24 06:30:00,2026-06-24 15:00:00,8.0,0.0,OnPrem-SQLServer
TE-00001994,TS-0000394,EMP-0050,2026-06-25,PRJ-012,WBS-00566,CC-00101,2026-06-25 06:15:00,2026-06-25 14:45:00,8.0,0.0,OnPrem-SQLServer
TE-00001995,TS-0000394,EMP-0050,2026-06-26,PRJ-012,WBS-00572,CC-00103,2026-06-26 06:00:00,2026-06-26 15:57:00,9.45,1.45,OnPrem-SQLServer
TE-00001996,TS-0000395,EMP-0050,2026-06-29,PRJ-005,WBS-00197,CC-00045,2026-06-29 06:00:00,2026-06-29 14:30:00,8.0,0.0,OnPrem-SQLServer
TE-00001997,TS-0000395,EMP-0050,2026-06-30,PRJ-005,WBS-00170,CC-00043,2026-06-30 06:15:00,2026-06-30 14:45:00,8.0,0.0,OnPrem-SQLServer
TE-00001998,TS-0000395,EMP-0050,2026-07-01,PRJ-005,WBS-00201,CC-00039,2026-07-01 06:30:00,2026-07-01 15:00:00,8.0,0.0,OnPrem-SQLServer
TE-00001999,TS-0000395,EMP-0050,2026-07-02,PRJ-005,WBS-00174,CC-00037,2026-07-02 06:30:00,2026-07-02 15:00:00,8.0,0.0,OnPrem-SQLServer
TE-00002000,TS-0000395,EMP-0050,2026-07-03,PRJ-005,WBS-00189,CC-00041,2026-07-03 06:30:00,2026-07-03 15:00:00,8.0,0.0,OnPrem-SQLServer
TE-00002001,TS-0000396,EMP-0050,2026-07-06,PRJ-010,WBS-00463,CC-00090,2026-07-06 06:30:00,2026-07-06 16:52:12,9.87,1.87,OnPrem-SQLServer
TE-00002002,TS-0000396,EMP-0050,2026-07-07,PRJ-010,WBS-00473,CC-00088,2026-07-07 06:00:00,2026-07-07 14:30:00,8.0,0.0,OnPrem-SQLServer
TE-00002003,TS-0000396,EMP-0050,2026-07-08,PRJ-010,WBS-00473,CC-00086,2026-07-08 06:00:00,2026-07-08 15:18:36,8.81,0.81,OnPrem-SQLServer
TE-00002004,TS-0000396,EMP-0050,2026-07-09,PRJ-010,WBS-00483,CC-00089,2026-07-09 06:15:00,2026-07-09 15:29:24,8.74,0.74,OnPrem-SQLServer
TE-00002005,TS-0000396,EMP-0050,2026-07-10,PRJ-010,WBS-00462,CC-00083,2026-07-10 06:15:00,2026-07-10 14:45:00,8.0,0.0,OnPrem-SQLServer
TE-00002006,TS-0000397,EMP-0050,2026-07-13,PRJ-012,WBS-00579,CC-00107,2026-07-13 06:30:00,2026-07-13 15:00:00,8.0,0.0,OnPrem-SQLServer
TE-00002007,TS-0000397,EMP-0050,2026-07-14,PRJ-012,WBS-00574,CC-00105,2026-07-14 06:00:00,2026-07-14 14:30:00,8.0,0.0,OnPrem-SQLServer
TE-00002008,TS-0000397,EMP-0050,2026-07-15,PRJ-012,WBS-00559,CC-00103,2026-07-15 06:30:00,2026-07-15 16:34:12,9.57,1.57,OnPrem-SQLServer
TE-00002009,TS-0000397,EMP-0050,2026-07-16,PRJ-012,WBS-00571,CC-00104,2026-07-16 06:00:00,2026-07-16 14:30:00,8.0,0.0,OnPrem-SQLServer
TE-00002010,TS-0000397,EMP-0050,2026-07-17,PRJ-012,WBS-00577,CC-00104,2026-07-17 06:15:00,2026-07-17 14:45:00,8.0,0.0,OnPrem-SQLServer
TE-00002011,TS-0000398,EMP-0050,2026-07-20,PRJ-012,WBS-00548,CC-00101,2026-07-20 06:30:00,2026-07-20 15:40:12,8.67,0.67,OnPrem-SQLServer
TE-00002012,TS-0000398,EMP-0050,2026-07-21,PRJ-012,WBS-00555,CC-00101,2026-07-21 06:15:00,2026-07-21 15:58:48,9.23,1.23,OnPrem-SQLServer
TE-00002013,TS-0000398,EMP-0050,2026-07-22,PRJ-012,WBS-00548,CC-00101,2026-07-22 06:30:00,2026-07-22 15:00:00,8.0,0.0,OnPrem-SQLServer
TE-00002014,TS-0000398,EMP-0050,2026-07-23,PRJ-012,WBS-00562,CC-00104,2026-07-23 06:00:00,2026-07-23 14:30:00,8.0,0.0,OnPrem-SQLServer
TE-00002015,TS-0000398,EMP-0050,2026-07-24,PRJ-012,WBS-00564,CC-00104,2026-07-24 06:00:00,2026-07-24 16:00:36,9.51,1.51,OnPrem-SQLServer
TE-00002016,TS-0000399,EMP-0050,2026-07-27,PRJ-012,WBS-00570,CC-00104,2026-07-27 06:15:00,2026-07-27 14:45:00,8.0,0.0,OnPrem-SQLServer
TE-00002017,TS-0000399,EMP-0050,2026-07-28,PRJ-012,WBS-00548,CC-00103,2026-07-28 06:30:00,2026-07-28 16:13:12,9.22,1.22,OnPrem-SQLServer
TE-00002018,TS-0000399,EMP-0050,2026-07-29,PRJ-012,WBS-00557,CC-00103,2026-07-29 06:15:00,2026-07-29 14:45:00,8.0,0.0,OnPrem-SQLServer
TE-00002019,TS-0000399,EMP-0050,2026-07-30,PRJ-012,WBS-00543,CC-00105,2026-07-30 06:15:00,2026-07-30 14:45:00,8.0,0.0,OnPrem-SQLServer
TE-00002020,TS-0000399,EMP-0050,2026-07-31,PRJ-012,WBS-00576,CC-00103,2026-07-31 06:00:00,2026-07-31 14:30:00,8.0,0.0,OnPrem-SQLServer
TE-00002021,TS-0000400,EMP-0051,2026-05-04,PRJ-010,WBS-00482,CC-00089,2026-05-04 06:15:00,2026-05-04 14:45:00,8.0,0.0,OnPrem-SQLServer
TE-00002022,TS-0000400,EMP-0051,2026-05-05,PRJ-010,WBS-00460,CC-00085,2026-05-05 06:30:00,2026-05-05 15:00:00,8.0,0.0,OnPrem-SQLServer
TE-00002023,TS-0000400,EMP-0051,2026-05-06,PRJ-010,WBS-00479,CC-00084,2026-05-06 06:00:00,2026-05-06 14:30:00,8.0,0.0,OnPrem-SQLServer
TE-00002024,TS-0000400,EMP-0051,2026-05-07,PRJ-010,WBS-00476,CC-00088,2026-05-07 06:30:00,2026-05-07 15:00:00,8.0,0.0,OnPrem-SQLServer
TE-00002025,TS-0000400,EMP-0051,2026-05-08,PRJ-010,WBS-00458,CC-00082,2026-05-08 06:30:00,2026-05-08 15:00:00,8.0,0.0,OnPrem-SQLServer
TE-00002026,TS-0000401,EMP-0051,2026-05-11,PRJ-010,WBS-00460,CC-00085,2026-05-11 06:15:00,2026-05-11 14:45:00,8.0,0.0,OnPrem-SQLServer
TE-00002027,TS-0000401,EMP-0051,2026-05-12,PRJ-010,WBS-00464,CC-00089,2026-05-12 06:30:00,2026-05-12 15:52:48,8.88,0.88,OnPrem-SQLServer
TE-00002028,TS-0000401,EMP-0051,2026-05-13,PRJ-010,WBS-00471,CC-00085,2026-05-13 06:15:00,2026-05-13 15:44:24,8.99,0.99,OnPrem-SQLServer
TE-00002029,TS-0000401,EMP-0051,2026-05-14,PRJ-010,WBS-00442,CC-00084,2026-05-14 06:30:00,2026-05-14 15:00:00,8.0,0.0,OnPrem-SQLServer
TE-00002030,TS-0000401,EMP-0051,2026-05-15,PRJ-010,WBS-00430,CC-00090,2026-05-15 06:30:00,2026-05-15 15:00:00,8.0,0.0,OnPrem-SQLServer
TE-00002031,TS-0000402,EMP-0051,2026-05-18,PRJ-010,WBS-00425,CC-00082,2026-05-18 06:30:00,2026-05-18 15:00:00,8.0,0.0,OnPrem-SQLServer
TE-00002032,TS-0000402,EMP-0051,2026-05-19,PRJ-010,WBS-00436,CC-00085,2026-05-19 06:00:00,2026-05-19 14:30:00,8.0,0.0,OnPrem-SQLServer
TE-00002033,TS-0000402,EMP-0051,2026-05-20,PRJ-010,WBS-00464,CC-00088,2026-05-20 06:15:00,2026-05-20 14:45:00,8.0,0.0,OnPrem-SQLServer
TE-00002034,TS-0000402,EMP-0051,2026-05-21,PRJ-010,WBS-00444,CC-00084,2026-05-21 06:30:00,2026-05-21 15:00:00,8.0,0.0,OnPrem-SQLServer
TE-00002035,TS-0000402,EMP-0051,2026-05-22,PRJ-010,WBS-00428,CC-00090,2026-05-22 06:15:00,2026-05-22 14:45:00,8.0,0.0,OnPrem-SQLServer
TE-00002036,TS-0000403,EMP-0051,2026-05-25,PRJ-010,WBS-00472,CC-00089,2026-05-25 06:00:00,2026-05-25 14:30:00,8.0,0.0,OnPrem-SQLServer
TE-00002037,TS-0000403,EMP-0051,2026-05-26,PRJ-010,WBS-00485,CC-00089,2026-05-26 06:00:00,2026-05-26 15:51:00,9.35,1.35,OnPrem-SQLServer
TE-00002038,TS-0000403,EMP-0051,2026-05-27,PRJ-010,WBS-00452,CC-00083,2026-05-27 06:00:00,2026-05-27 14:30:00,8.0,0.0,OnPrem-SQLServer
TE-00002039,TS-0000403,EMP-0051,2026-05-28,PRJ-010,WBS-00424,CC-00084,2026-05-28 06:00:00,2026-05-28 14:30:00,8.0,0.0,OnPrem-SQLServer
TE-00002040,TS-0000403,EMP-0051,2026-05-29,PRJ-010,WBS-00484,CC-00088,2026-05-29 06:00:00,2026-05-29 14:30:00,8.0,0.0,OnPrem-SQLServer
TE-00002041,TS-0000404,EMP-0051,2026-06-01,PRJ-008,WBS-00329,CC-00066,2026-06-01 06:15:00,2026-06-01 14:45:00,8.0,0.0,OnPrem-SQLServer
TE-00002042,TS-0000404,EMP-0051,2026-06-02,PRJ-008,WBS-00313,CC-00064,2026-06-02 06:15:00,2026-06-02 14:45:00,8.0,0.0,OnPrem-SQLServer
TE-00002043,TS-0000404,EMP-0051,2026-06-03,PRJ-008,WBS-00322,CC-00068,2026-06-03 06:00:00,2026-06-03 15:09:36,8.66,0.66,OnPrem-SQLServer
TE-00002044,TS-0000404,EMP-0051,2026-06-04,PRJ-008,WBS-00306,CC-00064,2026-06-04 06:00:00,2026-06-04 14:30:00,8.0,0.0,OnPrem-SQLServer
TE-00002045,TS-0000404,EMP-0051,2026-06-05,PRJ-008,WBS-00316,CC-00065,2026-06-05 06:00:00,2026-06-05 15:02:24,8.54,0.54,OnPrem-SQLServer
TE-00002046,TS-0000405,EMP-0051,2026-06-15,PRJ-010,WBS-00466,CC-00082,2026-06-15 06:00:00,2026-06-15 14:30:00,8.0,0.0,OnPrem-SQLServer
TE-00002047,TS-0000405,EMP-0051,2026-06-16,PRJ-010,WBS-00438,CC-00082,2026-06-16 06:30:00,2026-06-16 15:00:00,8.0,0.0,OnPrem-SQLServer
TE-00002048,TS-0000405,EMP-0051,2026-06-17,PRJ-010,WBS-00485,CC-00083,2026-06-17 06:00:00,2026-06-17 15:09:00,8.65,0.65,OnPrem-SQLServer
TE-00002049,TS-0000405,EMP-0051,2026-06-18,PRJ-010,WBS-00468,CC-00090,2026-06-18 06:15:00,2026-06-18 14:45:00,8.0,0.0,OnPrem-SQLServer
TE-00002050,TS-0000405,EMP-0051,2026-06-19,PRJ-010,WBS-00449,CC-00088,2026-06-19 06:00:00,2026-06-19 14:30:00,8.0,0.0,OnPrem-SQLServer
TE-00002051,TS-0000406,EMP-0051,2026-06-22,PRJ-010,WBS-00447,CC-00089,2026-06-22 06:30:00,2026-06-22 15:00:00,8.0,0.0,OnPrem-SQLServer
TE-00002052,TS-0000406,EMP-0051,2026-06-23,PRJ-010,WBS-00477,CC-00086,2026-06-23 06:30:00,2026-06-23 15:00:00,8.0,0.0,OnPrem-SQLServer
TE-00002053,TS-0000406,EMP-0051,2026-06-24,PRJ-010,WBS-00485,CC-00084,2026-06-24 06:15:00,2026-06-24 14:45:00,8.0,0.0,OnPrem-SQLServer
TE-00002054,TS-0000406,EMP-0051,2026-06-25,PRJ-010,WBS-00443,CC-00089,2026-06-25 06:15:00,2026-06-25 14:45:00,8.0,0.0,OnPrem-SQLServer
TE-00002055,TS-0000406,EMP-0051,2026-06-26,PRJ-010,WBS-00463,CC-00084,2026-06-26 06:30:00,2026-06-26 15:00:00,8.0,0.0,OnPrem-SQLServer
TE-00002056,TS-0000407,EMP-0051,2026-07-06,PRJ-010,WBS-00426,CC-00087,2026-07-06 06:15:00,2026-07-06 14:45:00,8.0,0.0,OnPrem-SQLServer
TE-00002057,TS-0000407,EMP-0051,2026-07-07,PRJ-010,WBS-00466,CC-00087,2026-07-07 06:00:00,2026-07-07 14:30:00,8.0,0.0,OnPrem-SQLServer
TE-00002058,TS-0000407,EMP-0051,2026-07-08,PRJ-010,WBS-00437,CC-00082,2026-07-08 06:30:00,2026-07-08 15:00:00,8.0,0.0,OnPrem-SQLServer
TE-00002059,TS-0000407,EMP-0051,2026-07-09,PRJ-010,WBS-00439,CC-00088,2026-07-09 06:00:00,2026-07-09 15:04:12,8.57,0.57,OnPrem-SQLServer
TE-00002060,TS-0000407,EMP-0051,2026-07-10,PRJ-010,WBS-00448,CC-00088,2026-07-10 06:00:00,2026-07-10 14:30:00,8.0,0.0,OnPrem-SQLServer
TE-00002061,TS-0000408,EMP-0051,2026-07-13,PRJ-007,WBS-00294,CC-00063,2026-07-13 06:30:00,2026-07-13 15:00:00,8.0,0.0,OnPrem-SQLServer
TE-00002062,TS-0000408,EMP-0051,2026-07-14,PRJ-007,WBS-00279,CC-00055,2026-07-14 06:00:00,2026-07-14 14:30:00,8.0,0.0,OnPrem-SQLServer
TE-00002063,TS-0000408,EMP-0051,2026-07-15,PRJ-007,WBS-00277,CC-00057,2026-07-15 06:15:00,2026-07-15 14:45:00,8.0,0.0,OnPrem-SQLServer
TE-00002064,TS-0000408,EMP-0051,2026-07-16,PRJ-007,WBS-00275,CC-00055,2026-07-16 06:30:00,2026-07-16 16:24:36,9.41,1.41,OnPrem-SQLServer
TE-00002065,TS-0000408,EMP-0051,2026-07-17,PRJ-007,WBS-00286,CC-00057,2026-07-17 06:30:00,2026-07-17 15:00:00,8.0,0.0,OnPrem-SQLServer
TE-00002066,TS-0000409,EMP-0051,2026-07-20,PRJ-010,WBS-00456,CC-00083,2026-07-20 06:00:00,2026-07-20 14:30:00,8.0,0.0,OnPrem-SQLServer
TE-00002067,TS-0000409,EMP-0051,2026-07-21,PRJ-010,WBS-00439,CC-00085,2026-07-21 06:30:00,2026-07-21 16:03:36,9.06,1.06,OnPrem-SQLServer
TE-00002068,TS-0000409,EMP-0051,2026-07-22,PRJ-010,WBS-00427,CC-00085,2026-07-22 06:00:00,2026-07-22 14:30:00,8.0,0.0,OnPrem-SQLServer
TE-00002069,TS-0000409,EMP-0051,2026-07-23,PRJ-010,WBS-00424,CC-00085,2026-07-23 06:00:00,2026-07-23 14:30:00,8.0,0.0,OnPrem-SQLServer
TE-00002070,TS-0000409,EMP-0051,2026-07-24,PRJ-010,WBS-00449,CC-00084,2026-07-24 06:00:00,2026-07-24 14:30:00,8.0,0.0,OnPrem-SQLServer
TE-00002071,TS-0000410,EMP-0051,2026-07-27,PRJ-010,WBS-00448,CC-00083,2026-07-27 06:15:00,2026-07-27 14:45:00,8.0,0.0,OnPrem-SQLServer
TE-00002072,TS-0000410,EMP-0051,2026-07-28,PRJ-010,WBS-00459,CC-00087,2026-07-28 06:00:00,2026-07-28 14:30:00,8.0,0.0,OnPrem-SQLServer
TE-00002073,TS-0000410,EMP-0051,2026-07-29,PRJ-010,WBS-00479,CC-00088,2026-07-29 06:30:00,2026-07-29 15:00:00,8.0,0.0,OnPrem-SQLServer
TE-00002074,TS-0000410,EMP-0051,2026-07-30,PRJ-010,WBS-00432,CC-00086,2026-07-30 06:30:00,2026-07-30 15:00:00,8.0,0.0,OnPrem-SQLServer
TE-00002075,TS-0000410,EMP-0051,2026-07-31,PRJ-010,WBS-00481,CC-00087,2026-07-31 06:15:00,2026-07-31 16:04:12,9.32,1.32,OnPrem-SQLServer
TE-00002076,TS-0000411,EMP-0052,2026-04-13,PRJ-001,WBS-00051,CC-00002,2026-04-13 07:15:00,2026-04-13 15:45:00,8.0,0.0,OnPrem-SQLServer
TE-00002077,TS-0000411,EMP-0052,2026-04-14,PRJ-001,WBS-00033,CC-00007,2026-04-14 07:30:00,2026-04-14 18:58:48,10.98,2.98,OnPrem-SQLServer
TE-00002078,TS-0000411,EMP-0052,2026-04-15,PRJ-001,WBS-00047,CC-00007,2026-04-15 07:00:00,2026-04-15 15:30:00,8.0,0.0,OnPrem-SQLServer
TE-00002079,TS-0000411,EMP-0052,2026-04-16,PRJ-001,WBS-00002,CC-00007,2026-04-16 06:15:00,2026-04-16 14:45:00,8.0,0.0,OnPrem-SQLServer
TE-00002080,TS-0000411,EMP-0052,2026-04-17,PRJ-001,WBS-00040,CC-00008,2026-04-17 06:15:00,2026-04-17 14:45:00,8.0,0.0,OnPrem-SQLServer
TE-00002081,TS-0000412,EMP-0052,2026-04-20,PRJ-001,WBS-00031,CC-00007,2026-04-20 06:30:00,2026-04-20 15:00:00,8.0,0.0,OnPrem-SQLServer
TE-00002082,TS-0000412,EMP-0052,2026-04-21,PRJ-001,WBS-00016,CC-00003,2026-04-21 06:30:00,2026-04-21 16:00:36,9.01,1.01,OnPrem-SQLServer
TE-00002083,TS-0000412,EMP-0052,2026-04-22,PRJ-001,WBS-00006,CC-00004,2026-04-22 06:00:00,2026-04-22 17:09:36,10.66,2.66,OnPrem-SQLServer
TE-00002084,TS-0000412,EMP-0052,2026-04-23,PRJ-001,WBS-00035,CC-00008,2026-04-23 07:00:00,2026-04-23 16:56:24,9.44,1.44,OnPrem-SQLServer
TE-00002085,TS-0000412,EMP-0052,2026-04-24,PRJ-001,WBS-00014,CC-00008,2026-04-24 06:30:00,2026-04-24 18:26:24,11.44,3.44,OnPrem-SQLServer
TE-00002086,TS-0000413,EMP-0052,2026-04-27,PRJ-001,WBS-00002,CC-00005,2026-04-27 06:00:00,2026-04-27 14:30:00,8.0,0.0,OnPrem-SQLServer
TE-00002087,TS-0000413,EMP-0052,2026-04-28,PRJ-001,WBS-00048,CC-00004,2026-04-28 06:15:00,2026-04-28 17:32:24,10.79,2.79,OnPrem-SQLServer
TE-00002088,TS-0000413,EMP-0052,2026-04-29,PRJ-001,WBS-00030,CC-00008,2026-04-29 07:30:00,2026-04-29 16:00:00,8.0,0.0,OnPrem-SQLServer
TE-00002089,TS-0000413,EMP-0052,2026-04-30,PRJ-001,WBS-00022,CC-00007,2026-04-30 07:30:00,2026-04-30 17:46:48,9.78,1.78,OnPrem-SQLServer
TE-00002090,TS-0000413,EMP-0052,2026-05-01,PRJ-001,WBS-00017,CC-00007,2026-05-01 07:00:00,2026-05-01 17:46:48,10.28,2.28,OnPrem-SQLServer
TE-00002091,TS-0000413,EMP-0052,2026-05-02,PRJ-001,WBS-00010,CC-00009,2026-05-02 07:30:00,2026-05-02 16:39:00,8.65,8.65,OnPrem-SQLServer
TE-00002092,TS-0000414,EMP-0052,2026-05-04,PRJ-001,WBS-00027,CC-00009,2026-05-04 06:00:00,2026-05-04 16:28:12,9.97,1.97,OnPrem-SQLServer
TE-00002093,TS-0000414,EMP-0052,2026-05-05,PRJ-001,WBS-00019,CC-00007,2026-05-05 06:30:00,2026-05-05 17:28:48,10.48,2.48,OnPrem-SQLServer
TE-00002094,TS-0000414,EMP-0052,2026-05-06,PRJ-001,WBS-00017,CC-00001,2026-05-06 07:00:00,2026-05-06 15:30:00,8.0,0.0,OnPrem-SQLServer
TE-00002095,TS-0000414,EMP-0052,2026-05-07,PRJ-001,WBS-00047,CC-00004,2026-05-07 06:00:00,2026-05-07 14:30:00,8.0,0.0,OnPrem-SQLServer
TE-00002096,TS-0000414,EMP-0052,2026-05-08,PRJ-001,WBS-00038,CC-00009,2026-05-08 06:15:00,2026-05-08 14:45:00,8.0,0.0,OnPrem-SQLServer
TE-00002097,TS-0000415,EMP-0052,2026-05-11,PRJ-001,WBS-00017,CC-00007,2026-05-11 06:30:00,2026-05-11 16:40:12,9.67,1.67,OnPrem-SQLServer
TE-00002098,TS-0000415,EMP-0052,2026-05-12,PRJ-001,WBS-00029,CC-00001,2026-05-12 07:30:00,2026-05-12 16:00:00,8.0,0.0,OnPrem-SQLServer
TE-00002099,TS-0000415,EMP-0052,2026-05-13,PRJ-001,WBS-00037,CC-00009,2026-05-13 07:00:00,2026-05-13 15:30:00,8.0,0.0,OnPrem-SQLServer
TE-00002100,TS-0000415,EMP-0052,2026-05-14,PRJ-001,WBS-00040,CC-00008,2026-05-14 06:00:00,2026-05-14 15:35:24,9.09,1.09,OnPrem-SQLServer
TE-00002101,TS-0000415,EMP-0052,2026-05-15,PRJ-001,WBS-00048,CC-00006,2026-05-15 07:30:00,2026-05-15 17:05:24,9.09,1.09,OnPrem-SQLServer
TE-00002102,TS-0000416,EMP-0052,2026-05-18,PRJ-001,WBS-00047,CC-00007,2026-05-18 06:30:00,2026-05-18 15:00:00,8.0,0.0,OnPrem-SQLServer
TE-00002103,TS-0000416,EMP-0052,2026-05-19,PRJ-001,WBS-00018,CC-00003,2026-05-19 06:00:00,2026-05-19 14:30:00,8.0,0.0,OnPrem-SQLServer
TE-00002104,TS-0000416,EMP-0052,2026-05-20,PRJ-001,WBS-00040,CC-00004,2026-05-20 06:30:00,2026-05-20 15:00:00,8.0,0.0,OnPrem-SQLServer
TE-00002105,TS-0000416,EMP-0052,2026-05-21,PRJ-001,WBS-00021,CC-00003,2026-05-21 06:00:00,2026-05-21 14:30:00,8.0,0.0,OnPrem-SQLServer
TE-00002106,TS-0000416,EMP-0052,2026-05-22,PRJ-001,WBS-00015,CC-00007,2026-05-22 07:15:00,2026-05-22 15:45:00,8.0,0.0,OnPrem-SQLServer
TE-00002107,TS-0000416,EMP-0052,2026-05-23,PRJ-001,WBS-00038,CC-00005,2026-05-23 06:00:00,2026-05-23 12:54:00,6.4,6.4,OnPrem-SQLServer
TE-00002108,TS-0000417,EMP-0052,2026-05-25,PRJ-001,WBS-00026,CC-00003,2026-05-25 07:00:00,2026-05-25 18:00:36,10.51,2.51,OnPrem-SQLServer
TE-00002109,TS-0000417,EMP-0052,2026-05-26,PRJ-001,WBS-00020,CC-00008,2026-05-26 07:30:00,2026-05-26 16:00:00,8.0,0.0,OnPrem-SQLServer
TE-00002110,TS-0000417,EMP-0052,2026-05-27,PRJ-001,WBS-00045,CC-00009,2026-05-27 07:00:00,2026-05-27 19:19:12,11.82,3.82,OnPrem-SQLServer
TE-00002111,TS-0000417,EMP-0052,2026-05-28,PRJ-001,WBS-00026,CC-00008,2026-05-28 06:00:00,2026-05-28 15:35:24,9.09,1.09,OnPrem-SQLServer
TE-00002112,TS-0000417,EMP-0052,2026-05-29,PRJ-001,WBS-00001,CC-00009,2026-05-29 06:00:00,2026-05-29 17:58:48,11.48,3.48,OnPrem-SQLServer
TE-00002113,TS-0000418,EMP-0052,2026-06-01,PRJ-001,WBS-00038,CC-00008,2026-06-01 07:30:00,2026-06-01 18:39:00,10.65,2.65,OnPrem-SQLServer
TE-00002114,TS-0000418,EMP-0052,2026-06-02,PRJ-001,WBS-00028,CC-00008,2026-06-02 07:30:00,2026-06-02 19:37:12,11.62,3.62,OnPrem-SQLServer
TE-00002115,TS-0000418,EMP-0052,2026-06-03,PRJ-001,WBS-00002,CC-00007,2026-06-03 07:30:00,2026-06-03 17:15:36,9.26,1.26,OnPrem-SQLServer
TE-00002116,TS-0000418,EMP-0052,2026-06-04,PRJ-001,WBS-00040,CC-00007,2026-06-04 07:00:00,2026-06-04 15:30:00,8.0,0.0,OnPrem-SQLServer
TE-00002117,TS-0000418,EMP-0052,2026-06-05,PRJ-001,WBS-00007,CC-00005,2026-06-05 07:30:00,2026-06-05 16:00:00,8.0,0.0,OnPrem-SQLServer
TE-00002118,TS-0000418,EMP-0052,2026-06-06,PRJ-001,WBS-00025,CC-00009,2026-06-06 07:15:00,2026-06-06 16:48:00,9.05,9.05,OnPrem-SQLServer
TE-00002119,TS-0000419,EMP-0052,2026-06-08,PRJ-001,WBS-00014,CC-00004,2026-06-08 07:00:00,2026-06-08 15:30:00,8.0,0.0,OnPrem-SQLServer
TE-00002120,TS-0000419,EMP-0052,2026-06-09,PRJ-001,WBS-00028,CC-00009,2026-06-09 07:30:00,2026-06-09 16:00:00,8.0,0.0,OnPrem-SQLServer
TE-00002121,TS-0000419,EMP-0052,2026-06-10,PRJ-001,WBS-00041,CC-00009,2026-06-10 06:00:00,2026-06-10 17:21:00,10.85,2.85,OnPrem-SQLServer
TE-00002122,TS-0000419,EMP-0052,2026-06-11,PRJ-001,WBS-00040,CC-00008,2026-06-11 06:15:00,2026-06-11 16:58:12,10.22,2.22,OnPrem-SQLServer
TE-00002123,TS-0000419,EMP-0052,2026-06-12,PRJ-001,WBS-00022,CC-00004,2026-06-12 06:00:00,2026-06-12 14:30:00,8.0,0.0,OnPrem-SQLServer
TE-00002124,TS-0000420,EMP-0052,2026-06-15,PRJ-001,WBS-00036,CC-00001,2026-06-15 07:15:00,2026-06-15 15:45:00,8.0,0.0,OnPrem-SQLServer
TE-00002125,TS-0000420,EMP-0052,2026-06-16,PRJ-001,WBS-00014,CC-00001,2026-06-16 07:15:00,2026-06-16 15:45:00,8.0,0.0,OnPrem-SQLServer
TE-00002126,TS-0000420,EMP-0052,2026-06-17,PRJ-001,WBS-00027,CC-00007,2026-06-17 07:30:00,2026-06-17 16:00:00,8.0,0.0,OnPrem-SQLServer
TE-00002127,TS-0000420,EMP-0052,2026-06-18,PRJ-001,WBS-00039,CC-00002,2026-06-18 06:30:00,2026-06-18 17:54:00,10.9,2.9,OnPrem-SQLServer
TE-00002128,TS-0000420,EMP-0052,2026-06-19,PRJ-001,WBS-00016,CC-00002,2026-06-19 07:00:00,2026-06-19 19:04:12,11.57,3.57,OnPrem-SQLServer
TE-00002129,TS-0000420,EMP-0052,2026-06-20,PRJ-001,WBS-00006,CC-00003,2026-06-20 06:00:00,2026-06-20 16:13:48,9.73,9.73,OnPrem-SQLServer
TE-00002130,TS-0000421,EMP-0052,2026-06-22,PRJ-001,WBS-00034,CC-00005,2026-06-22 06:15:00,2026-06-22 15:40:12,8.92,0.92,OnPrem-SQLServer
TE-00002131,TS-0000421,EMP-0052,2026-06-23,PRJ-001,WBS-00022,CC-00004,2026-06-23 06:00:00,2026-06-23 14:30:00,8.0,0.0,OnPrem-SQLServer
TE-00002132,TS-0000421,EMP-0052,2026-06-24,PRJ-001,WBS-00046,CC-00009,2026-06-24 06:30:00,2026-06-24 15:00:00,8.0,0.0,OnPrem-SQLServer
TE-00002133,TS-0000421,EMP-0052,2026-06-25,PRJ-001,WBS-00007,CC-00003,2026-06-25 06:00:00,2026-06-25 14:30:00,8.0,0.0,OnPrem-SQLServer
TE-00002134,TS-0000421,EMP-0052,2026-06-26,PRJ-001,WBS-00014,CC-00002,2026-06-26 06:15:00,2026-06-26 14:45:00,8.0,0.0,OnPrem-SQLServer
TE-00002135,TS-0000421,EMP-0052,2026-06-27,PRJ-001,WBS-00041,CC-00006,2026-06-27 07:30:00,2026-06-27 17:09:00,9.15,9.15,OnPrem-SQLServer
TE-00002136,TS-0000422,EMP-0052,2026-06-29,PRJ-001,WBS-00006,CC-00002,2026-06-29 06:15:00,2026-06-29 17:17:24,10.54,2.54,OnPrem-SQLServer
TE-00002137,TS-0000422,EMP-0052,2026-06-30,PRJ-001,WBS-00048,CC-00002,2026-06-30 07:00:00,2026-06-30 15:30:00,8.0,0.0,OnPrem-SQLServer
TE-00002138,TS-0000422,EMP-0052,2026-07-01,PRJ-001,WBS-00017,CC-00007,2026-07-01 07:00:00,2026-07-01 15:30:00,8.0,0.0,OnPrem-SQLServer
TE-00002139,TS-0000422,EMP-0052,2026-07-02,PRJ-001,WBS-00029,CC-00009,2026-07-02 07:30:00,2026-07-02 18:25:48,10.43,2.43,OnPrem-SQLServer
TE-00002140,TS-0000422,EMP-0052,2026-07-03,PRJ-001,WBS-00024,CC-00004,2026-07-03 06:30:00,2026-07-03 15:00:00,8.0,0.0,OnPrem-SQLServer
TE-00002141,TS-0000422,EMP-0052,2026-07-04,PRJ-001,WBS-00049,CC-00003,2026-07-04 07:00:00,2026-07-04 14:13:12,6.72,6.72,OnPrem-SQLServer
TE-00002142,TS-0000423,EMP-0052,2026-07-06,PRJ-001,WBS-00014,CC-00006,2026-07-06 07:00:00,2026-07-06 18:09:36,10.66,2.66,OnPrem-SQLServer
TE-00002143,TS-0000423,EMP-0052,2026-07-07,PRJ-001,WBS-00022,CC-00009,2026-07-07 07:30:00,2026-07-07 18:43:12,10.72,2.72,OnPrem-SQLServer
TE-00002144,TS-0000423,EMP-0052,2026-07-08,PRJ-001,WBS-00003,CC-00005,2026-07-08 07:00:00,2026-07-08 15:30:00,8.0,0.0,OnPrem-SQLServer
TE-00002145,TS-0000423,EMP-0052,2026-07-09,PRJ-001,WBS-00034,CC-00005,2026-07-09 07:30:00,2026-07-09 17:18:36,9.31,1.31,OnPrem-SQLServer
TE-00002146,TS-0000423,EMP-0052,2026-07-10,PRJ-001,WBS-00024,CC-00008,2026-07-10 06:15:00,2026-07-10 17:04:12,10.32,2.32,OnPrem-SQLServer
TE-00002147,TS-0000423,EMP-0052,2026-07-11,PRJ-001,WBS-00043,CC-00003,2026-07-11 07:00:00,2026-07-11 16:19:48,8.83,8.83,OnPrem-SQLServer
TE-00002148,TS-0000424,EMP-0052,2026-07-13,PRJ-001,WBS-00017,CC-00008,2026-07-13 06:15:00,2026-07-13 14:45:00,8.0,0.0,OnPrem-SQLServer
TE-00002149,TS-0000424,EMP-0052,2026-07-14,PRJ-001,WBS-00023,CC-00007,2026-07-14 07:00:00,2026-07-14 17:13:12,9.72,1.72,OnPrem-SQLServer
TE-00002150,TS-0000424,EMP-0052,2026-07-15,PRJ-001,WBS-00016,CC-00003,2026-07-15 07:15:00,2026-07-15 15:45:00,8.0,0.0,OnPrem-SQLServer
TE-00002151,TS-0000424,EMP-0052,2026-07-16,PRJ-001,WBS-00003,CC-00004,2026-07-16 07:30:00,2026-07-16 16:00:00,8.0,0.0,OnPrem-SQLServer
TE-00002152,TS-0000424,EMP-0052,2026-07-17,PRJ-001,WBS-00047,CC-00004,2026-07-17 06:00:00,2026-07-17 18:01:48,11.53,3.53,OnPrem-SQLServer
TE-00002153,TS-0000424,EMP-0052,2026-07-18,PRJ-001,WBS-00024,CC-00001,2026-07-18 06:00:00,2026-07-18 16:01:12,9.52,9.52,OnPrem-SQLServer
TE-00002154,TS-0000425,EMP-0052,2026-07-20,PRJ-001,WBS-00049,CC-00008,2026-07-20 06:30:00,2026-07-20 16:21:36,9.36,1.36,OnPrem-SQLServer
TE-00002155,TS-0000425,EMP-0052,2026-07-21,PRJ-001,WBS-00041,CC-00004,2026-07-21 07:30:00,2026-07-21 16:00:00,8.0,0.0,OnPrem-SQLServer
TE-00002156,TS-0000425,EMP-0052,2026-07-22,PRJ-001,WBS-00011,CC-00004,2026-07-22 07:15:00,2026-07-22 15:45:00,8.0,0.0,OnPrem-SQLServer
TE-00002157,TS-0000425,EMP-0052,2026-07-23,PRJ-001,WBS-00021,CC-00001,2026-07-23 07:00:00,2026-07-23 15:30:00,8.0,0.0,OnPrem-SQLServer
TE-00002158,TS-0000425,EMP-0052,2026-07-24,PRJ-001,WBS-00023,CC-00003,2026-07-24 06:30:00,2026-07-24 15:00:00,8.0,0.0,OnPrem-SQLServer
TE-00002159,TS-0000425,EMP-0052,2026-07-25,PRJ-001,WBS-00025,CC-00005,2026-07-25 07:30:00,2026-07-25 14:15:00,6.25,6.25,OnPrem-SQLServer
TE-00002160,TS-0000426,EMP-0052,2026-07-27,PRJ-001,WBS-00048,CC-00006,2026-07-27 06:30:00,2026-07-27 15:00:00,8.0,0.0,OnPrem-SQLServer
TE-00002161,TS-0000426,EMP-0052,2026-07-28,PRJ-001,WBS-00039,CC-00007,2026-07-28 06:30:00,2026-07-28 15:00:00,8.0,0.0,OnPrem-SQLServer
TE-00002162,TS-0000426,EMP-0052,2026-07-29,PRJ-001,WBS-00025,CC-00006,2026-07-29 06:30:00,2026-07-29 15:00:00,8.0,0.0,OnPrem-SQLServer
TE-00002163,TS-0000426,EMP-0052,2026-07-30,PRJ-001,WBS-00024,CC-00005,2026-07-30 07:00:00,2026-07-30 17:33:36,10.06,2.06,OnPrem-SQLServer
TE-00002164,TS-0000426,EMP-0052,2026-07-31,PRJ-001,WBS-00001,CC-00002,2026-07-31 06:15:00,2026-07-31 14:45:00,8.0,0.0,OnPrem-SQLServer
TE-00002165,TS-0000427,EMP-0053,2026-05-11,PRJ-009,WBS-00361,CC-00078,2026-05-11 06:15:00,2026-05-11 15:37:12,8.87,0.87,OnPrem-SQLServer
TE-00002166,TS-0000427,EMP-0053,2026-05-12,PRJ-009,WBS-00409,CC-00079,2026-05-12 06:15:00,2026-05-12 14:45:00,8.0,0.0,OnPrem-SQLServer
TE-00002167,TS-0000427,EMP-0053,2026-05-13,PRJ-009,WBS-00383,CC-00074,2026-05-13 06:30:00,2026-05-13 15:00:00,8.0,0.0,OnPrem-SQLServer
TE-00002168,TS-0000427,EMP-0053,2026-05-14,PRJ-009,WBS-00411,CC-00075,2026-05-14 06:00:00,2026-05-14 14:30:00,8.0,0.0,OnPrem-SQLServer
TE-00002169,TS-0000427,EMP-0053,2026-05-15,PRJ-009,WBS-00421,CC-00079,2026-05-15 06:15:00,2026-05-15 14:45:00,8.0,0.0,OnPrem-SQLServer
TE-00002170,TS-0000428,EMP-0053,2026-05-18,PRJ-002,WBS-00071,CC-00016,2026-05-18 06:15:00,2026-05-18 14:45:00,8.0,0.0,OnPrem-SQLServer
TE-00002171,TS-0000428,EMP-0053,2026-05-19,PRJ-002,WBS-00087,CC-00015,2026-05-19 06:00:00,2026-05-19 14:30:00,8.0,0.0,OnPrem-SQLServer
TE-00002172,TS-0000428,EMP-0053,2026-05-20,PRJ-002,WBS-00062,CC-00016,2026-05-20 06:15:00,2026-05-20 14:45:00,8.0,0.0,OnPrem-SQLServer
TE-00002173,TS-0000428,EMP-0053,2026-05-21,PRJ-002,WBS-00064,CC-00010,2026-05-21 06:15:00,2026-05-21 14:45:00,8.0,0.0,OnPrem-SQLServer
TE-00002174,TS-0000428,EMP-0053,2026-05-22,PRJ-002,WBS-00053,CC-00014,2026-05-22 06:00:00,2026-05-22 14:30:00,8.0,0.0,OnPrem-SQLServer
TE-00002175,TS-0000429,EMP-0053,2026-05-25,PRJ-009,WBS-00413,CC-00076,2026-05-25 06:30:00,2026-05-25 15:00:00,8.0,0.0,OnPrem-SQLServer
TE-00002176,TS-0000429,EMP-0053,2026-05-26,PRJ-009,WBS-00381,CC-00075,2026-05-26 06:30:00,2026-05-26 15:00:00,8.0,0.0,OnPrem-SQLServer
TE-00002177,TS-0000429,EMP-0053,2026-05-27,PRJ-009,WBS-00412,CC-00076,2026-05-27 06:15:00,2026-05-27 14:45:00,8.0,0.0,OnPrem-SQLServer
TE-00002178,TS-0000429,EMP-0053,2026-05-28,PRJ-009,WBS-00375,CC-00075,2026-05-28 06:30:00,2026-05-28 15:00:00,8.0,0.0,OnPrem-SQLServer
TE-00002179,TS-0000429,EMP-0053,2026-05-29,PRJ-009,WBS-00399,CC-00078,2026-05-29 06:30:00,2026-05-29 15:00:00,8.0,0.0,OnPrem-SQLServer
TE-00002180,TS-0000430,EMP-0053,2026-06-01,PRJ-009,WBS-00378,CC-00073,2026-06-01 06:15:00,2026-06-01 14:45:00,8.0,0.0,OnPrem-SQLServer
TE-00002181,TS-0000430,EMP-0053,2026-06-02,PRJ-009,WBS-00405,CC-00073,2026-06-02 06:00:00,2026-06-02 14:30:00,8.0,0.0,OnPrem-SQLServer
TE-00002182,TS-0000430,EMP-0053,2026-06-03,PRJ-009,WBS-00401,CC-00074,2026-06-03 06:00:00,2026-06-03 14:30:00,8.0,0.0,OnPrem-SQLServer
TE-00002183,TS-0000430,EMP-0053,2026-06-04,PRJ-009,WBS-00372,CC-00081,2026-06-04 06:15:00,2026-06-04 14:45:00,8.0,0.0,OnPrem-SQLServer
TE-00002184,TS-0000430,EMP-0053,2026-06-05,PRJ-009,WBS-00368,CC-00076,2026-06-05 06:30:00,2026-06-05 15:00:00,8.0,0.0,OnPrem-SQLServer
TE-00002185,TS-0000431,EMP-0053,2026-06-08,PRJ-009,WBS-00395,CC-00080,2026-06-08 06:00:00,2026-06-08 14:30:00,8.0,0.0,OnPrem-SQLServer
TE-00002186,TS-0000431,EMP-0053,2026-06-09,PRJ-009,WBS-00409,CC-00075,2026-06-09 06:15:00,2026-06-09 14:45:00,8.0,0.0,OnPrem-SQLServer
TE-00002187,TS-0000431,EMP-0053,2026-06-10,PRJ-009,WBS-00384,CC-00075,2026-06-10 06:15:00,2026-06-10 14:45:00,8.0,0.0,OnPrem-SQLServer
TE-00002188,TS-0000431,EMP-0053,2026-06-11,PRJ-009,WBS-00364,CC-00077,2026-06-11 06:30:00,2026-06-11 15:00:00,8.0,0.0,OnPrem-SQLServer
TE-00002189,TS-0000431,EMP-0053,2026-06-12,PRJ-009,WBS-00407,CC-00075,2026-06-12 06:00:00,2026-06-12 14:30:00,8.0,0.0,OnPrem-SQLServer
TE-00002190,TS-0000432,EMP-0053,2026-06-15,PRJ-003,WBS-00105,CC-00024,2026-06-15 06:15:00,2026-06-15 14:45:00,8.0,0.0,OnPrem-SQLServer
TE-00002191,TS-0000432,EMP-0053,2026-06-16,PRJ-003,WBS-00099,CC-00022,2026-06-16 06:30:00,2026-06-16 15:00:00,8.0,0.0,OnPrem-SQLServer
TE-00002192,TS-0000432,EMP-0053,2026-06-17,PRJ-003,WBS-00094,CC-00025,2026-06-17 06:30:00,2026-06-17 15:00:00,8.0,0.0,OnPrem-SQLServer
TE-00002193,TS-0000432,EMP-0053,2026-06-18,PRJ-003,WBS-00122,CC-00023,2026-06-18 06:15:00,2026-06-18 15:43:12,8.97,0.97,OnPrem-SQLServer
TE-00002194,TS-0000432,EMP-0053,2026-06-19,PRJ-003,WBS-00095,CC-00023,2026-06-19 06:00:00,2026-06-19 14:30:00,8.0,0.0,OnPrem-SQLServer
TE-00002195,TS-0000433,EMP-0053,2026-06-22,PRJ-008,WBS-00330,CC-00065,2026-06-22 06:15:00,2026-06-22 14:45:00,8.0,0.0,OnPrem-SQLServer
TE-00002196,TS-0000433,EMP-0053,2026-06-23,PRJ-008,WBS-00321,CC-00070,2026-06-23 06:00:00,2026-06-23 14:30:00,8.0,0.0,OnPrem-SQLServer
TE-00002197,TS-0000433,EMP-0053,2026-06-24,PRJ-008,WBS-00352,CC-00065,2026-06-24 06:00:00,2026-06-24 14:30:00,8.0,0.0,OnPrem-SQLServer
TE-00002198,TS-0000433,EMP-0053,2026-06-25,PRJ-008,WBS-00349,CC-00070,2026-06-25 06:15:00,2026-06-25 14:45:00,8.0,0.0,OnPrem-SQLServer
TE-00002199,TS-0000433,EMP-0053,2026-06-26,PRJ-008,WBS-00306,CC-00066,2026-06-26 06:30:00,2026-06-26 15:00:00,8.0,0.0,OnPrem-SQLServer
TE-00002200,TS-0000434,EMP-0053,2026-06-29,PRJ-009,WBS-00371,CC-00073,2026-06-29 06:30:00,2026-06-29 15:00:00,8.0,0.0,OnPrem-SQLServer
TE-00002201,TS-0000434,EMP-0053,2026-06-30,PRJ-009,WBS-00393,CC-00073,2026-06-30 06:00:00,2026-06-30 15:41:24,9.19,1.19,OnPrem-SQLServer
TE-00002202,TS-0000434,EMP-0053,2026-07-01,PRJ-009,WBS-00367,CC-00079,2026-07-01 06:00:00,2026-07-01 14:30:00,8.0,0.0,OnPrem-SQLServer
TE-00002203,TS-0000434,EMP-0053,2026-07-02,PRJ-009,WBS-00400,CC-00081,2026-07-02 06:00:00,2026-07-02 14:30:00,8.0,0.0,OnPrem-SQLServer
TE-00002204,TS-0000434,EMP-0053,2026-07-03,PRJ-009,WBS-00374,CC-00076,2026-07-03 06:15:00,2026-07-03 14:45:00,8.0,0.0,OnPrem-SQLServer
TE-00002205,TS-0000435,EMP-0053,2026-07-06,PRJ-009,WBS-00377,CC-00081,2026-07-06 06:00:00,2026-07-06 14:30:00,8.0,0.0,OnPrem-SQLServer
TE-00002206,TS-0000435,EMP-0053,2026-07-07,PRJ-009,WBS-00384,CC-00075,2026-07-07 06:15:00,2026-07-07 15:29:24,8.74,0.74,OnPrem-SQLServer
TE-00002207,TS-0000435,EMP-0053,2026-07-08,PRJ-009,WBS-00378,CC-00079,2026-07-08 06:15:00,2026-07-08 16:35:24,9.84,1.84,OnPrem-SQLServer
TE-00002208,TS-0000435,EMP-0053,2026-07-09,PRJ-009,WBS-00420,CC-00079,2026-07-09 06:15:00,2026-07-09 14:45:00,8.0,0.0,OnPrem-SQLServer
TE-00002209,TS-0000435,EMP-0053,2026-07-10,PRJ-009,WBS-00378,CC-00079,2026-07-10 06:15:00,2026-07-10 14:45:00,8.0,0.0,OnPrem-SQLServer
TE-00002210,TS-0000436,EMP-0053,2026-07-13,PRJ-004,WBS-00136,CC-00029,2026-07-13 06:30:00,2026-07-13 15:00:00,8.0,0.0,OnPrem-SQLServer
TE-00002211,TS-0000436,EMP-0053,2026-07-14,PRJ-004,WBS-00145,CC-00031,2026-07-14 06:15:00,2026-07-14 14:45:00,8.0,0.0,OnPrem-SQLServer
TE-00002212,TS-0000436,EMP-0053,2026-07-15,PRJ-004,WBS-00134,CC-00032,2026-07-15 06:15:00,2026-07-15 14:45:00,8.0,0.0,OnPrem-SQLServer
TE-00002213,TS-0000436,EMP-0053,2026-07-16,PRJ-004,WBS-00156,CC-00035,2026-07-16 06:00:00,2026-07-16 14:30:00,8.0,0.0,OnPrem-SQLServer
TE-00002214,TS-0000436,EMP-0053,2026-07-17,PRJ-004,WBS-00142,CC-00029,2026-07-17 06:00:00,2026-07-17 14:30:00,8.0,0.0,OnPrem-SQLServer
TE-00002215,TS-0000437,EMP-0053,2026-07-20,PRJ-009,WBS-00388,CC-00079,2026-07-20 06:15:00,2026-07-20 14:45:00,8.0,0.0,OnPrem-SQLServer
TE-00002216,TS-0000437,EMP-0053,2026-07-21,PRJ-009,WBS-00379,CC-00074,2026-07-21 06:30:00,2026-07-21 15:00:00,8.0,0.0,OnPrem-SQLServer
TE-00002217,TS-0000437,EMP-0053,2026-07-22,PRJ-009,WBS-00382,CC-00081,2026-07-22 06:30:00,2026-07-22 15:00:00,8.0,0.0,OnPrem-SQLServer
TE-00002218,TS-0000437,EMP-0053,2026-07-23,PRJ-009,WBS-00392,CC-00080,2026-07-23 06:30:00,2026-07-23 15:00:00,8.0,0.0,OnPrem-SQLServer
TE-00002219,TS-0000437,EMP-0053,2026-07-24,PRJ-009,WBS-00413,CC-00076,2026-07-24 06:15:00,2026-07-24 14:45:00,8.0,0.0,OnPrem-SQLServer
TE-00002220,TS-0000438,EMP-0053,2026-07-27,PRJ-009,WBS-00373,CC-00076,2026-07-27 06:00:00,2026-07-27 14:30:00,8.0,0.0,OnPrem-SQLServer
TE-00002221,TS-0000438,EMP-0053,2026-07-28,PRJ-009,WBS-00390,CC-00079,2026-07-28 06:30:00,2026-07-28 15:00:00,8.0,0.0,OnPrem-SQLServer
TE-00002222,TS-0000438,EMP-0053,2026-07-29,PRJ-009,WBS-00374,CC-00074,2026-07-29 06:30:00,2026-07-29 15:00:00,8.0,0.0,OnPrem-SQLServer
TE-00002223,TS-0000438,EMP-0053,2026-07-30,PRJ-009,WBS-00387,CC-00074,2026-07-30 06:30:00,2026-07-30 15:00:00,8.0,0.0,OnPrem-SQLServer
TE-00002224,TS-0000438,EMP-0053,2026-07-31,PRJ-009,WBS-00390,CC-00076,2026-07-31 06:15:00,2026-07-31 14:45:00,8.0,0.0,OnPrem-SQLServer
TE-00002225,TS-0000439,EMP-0054,2026-05-11,PRJ-002,WBS-00064,CC-00011,2026-05-11 06:30:00,2026-05-11 16:09:36,9.16,1.16,OnPrem-SQLServer
TE-00002226,TS-0000439,EMP-0054,2026-05-12,PRJ-002,WBS-00057,CC-00017,2026-05-12 06:30:00,2026-05-12 15:00:00,8.0,0.0,OnPrem-SQLServer
TE-00002227,TS-0000439,EMP-0054,2026-05-13,PRJ-002,WBS-00067,CC-00010,2026-05-13 06:30:00,2026-05-13 15:00:00,8.0,0.0,OnPrem-SQLServer
TE-00002228,TS-0000439,EMP-0054,2026-05-14,PRJ-002,WBS-00059,CC-00014,2026-05-14 06:30:00,2026-05-14 15:00:00,8.0,0.0,OnPrem-SQLServer
TE-00002229,TS-0000439,EMP-0054,2026-05-15,PRJ-002,WBS-00062,CC-00018,2026-05-15 06:00:00,2026-05-15 14:30:00,8.0,0.0,OnPrem-SQLServer
TE-00002230,TS-0000440,EMP-0054,2026-05-18,PRJ-002,WBS-00063,CC-00012,2026-05-18 06:00:00,2026-05-18 14:30:00,8.0,0.0,OnPrem-SQLServer
TE-00002231,TS-0000440,EMP-0054,2026-05-19,PRJ-002,WBS-00058,CC-00018,2026-05-19 06:15:00,2026-05-19 14:45:00,8.0,0.0,OnPrem-SQLServer
TE-00002232,TS-0000440,EMP-0054,2026-05-20,PRJ-002,WBS-00076,CC-00012,2026-05-20 06:00:00,2026-05-20 14:30:00,8.0,0.0,OnPrem-SQLServer
TE-00002233,TS-0000440,EMP-0054,2026-05-21,PRJ-002,WBS-00075,CC-00012,2026-05-21 06:15:00,2026-05-21 14:45:00,8.0,0.0,OnPrem-SQLServer
TE-00002234,TS-0000440,EMP-0054,2026-05-22,PRJ-002,WBS-00058,CC-00018,2026-05-22 06:30:00,2026-05-22 15:00:00,8.0,0.0,OnPrem-SQLServer
TE-00002235,TS-0000441,EMP-0054,2026-05-25,PRJ-002,WBS-00057,CC-00017,2026-05-25 06:00:00,2026-05-25 14:30:00,8.0,0.0,OnPrem-SQLServer
TE-00002236,TS-0000441,EMP-0054,2026-05-26,PRJ-002,WBS-00080,CC-00017,2026-05-26 06:15:00,2026-05-26 14:45:00,8.0,0.0,OnPrem-SQLServer
TE-00002237,TS-0000441,EMP-0054,2026-05-27,PRJ-002,WBS-00063,CC-00014,2026-05-27 06:00:00,2026-05-27 14:30:00,8.0,0.0,OnPrem-SQLServer
TE-00002238,TS-0000441,EMP-0054,2026-05-28,PRJ-002,WBS-00075,CC-00014,2026-05-28 06:15:00,2026-05-28 14:45:00,8.0,0.0,OnPrem-SQLServer
TE-00002239,TS-0000441,EMP-0054,2026-05-29,PRJ-002,WBS-00056,CC-00013,2026-05-29 06:15:00,2026-05-29 14:45:00,8.0,0.0,OnPrem-SQLServer
TE-00002240,TS-0000442,EMP-0054,2026-06-01,PRJ-002,WBS-00057,CC-00012,2026-06-01 06:00:00,2026-06-01 14:30:00,8.0,0.0,OnPrem-SQLServer
TE-00002241,TS-0000442,EMP-0054,2026-06-02,PRJ-002,WBS-00087,CC-00012,2026-06-02 06:15:00,2026-06-02 14:45:00,8.0,0.0,OnPrem-SQLServer
TE-00002242,TS-0000442,EMP-0054,2026-06-03,PRJ-002,WBS-00081,CC-00011,2026-06-03 06:00:00,2026-06-03 14:30:00,8.0,0.0,OnPrem-SQLServer
TE-00002243,TS-0000442,EMP-0054,2026-06-04,PRJ-002,WBS-00077,CC-00013,2026-06-04 06:30:00,2026-06-04 15:00:00,8.0,0.0,OnPrem-SQLServer
TE-00002244,TS-0000442,EMP-0054,2026-06-05,PRJ-002,WBS-00055,CC-00014,2026-06-05 06:30:00,2026-06-05 15:00:00,8.0,0.0,OnPrem-SQLServer
TE-00002245,TS-0000443,EMP-0054,2026-06-08,PRJ-002,WBS-00082,CC-00014,2026-06-08 06:30:00,2026-06-08 15:43:12,8.72,0.72,OnPrem-SQLServer
TE-00002246,TS-0000443,EMP-0054,2026-06-09,PRJ-002,WBS-00083,CC-00015,2026-06-09 06:00:00,2026-06-09 14:30:00,8.0,0.0,OnPrem-SQLServer
TE-00002247,TS-0000443,EMP-0054,2026-06-10,PRJ-002,WBS-00053,CC-00012,2026-06-10 06:00:00,2026-06-10 14:30:00,8.0,0.0,OnPrem-SQLServer
TE-00002248,TS-0000443,EMP-0054,2026-06-11,PRJ-002,WBS-00082,CC-00017,2026-06-11 06:30:00,2026-06-11 15:53:24,8.89,0.89,OnPrem-SQLServer
TE-00002249,TS-0000443,EMP-0054,2026-06-12,PRJ-002,WBS-00057,CC-00013,2026-06-12 06:30:00,2026-06-12 15:00:00,8.0,0.0,OnPrem-SQLServer
TE-00002250,TS-0000444,EMP-0054,2026-06-22,PRJ-002,WBS-00057,CC-00014,2026-06-22 06:00:00,2026-06-22 15:54:36,9.41,1.41,OnPrem-SQLServer
TE-00002251,TS-0000444,EMP-0054,2026-06-23,PRJ-002,WBS-00085,CC-00016,2026-06-23 06:15:00,2026-06-23 14:45:00,8.0,0.0,OnPrem-SQLServer
TE-00002252,TS-0000444,EMP-0054,2026-06-24,PRJ-002,WBS-00077,CC-00018,2026-06-24 06:00:00,2026-06-24 14:30:00,8.0,0.0,OnPrem-SQLServer
TE-00002253,TS-0000444,EMP-0054,2026-06-25,PRJ-002,WBS-00052,CC-00010,2026-06-25 06:15:00,2026-06-25 15:42:36,8.96,0.96,OnPrem-SQLServer
TE-00002254,TS-0000444,EMP-0054,2026-06-26,PRJ-002,WBS-00078,CC-00014,2026-06-26 06:15:00,2026-06-26 14:45:00,8.0,0.0,OnPrem-SQLServer
TE-00002255,TS-0000445,EMP-0054,2026-06-29,PRJ-002,WBS-00071,CC-00012,2026-06-29 06:30:00,2026-06-29 15:00:00,8.0,0.0,OnPrem-SQLServer
TE-00002256,TS-0000445,EMP-0054,2026-06-30,PRJ-002,WBS-00054,CC-00011,2026-06-30 06:15:00,2026-06-30 14:45:00,8.0,0.0,OnPrem-SQLServer
TE-00002257,TS-0000445,EMP-0054,2026-07-01,PRJ-002,WBS-00083,CC-00010,2026-07-01 06:30:00,2026-07-01 15:00:00,8.0,0.0,OnPrem-SQLServer
TE-00002258,TS-0000445,EMP-0054,2026-07-02,PRJ-002,WBS-00077,CC-00016,2026-07-02 06:15:00,2026-07-02 14:45:00,8.0,0.0,OnPrem-SQLServer
TE-00002259,TS-0000445,EMP-0054,2026-07-03,PRJ-002,WBS-00052,CC-00017,2026-07-03 06:15:00,2026-07-03 14:45:00,8.0,0.0,OnPrem-SQLServer
TE-00002260,TS-0000446,EMP-0054,2026-07-06,PRJ-002,WBS-00079,CC-00011,2026-07-06 06:15:00,2026-07-06 14:45:00,8.0,0.0,OnPrem-SQLServer
TE-00002261,TS-0000446,EMP-0054,2026-07-07,PRJ-002,WBS-00068,CC-00014,2026-07-07 06:15:00,2026-07-07 14:45:00,8.0,0.0,OnPrem-SQLServer
TE-00002262,TS-0000446,EMP-0054,2026-07-08,PRJ-002,WBS-00085,CC-00010,2026-07-08 06:30:00,2026-07-08 15:00:00,8.0,0.0,OnPrem-SQLServer
TE-00002263,TS-0000446,EMP-0054,2026-07-09,PRJ-002,WBS-00065,CC-00015,2026-07-09 06:00:00,2026-07-09 14:30:00,8.0,0.0,OnPrem-SQLServer
TE-00002264,TS-0000446,EMP-0054,2026-07-10,PRJ-002,WBS-00068,CC-00015,2026-07-10 06:15:00,2026-07-10 14:45:00,8.0,0.0,OnPrem-SQLServer
TE-00002265,TS-0000447,EMP-0054,2026-07-20,PRJ-002,WBS-00081,CC-00013,2026-07-20 06:00:00,2026-07-20 16:18:36,9.81,1.81,OnPrem-SQLServer
TE-00002266,TS-0000447,EMP-0054,2026-07-21,PRJ-002,WBS-00079,CC-00011,2026-07-21 06:15:00,2026-07-21 14:45:00,8.0,0.0,OnPrem-SQLServer
TE-00002267,TS-0000447,EMP-0054,2026-07-22,PRJ-002,WBS-00063,CC-00017,2026-07-22 06:00:00,2026-07-22 14:30:00,8.0,0.0,OnPrem-SQLServer
TE-00002268,TS-0000447,EMP-0054,2026-07-23,PRJ-002,WBS-00069,CC-00016,2026-07-23 06:15:00,2026-07-23 14:45:00,8.0,0.0,OnPrem-SQLServer
TE-00002269,TS-0000447,EMP-0054,2026-07-24,PRJ-002,WBS-00059,CC-00015,2026-07-24 06:00:00,2026-07-24 14:30:00,8.0,0.0,OnPrem-SQLServer
TE-00002270,TS-0000448,EMP-0054,2026-07-27,PRJ-002,WBS-00071,CC-00012,2026-07-27 06:30:00,2026-07-27 15:45:00,8.75,0.75,OnPrem-SQLServer
TE-00002271,TS-0000448,EMP-0054,2026-07-28,PRJ-002,WBS-00067,CC-00018,2026-07-28 06:00:00,2026-07-28 14:30:00,8.0,0.0,OnPrem-SQLServer
TE-00002272,TS-0000448,EMP-0054,2026-07-29,PRJ-002,WBS-00063,CC-00012,2026-07-29 06:15:00,2026-07-29 14:45:00,8.0,0.0,OnPrem-SQLServer
TE-00002273,TS-0000448,EMP-0054,2026-07-30,PRJ-002,WBS-00066,CC-00016,2026-07-30 06:15:00,2026-07-30 14:45:00,8.0,0.0,OnPrem-SQLServer
TE-00002274,TS-0000448,EMP-0054,2026-07-31,PRJ-002,WBS-00069,CC-00014,2026-07-31 06:00:00,2026-07-31 14:30:00,8.0,0.0,OnPrem-SQLServer
TE-00002275,TS-0000449,EMP-0055,2026-04-27,PRJ-007,WBS-00291,CC-00063,2026-04-27 06:30:00,2026-04-27 15:00:00,8.0,0.0,OnPrem-SQLServer
TE-00002276,TS-0000449,EMP-0055,2026-04-28,PRJ-007,WBS-00275,CC-00063,2026-04-28 06:30:00,2026-04-28 15:00:00,8.0,0.0,OnPrem-SQLServer
TE-00002277,TS-0000449,EMP-0055,2026-04-29,PRJ-007,WBS-00296,CC-00055,2026-04-29 06:15:00,2026-04-29 14:45:00,8.0,0.0,OnPrem-SQLServer
TE-00002278,TS-0000449,EMP-0055,2026-04-30,PRJ-007,WBS-00291,CC-00061,2026-04-30 06:30:00,2026-04-30 15:00:00,8.0,0.0,OnPrem-SQLServer
TE-00002279,TS-0000449,EMP-0055,2026-05-01,PRJ-007,WBS-00293,CC-00057,2026-05-01 06:15:00,2026-05-01 14:45:00,8.0,0.0,OnPrem-SQLServer
TE-00002280,TS-0000450,EMP-0055,2026-05-04,PRJ-007,WBS-00283,CC-00060,2026-05-04 06:30:00,2026-05-04 15:00:00,8.0,0.0,OnPrem-SQLServer
TE-00002281,TS-0000450,EMP-0055,2026-05-05,PRJ-007,WBS-00297,CC-00056,2026-05-05 06:00:00,2026-05-05 14:30:00,8.0,0.0,OnPrem-SQLServer
TE-00002282,TS-0000450,EMP-0055,2026-05-06,PRJ-007,WBS-00289,CC-00060,2026-05-06 06:30:00,2026-05-06 15:00:00,8.0,0.0,OnPrem-SQLServer
TE-00002283,TS-0000450,EMP-0055,2026-05-07,PRJ-007,WBS-00289,CC-00063,2026-05-07 06:00:00,2026-05-07 14:30:00,8.0,0.0,OnPrem-SQLServer
TE-00002284,TS-0000450,EMP-0055,2026-05-08,PRJ-007,WBS-00300,CC-00062,2026-05-08 06:00:00,2026-05-08 14:30:00,8.0,0.0,OnPrem-SQLServer
TE-00002285,TS-0000451,EMP-0055,2026-05-11,PRJ-011,WBS-00533,CC-00097,2026-05-11 06:15:00,2026-05-11 14:45:00,8.0,0.0,OnPrem-SQLServer
TE-00002286,TS-0000451,EMP-0055,2026-05-12,PRJ-011,WBS-00539,CC-00093,2026-05-12 06:15:00,2026-05-12 15:25:12,8.67,0.67,OnPrem-SQLServer
TE-00002287,TS-0000451,EMP-0055,2026-05-13,PRJ-011,WBS-00492,CC-00095,2026-05-13 06:15:00,2026-05-13 14:45:00,8.0,0.0,OnPrem-SQLServer
TE-00002288,TS-0000451,EMP-0055,2026-05-14,PRJ-011,WBS-00522,CC-00091,2026-05-14 06:15:00,2026-05-14 14:45:00,8.0,0.0,OnPrem-SQLServer
TE-00002289,TS-0000451,EMP-0055,2026-05-15,PRJ-011,WBS-00541,CC-00095,2026-05-15 06:15:00,2026-05-15 14:45:00,8.0,0.0,OnPrem-SQLServer
TE-00002290,TS-0000452,EMP-0055,2026-05-18,PRJ-007,WBS-00303,CC-00058,2026-05-18 06:00:00,2026-05-18 14:30:00,8.0,0.0,OnPrem-SQLServer
TE-00002291,TS-0000452,EMP-0055,2026-05-19,PRJ-007,WBS-00263,CC-00063,2026-05-19 06:15:00,2026-05-19 16:09:36,9.41,1.41,OnPrem-SQLServer
TE-00002292,TS-0000452,EMP-0055,2026-05-20,PRJ-007,WBS-00289,CC-00062,2026-05-20 06:30:00,2026-05-20 15:48:00,8.8,0.8,OnPrem-SQLServer
TE-00002293,TS-0000452,EMP-0055,2026-05-21,PRJ-007,WBS-00275,CC-00057,2026-05-21 06:30:00,2026-05-21 16:03:00,9.05,1.05,OnPrem-SQLServer
TE-00002294,TS-0000452,EMP-0055,2026-05-22,PRJ-007,WBS-00289,CC-00059,2026-05-22 06:30:00,2026-05-22 15:00:00,8.0,0.0,OnPrem-SQLServer
TE-00002295,TS-0000453,EMP-0055,2026-05-25,PRJ-006,WBS-00215,CC-00052,2026-05-25 06:00:00,2026-05-25 14:30:00,8.0,0.0,OnPrem-SQLServer
TE-00002296,TS-0000453,EMP-0055,2026-05-26,PRJ-006,WBS-00237,CC-00053,2026-05-26 06:15:00,2026-05-26 14:45:00,8.0,0.0,OnPrem-SQLServer
TE-00002297,TS-0000453,EMP-0055,2026-05-27,PRJ-006,WBS-00226,CC-00053,2026-05-27 06:00:00,2026-05-27 14:30:00,8.0,0.0,OnPrem-SQLServer
TE-00002298,TS-0000453,EMP-0055,2026-05-28,PRJ-006,WBS-00226,CC-00050,2026-05-28 06:30:00,2026-05-28 15:00:00,8.0,0.0,OnPrem-SQLServer
TE-00002299,TS-0000453,EMP-0055,2026-05-29,PRJ-006,WBS-00258,CC-00053,2026-05-29 06:30:00,2026-05-29 15:00:00,8.0,0.0,OnPrem-SQLServer
TE-00002300,TS-0000454,EMP-0055,2026-06-01,PRJ-007,WBS-00286,CC-00055,2026-06-01 06:15:00,2026-06-01 16:15:00,9.5,1.5,OnPrem-SQLServer
TE-00002301,TS-0000454,EMP-0055,2026-06-02,PRJ-007,WBS-00270,CC-00056,2026-06-02 06:30:00,2026-06-02 15:00:00,8.0,0.0,OnPrem-SQLServer
TE-00002302,TS-0000454,EMP-0055,2026-06-03,PRJ-007,WBS-00279,CC-00059,2026-06-03 06:15:00,2026-06-03 14:45:00,8.0,0.0,OnPrem-SQLServer
TE-00002303,TS-0000454,EMP-0055,2026-06-04,PRJ-007,WBS-00294,CC-00058,2026-06-04 06:15:00,2026-06-04 14:45:00,8.0,0.0,OnPrem-SQLServer
TE-00002304,TS-0000454,EMP-0055,2026-06-05,PRJ-007,WBS-00282,CC-00059,2026-06-05 06:30:00,2026-06-05 15:00:00,8.0,0.0,OnPrem-SQLServer
TE-00002305,TS-0000455,EMP-0055,2026-06-08,PRJ-007,WBS-00259,CC-00061,2026-06-08 06:00:00,2026-06-08 14:30:00,8.0,0.0,OnPrem-SQLServer
TE-00002306,TS-0000455,EMP-0055,2026-06-09,PRJ-007,WBS-00266,CC-00057,2026-06-09 06:30:00,2026-06-09 15:00:00,8.0,0.0,OnPrem-SQLServer
TE-00002307,TS-0000455,EMP-0055,2026-06-10,PRJ-007,WBS-00280,CC-00060,2026-06-10 06:15:00,2026-06-10 15:18:36,8.56,0.56,OnPrem-SQLServer
TE-00002308,TS-0000455,EMP-0055,2026-06-11,PRJ-007,WBS-00275,CC-00063,2026-06-11 06:00:00,2026-06-11 14:30:00,8.0,0.0,OnPrem-SQLServer
TE-00002309,TS-0000455,EMP-0055,2026-06-12,PRJ-007,WBS-00297,CC-00059,2026-06-12 06:00:00,2026-06-12 14:30:00,8.0,0.0,OnPrem-SQLServer
TE-00002310,TS-0000456,EMP-0055,2026-06-15,PRJ-007,WBS-00266,CC-00058,2026-06-15 06:30:00,2026-06-15 15:00:00,8.0,0.0,OnPrem-SQLServer
TE-00002311,TS-0000456,EMP-0055,2026-06-16,PRJ-007,WBS-00299,CC-00061,2026-06-16 06:00:00,2026-06-16 15:57:36,9.46,1.46,OnPrem-SQLServer
TE-00002312,TS-0000456,EMP-0055,2026-06-17,PRJ-007,WBS-00274,CC-00060,2026-06-17 06:30:00,2026-06-17 15:00:00,8.0,0.0,OnPrem-SQLServer
TE-00002313,TS-0000456,EMP-0055,2026-06-18,PRJ-007,WBS-00293,CC-00055,2026-06-18 06:30:00,2026-06-18 15:00:00,8.0,0.0,OnPrem-SQLServer
TE-00002314,TS-0000456,EMP-0055,2026-06-19,PRJ-007,WBS-00297,CC-00058,2026-06-19 06:15:00,2026-06-19 14:45:00,8.0,0.0,OnPrem-SQLServer
TE-00002315,TS-0000457,EMP-0055,2026-06-22,PRJ-005,WBS-00191,CC-00041,2026-06-22 06:00:00,2026-06-22 14:30:00,8.0,0.0,OnPrem-SQLServer
TE-00002316,TS-0000457,EMP-0055,2026-06-23,PRJ-005,WBS-00201,CC-00045,2026-06-23 06:15:00,2026-06-23 14:45:00,8.0,0.0,OnPrem-SQLServer
TE-00002317,TS-0000457,EMP-0055,2026-06-24,PRJ-005,WBS-00206,CC-00037,2026-06-24 06:30:00,2026-06-24 15:00:00,8.0,0.0,OnPrem-SQLServer
TE-00002318,TS-0000457,EMP-0055,2026-06-25,PRJ-005,WBS-00178,CC-00045,2026-06-25 06:30:00,2026-06-25 15:00:00,8.0,0.0,OnPrem-SQLServer
TE-00002319,TS-0000457,EMP-0055,2026-06-26,PRJ-005,WBS-00183,CC-00039,2026-06-26 06:30:00,2026-06-26 15:00:00,8.0,0.0,OnPrem-SQLServer
TE-00002320,TS-0000458,EMP-0055,2026-06-29,PRJ-007,WBS-00292,CC-00057,2026-06-29 06:15:00,2026-06-29 14:45:00,8.0,0.0,OnPrem-SQLServer
TE-00002321,TS-0000458,EMP-0055,2026-06-30,PRJ-007,WBS-00302,CC-00061,2026-06-30 06:00:00,2026-06-30 14:30:00,8.0,0.0,OnPrem-SQLServer
TE-00002322,TS-0000458,EMP-0055,2026-07-01,PRJ-007,WBS-00269,CC-00058,2026-07-01 06:15:00,2026-07-01 14:45:00,8.0,0.0,OnPrem-SQLServer
TE-00002323,TS-0000458,EMP-0055,2026-07-02,PRJ-007,WBS-00268,CC-00059,2026-07-02 06:30:00,2026-07-02 15:00:00,8.0,0.0,OnPrem-SQLServer
TE-00002324,TS-0000458,EMP-0055,2026-07-03,PRJ-007,WBS-00276,CC-00055,2026-07-03 06:15:00,2026-07-03 14:45:00,8.0,0.0,OnPrem-SQLServer
TE-00002325,TS-0000459,EMP-0055,2026-07-06,PRJ-007,WBS-00300,CC-00059,2026-07-06 06:15:00,2026-07-06 14:45:00,8.0,0.0,OnPrem-SQLServer
TE-00002326,TS-0000459,EMP-0055,2026-07-07,PRJ-007,WBS-00301,CC-00060,2026-07-07 06:30:00,2026-07-07 15:00:00,8.0,0.0,OnPrem-SQLServer
TE-00002327,TS-0000459,EMP-0055,2026-07-08,PRJ-007,WBS-00272,CC-00059,2026-07-08 06:15:00,2026-07-08 14:45:00,8.0,0.0,OnPrem-SQLServer
TE-00002328,TS-0000459,EMP-0055,2026-07-09,PRJ-007,WBS-00294,CC-00063,2026-07-09 06:30:00,2026-07-09 15:00:00,8.0,0.0,OnPrem-SQLServer
TE-00002329,TS-0000459,EMP-0055,2026-07-10,PRJ-007,WBS-00275,CC-00063,2026-07-10 06:30:00,2026-07-10 15:00:00,8.0,0.0,OnPrem-SQLServer
TE-00002330,TS-0000460,EMP-0055,2026-07-13,PRJ-007,WBS-00269,CC-00063,2026-07-13 06:30:00,2026-07-13 15:00:00,8.0,0.0,OnPrem-SQLServer
TE-00002331,TS-0000460,EMP-0055,2026-07-14,PRJ-007,WBS-00261,CC-00057,2026-07-14 06:00:00,2026-07-14 14:30:00,8.0,0.0,OnPrem-SQLServer
TE-00002332,TS-0000460,EMP-0055,2026-07-15,PRJ-007,WBS-00275,CC-00057,2026-07-15 06:00:00,2026-07-15 14:30:00,8.0,0.0,OnPrem-SQLServer
TE-00002333,TS-0000460,EMP-0055,2026-07-16,PRJ-007,WBS-00288,CC-00058,2026-07-16 06:00:00,2026-07-16 15:27:36,8.96,0.96,OnPrem-SQLServer
TE-00002334,TS-0000460,EMP-0055,2026-07-17,PRJ-007,WBS-00278,CC-00060,2026-07-17 06:00:00,2026-07-17 14:30:00,8.0,0.0,OnPrem-SQLServer
TE-00002335,TS-0000461,EMP-0055,2026-07-20,PRJ-009,WBS-00366,CC-00080,2026-07-20 06:30:00,2026-07-20 15:00:00,8.0,0.0,OnPrem-SQLServer
TE-00002336,TS-0000461,EMP-0055,2026-07-21,PRJ-009,WBS-00402,CC-00080,2026-07-21 06:00:00,2026-07-21 14:30:00,8.0,0.0,OnPrem-SQLServer
TE-00002337,TS-0000461,EMP-0055,2026-07-22,PRJ-009,WBS-00368,CC-00075,2026-07-22 06:30:00,2026-07-22 15:00:00,8.0,0.0,OnPrem-SQLServer
TE-00002338,TS-0000461,EMP-0055,2026-07-23,PRJ-009,WBS-00419,CC-00077,2026-07-23 06:00:00,2026-07-23 14:30:00,8.0,0.0,OnPrem-SQLServer
TE-00002339,TS-0000461,EMP-0055,2026-07-24,PRJ-009,WBS-00417,CC-00081,2026-07-24 06:15:00,2026-07-24 14:45:00,8.0,0.0,OnPrem-SQLServer
TE-00002340,TS-0000462,EMP-0055,2026-07-27,PRJ-007,WBS-00259,CC-00063,2026-07-27 06:30:00,2026-07-27 15:00:00,8.0,0.0,OnPrem-SQLServer
TE-00002341,TS-0000462,EMP-0055,2026-07-28,PRJ-007,WBS-00287,CC-00059,2026-07-28 06:15:00,2026-07-28 14:45:00,8.0,0.0,OnPrem-SQLServer
TE-00002342,TS-0000462,EMP-0055,2026-07-29,PRJ-007,WBS-00278,CC-00055,2026-07-29 06:30:00,2026-07-29 15:00:00,8.0,0.0,OnPrem-SQLServer
TE-00002343,TS-0000462,EMP-0055,2026-07-30,PRJ-007,WBS-00268,CC-00057,2026-07-30 06:15:00,2026-07-30 16:25:48,9.68,1.68,OnPrem-SQLServer
TE-00002344,TS-0000462,EMP-0055,2026-07-31,PRJ-007,WBS-00282,CC-00057,2026-07-31 06:30:00,2026-07-31 15:00:00,8.0,0.0,OnPrem-SQLServer
TE-00002345,TS-0000463,EMP-0057,2026-06-08,PRJ-009,WBS-00413,CC-00074,2026-06-08 06:30:00,2026-06-08 15:00:00,8.0,0.0,OnPrem-SQLServer
TE-00002346,TS-0000463,EMP-0057,2026-06-09,PRJ-009,WBS-00423,CC-00080,2026-06-09 06:30:00,2026-06-09 15:00:00,8.0,0.0,OnPrem-SQLServer
TE-00002347,TS-0000463,EMP-0057,2026-06-10,PRJ-009,WBS-00405,CC-00076,2026-06-10 06:30:00,2026-06-10 15:00:00,8.0,0.0,OnPrem-SQLServer
TE-00002348,TS-0000463,EMP-0057,2026-06-11,PRJ-009,WBS-00416,CC-00078,2026-06-11 06:30:00,2026-06-11 15:00:00,8.0,0.0,OnPrem-SQLServer
TE-00002349,TS-0000463,EMP-0057,2026-06-12,PRJ-009,WBS-00402,CC-00074,2026-06-12 06:30:00,2026-06-12 15:00:00,8.0,0.0,OnPrem-SQLServer
TE-00002350,TS-0000464,EMP-0057,2026-06-15,PRJ-009,WBS-00371,CC-00075,2026-06-15 06:30:00,2026-06-15 15:00:00,8.0,0.0,OnPrem-SQLServer
TE-00002351,TS-0000464,EMP-0057,2026-06-16,PRJ-009,WBS-00416,CC-00081,2026-06-16 06:00:00,2026-06-16 14:30:00,8.0,0.0,OnPrem-SQLServer
TE-00002352,TS-0000464,EMP-0057,2026-06-17,PRJ-009,WBS-00378,CC-00073,2026-06-17 06:15:00,2026-06-17 14:45:00,8.0,0.0,OnPrem-SQLServer
TE-00002353,TS-0000464,EMP-0057,2026-06-18,PRJ-009,WBS-00413,CC-00078,2026-06-18 06:30:00,2026-06-18 15:00:00,8.0,0.0,OnPrem-SQLServer
TE-00002354,TS-0000464,EMP-0057,2026-06-19,PRJ-009,WBS-00403,CC-00078,2026-06-19 06:15:00,2026-06-19 14:45:00,8.0,0.0,OnPrem-SQLServer
TE-00002355,TS-0000465,EMP-0057,2026-06-22,PRJ-010,WBS-00433,CC-00084,2026-06-22 06:00:00,2026-06-22 14:30:00,8.0,0.0,OnPrem-SQLServer
TE-00002356,TS-0000465,EMP-0057,2026-06-23,PRJ-010,WBS-00448,CC-00084,2026-06-23 06:30:00,2026-06-23 15:00:00,8.0,0.0,OnPrem-SQLServer
TE-00002357,TS-0000465,EMP-0057,2026-06-24,PRJ-010,WBS-00443,CC-00086,2026-06-24 06:15:00,2026-06-24 14:45:00,8.0,0.0,OnPrem-SQLServer
TE-00002358,TS-0000465,EMP-0057,2026-06-25,PRJ-010,WBS-00462,CC-00089,2026-06-25 06:30:00,2026-06-25 15:00:00,8.0,0.0,OnPrem-SQLServer
TE-00002359,TS-0000465,EMP-0057,2026-06-26,PRJ-010,WBS-00479,CC-00082,2026-06-26 06:30:00,2026-06-26 15:00:00,8.0,0.0,OnPrem-SQLServer
TE-00002360,TS-0000466,EMP-0057,2026-06-29,PRJ-009,WBS-00408,CC-00075,2026-06-29 06:30:00,2026-06-29 15:00:00,8.0,0.0,OnPrem-SQLServer
TE-00002361,TS-0000466,EMP-0057,2026-06-30,PRJ-009,WBS-00381,CC-00080,2026-06-30 06:30:00,2026-06-30 15:00:00,8.0,0.0,OnPrem-SQLServer
TE-00002362,TS-0000466,EMP-0057,2026-07-01,PRJ-009,WBS-00366,CC-00074,2026-07-01 06:15:00,2026-07-01 16:24:36,9.66,1.66,OnPrem-SQLServer
TE-00002363,TS-0000466,EMP-0057,2026-07-02,PRJ-009,WBS-00397,CC-00080,2026-07-02 06:00:00,2026-07-02 14:30:00,8.0,0.0,OnPrem-SQLServer
TE-00002364,TS-0000466,EMP-0057,2026-07-03,PRJ-009,WBS-00417,CC-00078,2026-07-03 06:15:00,2026-07-03 14:45:00,8.0,0.0,OnPrem-SQLServer
TE-00002365,TS-0000467,EMP-0057,2026-07-06,PRJ-009,WBS-00369,CC-00076,2026-07-06 06:30:00,2026-07-06 15:00:00,8.0,0.0,OnPrem-SQLServer
TE-00002366,TS-0000467,EMP-0057,2026-07-07,PRJ-009,WBS-00361,CC-00075,2026-07-07 06:30:00,2026-07-07 15:00:00,8.0,0.0,OnPrem-SQLServer
TE-00002367,TS-0000467,EMP-0057,2026-07-08,PRJ-009,WBS-00387,CC-00077,2026-07-08 06:15:00,2026-07-08 14:45:00,8.0,0.0,OnPrem-SQLServer
TE-00002368,TS-0000467,EMP-0057,2026-07-09,PRJ-009,WBS-00410,CC-00078,2026-07-09 06:00:00,2026-07-09 14:30:00,8.0,0.0,OnPrem-SQLServer
TE-00002369,TS-0000467,EMP-0057,2026-07-10,PRJ-009,WBS-00379,CC-00079,2026-07-10 06:15:00,2026-07-10 14:45:00,8.0,0.0,OnPrem-SQLServer
TE-00002370,TS-0000468,EMP-0057,2026-07-13,PRJ-009,WBS-00413,CC-00079,2026-07-13 06:30:00,2026-07-13 15:00:00,8.0,0.0,OnPrem-SQLServer
TE-00002371,TS-0000468,EMP-0057,2026-07-14,PRJ-009,WBS-00366,CC-00075,2026-07-14 06:00:00,2026-07-14 14:30:00,8.0,0.0,OnPrem-SQLServer
TE-00002372,TS-0000468,EMP-0057,2026-07-15,PRJ-009,WBS-00418,CC-00080,2026-07-15 06:15:00,2026-07-15 14:45:00,8.0,0.0,OnPrem-SQLServer
TE-00002373,TS-0000468,EMP-0057,2026-07-16,PRJ-009,WBS-00409,CC-00074,2026-07-16 06:00:00,2026-07-16 15:15:36,8.76,0.76,OnPrem-SQLServer
TE-00002374,TS-0000468,EMP-0057,2026-07-17,PRJ-009,WBS-00399,CC-00081,2026-07-17 06:15:00,2026-07-17 14:45:00,8.0,0.0,OnPrem-SQLServer
TE-00002375,TS-0000469,EMP-0057,2026-07-20,PRJ-008,WBS-00310,CC-00071,2026-07-20 06:30:00,2026-07-20 15:00:00,8.0,0.0,OnPrem-SQLServer
TE-00002376,TS-0000469,EMP-0057,2026-07-21,PRJ-008,WBS-00348,CC-00066,2026-07-21 06:00:00,2026-07-21 14:30:00,8.0,0.0,OnPrem-SQLServer
TE-00002377,TS-0000469,EMP-0057,2026-07-22,PRJ-008,WBS-00313,CC-00071,2026-07-22 06:15:00,2026-07-22 14:45:00,8.0,0.0,OnPrem-SQLServer
TE-00002378,TS-0000469,EMP-0057,2026-07-23,PRJ-008,WBS-00349,CC-00065,2026-07-23 06:30:00,2026-07-23 16:49:48,9.83,1.83,OnPrem-SQLServer
TE-00002379,TS-0000469,EMP-0057,2026-07-24,PRJ-008,WBS-00320,CC-00065,2026-07-24 06:30:00,2026-07-24 16:09:36,9.16,1.16,OnPrem-SQLServer
TE-00002380,TS-0000470,EMP-0057,2026-07-27,PRJ-009,WBS-00421,CC-00077,2026-07-27 06:00:00,2026-07-27 14:30:00,8.0,0.0,OnPrem-SQLServer
TE-00002381,TS-0000470,EMP-0057,2026-07-28,PRJ-009,WBS-00370,CC-00079,2026-07-28 06:00:00,2026-07-28 14:30:00,8.0,0.0,OnPrem-SQLServer
TE-00002382,TS-0000470,EMP-0057,2026-07-29,PRJ-009,WBS-00406,CC-00081,2026-07-29 06:15:00,2026-07-29 14:45:00,8.0,0.0,OnPrem-SQLServer
TE-00002383,TS-0000470,EMP-0057,2026-07-30,PRJ-009,WBS-00408,CC-00079,2026-07-30 06:30:00,2026-07-30 15:00:00,8.0,0.0,OnPrem-SQLServer
TE-00002384,TS-0000470,EMP-0057,2026-07-31,PRJ-009,WBS-00423,CC-00078,2026-07-31 06:15:00,2026-07-31 14:45:00,8.0,0.0,OnPrem-SQLServer
TE-00002385,TS-0000471,EMP-0058,2026-04-13,PRJ-012,WBS-00567,CC-00101,2026-04-13 06:30:00,2026-04-13 15:00:00,8.0,0.0,OnPrem-SQLServer
TE-00002386,TS-0000471,EMP-0058,2026-04-14,PRJ-012,WBS-00547,CC-00107,2026-04-14 06:00:00,2026-04-14 14:30:00,8.0,0.0,OnPrem-SQLServer
TE-00002387,TS-0000471,EMP-0058,2026-04-15,PRJ-012,WBS-00573,CC-00108,2026-04-15 06:15:00,2026-04-15 15:27:00,8.7,0.7,OnPrem-SQLServer
TE-00002388,TS-0000471,EMP-0058,2026-04-16,PRJ-012,WBS-00554,CC-00103,2026-04-16 06:30:00,2026-04-16 15:00:00,8.0,0.0,OnPrem-SQLServer
TE-00002389,TS-0000471,EMP-0058,2026-04-17,PRJ-012,WBS-00551,CC-00102,2026-04-17 06:00:00,2026-04-17 16:13:12,9.72,1.72,OnPrem-SQLServer
TE-00002390,TS-0000472,EMP-0058,2026-04-20,PRJ-012,WBS-00564,CC-00107,2026-04-20 06:30:00,2026-04-20 15:00:00,8.0,0.0,OnPrem-SQLServer
TE-00002391,TS-0000472,EMP-0058,2026-04-21,PRJ-012,WBS-00549,CC-00104,2026-04-21 06:15:00,2026-04-21 14:45:00,8.0,0.0,OnPrem-SQLServer
TE-00002392,TS-0000472,EMP-0058,2026-04-22,PRJ-012,WBS-00570,CC-00105,2026-04-22 06:30:00,2026-04-22 15:00:00,8.0,0.0,OnPrem-SQLServer
TE-00002393,TS-0000472,EMP-0058,2026-04-23,PRJ-012,WBS-00576,CC-00104,2026-04-23 06:15:00,2026-04-23 14:45:00,8.0,0.0,OnPrem-SQLServer
TE-00002394,TS-0000472,EMP-0058,2026-04-24,PRJ-012,WBS-00572,CC-00102,2026-04-24 06:15:00,2026-04-24 14:45:00,8.0,0.0,OnPrem-SQLServer
TE-00002395,TS-0000473,EMP-0058,2026-04-27,PRJ-012,WBS-00550,CC-00107,2026-04-27 06:00:00,2026-04-27 14:30:00,8.0,0.0,OnPrem-SQLServer
TE-00002396,TS-0000473,EMP-0058,2026-04-28,PRJ-012,WBS-00569,CC-00103,2026-04-28 06:00:00,2026-04-28 15:32:24,9.04,1.04,OnPrem-SQLServer
TE-00002397,TS-0000473,EMP-0058,2026-04-29,PRJ-012,WBS-00569,CC-00104,2026-04-29 06:30:00,2026-04-29 15:00:00,8.0,0.0,OnPrem-SQLServer
TE-00002398,TS-0000473,EMP-0058,2026-04-30,PRJ-012,WBS-00569,CC-00100,2026-04-30 06:15:00,2026-04-30 14:45:00,8.0,0.0,OnPrem-SQLServer
TE-00002399,TS-0000473,EMP-0058,2026-05-01,PRJ-012,WBS-00546,CC-00101,2026-05-01 06:15:00,2026-05-01 14:45:00,8.0,0.0,OnPrem-SQLServer
TE-00002400,TS-0000474,EMP-0058,2026-05-04,PRJ-012,WBS-00554,CC-00102,2026-05-04 06:15:00,2026-05-04 14:45:00,8.0,0.0,OnPrem-SQLServer
TE-00002401,TS-0000474,EMP-0058,2026-05-05,PRJ-012,WBS-00550,CC-00108,2026-05-05 06:15:00,2026-05-05 14:45:00,8.0,0.0,OnPrem-SQLServer
TE-00002402,TS-0000474,EMP-0058,2026-05-06,PRJ-012,WBS-00546,CC-00108,2026-05-06 06:00:00,2026-05-06 16:30:00,10.0,2.0,OnPrem-SQLServer
TE-00002403,TS-0000474,EMP-0058,2026-05-07,PRJ-012,WBS-00543,CC-00106,2026-05-07 06:30:00,2026-05-07 15:00:00,8.0,0.0,OnPrem-SQLServer
TE-00002404,TS-0000474,EMP-0058,2026-05-08,PRJ-012,WBS-00543,CC-00100,2026-05-08 06:30:00,2026-05-08 15:00:00,8.0,0.0,OnPrem-SQLServer
TE-00002405,TS-0000475,EMP-0058,2026-05-11,PRJ-012,WBS-00569,CC-00101,2026-05-11 06:30:00,2026-05-11 15:00:00,8.0,0.0,OnPrem-SQLServer
TE-00002406,TS-0000475,EMP-0058,2026-05-12,PRJ-012,WBS-00549,CC-00107,2026-05-12 06:15:00,2026-05-12 15:16:48,8.53,0.53,OnPrem-SQLServer
TE-00002407,TS-0000475,EMP-0058,2026-05-13,PRJ-012,WBS-00557,CC-00108,2026-05-13 06:15:00,2026-05-13 14:45:00,8.0,0.0,OnPrem-SQLServer
TE-00002408,TS-0000475,EMP-0058,2026-05-14,PRJ-012,WBS-00554,CC-00104,2026-05-14 06:00:00,2026-05-14 14:30:00,8.0,0.0,OnPrem-SQLServer
TE-00002409,TS-0000475,EMP-0058,2026-05-15,PRJ-012,WBS-00567,CC-00106,2026-05-15 06:15:00,2026-05-15 14:45:00,8.0,0.0,OnPrem-SQLServer
TE-00002410,TS-0000476,EMP-0058,2026-05-18,PRJ-012,WBS-00576,CC-00108,2026-05-18 06:15:00,2026-05-18 14:45:00,8.0,0.0,OnPrem-SQLServer
TE-00002411,TS-0000476,EMP-0058,2026-05-19,PRJ-012,WBS-00566,CC-00100,2026-05-19 06:15:00,2026-05-19 16:15:00,9.5,1.5,OnPrem-SQLServer
TE-00002412,TS-0000476,EMP-0058,2026-05-20,PRJ-012,WBS-00551,CC-00102,2026-05-20 06:30:00,2026-05-20 15:32:24,8.54,0.54,OnPrem-SQLServer
TE-00002413,TS-0000476,EMP-0058,2026-05-21,PRJ-012,WBS-00575,CC-00102,2026-05-21 06:15:00,2026-05-21 15:48:00,9.05,1.05,OnPrem-SQLServer
TE-00002414,TS-0000476,EMP-0058,2026-05-22,PRJ-012,WBS-00578,CC-00102,2026-05-22 06:15:00,2026-05-22 14:45:00,8.0,0.0,OnPrem-SQLServer
TE-00002415,TS-0000477,EMP-0058,2026-05-25,PRJ-012,WBS-00557,CC-00107,2026-05-25 06:30:00,2026-05-25 15:00:00,8.0,0.0,OnPrem-SQLServer
TE-00002416,TS-0000477,EMP-0058,2026-05-26,PRJ-012,WBS-00556,CC-00102,2026-05-26 06:00:00,2026-05-26 14:30:00,8.0,0.0,OnPrem-SQLServer
TE-00002417,TS-0000477,EMP-0058,2026-05-27,PRJ-012,WBS-00558,CC-00107,2026-05-27 06:30:00,2026-05-27 15:00:00,8.0,0.0,OnPrem-SQLServer
TE-00002418,TS-0000477,EMP-0058,2026-05-28,PRJ-012,WBS-00558,CC-00108,2026-05-28 06:00:00,2026-05-28 14:30:00,8.0,0.0,OnPrem-SQLServer
TE-00002419,TS-0000477,EMP-0058,2026-05-29,PRJ-012,WBS-00551,CC-00105,2026-05-29 06:15:00,2026-05-29 15:36:36,8.86,0.86,OnPrem-SQLServer
TE-00002420,TS-0000478,EMP-0058,2026-06-01,PRJ-003,WBS-00114,CC-00026,2026-06-01 06:15:00,2026-06-01 14:45:00,8.0,0.0,OnPrem-SQLServer
TE-00002421,TS-0000478,EMP-0058,2026-06-02,PRJ-003,WBS-00097,CC-00025,2026-06-02 06:15:00,2026-06-02 14:45:00,8.0,0.0,OnPrem-SQLServer
TE-00002422,TS-0000478,EMP-0058,2026-06-03,PRJ-003,WBS-00113,CC-00023,2026-06-03 06:15:00,2026-06-03 14:45:00,8.0,0.0,OnPrem-SQLServer
TE-00002423,TS-0000478,EMP-0058,2026-06-04,PRJ-003,WBS-00103,CC-00020,2026-06-04 06:15:00,2026-06-04 14:45:00,8.0,0.0,OnPrem-SQLServer
TE-00002424,TS-0000478,EMP-0058,2026-06-05,PRJ-003,WBS-00110,CC-00019,2026-06-05 06:15:00,2026-06-05 14:45:00,8.0,0.0,OnPrem-SQLServer
TE-00002425,TS-0000479,EMP-0058,2026-06-08,PRJ-012,WBS-00573,CC-00103,2026-06-08 06:15:00,2026-06-08 14:45:00,8.0,0.0,OnPrem-SQLServer
TE-00002426,TS-0000479,EMP-0058,2026-06-09,PRJ-012,WBS-00552,CC-00102,2026-06-09 06:15:00,2026-06-09 15:25:12,8.67,0.67,OnPrem-SQLServer
TE-00002427,TS-0000479,EMP-0058,2026-06-10,PRJ-012,WBS-00573,CC-00102,2026-06-10 06:30:00,2026-06-10 15:00:00,8.0,0.0,OnPrem-SQLServer
TE-00002428,TS-0000479,EMP-0058,2026-06-11,PRJ-012,WBS-00556,CC-00104,2026-06-11 06:00:00,2026-06-11 14:30:00,8.0,0.0,OnPrem-SQLServer
TE-00002429,TS-0000479,EMP-0058,2026-06-12,PRJ-012,WBS-00551,CC-00106,2026-06-12 06:30:00,2026-06-12 15:00:00,8.0,0.0,OnPrem-SQLServer
TE-00002430,TS-0000480,EMP-0058,2026-06-22,PRJ-012,WBS-00566,CC-00102,2026-06-22 06:00:00,2026-06-22 14:30:00,8.0,0.0,OnPrem-SQLServer
TE-00002431,TS-0000480,EMP-0058,2026-06-23,PRJ-012,WBS-00555,CC-00107,2026-06-23 06:30:00,2026-06-23 16:38:24,9.64,1.64,OnPrem-SQLServer
TE-00002432,TS-0000480,EMP-0058,2026-06-24,PRJ-012,WBS-00561,CC-00108,2026-06-24 06:00:00,2026-06-24 14:30:00,8.0,0.0,OnPrem-SQLServer
TE-00002433,TS-0000480,EMP-0058,2026-06-25,PRJ-012,WBS-00547,CC-00100,2026-06-25 06:00:00,2026-06-25 14:30:00,8.0,0.0,OnPrem-SQLServer
TE-00002434,TS-0000480,EMP-0058,2026-06-26,PRJ-012,WBS-00572,CC-00101,2026-06-26 06:30:00,2026-06-26 15:00:00,8.0,0.0,OnPrem-SQLServer
TE-00002435,TS-0000481,EMP-0058,2026-06-29,PRJ-012,WBS-00568,CC-00107,2026-06-29 06:00:00,2026-06-29 14:30:00,8.0,0.0,OnPrem-SQLServer
TE-00002436,TS-0000481,EMP-0058,2026-06-30,PRJ-012,WBS-00578,CC-00105,2026-06-30 06:15:00,2026-06-30 14:45:00,8.0,0.0,OnPrem-SQLServer
TE-00002437,TS-0000481,EMP-0058,2026-07-01,PRJ-012,WBS-00551,CC-00101,2026-07-01 06:15:00,2026-07-01 14:45:00,8.0,0.0,OnPrem-SQLServer
TE-00002438,TS-0000481,EMP-0058,2026-07-02,PRJ-012,WBS-00579,CC-00103,2026-07-02 06:15:00,2026-07-02 14:45:00,8.0,0.0,OnPrem-SQLServer
TE-00002439,TS-0000481,EMP-0058,2026-07-03,PRJ-012,WBS-00550,CC-00102,2026-07-03 06:15:00,2026-07-03 14:45:00,8.0,0.0,OnPrem-SQLServer
TE-00002440,TS-0000482,EMP-0058,2026-07-06,PRJ-012,WBS-00543,CC-00103,2026-07-06 06:30:00,2026-07-06 15:00:00,8.0,0.0,OnPrem-SQLServer
TE-00002441,TS-0000482,EMP-0058,2026-07-07,PRJ-012,WBS-00553,CC-00104,2026-07-07 06:30:00,2026-07-07 15:00:00,8.0,0.0,OnPrem-SQLServer
TE-00002442,TS-0000482,EMP-0058,2026-07-08,PRJ-012,WBS-00574,CC-00101,2026-07-08 06:00:00,2026-07-08 14:30:00,8.0,0.0,OnPrem-SQLServer
TE-00002443,TS-0000482,EMP-0058,2026-07-09,PRJ-012,WBS-00561,CC-00105,2026-07-09 06:00:00,2026-07-09 16:01:48,9.53,1.53,OnPrem-SQLServer
TE-00002444,TS-0000482,EMP-0058,2026-07-10,PRJ-012,WBS-00564,CC-00107,2026-07-10 06:00:00,2026-07-10 14:30:00,8.0,0.0,OnPrem-SQLServer
TE-00002445,TS-0000483,EMP-0058,2026-07-13,PRJ-012,WBS-00563,CC-00106,2026-07-13 06:30:00,2026-07-13 15:00:00,8.0,0.0,OnPrem-SQLServer
TE-00002446,TS-0000483,EMP-0058,2026-07-14,PRJ-012,WBS-00557,CC-00103,2026-07-14 06:30:00,2026-07-14 15:00:00,8.0,0.0,OnPrem-SQLServer
TE-00002447,TS-0000483,EMP-0058,2026-07-15,PRJ-012,WBS-00544,CC-00104,2026-07-15 06:15:00,2026-07-15 14:45:00,8.0,0.0,OnPrem-SQLServer
TE-00002448,TS-0000483,EMP-0058,2026-07-16,PRJ-012,WBS-00552,CC-00100,2026-07-16 06:30:00,2026-07-16 15:00:00,8.0,0.0,OnPrem-SQLServer
TE-00002449,TS-0000483,EMP-0058,2026-07-17,PRJ-012,WBS-00549,CC-00105,2026-07-17 06:30:00,2026-07-17 16:01:12,9.02,1.02,OnPrem-SQLServer
TE-00002450,TS-0000484,EMP-0058,2026-07-20,PRJ-003,WBS-00109,CC-00022,2026-07-20 06:30:00,2026-07-20 15:00:00,8.0,0.0,OnPrem-SQLServer
TE-00002451,TS-0000484,EMP-0058,2026-07-21,PRJ-003,WBS-00114,CC-00024,2026-07-21 06:15:00,2026-07-21 14:45:00,8.0,0.0,OnPrem-SQLServer
TE-00002452,TS-0000484,EMP-0058,2026-07-22,PRJ-003,WBS-00101,CC-00022,2026-07-22 06:15:00,2026-07-22 14:45:00,8.0,0.0,OnPrem-SQLServer
TE-00002453,TS-0000484,EMP-0058,2026-07-23,PRJ-003,WBS-00088,CC-00024,2026-07-23 06:30:00,2026-07-23 15:00:00,8.0,0.0,OnPrem-SQLServer
TE-00002454,TS-0000484,EMP-0058,2026-07-24,PRJ-003,WBS-00115,CC-00025,2026-07-24 06:15:00,2026-07-24 14:45:00,8.0,0.0,OnPrem-SQLServer
TE-00002455,TS-0000485,EMP-0058,2026-07-27,PRJ-012,WBS-00573,CC-00102,2026-07-27 06:15:00,2026-07-27 14:45:00,8.0,0.0,OnPrem-SQLServer
TE-00002456,TS-0000485,EMP-0058,2026-07-28,PRJ-012,WBS-00557,CC-00105,2026-07-28 06:15:00,2026-07-28 14:45:00,8.0,0.0,OnPrem-SQLServer
TE-00002457,TS-0000485,EMP-0058,2026-07-29,PRJ-012,WBS-00548,CC-00108,2026-07-29 06:15:00,2026-07-29 15:39:00,8.9,0.9,OnPrem-SQLServer
TE-00002458,TS-0000485,EMP-0058,2026-07-30,PRJ-012,WBS-00549,CC-00101,2026-07-30 06:15:00,2026-07-30 14:45:00,8.0,0.0,OnPrem-SQLServer
TE-00002459,TS-0000485,EMP-0058,2026-07-31,PRJ-012,WBS-00575,CC-00100,2026-07-31 06:15:00,2026-07-31 16:25:12,9.67,1.67,OnPrem-SQLServer
TE-00002460,TS-0000486,EMP-0059,2026-05-18,PRJ-001,WBS-00036,CC-00007,2026-05-18 06:15:00,2026-05-18 18:27:36,11.71,3.71,OnPrem-SQLServer
TE-00002461,TS-0000486,EMP-0059,2026-05-19,PRJ-001,WBS-00021,CC-00004,2026-05-19 07:15:00,2026-05-19 19:30:36,11.76,3.76,OnPrem-SQLServer
TE-00002462,TS-0000486,EMP-0059,2026-05-20,PRJ-001,WBS-00038,CC-00001,2026-05-20 07:00:00,2026-05-20 17:22:48,9.88,1.88,OnPrem-SQLServer
TE-00002463,TS-0000486,EMP-0059,2026-05-21,PRJ-001,WBS-00029,CC-00007,2026-05-21 07:30:00,2026-05-21 18:29:24,10.49,2.49,OnPrem-SQLServer
TE-00002464,TS-0000486,EMP-0059,2026-05-22,PRJ-001,WBS-00010,CC-00007,2026-05-22 07:30:00,2026-05-22 17:09:00,9.15,1.15,OnPrem-SQLServer
TE-00002465,TS-0000487,EMP-0059,2026-05-25,PRJ-001,WBS-00002,CC-00009,2026-05-25 07:30:00,2026-05-25 16:00:00,8.0,0.0,OnPrem-SQLServer
TE-00002466,TS-0000487,EMP-0059,2026-05-26,PRJ-001,WBS-00022,CC-00007,2026-05-26 06:30:00,2026-05-26 15:00:00,8.0,0.0,OnPrem-SQLServer
TE-00002467,TS-0000487,EMP-0059,2026-05-27,PRJ-001,WBS-00042,CC-00007,2026-05-27 06:15:00,2026-05-27 17:22:12,10.62,2.62,OnPrem-SQLServer
TE-00002468,TS-0000487,EMP-0059,2026-05-28,PRJ-001,WBS-00020,CC-00005,2026-05-28 07:30:00,2026-05-28 18:32:24,10.54,2.54,OnPrem-SQLServer
TE-00002469,TS-0000487,EMP-0059,2026-05-29,PRJ-001,WBS-00051,CC-00003,2026-05-29 06:15:00,2026-05-29 17:52:48,11.13,3.13,OnPrem-SQLServer
TE-00002470,TS-0000488,EMP-0059,2026-06-01,PRJ-001,WBS-00048,CC-00004,2026-06-01 07:15:00,2026-06-01 18:48:36,11.06,3.06,OnPrem-SQLServer
TE-00002471,TS-0000488,EMP-0059,2026-06-02,PRJ-001,WBS-00005,CC-00006,2026-06-02 07:00:00,2026-06-02 15:30:00,8.0,0.0,OnPrem-SQLServer
TE-00002472,TS-0000488,EMP-0059,2026-06-03,PRJ-001,WBS-00047,CC-00004,2026-06-03 06:30:00,2026-06-03 15:00:00,8.0,0.0,OnPrem-SQLServer
TE-00002473,TS-0000488,EMP-0059,2026-06-04,PRJ-001,WBS-00022,CC-00008,2026-06-04 07:00:00,2026-06-04 16:34:12,9.07,1.07,OnPrem-SQLServer
TE-00002474,TS-0000488,EMP-0059,2026-06-05,PRJ-001,WBS-00049,CC-00004,2026-06-05 06:30:00,2026-06-05 15:00:00,8.0,0.0,OnPrem-SQLServer
TE-00002475,TS-0000488,EMP-0059,2026-06-06,PRJ-001,WBS-00044,CC-00008,2026-06-06 06:30:00,2026-06-06 14:23:24,7.39,7.39,OnPrem-SQLServer
TE-00002476,TS-0000489,EMP-0059,2026-06-08,PRJ-001,WBS-00047,CC-00002,2026-06-08 07:30:00,2026-06-08 16:00:00,8.0,0.0,OnPrem-SQLServer
TE-00002477,TS-0000489,EMP-0059,2026-06-09,PRJ-001,WBS-00049,CC-00003,2026-06-09 06:30:00,2026-06-09 15:00:00,8.0,0.0,OnPrem-SQLServer
TE-00002478,TS-0000489,EMP-0059,2026-06-10,PRJ-001,WBS-00038,CC-00001,2026-06-10 07:15:00,2026-06-10 17:49:48,10.08,2.08,OnPrem-SQLServer
TE-00002479,TS-0000489,EMP-0059,2026-06-11,PRJ-001,WBS-00041,CC-00001,2026-06-11 07:30:00,2026-06-11 18:56:24,10.94,2.94,OnPrem-SQLServer
TE-00002480,TS-0000489,EMP-0059,2026-06-12,PRJ-001,WBS-00041,CC-00006,2026-06-12 06:30:00,2026-06-12 17:46:48,10.78,2.78,OnPrem-SQLServer
TE-00002481,TS-0000490,EMP-0059,2026-06-15,PRJ-001,WBS-00029,CC-00004,2026-06-15 06:30:00,2026-06-15 15:00:00,8.0,0.0,OnPrem-SQLServer
TE-00002482,TS-0000490,EMP-0059,2026-06-16,PRJ-001,WBS-00023,CC-00008,2026-06-16 06:30:00,2026-06-16 16:23:24,9.39,1.39,OnPrem-SQLServer
TE-00002483,TS-0000490,EMP-0059,2026-06-17,PRJ-001,WBS-00024,CC-00002,2026-06-17 06:15:00,2026-06-17 17:07:12,10.37,2.37,OnPrem-SQLServer
TE-00002484,TS-0000490,EMP-0059,2026-06-18,PRJ-001,WBS-00029,CC-00007,2026-06-18 06:30:00,2026-06-18 15:00:00,8.0,0.0,OnPrem-SQLServer
TE-00002485,TS-0000490,EMP-0059,2026-06-19,PRJ-001,WBS-00021,CC-00003,2026-06-19 07:30:00,2026-06-19 19:09:00,11.15,3.15,OnPrem-SQLServer
TE-00002486,TS-0000491,EMP-0059,2026-06-22,PRJ-001,WBS-00025,CC-00003,2026-06-22 07:30:00,2026-06-22 19:10:12,11.17,3.17,OnPrem-SQLServer
TE-00002487,TS-0000491,EMP-0059,2026-06-23,PRJ-001,WBS-00047,CC-00002,2026-06-23 06:30:00,2026-06-23 17:17:24,10.29,2.29,OnPrem-SQLServer
TE-00002488,TS-0000491,EMP-0059,2026-06-24,PRJ-001,WBS-00030,CC-00002,2026-06-24 07:30:00,2026-06-24 16:00:00,8.0,0.0,OnPrem-SQLServer
TE-00002489,TS-0000491,EMP-0059,2026-06-25,PRJ-001,WBS-00027,CC-00009,2026-06-25 07:15:00,2026-06-25 15:45:00,8.0,0.0,OnPrem-SQLServer
TE-00002490,TS-0000491,EMP-0059,2026-06-26,PRJ-001,WBS-00010,CC-00005,2026-06-26 06:00:00,2026-06-26 15:57:00,9.45,1.45,OnPrem-SQLServer
TE-00002491,TS-0000492,EMP-0059,2026-07-06,PRJ-001,WBS-00026,CC-00009,2026-07-06 06:15:00,2026-07-06 18:42:00,11.95,3.95,OnPrem-SQLServer
TE-00002492,TS-0000492,EMP-0059,2026-07-07,PRJ-001,WBS-00039,CC-00005,2026-07-07 07:30:00,2026-07-07 16:00:00,8.0,0.0,OnPrem-SQLServer
TE-00002493,TS-0000492,EMP-0059,2026-07-08,PRJ-001,WBS-00042,CC-00007,2026-07-08 07:30:00,2026-07-08 18:26:24,10.44,2.44,OnPrem-SQLServer
TE-00002494,TS-0000492,EMP-0059,2026-07-09,PRJ-001,WBS-00034,CC-00001,2026-07-09 07:15:00,2026-07-09 19:16:12,11.52,3.52,OnPrem-SQLServer
TE-00002495,TS-0000492,EMP-0059,2026-07-10,PRJ-001,WBS-00038,CC-00003,2026-07-10 06:30:00,2026-07-10 16:12:00,9.2,1.2,OnPrem-SQLServer
TE-00002496,TS-0000493,EMP-0059,2026-07-13,PRJ-001,WBS-00010,CC-00005,2026-07-13 07:00:00,2026-07-13 17:19:12,9.82,1.82,OnPrem-SQLServer
TE-00002497,TS-0000493,EMP-0059,2026-07-14,PRJ-001,WBS-00009,CC-00007,2026-07-14 06:00:00,2026-07-14 15:40:48,9.18,1.18,OnPrem-SQLServer
TE-00002498,TS-0000493,EMP-0059,2026-07-15,PRJ-001,WBS-00033,CC-00006,2026-07-15 07:00:00,2026-07-15 16:31:12,9.02,1.02,OnPrem-SQLServer
TE-00002499,TS-0000493,EMP-0059,2026-07-16,PRJ-001,WBS-00044,CC-00001,2026-07-16 07:15:00,2026-07-16 15:45:00,8.0,0.0,OnPrem-SQLServer
TE-00002500,TS-0000493,EMP-0059,2026-07-17,PRJ-001,WBS-00024,CC-00003,2026-07-17 07:30:00,2026-07-17 16:00:00,8.0,0.0,OnPrem-SQLServer
TE-00002501,TS-0000493,EMP-0059,2026-07-18,PRJ-001,WBS-00013,CC-00006,2026-07-18 06:15:00,2026-07-18 13:31:12,6.77,6.77,OnPrem-SQLServer
TE-00002502,TS-0000494,EMP-0059,2026-07-20,PRJ-011,WBS-00522,CC-00095,2026-07-20 06:00:00,2026-07-20 14:30:00,8.0,0.0,OnPrem-SQLServer
TE-00002503,TS-0000494,EMP-0059,2026-07-21,PRJ-011,WBS-00493,CC-00093,2026-07-21 06:30:00,2026-07-21 15:00:00,8.0,0.0,OnPrem-SQLServer
TE-00002504,TS-0000494,EMP-0059,2026-07-22,PRJ-011,WBS-00492,CC-00099,2026-07-22 06:15:00,2026-07-22 14:45:00,8.0,0.0,OnPrem-SQLServer
TE-00002505,TS-0000494,EMP-0059,2026-07-23,PRJ-011,WBS-00539,CC-00098,2026-07-23 06:00:00,2026-07-23 14:30:00,8.0,0.0,OnPrem-SQLServer
TE-00002506,TS-0000494,EMP-0059,2026-07-24,PRJ-011,WBS-00502,CC-00097,2026-07-24 06:00:00,2026-07-24 14:30:00,8.0,0.0,OnPrem-SQLServer
TE-00002507,TS-0000495,EMP-0059,2026-07-27,PRJ-006,WBS-00245,CC-00046,2026-07-27 06:00:00,2026-07-27 14:30:00,8.0,0.0,OnPrem-SQLServer
TE-00002508,TS-0000495,EMP-0059,2026-07-28,PRJ-006,WBS-00219,CC-00051,2026-07-28 06:30:00,2026-07-28 15:00:00,8.0,0.0,OnPrem-SQLServer
TE-00002509,TS-0000495,EMP-0059,2026-07-29,PRJ-006,WBS-00241,CC-00048,2026-07-29 06:15:00,2026-07-29 16:13:48,9.48,1.48,OnPrem-SQLServer
TE-00002510,TS-0000495,EMP-0059,2026-07-30,PRJ-006,WBS-00217,CC-00046,2026-07-30 06:15:00,2026-07-30 14:45:00,8.0,0.0,OnPrem-SQLServer
TE-00002511,TS-0000495,EMP-0059,2026-07-31,PRJ-006,WBS-00223,CC-00049,2026-07-31 06:30:00,2026-07-31 15:00:00,8.0,0.0,OnPrem-SQLServer
TE-00002512,TS-0000496,EMP-0060,2026-04-27,PRJ-006,WBS-00220,CC-00052,2026-04-27 06:15:00,2026-04-27 14:45:00,8.0,0.0,OnPrem-SQLServer
TE-00002513,TS-0000496,EMP-0060,2026-04-28,PRJ-006,WBS-00215,CC-00051,2026-04-28 06:15:00,2026-04-28 14:45:00,8.0,0.0,OnPrem-SQLServer
TE-00002514,TS-0000496,EMP-0060,2026-04-29,PRJ-006,WBS-00220,CC-00051,2026-04-29 06:15:00,2026-04-29 14:45:00,8.0,0.0,OnPrem-SQLServer
TE-00002515,TS-0000496,EMP-0060,2026-04-30,PRJ-006,WBS-00235,CC-00046,2026-04-30 06:00:00,2026-04-30 14:30:00,8.0,0.0,OnPrem-SQLServer
TE-00002516,TS-0000496,EMP-0060,2026-05-01,PRJ-006,WBS-00234,CC-00052,2026-05-01 06:00:00,2026-05-01 14:30:00,8.0,0.0,OnPrem-SQLServer
TE-00002517,TS-0000497,EMP-0060,2026-05-04,PRJ-004,WBS-00150,CC-00033,2026-05-04 06:30:00,2026-05-04 15:00:00,8.0,0.0,OnPrem-SQLServer
TE-00002518,TS-0000497,EMP-0060,2026-05-05,PRJ-004,WBS-00151,CC-00036,2026-05-05 06:30:00,2026-05-05 15:00:00,8.0,0.0,OnPrem-SQLServer
TE-00002519,TS-0000497,EMP-0060,2026-05-06,PRJ-004,WBS-00158,CC-00032,2026-05-06 06:15:00,2026-05-06 14:45:00,8.0,0.0,OnPrem-SQLServer
TE-00002520,TS-0000497,EMP-0060,2026-05-07,PRJ-004,WBS-00156,CC-00034,2026-05-07 06:15:00,2026-05-07 14:45:00,8.0,0.0,OnPrem-SQLServer
TE-00002521,TS-0000497,EMP-0060,2026-05-08,PRJ-004,WBS-00158,CC-00034,2026-05-08 06:30:00,2026-05-08 15:00:00,8.0,0.0,OnPrem-SQLServer
TE-00002522,TS-0000498,EMP-0060,2026-05-11,PRJ-004,WBS-00139,CC-00030,2026-05-11 06:00:00,2026-05-11 14:30:00,8.0,0.0,OnPrem-SQLServer
TE-00002523,TS-0000498,EMP-0060,2026-05-12,PRJ-004,WBS-00133,CC-00029,2026-05-12 06:30:00,2026-05-12 16:53:24,9.89,1.89,OnPrem-SQLServer
TE-00002524,TS-0000498,EMP-0060,2026-05-13,PRJ-004,WBS-00167,CC-00032,2026-05-13 06:00:00,2026-05-13 14:30:00,8.0,0.0,OnPrem-SQLServer
TE-00002525,TS-0000498,EMP-0060,2026-05-14,PRJ-004,WBS-00158,CC-00033,2026-05-14 06:00:00,2026-05-14 14:30:00,8.0,0.0,OnPrem-SQLServer
TE-00002526,TS-0000498,EMP-0060,2026-05-15,PRJ-004,WBS-00146,CC-00029,2026-05-15 06:00:00,2026-05-15 14:30:00,8.0,0.0,OnPrem-SQLServer
TE-00002527,TS-0000499,EMP-0060,2026-05-18,PRJ-004,WBS-00146,CC-00035,2026-05-18 06:00:00,2026-05-18 14:30:00,8.0,0.0,OnPrem-SQLServer
TE-00002528,TS-0000499,EMP-0060,2026-05-19,PRJ-004,WBS-00155,CC-00032,2026-05-19 06:00:00,2026-05-19 14:30:00,8.0,0.0,OnPrem-SQLServer
TE-00002529,TS-0000499,EMP-0060,2026-05-20,PRJ-004,WBS-00150,CC-00035,2026-05-20 06:00:00,2026-05-20 14:30:00,8.0,0.0,OnPrem-SQLServer
TE-00002530,TS-0000499,EMP-0060,2026-05-21,PRJ-004,WBS-00165,CC-00031,2026-05-21 06:30:00,2026-05-21 16:05:24,9.09,1.09,OnPrem-SQLServer
TE-00002531,TS-0000499,EMP-0060,2026-05-22,PRJ-004,WBS-00147,CC-00030,2026-05-22 06:00:00,2026-05-22 14:30:00,8.0,0.0,OnPrem-SQLServer
TE-00002532,TS-0000500,EMP-0060,2026-05-25,PRJ-004,WBS-00150,CC-00034,2026-05-25 06:15:00,2026-05-25 14:45:00,8.0,0.0,OnPrem-SQLServer
TE-00002533,TS-0000500,EMP-0060,2026-05-26,PRJ-004,WBS-00155,CC-00032,2026-05-26 06:15:00,2026-05-26 14:45:00,8.0,0.0,OnPrem-SQLServer
TE-00002534,TS-0000500,EMP-0060,2026-05-27,PRJ-004,WBS-00151,CC-00028,2026-05-27 06:15:00,2026-05-27 14:45:00,8.0,0.0,OnPrem-SQLServer
TE-00002535,TS-0000500,EMP-0060,2026-05-28,PRJ-004,WBS-00150,CC-00036,2026-05-28 06:30:00,2026-05-28 15:00:00,8.0,0.0,OnPrem-SQLServer
TE-00002536,TS-0000500,EMP-0060,2026-05-29,PRJ-004,WBS-00163,CC-00028,2026-05-29 06:00:00,2026-05-29 14:30:00,8.0,0.0,OnPrem-SQLServer
TE-00002537,TS-0000501,EMP-0060,2026-06-08,PRJ-009,WBS-00420,CC-00077,2026-06-08 06:30:00,2026-06-08 15:00:00,8.0,0.0,OnPrem-SQLServer
TE-00002538,TS-0000501,EMP-0060,2026-06-09,PRJ-009,WBS-00403,CC-00078,2026-06-09 06:15:00,2026-06-09 14:45:00,8.0,0.0,OnPrem-SQLServer
TE-00002539,TS-0000501,EMP-0060,2026-06-10,PRJ-009,WBS-00393,CC-00078,2026-06-10 06:00:00,2026-06-10 14:30:00,8.0,0.0,OnPrem-SQLServer
TE-00002540,TS-0000501,EMP-0060,2026-06-11,PRJ-009,WBS-00422,CC-00078,2026-06-11 06:30:00,2026-06-11 15:00:00,8.0,0.0,OnPrem-SQLServer
TE-00002541,TS-0000501,EMP-0060,2026-06-12,PRJ-009,WBS-00411,CC-00074,2026-06-12 06:30:00,2026-06-12 15:00:00,8.0,0.0,OnPrem-SQLServer
TE-00002542,TS-0000502,EMP-0060,2026-06-15,PRJ-004,WBS-00152,CC-00030,2026-06-15 06:15:00,2026-06-15 14:45:00,8.0,0.0,OnPrem-SQLServer
TE-00002543,TS-0000502,EMP-0060,2026-06-16,PRJ-004,WBS-00150,CC-00035,2026-06-16 06:15:00,2026-06-16 14:45:00,8.0,0.0,OnPrem-SQLServer
TE-00002544,TS-0000502,EMP-0060,2026-06-17,PRJ-004,WBS-00152,CC-00033,2026-06-17 06:00:00,2026-06-17 14:30:00,8.0,0.0,OnPrem-SQLServer
TE-00002545,TS-0000502,EMP-0060,2026-06-18,PRJ-004,WBS-00161,CC-00028,2026-06-18 06:15:00,2026-06-18 14:45:00,8.0,0.0,OnPrem-SQLServer
TE-00002546,TS-0000502,EMP-0060,2026-06-19,PRJ-004,WBS-00158,CC-00033,2026-06-19 06:15:00,2026-06-19 14:45:00,8.0,0.0,OnPrem-SQLServer
TE-00002547,TS-0000503,EMP-0060,2026-06-22,PRJ-004,WBS-00150,CC-00032,2026-06-22 06:15:00,2026-06-22 14:45:00,8.0,0.0,OnPrem-SQLServer
TE-00002548,TS-0000503,EMP-0060,2026-06-23,PRJ-004,WBS-00165,CC-00036,2026-06-23 06:30:00,2026-06-23 15:00:00,8.0,0.0,OnPrem-SQLServer
TE-00002549,TS-0000503,EMP-0060,2026-06-24,PRJ-004,WBS-00164,CC-00029,2026-06-24 06:15:00,2026-06-24 14:45:00,8.0,0.0,OnPrem-SQLServer
TE-00002550,TS-0000503,EMP-0060,2026-06-25,PRJ-004,WBS-00158,CC-00030,2026-06-25 06:30:00,2026-06-25 15:00:00,8.0,0.0,OnPrem-SQLServer
TE-00002551,TS-0000503,EMP-0060,2026-06-26,PRJ-004,WBS-00164,CC-00034,2026-06-26 06:15:00,2026-06-26 14:45:00,8.0,0.0,OnPrem-SQLServer
TE-00002552,TS-0000504,EMP-0060,2026-06-29,PRJ-004,WBS-00165,CC-00028,2026-06-29 06:30:00,2026-06-29 15:00:00,8.0,0.0,OnPrem-SQLServer
TE-00002553,TS-0000504,EMP-0060,2026-06-30,PRJ-004,WBS-00137,CC-00033,2026-06-30 06:30:00,2026-06-30 15:00:00,8.0,0.0,OnPrem-SQLServer
TE-00002554,TS-0000504,EMP-0060,2026-07-01,PRJ-004,WBS-00163,CC-00031,2026-07-01 06:15:00,2026-07-01 14:45:00,8.0,0.0,OnPrem-SQLServer
TE-00002555,TS-0000504,EMP-0060,2026-07-02,PRJ-004,WBS-00144,CC-00032,2026-07-02 06:15:00,2026-07-02 14:45:00,8.0,0.0,OnPrem-SQLServer
TE-00002556,TS-0000504,EMP-0060,2026-07-03,PRJ-004,WBS-00159,CC-00035,2026-07-03 06:15:00,2026-07-03 16:05:24,9.34,1.34,OnPrem-SQLServer
TE-00002557,TS-0000505,EMP-0060,2026-07-06,PRJ-004,WBS-00132,CC-00034,2026-07-06 06:30:00,2026-07-06 15:00:00,8.0,0.0,OnPrem-SQLServer
TE-00002558,TS-0000505,EMP-0060,2026-07-07,PRJ-004,WBS-00162,CC-00031,2026-07-07 06:15:00,2026-07-07 14:45:00,8.0,0.0,OnPrem-SQLServer
TE-00002559,TS-0000505,EMP-0060,2026-07-08,PRJ-004,WBS-00155,CC-00035,2026-07-08 06:15:00,2026-07-08 14:45:00,8.0,0.0,OnPrem-SQLServer
TE-00002560,TS-0000505,EMP-0060,2026-07-09,PRJ-004,WBS-00147,CC-00030,2026-07-09 06:00:00,2026-07-09 16:26:24,9.94,1.94,OnPrem-SQLServer
TE-00002561,TS-0000505,EMP-0060,2026-07-10,PRJ-004,WBS-00134,CC-00035,2026-07-10 06:30:00,2026-07-10 15:00:00,8.0,0.0,OnPrem-SQLServer
TE-00002562,TS-0000506,EMP-0060,2026-07-20,PRJ-004,WBS-00146,CC-00036,2026-07-20 06:30:00,2026-07-20 16:47:24,9.79,1.79,OnPrem-SQLServer
TE-00002563,TS-0000506,EMP-0060,2026-07-21,PRJ-004,WBS-00149,CC-00032,2026-07-21 06:15:00,2026-07-21 14:45:00,8.0,0.0,OnPrem-SQLServer
TE-00002564,TS-0000506,EMP-0060,2026-07-22,PRJ-004,WBS-00157,CC-00031,2026-07-22 06:15:00,2026-07-22 16:17:24,9.54,1.54,OnPrem-SQLServer
TE-00002565,TS-0000506,EMP-0060,2026-07-23,PRJ-004,WBS-00138,CC-00031,2026-07-23 06:00:00,2026-07-23 14:30:00,8.0,0.0,OnPrem-SQLServer
TE-00002566,TS-0000506,EMP-0060,2026-07-24,PRJ-004,WBS-00164,CC-00036,2026-07-24 06:00:00,2026-07-24 15:28:12,8.97,0.97,OnPrem-SQLServer
TE-00002567,TS-0000507,EMP-0060,2026-07-27,PRJ-004,WBS-00166,CC-00035,2026-07-27 06:00:00,2026-07-27 14:30:00,8.0,0.0,OnPrem-SQLServer
TE-00002568,TS-0000507,EMP-0060,2026-07-28,PRJ-004,WBS-00145,CC-00029,2026-07-28 06:00:00,2026-07-28 14:30:00,8.0,0.0,OnPrem-SQLServer
TE-00002569,TS-0000507,EMP-0060,2026-07-29,PRJ-004,WBS-00153,CC-00030,2026-07-29 06:00:00,2026-07-29 14:30:00,8.0,0.0,OnPrem-SQLServer
TE-00002570,TS-0000507,EMP-0060,2026-07-30,PRJ-004,WBS-00144,CC-00034,2026-07-30 06:00:00,2026-07-30 14:30:00,8.0,0.0,OnPrem-SQLServer
TE-00002571,TS-0000507,EMP-0060,2026-07-31,PRJ-004,WBS-00157,CC-00031,2026-07-31 06:30:00,2026-07-31 15:00:00,8.0,0.0,OnPrem-SQLServer
TE-00002572,TS-0000508,EMP-0061,2026-05-04,PRJ-009,WBS-00390,CC-00078,2026-05-04 06:00:00,2026-05-04 14:30:00,8.0,0.0,OnPrem-SQLServer
TE-00002573,TS-0000508,EMP-0061,2026-05-05,PRJ-009,WBS-00417,CC-00076,2026-05-05 06:15:00,2026-05-05 14:45:00,8.0,0.0,OnPrem-SQLServer
TE-00002574,TS-0000508,EMP-0061,2026-05-06,PRJ-009,WBS-00361,CC-00074,2026-05-06 06:15:00,2026-05-06 14:45:00,8.0,0.0,OnPrem-SQLServer
TE-00002575,TS-0000508,EMP-0061,2026-05-07,PRJ-009,WBS-00393,CC-00081,2026-05-07 06:00:00,2026-05-07 14:30:00,8.0,0.0,OnPrem-SQLServer
TE-00002576,TS-0000508,EMP-0061,2026-05-08,PRJ-009,WBS-00380,CC-00078,2026-05-08 06:00:00,2026-05-08 14:30:00,8.0,0.0,OnPrem-SQLServer
TE-00002577,TS-0000509,EMP-0061,2026-05-11,PRJ-009,WBS-00391,CC-00080,2026-05-11 06:30:00,2026-05-11 15:00:00,8.0,0.0,OnPrem-SQLServer
TE-00002578,TS-0000509,EMP-0061,2026-05-12,PRJ-009,WBS-00421,CC-00079,2026-05-12 06:00:00,2026-05-12 16:03:00,9.55,1.55,OnPrem-SQLServer
TE-00002579,TS-0000509,EMP-0061,2026-05-13,PRJ-009,WBS-00386,CC-00077,2026-05-13 06:15:00,2026-05-13 14:45:00,8.0,0.0,OnPrem-SQLServer
TE-00002580,TS-0000509,EMP-0061,2026-05-14,PRJ-009,WBS-00391,CC-00080,2026-05-14 06:00:00,2026-05-14 14:30:00,8.0,0.0,OnPrem-SQLServer
TE-00002581,TS-0000509,EMP-0061,2026-05-15,PRJ-009,WBS-00413,CC-00076,2026-05-15 06:00:00,2026-05-15 14:30:00,8.0,0.0,OnPrem-SQLServer
TE-00002582,TS-0000510,EMP-0061,2026-05-18,PRJ-009,WBS-00377,CC-00081,2026-05-18 06:15:00,2026-05-18 16:20:24,9.59,1.59,OnPrem-SQLServer
TE-00002583,TS-0000510,EMP-0061,2026-05-19,PRJ-009,WBS-00363,CC-00077,2026-05-19 06:30:00,2026-05-19 15:00:00,8.0,0.0,OnPrem-SQLServer
TE-00002584,TS-0000510,EMP-0061,2026-05-20,PRJ-009,WBS-00415,CC-00078,2026-05-20 06:00:00,2026-05-20 14:30:00,8.0,0.0,OnPrem-SQLServer
TE-00002585,TS-0000510,EMP-0061,2026-05-21,PRJ-009,WBS-00362,CC-00075,2026-05-21 06:00:00,2026-05-21 14:30:00,8.0,0.0,OnPrem-SQLServer
TE-00002586,TS-0000510,EMP-0061,2026-05-22,PRJ-009,WBS-00373,CC-00079,2026-05-22 06:30:00,2026-05-22 16:09:36,9.16,1.16,OnPrem-SQLServer
TE-00002587,TS-0000511,EMP-0061,2026-05-25,PRJ-009,WBS-00418,CC-00074,2026-05-25 06:30:00,2026-05-25 15:00:00,8.0,0.0,OnPrem-SQLServer
TE-00002588,TS-0000511,EMP-0061,2026-05-26,PRJ-009,WBS-00362,CC-00075,2026-05-26 06:30:00,2026-05-26 15:42:00,8.7,0.7,OnPrem-SQLServer
TE-00002589,TS-0000511,EMP-0061,2026-05-27,PRJ-009,WBS-00407,CC-00073,2026-05-27 06:00:00,2026-05-27 14:30:00,8.0,0.0,OnPrem-SQLServer
TE-00002590,TS-0000511,EMP-0061,2026-05-28,PRJ-009,WBS-00387,CC-00081,2026-05-28 06:15:00,2026-05-28 14:45:00,8.0,0.0,OnPrem-SQLServer
TE-00002591,TS-0000511,EMP-0061,2026-05-29,PRJ-009,WBS-00375,CC-00077,2026-05-29 06:15:00,2026-05-29 14:45:00,8.0,0.0,OnPrem-SQLServer
TE-00002592,TS-0000512,EMP-0061,2026-06-01,PRJ-009,WBS-00386,CC-00079,2026-06-01 06:15:00,2026-06-01 14:45:00,8.0,0.0,OnPrem-SQLServer
TE-00002593,TS-0000512,EMP-0061,2026-06-02,PRJ-009,WBS-00388,CC-00078,2026-06-02 06:30:00,2026-06-02 15:00:00,8.0,0.0,OnPrem-SQLServer
TE-00002594,TS-0000512,EMP-0061,2026-06-03,PRJ-009,WBS-00362,CC-00080,2026-06-03 06:15:00,2026-06-03 15:55:48,9.18,1.18,OnPrem-SQLServer
TE-00002595,TS-0000512,EMP-0061,2026-06-04,PRJ-009,WBS-00418,CC-00078,2026-06-04 06:30:00,2026-06-04 15:00:00,8.0,0.0,OnPrem-SQLServer
TE-00002596,TS-0000512,EMP-0061,2026-06-05,PRJ-009,WBS-00422,CC-00077,2026-06-05 06:30:00,2026-06-05 15:00:00,8.0,0.0,OnPrem-SQLServer
TE-00002597,TS-0000513,EMP-0061,2026-06-08,PRJ-009,WBS-00399,CC-00075,2026-06-08 06:00:00,2026-06-08 14:30:00,8.0,0.0,OnPrem-SQLServer
TE-00002598,TS-0000513,EMP-0061,2026-06-09,PRJ-009,WBS-00416,CC-00078,2026-06-09 06:15:00,2026-06-09 15:51:00,9.1,1.1,OnPrem-SQLServer
TE-00002599,TS-0000513,EMP-0061,2026-06-10,PRJ-009,WBS-00413,CC-00081,2026-06-10 06:15:00,2026-06-10 14:45:00,8.0,0.0,OnPrem-SQLServer
TE-00002600,TS-0000513,EMP-0061,2026-06-11,PRJ-009,WBS-00403,CC-00073,2026-06-11 06:15:00,2026-06-11 14:45:00,8.0,0.0,OnPrem-SQLServer
TE-00002601,TS-0000513,EMP-0061,2026-06-12,PRJ-009,WBS-00422,CC-00080,2026-06-12 06:15:00,2026-06-12 14:45:00,8.0,0.0,OnPrem-SQLServer
TE-00002602,TS-0000514,EMP-0061,2026-06-15,PRJ-009,WBS-00394,CC-00079,2026-06-15 06:30:00,2026-06-15 15:00:00,8.0,0.0,OnPrem-SQLServer
TE-00002603,TS-0000514,EMP-0061,2026-06-16,PRJ-009,WBS-00365,CC-00077,2026-06-16 06:15:00,2026-06-16 16:18:36,9.56,1.56,OnPrem-SQLServer
TE-00002604,TS-0000514,EMP-0061,2026-06-17,PRJ-009,WBS-00407,CC-00074,2026-06-17 06:15:00,2026-06-17 14:45:00,8.0,0.0,OnPrem-SQLServer
TE-00002605,TS-0000514,EMP-0061,2026-06-18,PRJ-009,WBS-00387,CC-00078,2026-06-18 06:00:00,2026-06-18 14:30:00,8.0,0.0,OnPrem-SQLServer
TE-00002606,TS-0000514,EMP-0061,2026-06-19,PRJ-009,WBS-00422,CC-00075,2026-06-19 06:00:00,2026-06-19 14:30:00,8.0,0.0,OnPrem-SQLServer
TE-00002607,TS-0000515,EMP-0061,2026-06-22,PRJ-009,WBS-00388,CC-00078,2026-06-22 06:15:00,2026-06-22 14:45:00,8.0,0.0,OnPrem-SQLServer
TE-00002608,TS-0000515,EMP-0061,2026-06-23,PRJ-009,WBS-00366,CC-00078,2026-06-23 06:00:00,2026-06-23 14:30:00,8.0,0.0,OnPrem-SQLServer
TE-00002609,TS-0000515,EMP-0061,2026-06-24,PRJ-009,WBS-00394,CC-00073,2026-06-24 06:30:00,2026-06-24 15:57:00,8.95,0.95,OnPrem-SQLServer
TE-00002610,TS-0000515,EMP-0061,2026-06-25,PRJ-009,WBS-00403,CC-00076,2026-06-25 06:30:00,2026-06-25 15:00:00,8.0,0.0,OnPrem-SQLServer
TE-00002611,TS-0000515,EMP-0061,2026-06-26,PRJ-009,WBS-00378,CC-00081,2026-06-26 06:15:00,2026-06-26 14:45:00,8.0,0.0,OnPrem-SQLServer
TE-00002612,TS-0000516,EMP-0061,2026-06-29,PRJ-009,WBS-00364,CC-00078,2026-06-29 06:30:00,2026-06-29 15:00:00,8.0,0.0,OnPrem-SQLServer
TE-00002613,TS-0000516,EMP-0061,2026-06-30,PRJ-009,WBS-00400,CC-00081,2026-06-30 06:30:00,2026-06-30 15:00:00,8.0,0.0,OnPrem-SQLServer
TE-00002614,TS-0000516,EMP-0061,2026-07-01,PRJ-009,WBS-00419,CC-00075,2026-07-01 06:15:00,2026-07-01 15:45:36,9.01,1.01,OnPrem-SQLServer
TE-00002615,TS-0000516,EMP-0061,2026-07-02,PRJ-009,WBS-00377,CC-00080,2026-07-02 06:00:00,2026-07-02 14:30:00,8.0,0.0,OnPrem-SQLServer
TE-00002616,TS-0000516,EMP-0061,2026-07-03,PRJ-009,WBS-00412,CC-00077,2026-07-03 06:00:00,2026-07-03 14:30:00,8.0,0.0,OnPrem-SQLServer
TE-00002617,TS-0000517,EMP-0061,2026-07-06,PRJ-009,WBS-00406,CC-00073,2026-07-06 06:15:00,2026-07-06 14:45:00,8.0,0.0,OnPrem-SQLServer
TE-00002618,TS-0000517,EMP-0061,2026-07-07,PRJ-009,WBS-00416,CC-00077,2026-07-07 06:30:00,2026-07-07 15:00:00,8.0,0.0,OnPrem-SQLServer
TE-00002619,TS-0000517,EMP-0061,2026-07-08,PRJ-009,WBS-00403,CC-00078,2026-07-08 06:00:00,2026-07-08 16:28:48,9.98,1.98,OnPrem-SQLServer
TE-00002620,TS-0000517,EMP-0061,2026-07-09,PRJ-009,WBS-00374,CC-00078,2026-07-09 06:00:00,2026-07-09 14:30:00,8.0,0.0,OnPrem-SQLServer
TE-00002621,TS-0000517,EMP-0061,2026-07-10,PRJ-009,WBS-00406,CC-00078,2026-07-10 06:15:00,2026-07-10 14:45:00,8.0,0.0,OnPrem-SQLServer
TE-00002622,TS-0000518,EMP-0061,2026-07-13,PRJ-008,WBS-00328,CC-00072,2026-07-13 06:00:00,2026-07-13 14:30:00,8.0,0.0,OnPrem-SQLServer
TE-00002623,TS-0000518,EMP-0061,2026-07-14,PRJ-008,WBS-00341,CC-00072,2026-07-14 06:30:00,2026-07-14 15:00:00,8.0,0.0,OnPrem-SQLServer
TE-00002624,TS-0000518,EMP-0061,2026-07-15,PRJ-008,WBS-00344,CC-00064,2026-07-15 06:15:00,2026-07-15 14:45:00,8.0,0.0,OnPrem-SQLServer
TE-00002625,TS-0000518,EMP-0061,2026-07-16,PRJ-008,WBS-00334,CC-00070,2026-07-16 06:15:00,2026-07-16 14:45:00,8.0,0.0,OnPrem-SQLServer
TE-00002626,TS-0000518,EMP-0061,2026-07-17,PRJ-008,WBS-00318,CC-00072,2026-07-17 06:30:00,2026-07-17 15:51:00,8.85,0.85,OnPrem-SQLServer
TE-00002627,TS-0000519,EMP-0061,2026-07-20,PRJ-009,WBS-00421,CC-00080,2026-07-20 06:00:00,2026-07-20 15:14:24,8.74,0.74,OnPrem-SQLServer
TE-00002628,TS-0000519,EMP-0061,2026-07-21,PRJ-009,WBS-00363,CC-00078,2026-07-21 06:00:00,2026-07-21 16:05:24,9.59,1.59,OnPrem-SQLServer
TE-00002629,TS-0000519,EMP-0061,2026-07-22,PRJ-009,WBS-00416,CC-00076,2026-07-22 06:00:00,2026-07-22 14:30:00,8.0,0.0,OnPrem-SQLServer
TE-00002630,TS-0000519,EMP-0061,2026-07-23,PRJ-009,WBS-00404,CC-00079,2026-07-23 06:30:00,2026-07-23 15:00:00,8.0,0.0,OnPrem-SQLServer
TE-00002631,TS-0000519,EMP-0061,2026-07-24,PRJ-009,WBS-00385,CC-00080,2026-07-24 06:00:00,2026-07-24 14:30:00,8.0,0.0,OnPrem-SQLServer
TE-00002632,TS-0000520,EMP-0061,2026-07-27,PRJ-009,WBS-00380,CC-00073,2026-07-27 06:15:00,2026-07-27 14:45:00,8.0,0.0,OnPrem-SQLServer
TE-00002633,TS-0000520,EMP-0061,2026-07-28,PRJ-009,WBS-00408,CC-00081,2026-07-28 06:15:00,2026-07-28 14:45:00,8.0,0.0,OnPrem-SQLServer
TE-00002634,TS-0000520,EMP-0061,2026-07-29,PRJ-009,WBS-00420,CC-00077,2026-07-29 06:30:00,2026-07-29 15:00:00,8.0,0.0,OnPrem-SQLServer
TE-00002635,TS-0000520,EMP-0061,2026-07-30,PRJ-009,WBS-00415,CC-00081,2026-07-30 06:00:00,2026-07-30 15:48:00,9.3,1.3,OnPrem-SQLServer
TE-00002636,TS-0000520,EMP-0061,2026-07-31,PRJ-009,WBS-00411,CC-00080,2026-07-31 06:00:00,2026-07-31 14:30:00,8.0,0.0,OnPrem-SQLServer
TE-00002637,TS-0000521,EMP-0063,2026-05-11,PRJ-004,WBS-00150,CC-00032,2026-05-11 06:00:00,2026-05-11 14:30:00,8.0,0.0,OnPrem-SQLServer
TE-00002638,TS-0000521,EMP-0063,2026-05-12,PRJ-004,WBS-00145,CC-00031,2026-05-12 06:30:00,2026-05-12 15:00:00,8.0,0.0,OnPrem-SQLServer
TE-00002639,TS-0000521,EMP-0063,2026-05-13,PRJ-004,WBS-00155,CC-00030,2026-05-13 06:15:00,2026-05-13 14:45:00,8.0,0.0,OnPrem-SQLServer
TE-00002640,TS-0000521,EMP-0063,2026-05-14,PRJ-004,WBS-00142,CC-00031,2026-05-14 06:15:00,2026-05-14 14:45:00,8.0,0.0,OnPrem-SQLServer
TE-00002641,TS-0000521,EMP-0063,2026-05-15,PRJ-004,WBS-00138,CC-00032,2026-05-15 06:00:00,2026-05-15 14:30:00,8.0,0.0,OnPrem-SQLServer
TE-00002642,TS-0000522,EMP-0063,2026-05-18,PRJ-004,WBS-00156,CC-00031,2026-05-18 06:30:00,2026-05-18 15:00:00,8.0,0.0,OnPrem-SQLServer
TE-00002643,TS-0000522,EMP-0063,2026-05-19,PRJ-004,WBS-00166,CC-00034,2026-05-19 06:30:00,2026-05-19 15:00:00,8.0,0.0,OnPrem-SQLServer
TE-00002644,TS-0000522,EMP-0063,2026-05-20,PRJ-004,WBS-00146,CC-00033,2026-05-20 06:15:00,2026-05-20 14:45:00,8.0,0.0,OnPrem-SQLServer
TE-00002645,TS-0000522,EMP-0063,2026-05-21,PRJ-004,WBS-00145,CC-00031,2026-05-21 06:15:00,2026-05-21 14:45:00,8.0,0.0,OnPrem-SQLServer
TE-00002646,TS-0000522,EMP-0063,2026-05-22,PRJ-004,WBS-00131,CC-00034,2026-05-22 06:30:00,2026-05-22 15:00:00,8.0,0.0,OnPrem-SQLServer
TE-00002647,TS-0000523,EMP-0063,2026-05-25,PRJ-004,WBS-00142,CC-00028,2026-05-25 06:00:00,2026-05-25 14:30:00,8.0,0.0,OnPrem-SQLServer
TE-00002648,TS-0000523,EMP-0063,2026-05-26,PRJ-004,WBS-00135,CC-00035,2026-05-26 06:00:00,2026-05-26 15:11:24,8.69,0.69,OnPrem-SQLServer
TE-00002649,TS-0000523,EMP-0063,2026-05-27,PRJ-004,WBS-00141,CC-00032,2026-05-27 06:15:00,2026-05-27 14:45:00,8.0,0.0,OnPrem-SQLServer
TE-00002650,TS-0000523,EMP-0063,2026-05-28,PRJ-004,WBS-00148,CC-00031,2026-05-28 06:30:00,2026-05-28 15:00:00,8.0,0.0,OnPrem-SQLServer
TE-00002651,TS-0000523,EMP-0063,2026-05-29,PRJ-004,WBS-00148,CC-00034,2026-05-29 06:00:00,2026-05-29 14:30:00,8.0,0.0,OnPrem-SQLServer
TE-00002652,TS-0000524,EMP-0063,2026-06-01,PRJ-004,WBS-00164,CC-00029,2026-06-01 06:00:00,2026-06-01 14:30:00,8.0,0.0,OnPrem-SQLServer
TE-00002653,TS-0000524,EMP-0063,2026-06-02,PRJ-004,WBS-00163,CC-00035,2026-06-02 06:00:00,2026-06-02 14:30:00,8.0,0.0,OnPrem-SQLServer
TE-00002654,TS-0000524,EMP-0063,2026-06-03,PRJ-004,WBS-00163,CC-00036,2026-06-03 06:15:00,2026-06-03 14:45:00,8.0,0.0,OnPrem-SQLServer
TE-00002655,TS-0000524,EMP-0063,2026-06-04,PRJ-004,WBS-00162,CC-00031,2026-06-04 06:00:00,2026-06-04 14:30:00,8.0,0.0,OnPrem-SQLServer
TE-00002656,TS-0000524,EMP-0063,2026-06-05,PRJ-004,WBS-00150,CC-00030,2026-06-05 06:30:00,2026-06-05 15:00:00,8.0,0.0,OnPrem-SQLServer
TE-00002657,TS-0000525,EMP-0063,2026-06-08,PRJ-004,WBS-00165,CC-00031,2026-06-08 06:30:00,2026-06-08 15:00:00,8.0,0.0,OnPrem-SQLServer
TE-00002658,TS-0000525,EMP-0063,2026-06-09,PRJ-004,WBS-00162,CC-00029,2026-06-09 06:00:00,2026-06-09 14:30:00,8.0,0.0,OnPrem-SQLServer
TE-00002659,TS-0000525,EMP-0063,2026-06-10,PRJ-004,WBS-00144,CC-00036,2026-06-10 06:00:00,2026-06-10 14:30:00,8.0,0.0,OnPrem-SQLServer
TE-00002660,TS-0000525,EMP-0063,2026-06-11,PRJ-004,WBS-00132,CC-00035,2026-06-11 06:30:00,2026-06-11 15:00:00,8.0,0.0,OnPrem-SQLServer
TE-00002661,TS-0000525,EMP-0063,2026-06-12,PRJ-004,WBS-00134,CC-00033,2026-06-12 06:15:00,2026-06-12 14:45:00,8.0,0.0,OnPrem-SQLServer
TE-00002662,TS-0000526,EMP-0063,2026-06-15,PRJ-004,WBS-00166,CC-00030,2026-06-15 06:00:00,2026-06-15 14:30:00,8.0,0.0,OnPrem-SQLServer
TE-00002663,TS-0000526,EMP-0063,2026-06-16,PRJ-004,WBS-00135,CC-00028,2026-06-16 06:15:00,2026-06-16 14:45:00,8.0,0.0,OnPrem-SQLServer
TE-00002664,TS-0000526,EMP-0063,2026-06-17,PRJ-004,WBS-00162,CC-00029,2026-06-17 06:30:00,2026-06-17 15:00:00,8.0,0.0,OnPrem-SQLServer
TE-00002665,TS-0000526,EMP-0063,2026-06-18,PRJ-004,WBS-00159,CC-00036,2026-06-18 06:15:00,2026-06-18 14:45:00,8.0,0.0,OnPrem-SQLServer
TE-00002666,TS-0000526,EMP-0063,2026-06-19,PRJ-004,WBS-00153,CC-00028,2026-06-19 06:30:00,2026-06-19 15:00:00,8.0,0.0,OnPrem-SQLServer
TE-00002667,TS-0000527,EMP-0063,2026-06-22,PRJ-004,WBS-00153,CC-00028,2026-06-22 06:15:00,2026-06-22 14:45:00,8.0,0.0,OnPrem-SQLServer
TE-00002668,TS-0000527,EMP-0063,2026-06-23,PRJ-004,WBS-00162,CC-00036,2026-06-23 06:15:00,2026-06-23 14:45:00,8.0,0.0,OnPrem-SQLServer
TE-00002669,TS-0000527,EMP-0063,2026-06-24,PRJ-004,WBS-00152,CC-00030,2026-06-24 06:15:00,2026-06-24 14:45:00,8.0,0.0,OnPrem-SQLServer
TE-00002670,TS-0000527,EMP-0063,2026-06-25,PRJ-004,WBS-00166,CC-00031,2026-06-25 06:15:00,2026-06-25 14:45:00,8.0,0.0,OnPrem-SQLServer
TE-00002671,TS-0000527,EMP-0063,2026-06-26,PRJ-004,WBS-00155,CC-00028,2026-06-26 06:30:00,2026-06-26 15:00:00,8.0,0.0,OnPrem-SQLServer
TE-00002672,TS-0000528,EMP-0063,2026-06-29,PRJ-004,WBS-00166,CC-00036,2026-06-29 06:00:00,2026-06-29 14:30:00,8.0,0.0,OnPrem-SQLServer
TE-00002673,TS-0000528,EMP-0063,2026-06-30,PRJ-004,WBS-00167,CC-00028,2026-06-30 06:15:00,2026-06-30 14:45:00,8.0,0.0,OnPrem-SQLServer
TE-00002674,TS-0000528,EMP-0063,2026-07-01,PRJ-004,WBS-00164,CC-00032,2026-07-01 06:00:00,2026-07-01 14:30:00,8.0,0.0,OnPrem-SQLServer
TE-00002675,TS-0000528,EMP-0063,2026-07-02,PRJ-004,WBS-00166,CC-00033,2026-07-02 06:30:00,2026-07-02 15:00:00,8.0,0.0,OnPrem-SQLServer
TE-00002676,TS-0000528,EMP-0063,2026-07-03,PRJ-004,WBS-00152,CC-00036,2026-07-03 06:00:00,2026-07-03 14:30:00,8.0,0.0,OnPrem-SQLServer
TE-00002677,TS-0000529,EMP-0063,2026-07-06,PRJ-004,WBS-00132,CC-00029,2026-07-06 06:00:00,2026-07-06 14:30:00,8.0,0.0,OnPrem-SQLServer
TE-00002678,TS-0000529,EMP-0063,2026-07-07,PRJ-004,WBS-00162,CC-00032,2026-07-07 06:30:00,2026-07-07 15:00:00,8.0,0.0,OnPrem-SQLServer
TE-00002679,TS-0000529,EMP-0063,2026-07-08,PRJ-004,WBS-00158,CC-00030,2026-07-08 06:30:00,2026-07-08 15:00:00,8.0,0.0,OnPrem-SQLServer
TE-00002680,TS-0000529,EMP-0063,2026-07-09,PRJ-004,WBS-00137,CC-00031,2026-07-09 06:00:00,2026-07-09 14:30:00,8.0,0.0,OnPrem-SQLServer
TE-00002681,TS-0000529,EMP-0063,2026-07-10,PRJ-004,WBS-00165,CC-00030,2026-07-10 06:30:00,2026-07-10 16:28:12,9.47,1.47,OnPrem-SQLServer
TE-00002682,TS-0000530,EMP-0063,2026-07-13,PRJ-004,WBS-00150,CC-00033,2026-07-13 06:30:00,2026-07-13 15:00:00,8.0,0.0,OnPrem-SQLServer
TE-00002683,TS-0000530,EMP-0063,2026-07-14,PRJ-004,WBS-00156,CC-00029,2026-07-14 06:30:00,2026-07-14 15:00:00,8.0,0.0,OnPrem-SQLServer
TE-00002684,TS-0000530,EMP-0063,2026-07-15,PRJ-004,WBS-00139,CC-00031,2026-07-15 06:00:00,2026-07-15 14:30:00,8.0,0.0,OnPrem-SQLServer
TE-00002685,TS-0000530,EMP-0063,2026-07-16,PRJ-004,WBS-00156,CC-00029,2026-07-16 06:30:00,2026-07-16 15:00:00,8.0,0.0,OnPrem-SQLServer
TE-00002686,TS-0000530,EMP-0063,2026-07-17,PRJ-004,WBS-00156,CC-00028,2026-07-17 06:15:00,2026-07-17 14:45:00,8.0,0.0,OnPrem-SQLServer
TE-00002687,TS-0000531,EMP-0063,2026-07-20,PRJ-004,WBS-00141,CC-00033,2026-07-20 06:00:00,2026-07-20 14:30:00,8.0,0.0,OnPrem-SQLServer
TE-00002688,TS-0000531,EMP-0063,2026-07-21,PRJ-004,WBS-00147,CC-00033,2026-07-21 06:15:00,2026-07-21 14:45:00,8.0,0.0,OnPrem-SQLServer
TE-00002689,TS-0000531,EMP-0063,2026-07-22,PRJ-004,WBS-00156,CC-00033,2026-07-22 06:30:00,2026-07-22 15:00:00,8.0,0.0,OnPrem-SQLServer
TE-00002690,TS-0000531,EMP-0063,2026-07-23,PRJ-004,WBS-00151,CC-00032,2026-07-23 06:30:00,2026-07-23 15:00:00,8.0,0.0,OnPrem-SQLServer
TE-00002691,TS-0000531,EMP-0063,2026-07-24,PRJ-004,WBS-00165,CC-00028,2026-07-24 06:15:00,2026-07-24 14:45:00,8.0,0.0,OnPrem-SQLServer
TE-00002692,TS-0000532,EMP-0065,2026-05-25,PRJ-009,WBS-00363,CC-00080,2026-05-25 06:15:00,2026-05-25 14:45:00,8.0,0.0,OnPrem-SQLServer
TE-00002693,TS-0000532,EMP-0065,2026-05-26,PRJ-009,WBS-00420,CC-00073,2026-05-26 06:30:00,2026-05-26 15:00:00,8.0,0.0,OnPrem-SQLServer
TE-00002694,TS-0000532,EMP-0065,2026-05-27,PRJ-009,WBS-00384,CC-00075,2026-05-27 06:00:00,2026-05-27 14:30:00,8.0,0.0,OnPrem-SQLServer
TE-00002695,TS-0000532,EMP-0065,2026-05-28,PRJ-009,WBS-00417,CC-00074,2026-05-28 06:00:00,2026-05-28 16:16:12,9.77,1.77,OnPrem-SQLServer
TE-00002696,TS-0000532,EMP-0065,2026-05-29,PRJ-009,WBS-00362,CC-00079,2026-05-29 06:15:00,2026-05-29 14:45:00,8.0,0.0,OnPrem-SQLServer
TE-00002697,TS-0000533,EMP-0065,2026-06-01,PRJ-006,WBS-00214,CC-00047,2026-06-01 06:30:00,2026-06-01 15:00:00,8.0,0.0,OnPrem-SQLServer
TE-00002698,TS-0000533,EMP-0065,2026-06-02,PRJ-006,WBS-00250,CC-00053,2026-06-02 06:00:00,2026-06-02 14:30:00,8.0,0.0,OnPrem-SQLServer
TE-00002699,TS-0000533,EMP-0065,2026-06-03,PRJ-006,WBS-00253,CC-00049,2026-06-03 06:15:00,2026-06-03 14:45:00,8.0,0.0,OnPrem-SQLServer
TE-00002700,TS-0000533,EMP-0065,2026-06-04,PRJ-006,WBS-00242,CC-00051,2026-06-04 06:30:00,2026-06-04 15:00:00,8.0,0.0,OnPrem-SQLServer
TE-00002701,TS-0000533,EMP-0065,2026-06-05,PRJ-006,WBS-00227,CC-00053,2026-06-05 06:30:00,2026-06-05 15:00:00,8.0,0.0,OnPrem-SQLServer
TE-00002702,TS-0000534,EMP-0065,2026-06-08,PRJ-009,WBS-00391,CC-00077,2026-06-08 06:15:00,2026-06-08 16:15:36,9.51,1.51,OnPrem-SQLServer
TE-00002703,TS-0000534,EMP-0065,2026-06-09,PRJ-009,WBS-00374,CC-00073,2026-06-09 06:15:00,2026-06-09 14:45:00,8.0,0.0,OnPrem-SQLServer
TE-00002704,TS-0000534,EMP-0065,2026-06-10,PRJ-009,WBS-00408,CC-00074,2026-06-10 06:15:00,2026-06-10 14:45:00,8.0,0.0,OnPrem-SQLServer
TE-00002705,TS-0000534,EMP-0065,2026-06-11,PRJ-009,WBS-00375,CC-00077,2026-06-11 06:00:00,2026-06-11 14:30:00,8.0,0.0,OnPrem-SQLServer
TE-00002706,TS-0000534,EMP-0065,2026-06-12,PRJ-009,WBS-00377,CC-00081,2026-06-12 06:15:00,2026-06-12 14:45:00,8.0,0.0,OnPrem-SQLServer
TE-00002707,TS-0000535,EMP-0065,2026-06-15,PRJ-009,WBS-00397,CC-00076,2026-06-15 06:15:00,2026-06-15 16:09:00,9.4,1.4,OnPrem-SQLServer
TE-00002708,TS-0000535,EMP-0065,2026-06-16,PRJ-009,WBS-00388,CC-00074,2026-06-16 06:15:00,2026-06-16 14:45:00,8.0,0.0,OnPrem-SQLServer
TE-00002709,TS-0000535,EMP-0065,2026-06-17,PRJ-009,WBS-00389,CC-00081,2026-06-17 06:15:00,2026-06-17 14:45:00,8.0,0.0,OnPrem-SQLServer
TE-00002710,TS-0000535,EMP-0065,2026-06-18,PRJ-009,WBS-00381,CC-00077,2026-06-18 06:00:00,2026-06-18 14:30:00,8.0,0.0,OnPrem-SQLServer
TE-00002711,TS-0000535,EMP-0065,2026-06-19,PRJ-009,WBS-00415,CC-00073,2026-06-19 06:30:00,2026-06-19 15:00:00,8.0,0.0,OnPrem-SQLServer
TE-00002712,TS-0000536,EMP-0065,2026-06-22,PRJ-009,WBS-00365,CC-00073,2026-06-22 06:15:00,2026-06-22 14:45:00,8.0,0.0,OnPrem-SQLServer
TE-00002713,TS-0000536,EMP-0065,2026-06-23,PRJ-009,WBS-00383,CC-00077,2026-06-23 06:00:00,2026-06-23 14:30:00,8.0,0.0,OnPrem-SQLServer
TE-00002714,TS-0000536,EMP-0065,2026-06-24,PRJ-009,WBS-00392,CC-00079,2026-06-24 06:15:00,2026-06-24 14:45:00,8.0,0.0,OnPrem-SQLServer
TE-00002715,TS-0000536,EMP-0065,2026-06-25,PRJ-009,WBS-00421,CC-00078,2026-06-25 06:30:00,2026-06-25 15:00:00,8.0,0.0,OnPrem-SQLServer
TE-00002716,TS-0000536,EMP-0065,2026-06-26,PRJ-009,WBS-00372,CC-00076,2026-06-26 06:15:00,2026-06-26 14:45:00,8.0,0.0,OnPrem-SQLServer
TE-00002717,TS-0000537,EMP-0065,2026-06-29,PRJ-009,WBS-00387,CC-00080,2026-06-29 06:15:00,2026-06-29 14:45:00,8.0,0.0,OnPrem-SQLServer
TE-00002718,TS-0000537,EMP-0065,2026-06-30,PRJ-009,WBS-00366,CC-00073,2026-06-30 06:15:00,2026-06-30 14:45:00,8.0,0.0,OnPrem-SQLServer
TE-00002719,TS-0000537,EMP-0065,2026-07-01,PRJ-009,WBS-00377,CC-00076,2026-07-01 06:30:00,2026-07-01 15:00:00,8.0,0.0,OnPrem-SQLServer
TE-00002720,TS-0000537,EMP-0065,2026-07-02,PRJ-009,WBS-00386,CC-00078,2026-07-02 06:00:00,2026-07-02 14:30:00,8.0,0.0,OnPrem-SQLServer
TE-00002721,TS-0000537,EMP-0065,2026-07-03,PRJ-009,WBS-00400,CC-00079,2026-07-03 06:15:00,2026-07-03 14:45:00,8.0,0.0,OnPrem-SQLServer
TE-00002722,TS-0000538,EMP-0065,2026-07-06,PRJ-009,WBS-00362,CC-00075,2026-07-06 06:15:00,2026-07-06 16:08:24,9.39,1.39,OnPrem-SQLServer
TE-00002723,TS-0000538,EMP-0065,2026-07-07,PRJ-009,WBS-00384,CC-00080,2026-07-07 06:00:00,2026-07-07 14:30:00,8.0,0.0,OnPrem-SQLServer
TE-00002724,TS-0000538,EMP-0065,2026-07-08,PRJ-009,WBS-00391,CC-00075,2026-07-08 06:30:00,2026-07-08 15:00:00,8.0,0.0,OnPrem-SQLServer
TE-00002725,TS-0000538,EMP-0065,2026-07-09,PRJ-009,WBS-00377,CC-00076,2026-07-09 06:00:00,2026-07-09 15:22:12,8.87,0.87,OnPrem-SQLServer
TE-00002726,TS-0000538,EMP-0065,2026-07-10,PRJ-009,WBS-00401,CC-00079,2026-07-10 06:30:00,2026-07-10 15:00:00,8.0,0.0,OnPrem-SQLServer
TE-00002727,TS-0000539,EMP-0065,2026-07-13,PRJ-009,WBS-00370,CC-00074,2026-07-13 06:00:00,2026-07-13 14:30:00,8.0,0.0,OnPrem-SQLServer
TE-00002728,TS-0000539,EMP-0065,2026-07-14,PRJ-009,WBS-00375,CC-00076,2026-07-14 06:15:00,2026-07-14 14:45:00,8.0,0.0,OnPrem-SQLServer
TE-00002729,TS-0000539,EMP-0065,2026-07-15,PRJ-009,WBS-00389,CC-00076,2026-07-15 06:15:00,2026-07-15 14:45:00,8.0,0.0,OnPrem-SQLServer
TE-00002730,TS-0000539,EMP-0065,2026-07-16,PRJ-009,WBS-00374,CC-00073,2026-07-16 06:00:00,2026-07-16 14:30:00,8.0,0.0,OnPrem-SQLServer
TE-00002731,TS-0000539,EMP-0065,2026-07-17,PRJ-009,WBS-00371,CC-00079,2026-07-17 06:00:00,2026-07-17 14:30:00,8.0,0.0,OnPrem-SQLServer
TE-00002732,TS-0000540,EMP-0065,2026-07-20,PRJ-009,WBS-00380,CC-00081,2026-07-20 06:15:00,2026-07-20 14:45:00,8.0,0.0,OnPrem-SQLServer
TE-00002733,TS-0000540,EMP-0065,2026-07-21,PRJ-009,WBS-00418,CC-00075,2026-07-21 06:30:00,2026-07-21 15:00:00,8.0,0.0,OnPrem-SQLServer
TE-00002734,TS-0000540,EMP-0065,2026-07-22,PRJ-009,WBS-00366,CC-00078,2026-07-22 06:00:00,2026-07-22 14:30:00,8.0,0.0,OnPrem-SQLServer
TE-00002735,TS-0000540,EMP-0065,2026-07-23,PRJ-009,WBS-00393,CC-00075,2026-07-23 06:00:00,2026-07-23 15:21:36,8.86,0.86,OnPrem-SQLServer
TE-00002736,TS-0000540,EMP-0065,2026-07-24,PRJ-009,WBS-00380,CC-00078,2026-07-24 06:30:00,2026-07-24 15:00:00,8.0,0.0,OnPrem-SQLServer
TE-00002737,TS-0000541,EMP-0066,2026-05-04,PRJ-003,WBS-00095,CC-00020,2026-05-04 06:15:00,2026-05-04 14:45:00,8.0,0.0,OnPrem-SQLServer
TE-00002738,TS-0000541,EMP-0066,2026-05-05,PRJ-003,WBS-00126,CC-00027,2026-05-05 06:00:00,2026-05-05 14:30:00,8.0,0.0,OnPrem-SQLServer
TE-00002739,TS-0000541,EMP-0066,2026-05-06,PRJ-003,WBS-00116,CC-00025,2026-05-06 06:30:00,2026-05-06 16:33:36,9.56,1.56,OnPrem-SQLServer
TE-00002740,TS-0000541,EMP-0066,2026-05-07,PRJ-003,WBS-00089,CC-00023,2026-05-07 06:15:00,2026-05-07 14:45:00,8.0,0.0,OnPrem-SQLServer
TE-00002741,TS-0000541,EMP-0066,2026-05-08,PRJ-003,WBS-00094,CC-00027,2026-05-08 06:30:00,2026-05-08 15:00:00,8.0,0.0,OnPrem-SQLServer
TE-00002742,TS-0000542,EMP-0066,2026-05-11,PRJ-003,WBS-00115,CC-00024,2026-05-11 06:15:00,2026-05-11 14:45:00,8.0,0.0,OnPrem-SQLServer
TE-00002743,TS-0000542,EMP-0066,2026-05-12,PRJ-003,WBS-00123,CC-00027,2026-05-12 06:00:00,2026-05-12 14:30:00,8.0,0.0,OnPrem-SQLServer
TE-00002744,TS-0000542,EMP-0066,2026-05-13,PRJ-003,WBS-00090,CC-00025,2026-05-13 06:30:00,2026-05-13 15:00:00,8.0,0.0,OnPrem-SQLServer
TE-00002745,TS-0000542,EMP-0066,2026-05-14,PRJ-003,WBS-00123,CC-00020,2026-05-14 06:30:00,2026-05-14 16:54:00,9.9,1.9,OnPrem-SQLServer
TE-00002746,TS-0000542,EMP-0066,2026-05-15,PRJ-003,WBS-00111,CC-00021,2026-05-15 06:15:00,2026-05-15 15:41:24,8.94,0.94,OnPrem-SQLServer
TE-00002747,TS-0000543,EMP-0066,2026-05-18,PRJ-007,WBS-00277,CC-00063,2026-05-18 06:30:00,2026-05-18 15:00:00,8.0,0.0,OnPrem-SQLServer
TE-00002748,TS-0000543,EMP-0066,2026-05-19,PRJ-007,WBS-00289,CC-00057,2026-05-19 06:00:00,2026-05-19 14:30:00,8.0,0.0,OnPrem-SQLServer
TE-00002749,TS-0000543,EMP-0066,2026-05-20,PRJ-007,WBS-00280,CC-00058,2026-05-20 06:15:00,2026-05-20 14:45:00,8.0,0.0,OnPrem-SQLServer
TE-00002750,TS-0000543,EMP-0066,2026-05-21,PRJ-007,WBS-00286,CC-00057,2026-05-21 06:30:00,2026-05-21 15:00:00,8.0,0.0,OnPrem-SQLServer
TE-00002751,TS-0000543,EMP-0066,2026-05-22,PRJ-007,WBS-00276,CC-00063,2026-05-22 06:30:00,2026-05-22 15:00:00,8.0,0.0,OnPrem-SQLServer
TE-00002752,TS-0000544,EMP-0066,2026-05-25,PRJ-003,WBS-00122,CC-00020,2026-05-25 06:15:00,2026-05-25 16:12:36,9.46,1.46,OnPrem-SQLServer
TE-00002753,TS-0000544,EMP-0066,2026-05-26,PRJ-003,WBS-00089,CC-00020,2026-05-26 06:15:00,2026-05-26 15:28:12,8.72,0.72,OnPrem-SQLServer
TE-00002754,TS-0000544,EMP-0066,2026-05-27,PRJ-003,WBS-00108,CC-00024,2026-05-27 06:30:00,2026-05-27 15:00:00,8.0,0.0,OnPrem-SQLServer
TE-00002755,TS-0000544,EMP-0066,2026-05-28,PRJ-003,WBS-00106,CC-00026,2026-05-28 06:00:00,2026-05-28 14:30:00,8.0,0.0,OnPrem-SQLServer
TE-00002756,TS-0000544,EMP-0066,2026-05-29,PRJ-003,WBS-00094,CC-00023,2026-05-29 06:30:00,2026-05-29 15:00:00,8.0,0.0,OnPrem-SQLServer
TE-00002757,TS-0000545,EMP-0066,2026-06-01,PRJ-003,WBS-00120,CC-00022,2026-06-01 06:15:00,2026-06-01 14:45:00,8.0,0.0,OnPrem-SQLServer
TE-00002758,TS-0000545,EMP-0066,2026-06-02,PRJ-003,WBS-00118,CC-00020,2026-06-02 06:30:00,2026-06-02 15:00:00,8.0,0.0,OnPrem-SQLServer
TE-00002759,TS-0000545,EMP-0066,2026-06-03,PRJ-003,WBS-00125,CC-00024,2026-06-03 06:00:00,2026-06-03 14:30:00,8.0,0.0,OnPrem-SQLServer
TE-00002760,TS-0000545,EMP-0066,2026-06-04,PRJ-003,WBS-00099,CC-00026,2026-06-04 06:00:00,2026-06-04 14:30:00,8.0,0.0,OnPrem-SQLServer
TE-00002761,TS-0000545,EMP-0066,2026-06-05,PRJ-003,WBS-00120,CC-00019,2026-06-05 06:15:00,2026-06-05 14:45:00,8.0,0.0,OnPrem-SQLServer
TE-00002762,TS-0000546,EMP-0066,2026-06-08,PRJ-003,WBS-00117,CC-00022,2026-06-08 06:30:00,2026-06-08 15:39:00,8.65,0.65,OnPrem-SQLServer
TE-00002763,TS-0000546,EMP-0066,2026-06-09,PRJ-003,WBS-00118,CC-00024,2026-06-09 06:30:00,2026-06-09 15:49:48,8.83,0.83,OnPrem-SQLServer
TE-00002764,TS-0000546,EMP-0066,2026-06-10,PRJ-003,WBS-00094,CC-00025,2026-06-10 06:15:00,2026-06-10 14:45:00,8.0,0.0,OnPrem-SQLServer
TE-00002765,TS-0000546,EMP-0066,2026-06-11,PRJ-003,WBS-00092,CC-00019,2026-06-11 06:15:00,2026-06-11 14:45:00,8.0,0.0,OnPrem-SQLServer
TE-00002766,TS-0000546,EMP-0066,2026-06-12,PRJ-003,WBS-00127,CC-00026,2026-06-12 06:00:00,2026-06-12 14:30:00,8.0,0.0,OnPrem-SQLServer
TE-00002767,TS-0000547,EMP-0066,2026-06-15,PRJ-003,WBS-00115,CC-00027,2026-06-15 06:30:00,2026-06-15 15:00:00,8.0,0.0,OnPrem-SQLServer
TE-00002768,TS-0000547,EMP-0066,2026-06-16,PRJ-003,WBS-00108,CC-00021,2026-06-16 06:00:00,2026-06-16 14:30:00,8.0,0.0,OnPrem-SQLServer
TE-00002769,TS-0000547,EMP-0066,2026-06-17,PRJ-003,WBS-00094,CC-00022,2026-06-17 06:00:00,2026-06-17 14:30:00,8.0,0.0,OnPrem-SQLServer
TE-00002770,TS-0000547,EMP-0066,2026-06-18,PRJ-003,WBS-00091,CC-00023,2026-06-18 06:00:00,2026-06-18 14:30:00,8.0,0.0,OnPrem-SQLServer
TE-00002771,TS-0000547,EMP-0066,2026-06-19,PRJ-003,WBS-00095,CC-00020,2026-06-19 06:30:00,2026-06-19 15:00:00,8.0,0.0,OnPrem-SQLServer
TE-00002772,TS-0000548,EMP-0066,2026-06-22,PRJ-003,WBS-00110,CC-00026,2026-06-22 06:15:00,2026-06-22 14:45:00,8.0,0.0,OnPrem-SQLServer
TE-00002773,TS-0000548,EMP-0066,2026-06-23,PRJ-003,WBS-00114,CC-00023,2026-06-23 06:00:00,2026-06-23 14:30:00,8.0,0.0,OnPrem-SQLServer
TE-00002774,TS-0000548,EMP-0066,2026-06-24,PRJ-003,WBS-00121,CC-00026,2026-06-24 06:00:00,2026-06-24 14:30:00,8.0,0.0,OnPrem-SQLServer
TE-00002775,TS-0000548,EMP-0066,2026-06-25,PRJ-003,WBS-00108,CC-00022,2026-06-25 06:15:00,2026-06-25 14:45:00,8.0,0.0,OnPrem-SQLServer
TE-00002776,TS-0000548,EMP-0066,2026-06-26,PRJ-003,WBS-00107,CC-00022,2026-06-26 06:00:00,2026-06-26 14:30:00,8.0,0.0,OnPrem-SQLServer
TE-00002777,TS-0000549,EMP-0066,2026-06-29,PRJ-007,WBS-00291,CC-00060,2026-06-29 06:15:00,2026-06-29 14:45:00,8.0,0.0,OnPrem-SQLServer
TE-00002778,TS-0000549,EMP-0066,2026-06-30,PRJ-007,WBS-00271,CC-00056,2026-06-30 06:30:00,2026-06-30 15:00:00,8.0,0.0,OnPrem-SQLServer
TE-00002779,TS-0000549,EMP-0066,2026-07-01,PRJ-007,WBS-00273,CC-00060,2026-07-01 06:00:00,2026-07-01 15:39:36,9.16,1.16,OnPrem-SQLServer
TE-00002780,TS-0000549,EMP-0066,2026-07-02,PRJ-007,WBS-00301,CC-00056,2026-07-02 06:15:00,2026-07-02 14:45:00,8.0,0.0,OnPrem-SQLServer
TE-00002781,TS-0000549,EMP-0066,2026-07-03,PRJ-007,WBS-00260,CC-00058,2026-07-03 06:00:00,2026-07-03 14:30:00,8.0,0.0,OnPrem-SQLServer
TE-00002782,TS-0000550,EMP-0066,2026-07-06,PRJ-003,WBS-00096,CC-00021,2026-07-06 06:15:00,2026-07-06 14:45:00,8.0,0.0,OnPrem-SQLServer
TE-00002783,TS-0000550,EMP-0066,2026-07-07,PRJ-003,WBS-00123,CC-00022,2026-07-07 06:00:00,2026-07-07 14:30:00,8.0,0.0,OnPrem-SQLServer
TE-00002784,TS-0000550,EMP-0066,2026-07-08,PRJ-003,WBS-00106,CC-00019,2026-07-08 06:15:00,2026-07-08 16:10:12,9.42,1.42,OnPrem-SQLServer
TE-00002785,TS-0000550,EMP-0066,2026-07-09,PRJ-003,WBS-00120,CC-00026,2026-07-09 06:15:00,2026-07-09 14:45:00,8.0,0.0,OnPrem-SQLServer
TE-00002786,TS-0000550,EMP-0066,2026-07-10,PRJ-003,WBS-00115,CC-00025,2026-07-10 06:15:00,2026-07-10 14:45:00,8.0,0.0,OnPrem-SQLServer
TE-00002787,TS-0000551,EMP-0066,2026-07-13,PRJ-003,WBS-00126,CC-00027,2026-07-13 06:00:00,2026-07-13 14:30:00,8.0,0.0,OnPrem-SQLServer
TE-00002788,TS-0000551,EMP-0066,2026-07-14,PRJ-003,WBS-00114,CC-00021,2026-07-14 06:30:00,2026-07-14 15:00:00,8.0,0.0,OnPrem-SQLServer
TE-00002789,TS-0000551,EMP-0066,2026-07-15,PRJ-003,WBS-00122,CC-00022,2026-07-15 06:00:00,2026-07-15 14:30:00,8.0,0.0,OnPrem-SQLServer
TE-00002790,TS-0000551,EMP-0066,2026-07-16,PRJ-003,WBS-00116,CC-00024,2026-07-16 06:00:00,2026-07-16 14:30:00,8.0,0.0,OnPrem-SQLServer
TE-00002791,TS-0000551,EMP-0066,2026-07-17,PRJ-003,WBS-00120,CC-00020,2026-07-17 06:00:00,2026-07-17 15:04:48,8.58,0.58,OnPrem-SQLServer
TE-00002792,TS-0000552,EMP-0066,2026-07-20,PRJ-003,WBS-00118,CC-00022,2026-07-20 06:15:00,2026-07-20 14:45:00,8.0,0.0,OnPrem-SQLServer
TE-00002793,TS-0000552,EMP-0066,2026-07-21,PRJ-003,WBS-00090,CC-00021,2026-07-21 06:30:00,2026-07-21 15:00:00,8.0,0.0,OnPrem-SQLServer
TE-00002794,TS-0000552,EMP-0066,2026-07-22,PRJ-003,WBS-00095,CC-00020,2026-07-22 06:15:00,2026-07-22 14:45:00,8.0,0.0,OnPrem-SQLServer
TE-00002795,TS-0000552,EMP-0066,2026-07-23,PRJ-003,WBS-00106,CC-00025,2026-07-23 06:00:00,2026-07-23 14:30:00,8.0,0.0,OnPrem-SQLServer
TE-00002796,TS-0000552,EMP-0066,2026-07-24,PRJ-003,WBS-00128,CC-00027,2026-07-24 06:00:00,2026-07-24 15:29:24,8.99,0.99,OnPrem-SQLServer
TE-00002797,TS-0000553,EMP-0066,2026-07-27,PRJ-003,WBS-00105,CC-00022,2026-07-27 06:30:00,2026-07-27 15:00:00,8.0,0.0,OnPrem-SQLServer
TE-00002798,TS-0000553,EMP-0066,2026-07-28,PRJ-003,WBS-00099,CC-00022,2026-07-28 06:00:00,2026-07-28 15:34:12,9.07,1.07,OnPrem-SQLServer
TE-00002799,TS-0000553,EMP-0066,2026-07-29,PRJ-003,WBS-00104,CC-00022,2026-07-29 06:30:00,2026-07-29 15:00:00,8.0,0.0,OnPrem-SQLServer
TE-00002800,TS-0000553,EMP-0066,2026-07-30,PRJ-003,WBS-00108,CC-00024,2026-07-30 06:00:00,2026-07-30 16:01:48,9.53,1.53,OnPrem-SQLServer
TE-00002801,TS-0000553,EMP-0066,2026-07-31,PRJ-003,WBS-00125,CC-00024,2026-07-31 06:30:00,2026-07-31 15:00:00,8.0,0.0,OnPrem-SQLServer
TE-00002802,TS-0000554,EMP-0067,2026-05-25,PRJ-001,WBS-00041,CC-00005,2026-05-25 06:00:00,2026-05-25 14:30:00,8.0,0.0,OnPrem-SQLServer
TE-00002803,TS-0000554,EMP-0067,2026-05-26,PRJ-001,WBS-00036,CC-00009,2026-05-26 07:15:00,2026-05-26 15:45:00,8.0,0.0,OnPrem-SQLServer
TE-00002804,TS-0000554,EMP-0067,2026-05-27,PRJ-001,WBS-00051,CC-00008,2026-05-27 06:15:00,2026-05-27 15:37:48,8.88,0.88,OnPrem-SQLServer
TE-00002805,TS-0000554,EMP-0067,2026-05-28,PRJ-001,WBS-00006,CC-00005,2026-05-28 07:00:00,2026-05-28 15:30:00,8.0,0.0,OnPrem-SQLServer
TE-00002806,TS-0000554,EMP-0067,2026-05-29,PRJ-001,WBS-00022,CC-00009,2026-05-29 07:30:00,2026-05-29 17:56:24,9.94,1.94,OnPrem-SQLServer
TE-00002807,TS-0000554,EMP-0067,2026-05-30,PRJ-001,WBS-00015,CC-00006,2026-05-30 07:00:00,2026-05-30 16:42:00,9.2,9.2,OnPrem-SQLServer
TE-00002808,TS-0000555,EMP-0067,2026-06-01,PRJ-002,WBS-00074,CC-00018,2026-06-01 06:00:00,2026-06-01 14:30:00,8.0,0.0,OnPrem-SQLServer
TE-00002809,TS-0000555,EMP-0067,2026-06-02,PRJ-002,WBS-00065,CC-00012,2026-06-02 06:00:00,2026-06-02 14:30:00,8.0,0.0,OnPrem-SQLServer
TE-00002810,TS-0000555,EMP-0067,2026-06-03,PRJ-002,WBS-00079,CC-00012,2026-06-03 06:30:00,2026-06-03 15:00:00,8.0,0.0,OnPrem-SQLServer
TE-00002811,TS-0000555,EMP-0067,2026-06-04,PRJ-002,WBS-00072,CC-00017,2026-06-04 06:15:00,2026-06-04 14:45:00,8.0,0.0,OnPrem-SQLServer
TE-00002812,TS-0000555,EMP-0067,2026-06-05,PRJ-002,WBS-00072,CC-00018,2026-06-05 06:00:00,2026-06-05 14:30:00,8.0,0.0,OnPrem-SQLServer
TE-00002813,TS-0000556,EMP-0067,2026-06-08,PRJ-002,WBS-00087,CC-00011,2026-06-08 06:15:00,2026-06-08 14:45:00,8.0,0.0,OnPrem-SQLServer
TE-00002814,TS-0000556,EMP-0067,2026-06-09,PRJ-002,WBS-00082,CC-00017,2026-06-09 06:00:00,2026-06-09 14:30:00,8.0,0.0,OnPrem-SQLServer
TE-00002815,TS-0000556,EMP-0067,2026-06-10,PRJ-002,WBS-00079,CC-00016,2026-06-10 06:15:00,2026-06-10 14:45:00,8.0,0.0,OnPrem-SQLServer
TE-00002816,TS-0000556,EMP-0067,2026-06-11,PRJ-002,WBS-00061,CC-00015,2026-06-11 06:30:00,2026-06-11 15:00:00,8.0,0.0,OnPrem-SQLServer
TE-00002817,TS-0000556,EMP-0067,2026-06-12,PRJ-002,WBS-00056,CC-00017,2026-06-12 06:30:00,2026-06-12 15:00:00,8.0,0.0,OnPrem-SQLServer
TE-00002818,TS-0000557,EMP-0067,2026-06-15,PRJ-002,WBS-00080,CC-00011,2026-06-15 06:00:00,2026-06-15 14:30:00,8.0,0.0,OnPrem-SQLServer
TE-00002819,TS-0000557,EMP-0067,2026-06-16,PRJ-002,WBS-00054,CC-00012,2026-06-16 06:30:00,2026-06-16 15:00:00,8.0,0.0,OnPrem-SQLServer
TE-00002820,TS-0000557,EMP-0067,2026-06-17,PRJ-002,WBS-00069,CC-00011,2026-06-17 06:00:00,2026-06-17 14:30:00,8.0,0.0,OnPrem-SQLServer
TE-00002821,TS-0000557,EMP-0067,2026-06-18,PRJ-002,WBS-00087,CC-00015,2026-06-18 06:30:00,2026-06-18 15:00:00,8.0,0.0,OnPrem-SQLServer
TE-00002822,TS-0000557,EMP-0067,2026-06-19,PRJ-002,WBS-00085,CC-00011,2026-06-19 06:30:00,2026-06-19 15:00:00,8.0,0.0,OnPrem-SQLServer
TE-00002823,TS-0000558,EMP-0067,2026-06-22,PRJ-002,WBS-00057,CC-00013,2026-06-22 06:15:00,2026-06-22 14:45:00,8.0,0.0,OnPrem-SQLServer
TE-00002824,TS-0000558,EMP-0067,2026-06-23,PRJ-002,WBS-00086,CC-00010,2026-06-23 06:30:00,2026-06-23 16:19:12,9.32,1.32,OnPrem-SQLServer
TE-00002825,TS-0000558,EMP-0067,2026-06-24,PRJ-002,WBS-00085,CC-00011,2026-06-24 06:15:00,2026-06-24 15:36:00,8.85,0.85,OnPrem-SQLServer
TE-00002826,TS-0000558,EMP-0067,2026-06-25,PRJ-002,WBS-00053,CC-00012,2026-06-25 06:15:00,2026-06-25 14:45:00,8.0,0.0,OnPrem-SQLServer
TE-00002827,TS-0000558,EMP-0067,2026-06-26,PRJ-002,WBS-00076,CC-00011,2026-06-26 06:30:00,2026-06-26 15:00:00,8.0,0.0,OnPrem-SQLServer
TE-00002828,TS-0000559,EMP-0067,2026-06-29,PRJ-006,WBS-00235,CC-00050,2026-06-29 06:30:00,2026-06-29 15:00:00,8.0,0.0,OnPrem-SQLServer
TE-00002829,TS-0000559,EMP-0067,2026-06-30,PRJ-006,WBS-00245,CC-00047,2026-06-30 06:00:00,2026-06-30 14:30:00,8.0,0.0,OnPrem-SQLServer
TE-00002830,TS-0000559,EMP-0067,2026-07-01,PRJ-006,WBS-00230,CC-00052,2026-07-01 06:30:00,2026-07-01 15:00:00,8.0,0.0,OnPrem-SQLServer
TE-00002831,TS-0000559,EMP-0067,2026-07-02,PRJ-006,WBS-00229,CC-00051,2026-07-02 06:30:00,2026-07-02 15:00:00,8.0,0.0,OnPrem-SQLServer
TE-00002832,TS-0000559,EMP-0067,2026-07-03,PRJ-006,WBS-00216,CC-00047,2026-07-03 06:30:00,2026-07-03 15:00:00,8.0,0.0,OnPrem-SQLServer
TE-00002833,TS-0000560,EMP-0067,2026-07-06,PRJ-002,WBS-00084,CC-00011,2026-07-06 06:00:00,2026-07-06 14:30:00,8.0,0.0,OnPrem-SQLServer
TE-00002834,TS-0000560,EMP-0067,2026-07-07,PRJ-002,WBS-00085,CC-00013,2026-07-07 06:00:00,2026-07-07 14:30:00,8.0,0.0,OnPrem-SQLServer
TE-00002835,TS-0000560,EMP-0067,2026-07-08,PRJ-002,WBS-00057,CC-00010,2026-07-08 06:15:00,2026-07-08 14:45:00,8.0,0.0,OnPrem-SQLServer
TE-00002836,TS-0000560,EMP-0067,2026-07-09,PRJ-002,WBS-00053,CC-00018,2026-07-09 06:00:00,2026-07-09 14:30:00,8.0,0.0,OnPrem-SQLServer
TE-00002837,TS-0000560,EMP-0067,2026-07-10,PRJ-002,WBS-00067,CC-00018,2026-07-10 06:15:00,2026-07-10 14:45:00,8.0,0.0,OnPrem-SQLServer
TE-00002838,TS-0000561,EMP-0067,2026-07-20,PRJ-002,WBS-00061,CC-00016,2026-07-20 06:30:00,2026-07-20 15:00:00,8.0,0.0,OnPrem-SQLServer
TE-00002839,TS-0000561,EMP-0067,2026-07-21,PRJ-002,WBS-00068,CC-00010,2026-07-21 06:30:00,2026-07-21 15:00:00,8.0,0.0,OnPrem-SQLServer
TE-00002840,TS-0000561,EMP-0067,2026-07-22,PRJ-002,WBS-00071,CC-00015,2026-07-22 06:15:00,2026-07-22 14:45:00,8.0,0.0,OnPrem-SQLServer
TE-00002841,TS-0000561,EMP-0067,2026-07-23,PRJ-002,WBS-00069,CC-00016,2026-07-23 06:00:00,2026-07-23 14:30:00,8.0,0.0,OnPrem-SQLServer
TE-00002842,TS-0000561,EMP-0067,2026-07-24,PRJ-002,WBS-00053,CC-00017,2026-07-24 06:30:00,2026-07-24 15:00:00,8.0,0.0,OnPrem-SQLServer
TE-00002843,TS-0000562,EMP-0067,2026-07-27,PRJ-010,WBS-00484,CC-00087,2026-07-27 06:00:00,2026-07-27 14:30:00,8.0,0.0,OnPrem-SQLServer
TE-00002844,TS-0000562,EMP-0067,2026-07-28,PRJ-010,WBS-00444,CC-00083,2026-07-28 06:15:00,2026-07-28 14:45:00,8.0,0.0,OnPrem-SQLServer
TE-00002845,TS-0000562,EMP-0067,2026-07-29,PRJ-010,WBS-00480,CC-00083,2026-07-29 06:30:00,2026-07-29 15:00:00,8.0,0.0,OnPrem-SQLServer
TE-00002846,TS-0000562,EMP-0067,2026-07-30,PRJ-010,WBS-00459,CC-00085,2026-07-30 06:30:00,2026-07-30 15:00:00,8.0,0.0,OnPrem-SQLServer
TE-00002847,TS-0000562,EMP-0067,2026-07-31,PRJ-010,WBS-00424,CC-00090,2026-07-31 06:15:00,2026-07-31 14:45:00,8.0,0.0,OnPrem-SQLServer
TE-00002848,TS-0000563,EMP-0068,2026-05-18,PRJ-007,WBS-00263,CC-00062,2026-05-18 06:00:00,2026-05-18 14:30:00,8.0,0.0,OnPrem-SQLServer
TE-00002849,TS-0000563,EMP-0068,2026-05-19,PRJ-007,WBS-00284,CC-00058,2026-05-19 06:00:00,2026-05-19 15:30:36,9.01,1.01,OnPrem-SQLServer
TE-00002850,TS-0000563,EMP-0068,2026-05-20,PRJ-007,WBS-00279,CC-00055,2026-05-20 06:30:00,2026-05-20 15:00:00,8.0,0.0,OnPrem-SQLServer
TE-00002851,TS-0000563,EMP-0068,2026-05-21,PRJ-007,WBS-00264,CC-00061,2026-05-21 06:15:00,2026-05-21 14:45:00,8.0,0.0,OnPrem-SQLServer
TE-00002852,TS-0000563,EMP-0068,2026-05-22,PRJ-007,WBS-00259,CC-00057,2026-05-22 06:00:00,2026-05-22 15:31:48,9.03,1.03,OnPrem-SQLServer
TE-00002853,TS-0000564,EMP-0068,2026-05-25,PRJ-007,WBS-00271,CC-00056,2026-05-25 06:00:00,2026-05-25 14:30:00,8.0,0.0,OnPrem-SQLServer
TE-00002854,TS-0000564,EMP-0068,2026-05-26,PRJ-007,WBS-00284,CC-00063,2026-05-26 06:15:00,2026-05-26 16:34:48,9.83,1.83,OnPrem-SQLServer
TE-00002855,TS-0000564,EMP-0068,2026-05-27,PRJ-007,WBS-00260,CC-00060,2026-05-27 06:30:00,2026-05-27 15:00:00,8.0,0.0,OnPrem-SQLServer
TE-00002856,TS-0000564,EMP-0068,2026-05-28,PRJ-007,WBS-00291,CC-00061,2026-05-28 06:15:00,2026-05-28 14:45:00,8.0,0.0,OnPrem-SQLServer
TE-00002857,TS-0000564,EMP-0068,2026-05-29,PRJ-007,WBS-00264,CC-00060,2026-05-29 06:30:00,2026-05-29 15:00:00,8.0,0.0,OnPrem-SQLServer
TE-00002858,TS-0000565,EMP-0068,2026-06-01,PRJ-007,WBS-00273,CC-00055,2026-06-01 06:15:00,2026-06-01 14:45:00,8.0,0.0,OnPrem-SQLServer
TE-00002859,TS-0000565,EMP-0068,2026-06-02,PRJ-007,WBS-00265,CC-00062,2026-06-02 06:15:00,2026-06-02 14:45:00,8.0,0.0,OnPrem-SQLServer
TE-00002860,TS-0000565,EMP-0068,2026-06-03,PRJ-007,WBS-00291,CC-00061,2026-06-03 06:15:00,2026-06-03 14:45:00,8.0,0.0,OnPrem-SQLServer
TE-00002861,TS-0000565,EMP-0068,2026-06-04,PRJ-007,WBS-00274,CC-00055,2026-06-04 06:00:00,2026-06-04 14:30:00,8.0,0.0,OnPrem-SQLServer
TE-00002862,TS-0000565,EMP-0068,2026-06-05,PRJ-007,WBS-00290,CC-00061,2026-06-05 06:15:00,2026-06-05 14:45:00,8.0,0.0,OnPrem-SQLServer
TE-00002863,TS-0000566,EMP-0068,2026-06-08,PRJ-007,WBS-00266,CC-00061,2026-06-08 06:00:00,2026-06-08 14:30:00,8.0,0.0,OnPrem-SQLServer
TE-00002864,TS-0000566,EMP-0068,2026-06-09,PRJ-007,WBS-00264,CC-00057,2026-06-09 06:15:00,2026-06-09 14:45:00,8.0,0.0,OnPrem-SQLServer
TE-00002865,TS-0000566,EMP-0068,2026-06-10,PRJ-007,WBS-00288,CC-00059,2026-06-10 06:30:00,2026-06-10 15:00:00,8.0,0.0,OnPrem-SQLServer
TE-00002866,TS-0000566,EMP-0068,2026-06-11,PRJ-007,WBS-00270,CC-00061,2026-06-11 06:30:00,2026-06-11 15:00:00,8.0,0.0,OnPrem-SQLServer
TE-00002867,TS-0000566,EMP-0068,2026-06-12,PRJ-007,WBS-00273,CC-00062,2026-06-12 06:30:00,2026-06-12 15:00:00,8.0,0.0,OnPrem-SQLServer
TE-00002868,TS-0000567,EMP-0068,2026-06-15,PRJ-008,WBS-00314,CC-00070,2026-06-15 06:30:00,2026-06-15 15:00:00,8.0,0.0,OnPrem-SQLServer
TE-00002869,TS-0000567,EMP-0068,2026-06-16,PRJ-008,WBS-00309,CC-00066,2026-06-16 06:30:00,2026-06-16 15:00:00,8.0,0.0,OnPrem-SQLServer
TE-00002870,TS-0000567,EMP-0068,2026-06-17,PRJ-008,WBS-00328,CC-00064,2026-06-17 06:15:00,2026-06-17 14:45:00,8.0,0.0,OnPrem-SQLServer
TE-00002871,TS-0000567,EMP-0068,2026-06-18,PRJ-008,WBS-00312,CC-00065,2026-06-18 06:15:00,2026-06-18 14:45:00,8.0,0.0,OnPrem-SQLServer
TE-00002872,TS-0000567,EMP-0068,2026-06-19,PRJ-008,WBS-00353,CC-00071,2026-06-19 06:15:00,2026-06-19 14:45:00,8.0,0.0,OnPrem-SQLServer
TE-00002873,TS-0000568,EMP-0068,2026-06-22,PRJ-007,WBS-00266,CC-00058,2026-06-22 06:30:00,2026-06-22 15:00:00,8.0,0.0,OnPrem-SQLServer
TE-00002874,TS-0000568,EMP-0068,2026-06-23,PRJ-007,WBS-00303,CC-00061,2026-06-23 06:15:00,2026-06-23 14:45:00,8.0,0.0,OnPrem-SQLServer
TE-00002875,TS-0000568,EMP-0068,2026-06-24,PRJ-007,WBS-00269,CC-00056,2026-06-24 06:00:00,2026-06-24 14:30:00,8.0,0.0,OnPrem-SQLServer
TE-00002876,TS-0000568,EMP-0068,2026-06-25,PRJ-007,WBS-00298,CC-00063,2026-06-25 06:15:00,2026-06-25 14:45:00,8.0,0.0,OnPrem-SQLServer
TE-00002877,TS-0000568,EMP-0068,2026-06-26,PRJ-007,WBS-00303,CC-00061,2026-06-26 06:15:00,2026-06-26 16:04:12,9.32,1.32,OnPrem-SQLServer
TE-00002878,TS-0000569,EMP-0068,2026-06-29,PRJ-007,WBS-00288,CC-00062,2026-06-29 06:00:00,2026-06-29 14:30:00,8.0,0.0,OnPrem-SQLServer
TE-00002879,TS-0000569,EMP-0068,2026-06-30,PRJ-007,WBS-00266,CC-00056,2026-06-30 06:00:00,2026-06-30 14:30:00,8.0,0.0,OnPrem-SQLServer
TE-00002880,TS-0000569,EMP-0068,2026-07-01,PRJ-007,WBS-00289,CC-00059,2026-07-01 06:30:00,2026-07-01 15:55:12,8.92,0.92,OnPrem-SQLServer
TE-00002881,TS-0000569,EMP-0068,2026-07-02,PRJ-007,WBS-00275,CC-00062,2026-07-02 06:30:00,2026-07-02 15:00:00,8.0,0.0,OnPrem-SQLServer
TE-00002882,TS-0000569,EMP-0068,2026-07-03,PRJ-007,WBS-00268,CC-00057,2026-07-03 06:00:00,2026-07-03 14:30:00,8.0,0.0,OnPrem-SQLServer
TE-00002883,TS-0000570,EMP-0068,2026-07-06,PRJ-007,WBS-00299,CC-00057,2026-07-06 06:15:00,2026-07-06 14:45:00,8.0,0.0,OnPrem-SQLServer
TE-00002884,TS-0000570,EMP-0068,2026-07-07,PRJ-007,WBS-00289,CC-00056,2026-07-07 06:00:00,2026-07-07 14:30:00,8.0,0.0,OnPrem-SQLServer
TE-00002885,TS-0000570,EMP-0068,2026-07-08,PRJ-007,WBS-00274,CC-00063,2026-07-08 06:15:00,2026-07-08 16:11:24,9.44,1.44,OnPrem-SQLServer
TE-00002886,TS-0000570,EMP-0068,2026-07-09,PRJ-007,WBS-00278,CC-00061,2026-07-09 06:15:00,2026-07-09 14:45:00,8.0,0.0,OnPrem-SQLServer
TE-00002887,TS-0000570,EMP-0068,2026-07-10,PRJ-007,WBS-00262,CC-00058,2026-07-10 06:30:00,2026-07-10 15:00:00,8.0,0.0,OnPrem-SQLServer
TE-00002888,TS-0000571,EMP-0068,2026-07-13,PRJ-007,WBS-00291,CC-00059,2026-07-13 06:00:00,2026-07-13 14:30:00,8.0,0.0,OnPrem-SQLServer
TE-00002889,TS-0000571,EMP-0068,2026-07-14,PRJ-007,WBS-00263,CC-00055,2026-07-14 06:00:00,2026-07-14 14:30:00,8.0,0.0,OnPrem-SQLServer
TE-00002890,TS-0000571,EMP-0068,2026-07-15,PRJ-007,WBS-00273,CC-00057,2026-07-15 06:30:00,2026-07-15 15:00:00,8.0,0.0,OnPrem-SQLServer
TE-00002891,TS-0000571,EMP-0068,2026-07-16,PRJ-007,WBS-00284,CC-00061,2026-07-16 06:15:00,2026-07-16 14:45:00,8.0,0.0,OnPrem-SQLServer
TE-00002892,TS-0000571,EMP-0068,2026-07-17,PRJ-007,WBS-00265,CC-00057,2026-07-17 06:00:00,2026-07-17 14:30:00,8.0,0.0,OnPrem-SQLServer
TE-00002893,TS-0000572,EMP-0068,2026-07-20,PRJ-007,WBS-00281,CC-00058,2026-07-20 06:00:00,2026-07-20 14:30:00,8.0,0.0,OnPrem-SQLServer
TE-00002894,TS-0000572,EMP-0068,2026-07-21,PRJ-007,WBS-00276,CC-00055,2026-07-21 06:15:00,2026-07-21 16:26:24,9.69,1.69,OnPrem-SQLServer
TE-00002895,TS-0000572,EMP-0068,2026-07-22,PRJ-007,WBS-00289,CC-00056,2026-07-22 06:00:00,2026-07-22 14:30:00,8.0,0.0,OnPrem-SQLServer
TE-00002896,TS-0000572,EMP-0068,2026-07-23,PRJ-007,WBS-00292,CC-00056,2026-07-23 06:30:00,2026-07-23 16:24:36,9.41,1.41,OnPrem-SQLServer
TE-00002897,TS-0000572,EMP-0068,2026-07-24,PRJ-007,WBS-00291,CC-00060,2026-07-24 06:30:00,2026-07-24 15:00:00,8.0,0.0,OnPrem-SQLServer
TE-00002898,TS-0000573,EMP-0068,2026-07-27,PRJ-007,WBS-00278,CC-00063,2026-07-27 06:30:00,2026-07-27 15:00:00,8.0,0.0,OnPrem-SQLServer
TE-00002899,TS-0000573,EMP-0068,2026-07-28,PRJ-007,WBS-00266,CC-00057,2026-07-28 06:00:00,2026-07-28 15:53:24,9.39,1.39,OnPrem-SQLServer
TE-00002900,TS-0000573,EMP-0068,2026-07-29,PRJ-007,WBS-00291,CC-00059,2026-07-29 06:15:00,2026-07-29 14:45:00,8.0,0.0,OnPrem-SQLServer
TE-00002901,TS-0000573,EMP-0068,2026-07-30,PRJ-007,WBS-00302,CC-00060,2026-07-30 06:15:00,2026-07-30 14:45:00,8.0,0.0,OnPrem-SQLServer
TE-00002902,TS-0000573,EMP-0068,2026-07-31,PRJ-007,WBS-00278,CC-00056,2026-07-31 06:30:00,2026-07-31 15:00:00,8.0,0.0,OnPrem-SQLServer
TE-00002903,TS-0000574,EMP-0069,2026-06-08,PRJ-009,WBS-00374,CC-00073,2026-06-08 06:00:00,2026-06-08 14:30:00,8.0,0.0,OnPrem-SQLServer
TE-00002904,TS-0000574,EMP-0069,2026-06-09,PRJ-009,WBS-00378,CC-00077,2026-06-09 06:00:00,2026-06-09 14:30:00,8.0,0.0,OnPrem-SQLServer
TE-00002905,TS-0000574,EMP-0069,2026-06-10,PRJ-009,WBS-00416,CC-00077,2026-06-10 06:00:00,2026-06-10 14:30:00,8.0,0.0,OnPrem-SQLServer
TE-00002906,TS-0000574,EMP-0069,2026-06-11,PRJ-009,WBS-00407,CC-00077,2026-06-11 06:15:00,2026-06-11 14:45:00,8.0,0.0,OnPrem-SQLServer
TE-00002907,TS-0000574,EMP-0069,2026-06-12,PRJ-009,WBS-00413,CC-00074,2026-06-12 06:30:00,2026-06-12 15:00:00,8.0,0.0,OnPrem-SQLServer
TE-00002908,TS-0000575,EMP-0069,2026-06-15,PRJ-009,WBS-00420,CC-00073,2026-06-15 06:30:00,2026-06-15 15:41:24,8.69,0.69,OnPrem-SQLServer
TE-00002909,TS-0000575,EMP-0069,2026-06-16,PRJ-009,WBS-00362,CC-00079,2026-06-16 06:30:00,2026-06-16 15:00:00,8.0,0.0,OnPrem-SQLServer
TE-00002910,TS-0000575,EMP-0069,2026-06-17,PRJ-009,WBS-00395,CC-00081,2026-06-17 06:00:00,2026-06-17 14:30:00,8.0,0.0,OnPrem-SQLServer
TE-00002911,TS-0000575,EMP-0069,2026-06-18,PRJ-009,WBS-00391,CC-00074,2026-06-18 06:30:00,2026-06-18 15:00:00,8.0,0.0,OnPrem-SQLServer
TE-00002912,TS-0000575,EMP-0069,2026-06-19,PRJ-009,WBS-00405,CC-00076,2026-06-19 06:30:00,2026-06-19 16:37:48,9.63,1.63,OnPrem-SQLServer
TE-00002913,TS-0000576,EMP-0069,2026-06-22,PRJ-009,WBS-00389,CC-00080,2026-06-22 06:00:00,2026-06-22 14:30:00,8.0,0.0,OnPrem-SQLServer
TE-00002914,TS-0000576,EMP-0069,2026-06-23,PRJ-009,WBS-00402,CC-00073,2026-06-23 06:15:00,2026-06-23 14:45:00,8.0,0.0,OnPrem-SQLServer
TE-00002915,TS-0000576,EMP-0069,2026-06-24,PRJ-009,WBS-00376,CC-00076,2026-06-24 06:15:00,2026-06-24 15:53:24,9.14,1.14,OnPrem-SQLServer
TE-00002916,TS-0000576,EMP-0069,2026-06-25,PRJ-009,WBS-00416,CC-00080,2026-06-25 06:15:00,2026-06-25 14:45:00,8.0,0.0,OnPrem-SQLServer
TE-00002917,TS-0000576,EMP-0069,2026-06-26,PRJ-009,WBS-00388,CC-00078,2026-06-26 06:00:00,2026-06-26 14:30:00,8.0,0.0,OnPrem-SQLServer
TE-00002918,TS-0000577,EMP-0069,2026-06-29,PRJ-002,WBS-00066,CC-00015,2026-06-29 06:15:00,2026-06-29 14:45:00,8.0,0.0,OnPrem-SQLServer
TE-00002919,TS-0000577,EMP-0069,2026-06-30,PRJ-002,WBS-00069,CC-00017,2026-06-30 06:00:00,2026-06-30 14:30:00,8.0,0.0,OnPrem-SQLServer
TE-00002920,TS-0000577,EMP-0069,2026-07-01,PRJ-002,WBS-00061,CC-00013,2026-07-01 06:15:00,2026-07-01 14:45:00,8.0,0.0,OnPrem-SQLServer
TE-00002921,TS-0000577,EMP-0069,2026-07-02,PRJ-002,WBS-00067,CC-00013,2026-07-02 06:15:00,2026-07-02 14:45:00,8.0,0.0,OnPrem-SQLServer
TE-00002922,TS-0000577,EMP-0069,2026-07-03,PRJ-002,WBS-00083,CC-00016,2026-07-03 06:30:00,2026-07-03 15:00:00,8.0,0.0,OnPrem-SQLServer
TE-00002923,TS-0000578,EMP-0069,2026-07-06,PRJ-006,WBS-00243,CC-00052,2026-07-06 06:15:00,2026-07-06 14:45:00,8.0,0.0,OnPrem-SQLServer
TE-00002924,TS-0000578,EMP-0069,2026-07-07,PRJ-006,WBS-00229,CC-00051,2026-07-07 06:00:00,2026-07-07 14:30:00,8.0,0.0,OnPrem-SQLServer
TE-00002925,TS-0000578,EMP-0069,2026-07-08,PRJ-006,WBS-00250,CC-00049,2026-07-08 06:15:00,2026-07-08 14:45:00,8.0,0.0,OnPrem-SQLServer
TE-00002926,TS-0000578,EMP-0069,2026-07-09,PRJ-006,WBS-00232,CC-00048,2026-07-09 06:00:00,2026-07-09 14:30:00,8.0,0.0,OnPrem-SQLServer
TE-00002927,TS-0000578,EMP-0069,2026-07-10,PRJ-006,WBS-00219,CC-00051,2026-07-10 06:00:00,2026-07-10 14:30:00,8.0,0.0,OnPrem-SQLServer
TE-00002928,TS-0000579,EMP-0069,2026-07-13,PRJ-009,WBS-00406,CC-00075,2026-07-13 06:00:00,2026-07-13 14:30:00,8.0,0.0,OnPrem-SQLServer
TE-00002929,TS-0000579,EMP-0069,2026-07-14,PRJ-009,WBS-00392,CC-00073,2026-07-14 06:15:00,2026-07-14 14:45:00,8.0,0.0,OnPrem-SQLServer
TE-00002930,TS-0000579,EMP-0069,2026-07-15,PRJ-009,WBS-00383,CC-00075,2026-07-15 06:00:00,2026-07-15 14:30:00,8.0,0.0,OnPrem-SQLServer
TE-00002931,TS-0000579,EMP-0069,2026-07-16,PRJ-009,WBS-00417,CC-00080,2026-07-16 06:00:00,2026-07-16 14:30:00,8.0,0.0,OnPrem-SQLServer
TE-00002932,TS-0000579,EMP-0069,2026-07-17,PRJ-009,WBS-00363,CC-00080,2026-07-17 06:15:00,2026-07-17 14:45:00,8.0,0.0,OnPrem-SQLServer
TE-00002933,TS-0000580,EMP-0069,2026-07-20,PRJ-009,WBS-00397,CC-00073,2026-07-20 06:30:00,2026-07-20 15:00:00,8.0,0.0,OnPrem-SQLServer
TE-00002934,TS-0000580,EMP-0069,2026-07-21,PRJ-009,WBS-00372,CC-00074,2026-07-21 06:30:00,2026-07-21 15:00:00,8.0,0.0,OnPrem-SQLServer
TE-00002935,TS-0000580,EMP-0069,2026-07-22,PRJ-009,WBS-00410,CC-00075,2026-07-22 06:15:00,2026-07-22 14:45:00,8.0,0.0,OnPrem-SQLServer
TE-00002936,TS-0000580,EMP-0069,2026-07-23,PRJ-009,WBS-00372,CC-00075,2026-07-23 06:30:00,2026-07-23 15:00:00,8.0,0.0,OnPrem-SQLServer
TE-00002937,TS-0000580,EMP-0069,2026-07-24,PRJ-009,WBS-00389,CC-00079,2026-07-24 06:15:00,2026-07-24 14:45:00,8.0,0.0,OnPrem-SQLServer
TE-00002938,TS-0000581,EMP-0069,2026-07-27,PRJ-011,WBS-00492,CC-00097,2026-07-27 06:00:00,2026-07-27 15:04:12,8.57,0.57,OnPrem-SQLServer
TE-00002939,TS-0000581,EMP-0069,2026-07-28,PRJ-011,WBS-00531,CC-00098,2026-07-28 06:15:00,2026-07-28 14:45:00,8.0,0.0,OnPrem-SQLServer
TE-00002940,TS-0000581,EMP-0069,2026-07-29,PRJ-011,WBS-00492,CC-00095,2026-07-29 06:30:00,2026-07-29 15:55:12,8.92,0.92,OnPrem-SQLServer
TE-00002941,TS-0000581,EMP-0069,2026-07-30,PRJ-011,WBS-00510,CC-00095,2026-07-30 06:00:00,2026-07-30 14:30:00,8.0,0.0,OnPrem-SQLServer
TE-00002942,TS-0000581,EMP-0069,2026-07-31,PRJ-011,WBS-00539,CC-00097,2026-07-31 06:00:00,2026-07-31 14:30:00,8.0,0.0,OnPrem-SQLServer
TE-00002943,TS-0000582,EMP-0070,2026-05-04,PRJ-003,WBS-00092,CC-00023,2026-05-04 06:00:00,2026-05-04 14:30:00,8.0,0.0,OnPrem-SQLServer
TE-00002944,TS-0000582,EMP-0070,2026-05-05,PRJ-003,WBS-00121,CC-00023,2026-05-05 06:15:00,2026-05-05 14:45:00,8.0,0.0,OnPrem-SQLServer
TE-00002945,TS-0000582,EMP-0070,2026-05-06,PRJ-003,WBS-00106,CC-00024,2026-05-06 06:30:00,2026-05-06 15:00:00,8.0,0.0,OnPrem-SQLServer
TE-00002946,TS-0000582,EMP-0070,2026-05-07,PRJ-003,WBS-00119,CC-00022,2026-05-07 06:30:00,2026-05-07 15:00:00,8.0,0.0,OnPrem-SQLServer
TE-00002947,TS-0000582,EMP-0070,2026-05-08,PRJ-003,WBS-00115,CC-00024,2026-05-08 06:15:00,2026-05-08 14:45:00,8.0,0.0,OnPrem-SQLServer
TE-00002948,TS-0000583,EMP-0070,2026-05-11,PRJ-003,WBS-00108,CC-00026,2026-05-11 06:00:00,2026-05-11 14:30:00,8.0,0.0,OnPrem-SQLServer
TE-00002949,TS-0000583,EMP-0070,2026-05-12,PRJ-003,WBS-00122,CC-00027,2026-05-12 06:30:00,2026-05-12 15:00:00,8.0,0.0,OnPrem-SQLServer
TE-00002950,TS-0000583,EMP-0070,2026-05-13,PRJ-003,WBS-00090,CC-00019,2026-05-13 06:30:00,2026-05-13 15:00:00,8.0,0.0,OnPrem-SQLServer
TE-00002951,TS-0000583,EMP-0070,2026-05-14,PRJ-003,WBS-00129,CC-00026,2026-05-14 06:15:00,2026-05-14 14:45:00,8.0,0.0,OnPrem-SQLServer
TE-00002952,TS-0000583,EMP-0070,2026-05-15,PRJ-003,WBS-00091,CC-00025,2026-05-15 06:00:00,2026-05-15 14:30:00,8.0,0.0,OnPrem-SQLServer
TE-00002953,TS-0000584,EMP-0070,2026-05-25,PRJ-003,WBS-00117,CC-00022,2026-05-25 06:15:00,2026-05-25 16:17:24,9.54,1.54,OnPrem-SQLServer
TE-00002954,TS-0000584,EMP-0070,2026-05-26,PRJ-003,WBS-00106,CC-00027,2026-05-26 06:00:00,2026-05-26 15:09:00,8.65,0.65,OnPrem-SQLServer
TE-00002955,TS-0000584,EMP-0070,2026-05-27,PRJ-003,WBS-00104,CC-00025,2026-05-27 06:15:00,2026-05-27 14:45:00,8.0,0.0,OnPrem-SQLServer
TE-00002956,TS-0000584,EMP-0070,2026-05-28,PRJ-003,WBS-00101,CC-00020,2026-05-28 06:30:00,2026-05-28 15:41:24,8.69,0.69,OnPrem-SQLServer
TE-00002957,TS-0000584,EMP-0070,2026-05-29,PRJ-003,WBS-00105,CC-00022,2026-05-29 06:15:00,2026-05-29 14:45:00,8.0,0.0,OnPrem-SQLServer
TE-00002958,TS-0000585,EMP-0070,2026-06-01,PRJ-003,WBS-00119,CC-00020,2026-06-01 06:15:00,2026-06-01 14:45:00,8.0,0.0,OnPrem-SQLServer
TE-00002959,TS-0000585,EMP-0070,2026-06-02,PRJ-003,WBS-00099,CC-00019,2026-06-02 06:00:00,2026-06-02 14:30:00,8.0,0.0,OnPrem-SQLServer
TE-00002960,TS-0000585,EMP-0070,2026-06-03,PRJ-003,WBS-00093,CC-00023,2026-06-03 06:00:00,2026-06-03 14:30:00,8.0,0.0,OnPrem-SQLServer
TE-00002961,TS-0000585,EMP-0070,2026-06-04,PRJ-003,WBS-00100,CC-00025,2026-06-04 06:30:00,2026-06-04 15:00:00,8.0,0.0,OnPrem-SQLServer
TE-00002962,TS-0000585,EMP-0070,2026-06-05,PRJ-003,WBS-00106,CC-00025,2026-06-05 06:00:00,2026-06-05 14:30:00,8.0,0.0,OnPrem-SQLServer
TE-00002963,TS-0000586,EMP-0070,2026-06-08,PRJ-003,WBS-00129,CC-00019,2026-06-08 06:30:00,2026-06-08 15:00:00,8.0,0.0,OnPrem-SQLServer
TE-00002964,TS-0000586,EMP-0070,2026-06-09,PRJ-003,WBS-00103,CC-00019,2026-06-09 06:00:00,2026-06-09 14:30:00,8.0,0.0,OnPrem-SQLServer
TE-00002965,TS-0000586,EMP-0070,2026-06-10,PRJ-003,WBS-00120,CC-00026,2026-06-10 06:30:00,2026-06-10 15:00:00,8.0,0.0,OnPrem-SQLServer
TE-00002966,TS-0000586,EMP-0070,2026-06-11,PRJ-003,WBS-00088,CC-00019,2026-06-11 06:15:00,2026-06-11 15:55:48,9.18,1.18,OnPrem-SQLServer
TE-00002967,TS-0000586,EMP-0070,2026-06-12,PRJ-003,WBS-00121,CC-00023,2026-06-12 06:00:00,2026-06-12 14:30:00,8.0,0.0,OnPrem-SQLServer
TE-00002968,TS-0000587,EMP-0070,2026-06-15,PRJ-004,WBS-00132,CC-00036,2026-06-15 06:00:00,2026-06-15 15:49:48,9.33,1.33,OnPrem-SQLServer
TE-00002969,TS-0000587,EMP-0070,2026-06-16,PRJ-004,WBS-00145,CC-00034,2026-06-16 06:00:00,2026-06-16 14:30:00,8.0,0.0,OnPrem-SQLServer
TE-00002970,TS-0000587,EMP-0070,2026-06-17,PRJ-004,WBS-00146,CC-00035,2026-06-17 06:00:00,2026-06-17 16:25:12,9.92,1.92,OnPrem-SQLServer
TE-00002971,TS-0000587,EMP-0070,2026-06-18,PRJ-004,WBS-00147,CC-00031,2026-06-18 06:30:00,2026-06-18 15:00:00,8.0,0.0,OnPrem-SQLServer
TE-00002972,TS-0000587,EMP-0070,2026-06-19,PRJ-004,WBS-00145,CC-00034,2026-06-19 06:00:00,2026-06-19 14:30:00,8.0,0.0,OnPrem-SQLServer
TE-00002973,TS-0000588,EMP-0070,2026-06-22,PRJ-003,WBS-00100,CC-00024,2026-06-22 06:15:00,2026-06-22 16:09:36,9.41,1.41,OnPrem-SQLServer
TE-00002974,TS-0000588,EMP-0070,2026-06-23,PRJ-003,WBS-00113,CC-00022,2026-06-23 06:15:00,2026-06-23 14:45:00,8.0,0.0,OnPrem-SQLServer
TE-00002975,TS-0000588,EMP-0070,2026-06-24,PRJ-003,WBS-00109,CC-00021,2026-06-24 06:30:00,2026-06-24 15:00:00,8.0,0.0,OnPrem-SQLServer
TE-00002976,TS-0000588,EMP-0070,2026-06-25,PRJ-003,WBS-00094,CC-00021,2026-06-25 06:30:00,2026-06-25 15:36:36,8.61,0.61,OnPrem-SQLServer
TE-00002977,TS-0000588,EMP-0070,2026-06-26,PRJ-003,WBS-00099,CC-00022,2026-06-26 06:15:00,2026-06-26 14:45:00,8.0,0.0,OnPrem-SQLServer
TE-00002978,TS-0000589,EMP-0070,2026-06-29,PRJ-003,WBS-00099,CC-00022,2026-06-29 06:30:00,2026-06-29 15:00:00,8.0,0.0,OnPrem-SQLServer
TE-00002979,TS-0000589,EMP-0070,2026-06-30,PRJ-003,WBS-00093,CC-00019,2026-06-30 06:15:00,2026-06-30 14:45:00,8.0,0.0,OnPrem-SQLServer
TE-00002980,TS-0000589,EMP-0070,2026-07-01,PRJ-003,WBS-00106,CC-00025,2026-07-01 06:30:00,2026-07-01 15:00:00,8.0,0.0,OnPrem-SQLServer
TE-00002981,TS-0000589,EMP-0070,2026-07-02,PRJ-003,WBS-00102,CC-00023,2026-07-02 06:00:00,2026-07-02 14:30:00,8.0,0.0,OnPrem-SQLServer
TE-00002982,TS-0000589,EMP-0070,2026-07-03,PRJ-003,WBS-00097,CC-00023,2026-07-03 06:15:00,2026-07-03 14:45:00,8.0,0.0,OnPrem-SQLServer
TE-00002983,TS-0000590,EMP-0070,2026-07-06,PRJ-003,WBS-00126,CC-00026,2026-07-06 06:00:00,2026-07-06 14:30:00,8.0,0.0,OnPrem-SQLServer
TE-00002984,TS-0000590,EMP-0070,2026-07-07,PRJ-003,WBS-00124,CC-00023,2026-07-07 06:30:00,2026-07-07 15:00:00,8.0,0.0,OnPrem-SQLServer
TE-00002985,TS-0000590,EMP-0070,2026-07-08,PRJ-003,WBS-00110,CC-00023,2026-07-08 06:15:00,2026-07-08 14:45:00,8.0,0.0,OnPrem-SQLServer
TE-00002986,TS-0000590,EMP-0070,2026-07-09,PRJ-003,WBS-00107,CC-00026,2026-07-09 06:00:00,2026-07-09 14:30:00,8.0,0.0,OnPrem-SQLServer
TE-00002987,TS-0000590,EMP-0070,2026-07-10,PRJ-003,WBS-00110,CC-00020,2026-07-10 06:30:00,2026-07-10 15:00:00,8.0,0.0,OnPrem-SQLServer
TE-00002988,TS-0000591,EMP-0070,2026-07-13,PRJ-003,WBS-00090,CC-00022,2026-07-13 06:30:00,2026-07-13 15:00:00,8.0,0.0,OnPrem-SQLServer
TE-00002989,TS-0000591,EMP-0070,2026-07-14,PRJ-003,WBS-00100,CC-00021,2026-07-14 06:30:00,2026-07-14 15:00:00,8.0,0.0,OnPrem-SQLServer
TE-00002990,TS-0000591,EMP-0070,2026-07-15,PRJ-003,WBS-00093,CC-00027,2026-07-15 06:15:00,2026-07-15 14:45:00,8.0,0.0,OnPrem-SQLServer
TE-00002991,TS-0000591,EMP-0070,2026-07-16,PRJ-003,WBS-00105,CC-00024,2026-07-16 06:00:00,2026-07-16 14:30:00,8.0,0.0,OnPrem-SQLServer
TE-00002992,TS-0000591,EMP-0070,2026-07-17,PRJ-003,WBS-00100,CC-00026,2026-07-17 06:15:00,2026-07-17 14:45:00,8.0,0.0,OnPrem-SQLServer
TE-00002993,TS-0000592,EMP-0070,2026-07-20,PRJ-003,WBS-00104,CC-00027,2026-07-20 06:30:00,2026-07-20 15:00:00,8.0,0.0,OnPrem-SQLServer
TE-00002994,TS-0000592,EMP-0070,2026-07-21,PRJ-003,WBS-00127,CC-00027,2026-07-21 06:00:00,2026-07-21 14:30:00,8.0,0.0,OnPrem-SQLServer
TE-00002995,TS-0000592,EMP-0070,2026-07-22,PRJ-003,WBS-00127,CC-00027,2026-07-22 06:15:00,2026-07-22 14:45:00,8.0,0.0,OnPrem-SQLServer
TE-00002996,TS-0000592,EMP-0070,2026-07-23,PRJ-003,WBS-00097,CC-00024,2026-07-23 06:15:00,2026-07-23 14:45:00,8.0,0.0,OnPrem-SQLServer
TE-00002997,TS-0000592,EMP-0070,2026-07-24,PRJ-003,WBS-00092,CC-00019,2026-07-24 06:30:00,2026-07-24 15:00:00,8.0,0.0,OnPrem-SQLServer
TE-00002998,TS-0000593,EMP-0070,2026-07-27,PRJ-003,WBS-00093,CC-00023,2026-07-27 06:00:00,2026-07-27 14:30:00,8.0,0.0,OnPrem-SQLServer
TE-00002999,TS-0000593,EMP-0070,2026-07-28,PRJ-003,WBS-00130,CC-00027,2026-07-28 06:00:00,2026-07-28 14:30:00,8.0,0.0,OnPrem-SQLServer
TE-00003000,TS-0000593,EMP-0070,2026-07-29,PRJ-003,WBS-00089,CC-00019,2026-07-29 06:00:00,2026-07-29 14:30:00,8.0,0.0,OnPrem-SQLServer
TE-00003001,TS-0000593,EMP-0070,2026-07-30,PRJ-003,WBS-00091,CC-00027,2026-07-30 06:00:00,2026-07-30 14:30:00,8.0,0.0,OnPrem-SQLServer
TE-00003002,TS-0000593,EMP-0070,2026-07-31,PRJ-003,WBS-00128,CC-00022,2026-07-31 06:00:00,2026-07-31 14:30:00,8.0,0.0,OnPrem-SQLServer
TE-00003003,TS-0000594,EMP-0071,2026-06-15,PRJ-011,WBS-00510,CC-00094,2026-06-15 06:00:00,2026-06-15 14:30:00,8.0,0.0,OnPrem-SQLServer
TE-00003004,TS-0000594,EMP-0071,2026-06-16,PRJ-011,WBS-00538,CC-00094,2026-06-16 06:00:00,2026-06-16 14:30:00,8.0,0.0,OnPrem-SQLServer
TE-00003005,TS-0000594,EMP-0071,2026-06-17,PRJ-011,WBS-00519,CC-00094,2026-06-17 06:30:00,2026-06-17 15:00:00,8.0,0.0,OnPrem-SQLServer
TE-00003006,TS-0000594,EMP-0071,2026-06-18,PRJ-011,WBS-00509,CC-00094,2026-06-18 06:00:00,2026-06-18 14:30:00,8.0,0.0,OnPrem-SQLServer
TE-00003007,TS-0000594,EMP-0071,2026-06-19,PRJ-011,WBS-00536,CC-00099,2026-06-19 06:15:00,2026-06-19 14:45:00,8.0,0.0,OnPrem-SQLServer
TE-00003008,TS-0000595,EMP-0071,2026-06-22,PRJ-011,WBS-00510,CC-00094,2026-06-22 06:15:00,2026-06-22 16:30:00,9.75,1.75,OnPrem-SQLServer
TE-00003009,TS-0000595,EMP-0071,2026-06-23,PRJ-011,WBS-00512,CC-00093,2026-06-23 06:00:00,2026-06-23 14:30:00,8.0,0.0,OnPrem-SQLServer
TE-00003010,TS-0000595,EMP-0071,2026-06-24,PRJ-011,WBS-00529,CC-00096,2026-06-24 06:00:00,2026-06-24 14:30:00,8.0,0.0,OnPrem-SQLServer
TE-00003011,TS-0000595,EMP-0071,2026-06-25,PRJ-011,WBS-00533,CC-00092,2026-06-25 06:30:00,2026-06-25 15:00:00,8.0,0.0,OnPrem-SQLServer
TE-00003012,TS-0000595,EMP-0071,2026-06-26,PRJ-011,WBS-00507,CC-00097,2026-06-26 06:15:00,2026-06-26 14:45:00,8.0,0.0,OnPrem-SQLServer
TE-00003013,TS-0000596,EMP-0071,2026-06-29,PRJ-011,WBS-00510,CC-00091,2026-06-29 06:00:00,2026-06-29 14:30:00,8.0,0.0,OnPrem-SQLServer
TE-00003014,TS-0000596,EMP-0071,2026-06-30,PRJ-011,WBS-00512,CC-00094,2026-06-30 06:00:00,2026-06-30 14:30:00,8.0,0.0,OnPrem-SQLServer
TE-00003015,TS-0000596,EMP-0071,2026-07-01,PRJ-011,WBS-00517,CC-00091,2026-07-01 06:30:00,2026-07-01 15:00:00,8.0,0.0,OnPrem-SQLServer
TE-00003016,TS-0000596,EMP-0071,2026-07-02,PRJ-011,WBS-00517,CC-00097,2026-07-02 06:00:00,2026-07-02 14:30:00,8.0,0.0,OnPrem-SQLServer
TE-00003017,TS-0000596,EMP-0071,2026-07-03,PRJ-011,WBS-00513,CC-00094,2026-07-03 06:00:00,2026-07-03 14:30:00,8.0,0.0,OnPrem-SQLServer
TE-00003018,TS-0000597,EMP-0071,2026-07-06,PRJ-001,WBS-00049,CC-00008,2026-07-06 06:30:00,2026-07-06 15:00:00,8.0,0.0,OnPrem-SQLServer
TE-00003019,TS-0000597,EMP-0071,2026-07-07,PRJ-001,WBS-00024,CC-00001,2026-07-07 06:00:00,2026-07-07 17:38:24,11.14,3.14,OnPrem-SQLServer
TE-00003020,TS-0000597,EMP-0071,2026-07-08,PRJ-001,WBS-00039,CC-00002,2026-07-08 07:00:00,2026-07-08 16:38:24,9.14,1.14,OnPrem-SQLServer
TE-00003021,TS-0000597,EMP-0071,2026-07-09,PRJ-001,WBS-00040,CC-00004,2026-07-09 06:00:00,2026-07-09 15:56:24,9.44,1.44,OnPrem-SQLServer
TE-00003022,TS-0000597,EMP-0071,2026-07-10,PRJ-001,WBS-00051,CC-00004,2026-07-10 06:00:00,2026-07-10 14:30:00,8.0,0.0,OnPrem-SQLServer
TE-00003023,TS-0000597,EMP-0071,2026-07-11,PRJ-001,WBS-00040,CC-00005,2026-07-11 07:15:00,2026-07-11 15:14:24,7.49,7.49,OnPrem-SQLServer
TE-00003024,TS-0000598,EMP-0071,2026-07-13,PRJ-011,WBS-00525,CC-00093,2026-07-13 06:30:00,2026-07-13 16:49:48,9.83,1.83,OnPrem-SQLServer
TE-00003025,TS-0000598,EMP-0071,2026-07-14,PRJ-011,WBS-00492,CC-00095,2026-07-14 06:15:00,2026-07-14 14:45:00,8.0,0.0,OnPrem-SQLServer
TE-00003026,TS-0000598,EMP-0071,2026-07-15,PRJ-011,WBS-00496,CC-00092,2026-07-15 06:15:00,2026-07-15 16:19:12,9.57,1.57,OnPrem-SQLServer
TE-00003027,TS-0000598,EMP-0071,2026-07-16,PRJ-011,WBS-00488,CC-00091,2026-07-16 06:15:00,2026-07-16 14:45:00,8.0,0.0,OnPrem-SQLServer
TE-00003028,TS-0000598,EMP-0071,2026-07-17,PRJ-011,WBS-00520,CC-00097,2026-07-17 06:00:00,2026-07-17 15:35:24,9.09,1.09,OnPrem-SQLServer
TE-00003029,TS-0000599,EMP-0071,2026-07-20,PRJ-011,WBS-00507,CC-00097,2026-07-20 06:00:00,2026-07-20 14:30:00,8.0,0.0,OnPrem-SQLServer
TE-00003030,TS-0000599,EMP-0071,2026-07-21,PRJ-011,WBS-00511,CC-00096,2026-07-21 06:30:00,2026-07-21 15:00:00,8.0,0.0,OnPrem-SQLServer
TE-00003031,TS-0000599,EMP-0071,2026-07-22,PRJ-011,WBS-00509,CC-00098,2026-07-22 06:00:00,2026-07-22 15:01:12,8.52,0.52,OnPrem-SQLServer
TE-00003032,TS-0000599,EMP-0071,2026-07-23,PRJ-011,WBS-00487,CC-00097,2026-07-23 06:30:00,2026-07-23 15:00:00,8.0,0.0,OnPrem-SQLServer
TE-00003033,TS-0000599,EMP-0071,2026-07-24,PRJ-011,WBS-00520,CC-00094,2026-07-24 06:15:00,2026-07-24 14:45:00,8.0,0.0,OnPrem-SQLServer
TE-00003034,TS-0000600,EMP-0071,2026-07-27,PRJ-011,WBS-00500,CC-00094,2026-07-27 06:15:00,2026-07-27 14:45:00,8.0,0.0,OnPrem-SQLServer
TE-00003035,TS-0000600,EMP-0071,2026-07-28,PRJ-011,WBS-00495,CC-00093,2026-07-28 06:15:00,2026-07-28 14:45:00,8.0,0.0,OnPrem-SQLServer
TE-00003036,TS-0000600,EMP-0071,2026-07-29,PRJ-011,WBS-00539,CC-00094,2026-07-29 06:00:00,2026-07-29 14:30:00,8.0,0.0,OnPrem-SQLServer
TE-00003037,TS-0000600,EMP-0071,2026-07-30,PRJ-011,WBS-00526,CC-00093,2026-07-30 06:15:00,2026-07-30 14:45:00,8.0,0.0,OnPrem-SQLServer
TE-00003038,TS-0000600,EMP-0071,2026-07-31,PRJ-011,WBS-00535,CC-00092,2026-07-31 06:00:00,2026-07-31 14:30:00,8.0,0.0,OnPrem-SQLServer
TE-00003039,TS-0000601,EMP-0073,2026-04-13,PRJ-011,WBS-00515,CC-00093,2026-04-13 06:30:00,2026-04-13 15:00:00,8.0,0.0,OnPrem-SQLServer
TE-00003040,TS-0000601,EMP-0073,2026-04-14,PRJ-011,WBS-00500,CC-00095,2026-04-14 06:15:00,2026-04-14 14:45:00,8.0,0.0,OnPrem-SQLServer
TE-00003041,TS-0000601,EMP-0073,2026-04-15,PRJ-011,WBS-00492,CC-00096,2026-04-15 06:30:00,2026-04-15 15:00:00,8.0,0.0,OnPrem-SQLServer
TE-00003042,TS-0000601,EMP-0073,2026-04-16,PRJ-011,WBS-00492,CC-00095,2026-04-16 06:00:00,2026-04-16 14:30:00,8.0,0.0,OnPrem-SQLServer
TE-00003043,TS-0000601,EMP-0073,2026-04-17,PRJ-011,WBS-00512,CC-00096,2026-04-17 06:00:00,2026-04-17 14:30:00,8.0,0.0,OnPrem-SQLServer
TE-00003044,TS-0000602,EMP-0073,2026-04-20,PRJ-011,WBS-00519,CC-00096,2026-04-20 06:15:00,2026-04-20 14:45:00,8.0,0.0,OnPrem-SQLServer
TE-00003045,TS-0000602,EMP-0073,2026-04-21,PRJ-011,WBS-00527,CC-00093,2026-04-21 06:15:00,2026-04-21 14:45:00,8.0,0.0,OnPrem-SQLServer
TE-00003046,TS-0000602,EMP-0073,2026-04-22,PRJ-011,WBS-00501,CC-00092,2026-04-22 06:30:00,2026-04-22 15:00:00,8.0,0.0,OnPrem-SQLServer
TE-00003047,TS-0000602,EMP-0073,2026-04-23,PRJ-011,WBS-00536,CC-00098,2026-04-23 06:00:00,2026-04-23 14:30:00,8.0,0.0,OnPrem-SQLServer
TE-00003048,TS-0000602,EMP-0073,2026-04-24,PRJ-011,WBS-00510,CC-00096,2026-04-24 06:30:00,2026-04-24 15:00:00,8.0,0.0,OnPrem-SQLServer
TE-00003049,TS-0000603,EMP-0073,2026-04-27,PRJ-011,WBS-00532,CC-00098,2026-04-27 06:00:00,2026-04-27 14:30:00,8.0,0.0,OnPrem-SQLServer
TE-00003050,TS-0000603,EMP-0073,2026-04-28,PRJ-011,WBS-00494,CC-00096,2026-04-28 06:15:00,2026-04-28 14:45:00,8.0,0.0,OnPrem-SQLServer
TE-00003051,TS-0000603,EMP-0073,2026-04-29,PRJ-011,WBS-00495,CC-00097,2026-04-29 06:00:00,2026-04-29 14:30:00,8.0,0.0,OnPrem-SQLServer
TE-00003052,TS-0000603,EMP-0073,2026-04-30,PRJ-011,WBS-00497,CC-00098,2026-04-30 06:00:00,2026-04-30 14:30:00,8.0,0.0,OnPrem-SQLServer
TE-00003053,TS-0000603,EMP-0073,2026-05-01,PRJ-011,WBS-00520,CC-00093,2026-05-01 06:15:00,2026-05-01 14:45:00,8.0,0.0,OnPrem-SQLServer
TE-00003054,TS-0000604,EMP-0073,2026-05-04,PRJ-011,WBS-00527,CC-00094,2026-05-04 06:00:00,2026-05-04 14:30:00,8.0,0.0,OnPrem-SQLServer
TE-00003055,TS-0000604,EMP-0073,2026-05-05,PRJ-011,WBS-00509,CC-00093,2026-05-05 06:30:00,2026-05-05 15:00:00,8.0,0.0,OnPrem-SQLServer
TE-00003056,TS-0000604,EMP-0073,2026-05-06,PRJ-011,WBS-00492,CC-00096,2026-05-06 06:30:00,2026-05-06 15:00:00,8.0,0.0,OnPrem-SQLServer
TE-00003057,TS-0000604,EMP-0073,2026-05-07,PRJ-011,WBS-00535,CC-00097,2026-05-07 06:30:00,2026-05-07 15:00:00,8.0,0.0,OnPrem-SQLServer
TE-00003058,TS-0000604,EMP-0073,2026-05-08,PRJ-011,WBS-00498,CC-00099,2026-05-08 06:00:00,2026-05-08 15:36:36,9.11,1.11,OnPrem-SQLServer
TE-00003059,TS-0000605,EMP-0073,2026-05-11,PRJ-011,WBS-00540,CC-00096,2026-05-11 06:00:00,2026-05-11 14:30:00,8.0,0.0,OnPrem-SQLServer
TE-00003060,TS-0000605,EMP-0073,2026-05-12,PRJ-011,WBS-00523,CC-00098,2026-05-12 06:15:00,2026-05-12 14:45:00,8.0,0.0,OnPrem-SQLServer
TE-00003061,TS-0000605,EMP-0073,2026-05-13,PRJ-011,WBS-00500,CC-00093,2026-05-13 06:15:00,2026-05-13 14:45:00,8.0,0.0,OnPrem-SQLServer
TE-00003062,TS-0000605,EMP-0073,2026-05-14,PRJ-011,WBS-00541,CC-00098,2026-05-14 06:00:00,2026-05-14 16:27:00,9.95,1.95,OnPrem-SQLServer
TE-00003063,TS-0000605,EMP-0073,2026-05-15,PRJ-011,WBS-00536,CC-00097,2026-05-15 06:00:00,2026-05-15 14:30:00,8.0,0.0,OnPrem-SQLServer
TE-00003064,TS-0000606,EMP-0073,2026-05-18,PRJ-002,WBS-00054,CC-00017,2026-05-18 06:00:00,2026-05-18 14:30:00,8.0,0.0,OnPrem-SQLServer
TE-00003065,TS-0000606,EMP-0073,2026-05-19,PRJ-002,WBS-00064,CC-00014,2026-05-19 06:00:00,2026-05-19 14:30:00,8.0,0.0,OnPrem-SQLServer
TE-00003066,TS-0000606,EMP-0073,2026-05-20,PRJ-002,WBS-00081,CC-00011,2026-05-20 06:15:00,2026-05-20 14:45:00,8.0,0.0,OnPrem-SQLServer
TE-00003067,TS-0000606,EMP-0073,2026-05-21,PRJ-002,WBS-00068,CC-00018,2026-05-21 06:30:00,2026-05-21 15:00:00,8.0,0.0,OnPrem-SQLServer
TE-00003068,TS-0000606,EMP-0073,2026-05-22,PRJ-002,WBS-00083,CC-00016,2026-05-22 06:00:00,2026-05-22 14:30:00,8.0,0.0,OnPrem-SQLServer
TE-00003069,TS-0000607,EMP-0073,2026-05-25,PRJ-011,WBS-00502,CC-00093,2026-05-25 06:00:00,2026-05-25 14:30:00,8.0,0.0,OnPrem-SQLServer
TE-00003070,TS-0000607,EMP-0073,2026-05-26,PRJ-011,WBS-00522,CC-00098,2026-05-26 06:00:00,2026-05-26 14:30:00,8.0,0.0,OnPrem-SQLServer
TE-00003071,TS-0000607,EMP-0073,2026-05-27,PRJ-011,WBS-00512,CC-00092,2026-05-27 06:15:00,2026-05-27 16:34:48,9.83,1.83,OnPrem-SQLServer
TE-00003072,TS-0000607,EMP-0073,2026-05-28,PRJ-011,WBS-00525,CC-00093,2026-05-28 06:00:00,2026-05-28 14:30:00,8.0,0.0,OnPrem-SQLServer
TE-00003073,TS-0000607,EMP-0073,2026-05-29,PRJ-011,WBS-00534,CC-00099,2026-05-29 06:00:00,2026-05-29 14:30:00,8.0,0.0,OnPrem-SQLServer
TE-00003074,TS-0000608,EMP-0073,2026-06-01,PRJ-011,WBS-00529,CC-00099,2026-06-01 06:15:00,2026-06-01 14:45:00,8.0,0.0,OnPrem-SQLServer
TE-00003075,TS-0000608,EMP-0073,2026-06-02,PRJ-011,WBS-00504,CC-00099,2026-06-02 06:00:00,2026-06-02 15:35:24,9.09,1.09,OnPrem-SQLServer
TE-00003076,TS-0000608,EMP-0073,2026-06-03,PRJ-011,WBS-00527,CC-00094,2026-06-03 06:15:00,2026-06-03 14:45:00,8.0,0.0,OnPrem-SQLServer
TE-00003077,TS-0000608,EMP-0073,2026-06-04,PRJ-011,WBS-00504,CC-00096,2026-06-04 06:00:00,2026-06-04 14:30:00,8.0,0.0,OnPrem-SQLServer
TE-00003078,TS-0000608,EMP-0073,2026-06-05,PRJ-011,WBS-00527,CC-00098,2026-06-05 06:30:00,2026-06-05 15:00:00,8.0,0.0,OnPrem-SQLServer
TE-00003079,TS-0000609,EMP-0073,2026-06-15,PRJ-002,WBS-00083,CC-00015,2026-06-15 06:00:00,2026-06-15 14:30:00,8.0,0.0,OnPrem-SQLServer
TE-00003080,TS-0000609,EMP-0073,2026-06-16,PRJ-002,WBS-00083,CC-00018,2026-06-16 06:00:00,2026-06-16 14:30:00,8.0,0.0,OnPrem-SQLServer
TE-00003081,TS-0000609,EMP-0073,2026-06-17,PRJ-002,WBS-00056,CC-00015,2026-06-17 06:15:00,2026-06-17 14:45:00,8.0,0.0,OnPrem-SQLServer
TE-00003082,TS-0000609,EMP-0073,2026-06-18,PRJ-002,WBS-00058,CC-00011,2026-06-18 06:30:00,2026-06-18 15:00:00,8.0,0.0,OnPrem-SQLServer
TE-00003083,TS-0000609,EMP-0073,2026-06-19,PRJ-002,WBS-00083,CC-00016,2026-06-19 06:15:00,2026-06-19 14:45:00,8.0,0.0,OnPrem-SQLServer
TE-00003084,TS-0000610,EMP-0073,2026-06-22,PRJ-011,WBS-00487,CC-00098,2026-06-22 06:00:00,2026-06-22 14:30:00,8.0,0.0,OnPrem-SQLServer
TE-00003085,TS-0000610,EMP-0073,2026-06-23,PRJ-011,WBS-00517,CC-00099,2026-06-23 06:15:00,2026-06-23 14:45:00,8.0,0.0,OnPrem-SQLServer
TE-00003086,TS-0000610,EMP-0073,2026-06-24,PRJ-011,WBS-00538,CC-00097,2026-06-24 06:15:00,2026-06-24 14:45:00,8.0,0.0,OnPrem-SQLServer
TE-00003087,TS-0000610,EMP-0073,2026-06-25,PRJ-011,WBS-00502,CC-00095,2026-06-25 06:30:00,2026-06-25 15:00:00,8.0,0.0,OnPrem-SQLServer
TE-00003088,TS-0000610,EMP-0073,2026-06-26,PRJ-011,WBS-00504,CC-00093,2026-06-26 06:15:00,2026-06-26 14:45:00,8.0,0.0,OnPrem-SQLServer
TE-00003089,TS-0000611,EMP-0073,2026-06-29,PRJ-012,WBS-00569,CC-00105,2026-06-29 06:30:00,2026-06-29 15:00:00,8.0,0.0,OnPrem-SQLServer
TE-00003090,TS-0000611,EMP-0073,2026-06-30,PRJ-012,WBS-00558,CC-00107,2026-06-30 06:30:00,2026-06-30 15:00:00,8.0,0.0,OnPrem-SQLServer
TE-00003091,TS-0000611,EMP-0073,2026-07-01,PRJ-012,WBS-00573,CC-00104,2026-07-01 06:00:00,2026-07-01 14:30:00,8.0,0.0,OnPrem-SQLServer
TE-00003092,TS-0000611,EMP-0073,2026-07-02,PRJ-012,WBS-00569,CC-00102,2026-07-02 06:15:00,2026-07-02 14:45:00,8.0,0.0,OnPrem-SQLServer
TE-00003093,TS-0000611,EMP-0073,2026-07-03,PRJ-012,WBS-00570,CC-00104,2026-07-03 06:00:00,2026-07-03 14:30:00,8.0,0.0,OnPrem-SQLServer
TE-00003094,TS-0000612,EMP-0073,2026-07-13,PRJ-011,WBS-00517,CC-00098,2026-07-13 06:30:00,2026-07-13 15:00:00,8.0,0.0,OnPrem-SQLServer
TE-00003095,TS-0000612,EMP-0073,2026-07-14,PRJ-011,WBS-00515,CC-00093,2026-07-14 06:30:00,2026-07-14 15:00:00,8.0,0.0,OnPrem-SQLServer
TE-00003096,TS-0000612,EMP-0073,2026-07-15,PRJ-011,WBS-00523,CC-00093,2026-07-15 06:00:00,2026-07-15 14:30:00,8.0,0.0,OnPrem-SQLServer
TE-00003097,TS-0000612,EMP-0073,2026-07-16,PRJ-011,WBS-00524,CC-00092,2026-07-16 06:30:00,2026-07-16 15:00:00,8.0,0.0,OnPrem-SQLServer
TE-00003098,TS-0000612,EMP-0073,2026-07-17,PRJ-011,WBS-00532,CC-00091,2026-07-17 06:30:00,2026-07-17 15:00:00,8.0,0.0,OnPrem-SQLServer
TE-00003099,TS-0000613,EMP-0073,2026-07-20,PRJ-002,WBS-00054,CC-00014,2026-07-20 06:00:00,2026-07-20 14:30:00,8.0,0.0,OnPrem-SQLServer
TE-00003100,TS-0000613,EMP-0073,2026-07-21,PRJ-002,WBS-00070,CC-00012,2026-07-21 06:00:00,2026-07-21 14:30:00,8.0,0.0,OnPrem-SQLServer
TE-00003101,TS-0000613,EMP-0073,2026-07-22,PRJ-002,WBS-00075,CC-00010,2026-07-22 06:00:00,2026-07-22 14:30:00,8.0,0.0,OnPrem-SQLServer
TE-00003102,TS-0000613,EMP-0073,2026-07-23,PRJ-002,WBS-00074,CC-00010,2026-07-23 06:15:00,2026-07-23 14:45:00,8.0,0.0,OnPrem-SQLServer
TE-00003103,TS-0000613,EMP-0073,2026-07-24,PRJ-002,WBS-00084,CC-00010,2026-07-24 06:00:00,2026-07-24 14:30:00,8.0,0.0,OnPrem-SQLServer
TE-00003104,TS-0000614,EMP-0073,2026-07-27,PRJ-011,WBS-00528,CC-00092,2026-07-27 06:30:00,2026-07-27 16:30:36,9.51,1.51,OnPrem-SQLServer
TE-00003105,TS-0000614,EMP-0073,2026-07-28,PRJ-011,WBS-00503,CC-00095,2026-07-28 06:30:00,2026-07-28 15:00:00,8.0,0.0,OnPrem-SQLServer
TE-00003106,TS-0000614,EMP-0073,2026-07-29,PRJ-011,WBS-00519,CC-00091,2026-07-29 06:30:00,2026-07-29 15:00:00,8.0,0.0,OnPrem-SQLServer
TE-00003107,TS-0000614,EMP-0073,2026-07-30,PRJ-011,WBS-00504,CC-00099,2026-07-30 06:30:00,2026-07-30 15:00:00,8.0,0.0,OnPrem-SQLServer
TE-00003108,TS-0000614,EMP-0073,2026-07-31,PRJ-011,WBS-00504,CC-00096,2026-07-31 06:15:00,2026-07-31 14:45:00,8.0,0.0,OnPrem-SQLServer
TE-00003109,TS-0000615,EMP-0074,2026-06-01,PRJ-001,WBS-00031,CC-00004,2026-06-01 06:00:00,2026-06-01 16:04:48,9.58,1.58,OnPrem-SQLServer
TE-00003110,TS-0000615,EMP-0074,2026-06-02,PRJ-001,WBS-00002,CC-00002,2026-06-02 07:30:00,2026-06-02 19:25:48,11.43,3.43,OnPrem-SQLServer
TE-00003111,TS-0000615,EMP-0074,2026-06-03,PRJ-001,WBS-00016,CC-00009,2026-06-03 06:00:00,2026-06-03 14:30:00,8.0,0.0,OnPrem-SQLServer
TE-00003112,TS-0000615,EMP-0074,2026-06-04,PRJ-001,WBS-00038,CC-00009,2026-06-04 06:15:00,2026-06-04 18:16:48,11.53,3.53,OnPrem-SQLServer
TE-00003113,TS-0000615,EMP-0074,2026-06-05,PRJ-001,WBS-00028,CC-00007,2026-06-05 07:30:00,2026-06-05 18:04:48,10.08,2.08,OnPrem-SQLServer
TE-00003114,TS-0000616,EMP-0074,2026-06-08,PRJ-001,WBS-00048,CC-00008,2026-06-08 06:00:00,2026-06-08 16:02:24,9.54,1.54,OnPrem-SQLServer
TE-00003115,TS-0000616,EMP-0074,2026-06-09,PRJ-001,WBS-00022,CC-00008,2026-06-09 07:00:00,2026-06-09 17:58:12,10.47,2.47,OnPrem-SQLServer
TE-00003116,TS-0000616,EMP-0074,2026-06-10,PRJ-001,WBS-00046,CC-00002,2026-06-10 06:30:00,2026-06-10 16:15:00,9.25,1.25,OnPrem-SQLServer
TE-00003117,TS-0000616,EMP-0074,2026-06-11,PRJ-001,WBS-00003,CC-00001,2026-06-11 07:30:00,2026-06-11 16:00:00,8.0,0.0,OnPrem-SQLServer
TE-00003118,TS-0000616,EMP-0074,2026-06-12,PRJ-001,WBS-00017,CC-00008,2026-06-12 06:15:00,2026-06-12 17:11:24,10.44,2.44,OnPrem-SQLServer
TE-00003119,TS-0000616,EMP-0074,2026-06-13,PRJ-001,WBS-00033,CC-00009,2026-06-13 06:30:00,2026-06-13 13:36:36,6.61,6.61,OnPrem-SQLServer
TE-00003120,TS-0000617,EMP-0074,2026-06-22,PRJ-007,WBS-00273,CC-00061,2026-06-22 06:15:00,2026-06-22 14:45:00,8.0,0.0,OnPrem-SQLServer
TE-00003121,TS-0000617,EMP-0074,2026-06-23,PRJ-007,WBS-00303,CC-00056,2026-06-23 06:30:00,2026-06-23 15:00:00,8.0,0.0,OnPrem-SQLServer
TE-00003122,TS-0000617,EMP-0074,2026-06-24,PRJ-007,WBS-00299,CC-00062,2026-06-24 06:30:00,2026-06-24 15:00:00,8.0,0.0,OnPrem-SQLServer
TE-00003123,TS-0000617,EMP-0074,2026-06-25,PRJ-007,WBS-00261,CC-00062,2026-06-25 06:15:00,2026-06-25 14:45:00,8.0,0.0,OnPrem-SQLServer
TE-00003124,TS-0000617,EMP-0074,2026-06-26,PRJ-007,WBS-00284,CC-00058,2026-06-26 06:30:00,2026-06-26 15:00:00,8.0,0.0,OnPrem-SQLServer
TE-00003125,TS-0000618,EMP-0074,2026-06-29,PRJ-001,WBS-00043,CC-00007,2026-06-29 07:15:00,2026-06-29 17:49:48,10.08,2.08,OnPrem-SQLServer
TE-00003126,TS-0000618,EMP-0074,2026-06-30,PRJ-001,WBS-00012,CC-00007,2026-06-30 06:30:00,2026-06-30 15:00:00,8.0,0.0,OnPrem-SQLServer
TE-00003127,TS-0000618,EMP-0074,2026-07-01,PRJ-001,WBS-00003,CC-00001,2026-07-01 07:15:00,2026-07-01 18:15:36,10.51,2.51,OnPrem-SQLServer
TE-00003128,TS-0000618,EMP-0074,2026-07-02,PRJ-001,WBS-00014,CC-00007,2026-07-02 07:00:00,2026-07-02 17:27:36,9.96,1.96,OnPrem-SQLServer
TE-00003129,TS-0000618,EMP-0074,2026-07-03,PRJ-001,WBS-00019,CC-00001,2026-07-03 07:30:00,2026-07-03 19:42:36,11.71,3.71,OnPrem-SQLServer
TE-00003130,TS-0000618,EMP-0074,2026-07-04,PRJ-001,WBS-00015,CC-00009,2026-07-04 07:00:00,2026-07-04 14:06:00,6.6,6.6,OnPrem-SQLServer
TE-00003131,TS-0000619,EMP-0074,2026-07-13,PRJ-001,WBS-00001,CC-00009,2026-07-13 07:00:00,2026-07-13 17:36:36,10.11,2.11,OnPrem-SQLServer
TE-00003132,TS-0000619,EMP-0074,2026-07-14,PRJ-001,WBS-00036,CC-00008,2026-07-14 06:15:00,2026-07-14 17:54:36,11.16,3.16,OnPrem-SQLServer
TE-00003133,TS-0000619,EMP-0074,2026-07-15,PRJ-001,WBS-00039,CC-00002,2026-07-15 07:30:00,2026-07-15 19:34:12,11.57,3.57,OnPrem-SQLServer
TE-00003134,TS-0000619,EMP-0074,2026-07-16,PRJ-001,WBS-00038,CC-00008,2026-07-16 07:15:00,2026-07-16 19:38:24,11.89,3.89,OnPrem-SQLServer
TE-00003135,TS-0000619,EMP-0074,2026-07-17,PRJ-001,WBS-00011,CC-00004,2026-07-17 06:00:00,2026-07-17 14:30:00,8.0,0.0,OnPrem-SQLServer
TE-00003136,TS-0000620,EMP-0074,2026-07-20,PRJ-001,WBS-00007,CC-00002,2026-07-20 06:00:00,2026-07-20 15:39:36,9.16,1.16,OnPrem-SQLServer
TE-00003137,TS-0000620,EMP-0074,2026-07-21,PRJ-001,WBS-00026,CC-00003,2026-07-21 06:15:00,2026-07-21 18:27:00,11.7,3.7,OnPrem-SQLServer
TE-00003138,TS-0000620,EMP-0074,2026-07-22,PRJ-001,WBS-00016,CC-00003,2026-07-22 06:15:00,2026-07-22 14:45:00,8.0,0.0,OnPrem-SQLServer
TE-00003139,TS-0000620,EMP-0074,2026-07-23,PRJ-001,WBS-00027,CC-00002,2026-07-23 07:15:00,2026-07-23 17:18:36,9.56,1.56,OnPrem-SQLServer
TE-00003140,TS-0000620,EMP-0074,2026-07-24,PRJ-001,WBS-00017,CC-00003,2026-07-24 07:00:00,2026-07-24 15:30:00,8.0,0.0,OnPrem-SQLServer
TE-00003141,TS-0000620,EMP-0074,2026-07-25,PRJ-001,WBS-00029,CC-00006,2026-07-25 06:30:00,2026-07-25 15:55:12,8.92,8.92,OnPrem-SQLServer
TE-00003142,TS-0000621,EMP-0074,2026-07-27,PRJ-002,WBS-00064,CC-00010,2026-07-27 06:30:00,2026-07-27 16:23:24,9.39,1.39,OnPrem-SQLServer
TE-00003143,TS-0000621,EMP-0074,2026-07-28,PRJ-002,WBS-00055,CC-00018,2026-07-28 06:30:00,2026-07-28 15:00:00,8.0,0.0,OnPrem-SQLServer
TE-00003144,TS-0000621,EMP-0074,2026-07-29,PRJ-002,WBS-00086,CC-00014,2026-07-29 06:15:00,2026-07-29 14:45:00,8.0,0.0,OnPrem-SQLServer
TE-00003145,TS-0000621,EMP-0074,2026-07-30,PRJ-002,WBS-00061,CC-00016,2026-07-30 06:00:00,2026-07-30 14:30:00,8.0,0.0,OnPrem-SQLServer
TE-00003146,TS-0000621,EMP-0074,2026-07-31,PRJ-002,WBS-00052,CC-00015,2026-07-31 06:00:00,2026-07-31 14:30:00,8.0,0.0,OnPrem-SQLServer
TE-00003147,TS-0000622,EMP-0075,2026-05-25,PRJ-005,WBS-00183,CC-00040,2026-05-25 06:30:00,2026-05-25 15:00:00,8.0,0.0,OnPrem-SQLServer
TE-00003148,TS-0000622,EMP-0075,2026-05-26,PRJ-005,WBS-00183,CC-00040,2026-05-26 06:15:00,2026-05-26 14:45:00,8.0,0.0,OnPrem-SQLServer
TE-00003149,TS-0000622,EMP-0075,2026-05-27,PRJ-005,WBS-00192,CC-00038,2026-05-27 06:30:00,2026-05-27 15:00:00,8.0,0.0,OnPrem-SQLServer
TE-00003150,TS-0000622,EMP-0075,2026-05-28,PRJ-005,WBS-00204,CC-00045,2026-05-28 06:00:00,2026-05-28 14:30:00,8.0,0.0,OnPrem-SQLServer
TE-00003151,TS-0000622,EMP-0075,2026-05-29,PRJ-005,WBS-00196,CC-00040,2026-05-29 06:30:00,2026-05-29 15:00:00,8.0,0.0,OnPrem-SQLServer
TE-00003152,TS-0000623,EMP-0075,2026-06-01,PRJ-011,WBS-00499,CC-00092,2026-06-01 06:30:00,2026-06-01 15:00:00,8.0,0.0,OnPrem-SQLServer
TE-00003153,TS-0000623,EMP-0075,2026-06-02,PRJ-011,WBS-00528,CC-00099,2026-06-02 06:00:00,2026-06-02 15:59:24,9.49,1.49,OnPrem-SQLServer
TE-00003154,TS-0000623,EMP-0075,2026-06-03,PRJ-011,WBS-00534,CC-00097,2026-06-03 06:15:00,2026-06-03 14:45:00,8.0,0.0,OnPrem-SQLServer
TE-00003155,TS-0000623,EMP-0075,2026-06-04,PRJ-011,WBS-00538,CC-00095,2026-06-04 06:30:00,2026-06-04 15:00:00,8.0,0.0,OnPrem-SQLServer
TE-00003156,TS-0000623,EMP-0075,2026-06-05,PRJ-011,WBS-00488,CC-00097,2026-06-05 06:00:00,2026-06-05 14:30:00,8.0,0.0,OnPrem-SQLServer
TE-00003157,TS-0000624,EMP-0075,2026-06-08,PRJ-004,WBS-00132,CC-00035,2026-06-08 06:30:00,2026-06-08 15:00:00,8.0,0.0,OnPrem-SQLServer
TE-00003158,TS-0000624,EMP-0075,2026-06-09,PRJ-004,WBS-00140,CC-00036,2026-06-09 06:00:00,2026-06-09 14:30:00,8.0,0.0,OnPrem-SQLServer
TE-00003159,TS-0000624,EMP-0075,2026-06-10,PRJ-004,WBS-00135,CC-00031,2026-06-10 06:30:00,2026-06-10 15:00:00,8.0,0.0,OnPrem-SQLServer
TE-00003160,TS-0000624,EMP-0075,2026-06-11,PRJ-004,WBS-00160,CC-00030,2026-06-11 06:30:00,2026-06-11 15:00:00,8.0,0.0,OnPrem-SQLServer
TE-00003161,TS-0000624,EMP-0075,2026-06-12,PRJ-004,WBS-00144,CC-00035,2026-06-12 06:30:00,2026-06-12 16:36:36,9.61,1.61,OnPrem-SQLServer
TE-00003162,TS-0000625,EMP-0075,2026-06-15,PRJ-004,WBS-00164,CC-00030,2026-06-15 06:30:00,2026-06-15 15:00:00,8.0,0.0,OnPrem-SQLServer
TE-00003163,TS-0000625,EMP-0075,2026-06-16,PRJ-004,WBS-00145,CC-00036,2026-06-16 06:00:00,2026-06-16 14:30:00,8.0,0.0,OnPrem-SQLServer
TE-00003164,TS-0000625,EMP-0075,2026-06-17,PRJ-004,WBS-00154,CC-00036,2026-06-17 06:15:00,2026-06-17 14:45:00,8.0,0.0,OnPrem-SQLServer
TE-00003165,TS-0000625,EMP-0075,2026-06-18,PRJ-004,WBS-00157,CC-00030,2026-06-18 06:30:00,2026-06-18 15:00:00,8.0,0.0,OnPrem-SQLServer
TE-00003166,TS-0000625,EMP-0075,2026-06-19,PRJ-004,WBS-00153,CC-00034,2026-06-19 06:00:00,2026-06-19 14:30:00,8.0,0.0,OnPrem-SQLServer
TE-00003167,TS-0000626,EMP-0075,2026-06-22,PRJ-004,WBS-00133,CC-00032,2026-06-22 06:00:00,2026-06-22 14:30:00,8.0,0.0,OnPrem-SQLServer
TE-00003168,TS-0000626,EMP-0075,2026-06-23,PRJ-004,WBS-00166,CC-00035,2026-06-23 06:00:00,2026-06-23 14:30:00,8.0,0.0,OnPrem-SQLServer
TE-00003169,TS-0000626,EMP-0075,2026-06-24,PRJ-004,WBS-00138,CC-00028,2026-06-24 06:30:00,2026-06-24 15:00:00,8.0,0.0,OnPrem-SQLServer
TE-00003170,TS-0000626,EMP-0075,2026-06-25,PRJ-004,WBS-00140,CC-00033,2026-06-25 06:15:00,2026-06-25 14:45:00,8.0,0.0,OnPrem-SQLServer
TE-00003171,TS-0000626,EMP-0075,2026-06-26,PRJ-004,WBS-00161,CC-00030,2026-06-26 06:15:00,2026-06-26 14:45:00,8.0,0.0,OnPrem-SQLServer
TE-00003172,TS-0000627,EMP-0075,2026-06-29,PRJ-006,WBS-00235,CC-00049,2026-06-29 06:30:00,2026-06-29 16:19:48,9.33,1.33,OnPrem-SQLServer
TE-00003173,TS-0000627,EMP-0075,2026-06-30,PRJ-006,WBS-00244,CC-00048,2026-06-30 06:00:00,2026-06-30 14:30:00,8.0,0.0,OnPrem-SQLServer
TE-00003174,TS-0000627,EMP-0075,2026-07-01,PRJ-006,WBS-00222,CC-00054,2026-07-01 06:30:00,2026-07-01 15:00:00,8.0,0.0,OnPrem-SQLServer
TE-00003175,TS-0000627,EMP-0075,2026-07-02,PRJ-006,WBS-00219,CC-00053,2026-07-02 06:15:00,2026-07-02 14:45:00,8.0,0.0,OnPrem-SQLServer
TE-00003176,TS-0000627,EMP-0075,2026-07-03,PRJ-006,WBS-00221,CC-00050,2026-07-03 06:30:00,2026-07-03 15:00:00,8.0,0.0,OnPrem-SQLServer
TE-00003177,TS-0000628,EMP-0075,2026-07-13,PRJ-004,WBS-00167,CC-00033,2026-07-13 06:30:00,2026-07-13 15:00:00,8.0,0.0,OnPrem-SQLServer
TE-00003178,TS-0000628,EMP-0075,2026-07-14,PRJ-004,WBS-00137,CC-00035,2026-07-14 06:30:00,2026-07-14 15:00:00,8.0,0.0,OnPrem-SQLServer
TE-00003179,TS-0000628,EMP-0075,2026-07-15,PRJ-004,WBS-00148,CC-00036,2026-07-15 06:00:00,2026-07-15 14:30:00,8.0,0.0,OnPrem-SQLServer
TE-00003180,TS-0000628,EMP-0075,2026-07-16,PRJ-004,WBS-00153,CC-00028,2026-07-16 06:30:00,2026-07-16 15:00:00,8.0,0.0,OnPrem-SQLServer
TE-00003181,TS-0000628,EMP-0075,2026-07-17,PRJ-004,WBS-00134,CC-00031,2026-07-17 06:15:00,2026-07-17 14:45:00,8.0,0.0,OnPrem-SQLServer
TE-00003182,TS-0000629,EMP-0075,2026-07-20,PRJ-004,WBS-00140,CC-00029,2026-07-20 06:15:00,2026-07-20 15:46:48,9.03,1.03,OnPrem-SQLServer
TE-00003183,TS-0000629,EMP-0075,2026-07-21,PRJ-004,WBS-00159,CC-00028,2026-07-21 06:00:00,2026-07-21 14:30:00,8.0,0.0,OnPrem-SQLServer
TE-00003184,TS-0000629,EMP-0075,2026-07-22,PRJ-004,WBS-00136,CC-00031,2026-07-22 06:15:00,2026-07-22 14:45:00,8.0,0.0,OnPrem-SQLServer
TE-00003185,TS-0000629,EMP-0075,2026-07-23,PRJ-004,WBS-00154,CC-00033,2026-07-23 06:00:00,2026-07-23 14:30:00,8.0,0.0,OnPrem-SQLServer
TE-00003186,TS-0000629,EMP-0075,2026-07-24,PRJ-004,WBS-00139,CC-00033,2026-07-24 06:15:00,2026-07-24 14:45:00,8.0,0.0,OnPrem-SQLServer
TE-00003187,TS-0000630,EMP-0075,2026-07-27,PRJ-004,WBS-00158,CC-00034,2026-07-27 06:00:00,2026-07-27 14:30:00,8.0,0.0,OnPrem-SQLServer
TE-00003188,TS-0000630,EMP-0075,2026-07-28,PRJ-004,WBS-00162,CC-00032,2026-07-28 06:00:00,2026-07-28 14:30:00,8.0,0.0,OnPrem-SQLServer
TE-00003189,TS-0000630,EMP-0075,2026-07-29,PRJ-004,WBS-00165,CC-00029,2026-07-29 06:30:00,2026-07-29 15:42:00,8.7,0.7,OnPrem-SQLServer
TE-00003190,TS-0000630,EMP-0075,2026-07-30,PRJ-004,WBS-00149,CC-00035,2026-07-30 06:15:00,2026-07-30 14:45:00,8.0,0.0,OnPrem-SQLServer
TE-00003191,TS-0000630,EMP-0075,2026-07-31,PRJ-004,WBS-00151,CC-00028,2026-07-31 06:30:00,2026-07-31 15:00:00,8.0,0.0,OnPrem-SQLServer
TE-00003192,TS-0000631,EMP-0076,2026-05-25,PRJ-009,WBS-00390,CC-00073,2026-05-25 06:15:00,2026-05-25 14:45:00,8.0,0.0,OnPrem-SQLServer
TE-00003193,TS-0000631,EMP-0076,2026-05-26,PRJ-009,WBS-00371,CC-00079,2026-05-26 06:15:00,2026-05-26 14:45:00,8.0,0.0,OnPrem-SQLServer
TE-00003194,TS-0000631,EMP-0076,2026-05-27,PRJ-009,WBS-00360,CC-00079,2026-05-27 06:30:00,2026-05-27 15:00:00,8.0,0.0,OnPrem-SQLServer
TE-00003195,TS-0000631,EMP-0076,2026-05-28,PRJ-009,WBS-00380,CC-00074,2026-05-28 06:15:00,2026-05-28 15:33:00,8.8,0.8,OnPrem-SQLServer
TE-00003196,TS-0000631,EMP-0076,2026-05-29,PRJ-009,WBS-00383,CC-00080,2026-05-29 06:30:00,2026-05-29 15:00:00,8.0,0.0,OnPrem-SQLServer
TE-00003197,TS-0000632,EMP-0076,2026-06-01,PRJ-007,WBS-00286,CC-00060,2026-06-01 06:00:00,2026-06-01 14:30:00,8.0,0.0,OnPrem-SQLServer
TE-00003198,TS-0000632,EMP-0076,2026-06-02,PRJ-007,WBS-00261,CC-00062,2026-06-02 06:00:00,2026-06-02 14:30:00,8.0,0.0,OnPrem-SQLServer
TE-00003199,TS-0000632,EMP-0076,2026-06-03,PRJ-007,WBS-00286,CC-00057,2026-06-03 06:15:00,2026-06-03 15:26:24,8.69,0.69,OnPrem-SQLServer
TE-00003200,TS-0000632,EMP-0076,2026-06-04,PRJ-007,WBS-00285,CC-00062,2026-06-04 06:30:00,2026-06-04 15:00:00,8.0,0.0,OnPrem-SQLServer
TE-00003201,TS-0000632,EMP-0076,2026-06-05,PRJ-007,WBS-00279,CC-00058,2026-06-05 06:15:00,2026-06-05 14:45:00,8.0,0.0,OnPrem-SQLServer
TE-00003202,TS-0000633,EMP-0076,2026-06-08,PRJ-012,WBS-00546,CC-00101,2026-06-08 06:30:00,2026-06-08 15:00:00,8.0,0.0,OnPrem-SQLServer
TE-00003203,TS-0000633,EMP-0076,2026-06-09,PRJ-012,WBS-00555,CC-00108,2026-06-09 06:30:00,2026-06-09 15:00:00,8.0,0.0,OnPrem-SQLServer
TE-00003204,TS-0000633,EMP-0076,2026-06-10,PRJ-012,WBS-00565,CC-00103,2026-06-10 06:30:00,2026-06-10 15:00:00,8.0,0.0,OnPrem-SQLServer
TE-00003205,TS-0000633,EMP-0076,2026-06-11,PRJ-012,WBS-00574,CC-00101,2026-06-11 06:15:00,2026-06-11 14:45:00,8.0,0.0,OnPrem-SQLServer
TE-00003206,TS-0000633,EMP-0076,2026-06-12,PRJ-012,WBS-00573,CC-00107,2026-06-12 06:00:00,2026-06-12 14:30:00,8.0,0.0,OnPrem-SQLServer
TE-00003207,TS-0000634,EMP-0076,2026-06-15,PRJ-007,WBS-00277,CC-00056,2026-06-15 06:30:00,2026-06-15 15:00:00,8.0,0.0,OnPrem-SQLServer
TE-00003208,TS-0000634,EMP-0076,2026-06-16,PRJ-007,WBS-00301,CC-00061,2026-06-16 06:00:00,2026-06-16 14:30:00,8.0,0.0,OnPrem-SQLServer
TE-00003209,TS-0000634,EMP-0076,2026-06-17,PRJ-007,WBS-00297,CC-00058,2026-06-17 06:30:00,2026-06-17 15:00:00,8.0,0.0,OnPrem-SQLServer
TE-00003210,TS-0000634,EMP-0076,2026-06-18,PRJ-007,WBS-00271,CC-00063,2026-06-18 06:30:00,2026-06-18 15:00:00,8.0,0.0,OnPrem-SQLServer
TE-00003211,TS-0000634,EMP-0076,2026-06-19,PRJ-007,WBS-00265,CC-00062,2026-06-19 06:15:00,2026-06-19 14:45:00,8.0,0.0,OnPrem-SQLServer
TE-00003212,TS-0000635,EMP-0076,2026-06-22,PRJ-012,WBS-00554,CC-00107,2026-06-22 06:00:00,2026-06-22 14:30:00,8.0,0.0,OnPrem-SQLServer
TE-00003213,TS-0000635,EMP-0076,2026-06-23,PRJ-012,WBS-00549,CC-00101,2026-06-23 06:30:00,2026-06-23 15:00:00,8.0,0.0,OnPrem-SQLServer
TE-00003214,TS-0000635,EMP-0076,2026-06-24,PRJ-012,WBS-00549,CC-00102,2026-06-24 06:30:00,2026-06-24 15:00:00,8.0,0.0,OnPrem-SQLServer
TE-00003215,TS-0000635,EMP-0076,2026-06-25,PRJ-012,WBS-00564,CC-00104,2026-06-25 06:00:00,2026-06-25 14:30:00,8.0,0.0,OnPrem-SQLServer
TE-00003216,TS-0000635,EMP-0076,2026-06-26,PRJ-012,WBS-00546,CC-00102,2026-06-26 06:15:00,2026-06-26 14:45:00,8.0,0.0,OnPrem-SQLServer
TE-00003217,TS-0000636,EMP-0076,2026-06-29,PRJ-007,WBS-00269,CC-00063,2026-06-29 06:00:00,2026-06-29 14:30:00,8.0,0.0,OnPrem-SQLServer
TE-00003218,TS-0000636,EMP-0076,2026-06-30,PRJ-007,WBS-00278,CC-00062,2026-06-30 06:15:00,2026-06-30 14:45:00,8.0,0.0,OnPrem-SQLServer
TE-00003219,TS-0000636,EMP-0076,2026-07-01,PRJ-007,WBS-00265,CC-00063,2026-07-01 06:30:00,2026-07-01 15:00:00,8.0,0.0,OnPrem-SQLServer
TE-00003220,TS-0000636,EMP-0076,2026-07-02,PRJ-007,WBS-00280,CC-00057,2026-07-02 06:00:00,2026-07-02 14:30:00,8.0,0.0,OnPrem-SQLServer
TE-00003221,TS-0000636,EMP-0076,2026-07-03,PRJ-007,WBS-00259,CC-00063,2026-07-03 06:30:00,2026-07-03 15:00:00,8.0,0.0,OnPrem-SQLServer
TE-00003222,TS-0000637,EMP-0076,2026-07-06,PRJ-007,WBS-00267,CC-00055,2026-07-06 06:30:00,2026-07-06 15:00:00,8.0,0.0,OnPrem-SQLServer
TE-00003223,TS-0000637,EMP-0076,2026-07-07,PRJ-007,WBS-00296,CC-00055,2026-07-07 06:30:00,2026-07-07 15:00:00,8.0,0.0,OnPrem-SQLServer
TE-00003224,TS-0000637,EMP-0076,2026-07-08,PRJ-007,WBS-00303,CC-00060,2026-07-08 06:00:00,2026-07-08 14:30:00,8.0,0.0,OnPrem-SQLServer
TE-00003225,TS-0000637,EMP-0076,2026-07-09,PRJ-007,WBS-00279,CC-00061,2026-07-09 06:15:00,2026-07-09 14:45:00,8.0,0.0,OnPrem-SQLServer
TE-00003226,TS-0000637,EMP-0076,2026-07-10,PRJ-007,WBS-00285,CC-00059,2026-07-10 06:15:00,2026-07-10 14:45:00,8.0,0.0,OnPrem-SQLServer
TE-00003227,TS-0000638,EMP-0076,2026-07-13,PRJ-007,WBS-00276,CC-00057,2026-07-13 06:00:00,2026-07-13 14:30:00,8.0,0.0,OnPrem-SQLServer
TE-00003228,TS-0000638,EMP-0076,2026-07-14,PRJ-007,WBS-00278,CC-00063,2026-07-14 06:15:00,2026-07-14 14:45:00,8.0,0.0,OnPrem-SQLServer
TE-00003229,TS-0000638,EMP-0076,2026-07-15,PRJ-007,WBS-00292,CC-00060,2026-07-15 06:15:00,2026-07-15 14:45:00,8.0,0.0,OnPrem-SQLServer
TE-00003230,TS-0000638,EMP-0076,2026-07-16,PRJ-007,WBS-00277,CC-00059,2026-07-16 06:00:00,2026-07-16 14:30:00,8.0,0.0,OnPrem-SQLServer
TE-00003231,TS-0000638,EMP-0076,2026-07-17,PRJ-007,WBS-00302,CC-00060,2026-07-17 06:30:00,2026-07-17 15:00:00,8.0,0.0,OnPrem-SQLServer
TE-00003232,TS-0000639,EMP-0076,2026-07-20,PRJ-007,WBS-00290,CC-00058,2026-07-20 06:00:00,2026-07-20 14:30:00,8.0,0.0,OnPrem-SQLServer
TE-00003233,TS-0000639,EMP-0076,2026-07-21,PRJ-007,WBS-00259,CC-00063,2026-07-21 06:15:00,2026-07-21 14:45:00,8.0,0.0,OnPrem-SQLServer
TE-00003234,TS-0000639,EMP-0076,2026-07-22,PRJ-007,WBS-00300,CC-00061,2026-07-22 06:15:00,2026-07-22 15:37:48,8.88,0.88,OnPrem-SQLServer
TE-00003235,TS-0000639,EMP-0076,2026-07-23,PRJ-007,WBS-00299,CC-00057,2026-07-23 06:15:00,2026-07-23 14:45:00,8.0,0.0,OnPrem-SQLServer
TE-00003236,TS-0000639,EMP-0076,2026-07-24,PRJ-007,WBS-00267,CC-00063,2026-07-24 06:30:00,2026-07-24 15:00:00,8.0,0.0,OnPrem-SQLServer
TE-00003237,TS-0000640,EMP-0076,2026-07-27,PRJ-012,WBS-00561,CC-00104,2026-07-27 06:30:00,2026-07-27 15:00:00,8.0,0.0,OnPrem-SQLServer
TE-00003238,TS-0000640,EMP-0076,2026-07-28,PRJ-012,WBS-00567,CC-00100,2026-07-28 06:30:00,2026-07-28 15:00:00,8.0,0.0,OnPrem-SQLServer
TE-00003239,TS-0000640,EMP-0076,2026-07-29,PRJ-012,WBS-00554,CC-00101,2026-07-29 06:30:00,2026-07-29 15:00:00,8.0,0.0,OnPrem-SQLServer
TE-00003240,TS-0000640,EMP-0076,2026-07-30,PRJ-012,WBS-00561,CC-00106,2026-07-30 06:00:00,2026-07-30 14:30:00,8.0,0.0,OnPrem-SQLServer
TE-00003241,TS-0000640,EMP-0076,2026-07-31,PRJ-012,WBS-00577,CC-00101,2026-07-31 06:00:00,2026-07-31 14:30:00,8.0,0.0,OnPrem-SQLServer
TE-00003242,TS-0000641,EMP-0077,2026-05-18,PRJ-006,WBS-00251,CC-00046,2026-05-18 06:30:00,2026-05-18 15:55:48,8.93,0.93,OnPrem-SQLServer
TE-00003243,TS-0000641,EMP-0077,2026-05-19,PRJ-006,WBS-00237,CC-00049,2026-05-19 06:00:00,2026-05-19 15:03:00,8.55,0.55,OnPrem-SQLServer
TE-00003244,TS-0000641,EMP-0077,2026-05-20,PRJ-006,WBS-00226,CC-00050,2026-05-20 06:00:00,2026-05-20 14:30:00,8.0,0.0,OnPrem-SQLServer
TE-00003245,TS-0000641,EMP-0077,2026-05-21,PRJ-006,WBS-00251,CC-00054,2026-05-21 06:00:00,2026-05-21 14:30:00,8.0,0.0,OnPrem-SQLServer
TE-00003246,TS-0000641,EMP-0077,2026-05-22,PRJ-006,WBS-00256,CC-00051,2026-05-22 06:15:00,2026-05-22 14:45:00,8.0,0.0,OnPrem-SQLServer
TE-00003247,TS-0000642,EMP-0077,2026-05-25,PRJ-010,WBS-00467,CC-00089,2026-05-25 06:15:00,2026-05-25 14:45:00,8.0,0.0,OnPrem-SQLServer
TE-00003248,TS-0000642,EMP-0077,2026-05-26,PRJ-010,WBS-00484,CC-00084,2026-05-26 06:15:00,2026-05-26 14:45:00,8.0,0.0,OnPrem-SQLServer
TE-00003249,TS-0000642,EMP-0077,2026-05-27,PRJ-010,WBS-00449,CC-00087,2026-05-27 06:30:00,2026-05-27 15:00:00,8.0,0.0,OnPrem-SQLServer
TE-00003250,TS-0000642,EMP-0077,2026-05-28,PRJ-010,WBS-00432,CC-00083,2026-05-28 06:00:00,2026-05-28 14:30:00,8.0,0.0,OnPrem-SQLServer
TE-00003251,TS-0000642,EMP-0077,2026-05-29,PRJ-010,WBS-00467,CC-00088,2026-05-29 06:15:00,2026-05-29 14:45:00,8.0,0.0,OnPrem-SQLServer
TE-00003252,TS-0000643,EMP-0077,2026-06-01,PRJ-006,WBS-00231,CC-00051,2026-06-01 06:15:00,2026-06-01 14:45:00,8.0,0.0,OnPrem-SQLServer
TE-00003253,TS-0000643,EMP-0077,2026-06-02,PRJ-006,WBS-00258,CC-00051,2026-06-02 06:15:00,2026-06-02 15:59:24,9.24,1.24,OnPrem-SQLServer
TE-00003254,TS-0000643,EMP-0077,2026-06-03,PRJ-006,WBS-00243,CC-00052,2026-06-03 06:30:00,2026-06-03 15:00:00,8.0,0.0,OnPrem-SQLServer
TE-00003255,TS-0000643,EMP-0077,2026-06-04,PRJ-006,WBS-00254,CC-00054,2026-06-04 06:00:00,2026-06-04 14:30:00,8.0,0.0,OnPrem-SQLServer
TE-00003256,TS-0000643,EMP-0077,2026-06-05,PRJ-006,WBS-00256,CC-00050,2026-06-05 06:00:00,2026-06-05 15:24:36,8.91,0.91,OnPrem-SQLServer
TE-00003257,TS-0000644,EMP-0077,2026-06-08,PRJ-006,WBS-00249,CC-00051,2026-06-08 06:00:00,2026-06-08 14:30:00,8.0,0.0,OnPrem-SQLServer
TE-00003258,TS-0000644,EMP-0077,2026-06-09,PRJ-006,WBS-00231,CC-00050,2026-06-09 06:15:00,2026-06-09 14:45:00,8.0,0.0,OnPrem-SQLServer
TE-00003259,TS-0000644,EMP-0077,2026-06-10,PRJ-006,WBS-00239,CC-00047,2026-06-10 06:15:00,2026-06-10 14:45:00,8.0,0.0,OnPrem-SQLServer
TE-00003260,TS-0000644,EMP-0077,2026-06-11,PRJ-006,WBS-00256,CC-00054,2026-06-11 06:15:00,2026-06-11 14:45:00,8.0,0.0,OnPrem-SQLServer
TE-00003261,TS-0000644,EMP-0077,2026-06-12,PRJ-006,WBS-00247,CC-00053,2026-06-12 06:30:00,2026-06-12 16:22:12,9.37,1.37,OnPrem-SQLServer
TE-00003262,TS-0000645,EMP-0077,2026-06-15,PRJ-006,WBS-00258,CC-00054,2026-06-15 06:30:00,2026-06-15 16:46:48,9.78,1.78,OnPrem-SQLServer
TE-00003263,TS-0000645,EMP-0077,2026-06-16,PRJ-006,WBS-00220,CC-00046,2026-06-16 06:00:00,2026-06-16 15:52:48,9.38,1.38,OnPrem-SQLServer
TE-00003264,TS-0000645,EMP-0077,2026-06-17,PRJ-006,WBS-00246,CC-00051,2026-06-17 06:15:00,2026-06-17 14:45:00,8.0,0.0,OnPrem-SQLServer
TE-00003265,TS-0000645,EMP-0077,2026-06-18,PRJ-006,WBS-00242,CC-00047,2026-06-18 06:15:00,2026-06-18 14:45:00,8.0,0.0,OnPrem-SQLServer
TE-00003266,TS-0000645,EMP-0077,2026-06-19,PRJ-006,WBS-00250,CC-00054,2026-06-19 06:00:00,2026-06-19 14:30:00,8.0,0.0,OnPrem-SQLServer
TE-00003267,TS-0000646,EMP-0077,2026-06-22,PRJ-006,WBS-00250,CC-00053,2026-06-22 06:00:00,2026-06-22 14:30:00,8.0,0.0,OnPrem-SQLServer
TE-00003268,TS-0000646,EMP-0077,2026-06-23,PRJ-006,WBS-00233,CC-00050,2026-06-23 06:00:00,2026-06-23 14:30:00,8.0,0.0,OnPrem-SQLServer
TE-00003269,TS-0000646,EMP-0077,2026-06-24,PRJ-006,WBS-00228,CC-00049,2026-06-24 06:00:00,2026-06-24 14:30:00,8.0,0.0,OnPrem-SQLServer
TE-00003270,TS-0000646,EMP-0077,2026-06-25,PRJ-006,WBS-00217,CC-00048,2026-06-25 06:30:00,2026-06-25 15:00:00,8.0,0.0,OnPrem-SQLServer
TE-00003271,TS-0000646,EMP-0077,2026-06-26,PRJ-006,WBS-00236,CC-00052,2026-06-26 06:30:00,2026-06-26 15:00:00,8.0,0.0,OnPrem-SQLServer
TE-00003272,TS-0000647,EMP-0077,2026-06-29,PRJ-006,WBS-00224,CC-00053,2026-06-29 06:15:00,2026-06-29 14:45:00,8.0,0.0,OnPrem-SQLServer
TE-00003273,TS-0000647,EMP-0077,2026-06-30,PRJ-006,WBS-00242,CC-00050,2026-06-30 06:15:00,2026-06-30 14:45:00,8.0,0.0,OnPrem-SQLServer
TE-00003274,TS-0000647,EMP-0077,2026-07-01,PRJ-006,WBS-00245,CC-00046,2026-07-01 06:15:00,2026-07-01 14:45:00,8.0,0.0,OnPrem-SQLServer
TE-00003275,TS-0000647,EMP-0077,2026-07-02,PRJ-006,WBS-00251,CC-00051,2026-07-02 06:15:00,2026-07-02 14:45:00,8.0,0.0,OnPrem-SQLServer
TE-00003276,TS-0000647,EMP-0077,2026-07-03,PRJ-006,WBS-00223,CC-00048,2026-07-03 06:15:00,2026-07-03 14:45:00,8.0,0.0,OnPrem-SQLServer
TE-00003277,TS-0000648,EMP-0077,2026-07-06,PRJ-006,WBS-00237,CC-00049,2026-07-06 06:15:00,2026-07-06 14:45:00,8.0,0.0,OnPrem-SQLServer
TE-00003278,TS-0000648,EMP-0077,2026-07-07,PRJ-006,WBS-00248,CC-00051,2026-07-07 06:00:00,2026-07-07 14:30:00,8.0,0.0,OnPrem-SQLServer
TE-00003279,TS-0000648,EMP-0077,2026-07-08,PRJ-006,WBS-00224,CC-00054,2026-07-08 06:15:00,2026-07-08 14:45:00,8.0,0.0,OnPrem-SQLServer
TE-00003280,TS-0000648,EMP-0077,2026-07-09,PRJ-006,WBS-00220,CC-00054,2026-07-09 06:15:00,2026-07-09 14:45:00,8.0,0.0,OnPrem-SQLServer
TE-00003281,TS-0000648,EMP-0077,2026-07-10,PRJ-006,WBS-00248,CC-00050,2026-07-10 06:30:00,2026-07-10 15:00:00,8.0,0.0,OnPrem-SQLServer
TE-00003282,TS-0000649,EMP-0077,2026-07-13,PRJ-006,WBS-00250,CC-00048,2026-07-13 06:30:00,2026-07-13 15:00:00,8.0,0.0,OnPrem-SQLServer
TE-00003283,TS-0000649,EMP-0077,2026-07-14,PRJ-006,WBS-00226,CC-00046,2026-07-14 06:30:00,2026-07-14 15:00:00,8.0,0.0,OnPrem-SQLServer
TE-00003284,TS-0000649,EMP-0077,2026-07-15,PRJ-006,WBS-00252,CC-00047,2026-07-15 06:15:00,2026-07-15 14:45:00,8.0,0.0,OnPrem-SQLServer
TE-00003285,TS-0000649,EMP-0077,2026-07-16,PRJ-006,WBS-00250,CC-00046,2026-07-16 06:30:00,2026-07-16 15:00:00,8.0,0.0,OnPrem-SQLServer
TE-00003286,TS-0000649,EMP-0077,2026-07-17,PRJ-006,WBS-00224,CC-00054,2026-07-17 06:15:00,2026-07-17 14:45:00,8.0,0.0,OnPrem-SQLServer
TE-00003287,TS-0000650,EMP-0077,2026-07-20,PRJ-006,WBS-00216,CC-00053,2026-07-20 06:00:00,2026-07-20 14:30:00,8.0,0.0,OnPrem-SQLServer
TE-00003288,TS-0000650,EMP-0077,2026-07-21,PRJ-006,WBS-00218,CC-00046,2026-07-21 06:15:00,2026-07-21 14:45:00,8.0,0.0,OnPrem-SQLServer
TE-00003289,TS-0000650,EMP-0077,2026-07-22,PRJ-006,WBS-00228,CC-00054,2026-07-22 06:15:00,2026-07-22 14:45:00,8.0,0.0,OnPrem-SQLServer
TE-00003290,TS-0000650,EMP-0077,2026-07-23,PRJ-006,WBS-00247,CC-00049,2026-07-23 06:15:00,2026-07-23 14:45:00,8.0,0.0,OnPrem-SQLServer
TE-00003291,TS-0000650,EMP-0077,2026-07-24,PRJ-006,WBS-00231,CC-00046,2026-07-24 06:15:00,2026-07-24 14:45:00,8.0,0.0,OnPrem-SQLServer
TE-00003292,TS-0000651,EMP-0077,2026-07-27,PRJ-006,WBS-00252,CC-00053,2026-07-27 06:30:00,2026-07-27 15:00:00,8.0,0.0,OnPrem-SQLServer
TE-00003293,TS-0000651,EMP-0077,2026-07-28,PRJ-006,WBS-00243,CC-00053,2026-07-28 06:00:00,2026-07-28 14:30:00,8.0,0.0,OnPrem-SQLServer
TE-00003294,TS-0000651,EMP-0077,2026-07-29,PRJ-006,WBS-00246,CC-00047,2026-07-29 06:00:00,2026-07-29 14:30:00,8.0,0.0,OnPrem-SQLServer
TE-00003295,TS-0000651,EMP-0077,2026-07-30,PRJ-006,WBS-00224,CC-00051,2026-07-30 06:00:00,2026-07-30 16:03:36,9.56,1.56,OnPrem-SQLServer
TE-00003296,TS-0000651,EMP-0077,2026-07-31,PRJ-006,WBS-00254,CC-00052,2026-07-31 06:15:00,2026-07-31 14:45:00,8.0,0.0,OnPrem-SQLServer
TE-00003297,TS-0000652,EMP-0078,2026-06-08,PRJ-007,WBS-00299,CC-00059,2026-06-08 06:15:00,2026-06-08 14:45:00,8.0,0.0,OnPrem-SQLServer
TE-00003298,TS-0000652,EMP-0078,2026-06-09,PRJ-007,WBS-00300,CC-00060,2026-06-09 06:15:00,2026-06-09 14:45:00,8.0,0.0,OnPrem-SQLServer
TE-00003299,TS-0000652,EMP-0078,2026-06-10,PRJ-007,WBS-00275,CC-00061,2026-06-10 06:30:00,2026-06-10 15:00:00,8.0,0.0,OnPrem-SQLServer
TE-00003300,TS-0000652,EMP-0078,2026-06-11,PRJ-007,WBS-00261,CC-00059,2026-06-11 06:30:00,2026-06-11 15:00:00,8.0,0.0,OnPrem-SQLServer
TE-00003301,TS-0000652,EMP-0078,2026-06-12,PRJ-007,WBS-00298,CC-00056,2026-06-12 06:15:00,2026-06-12 15:34:48,8.83,0.83,OnPrem-SQLServer
TE-00003302,TS-0000653,EMP-0078,2026-06-15,PRJ-004,WBS-00159,CC-00033,2026-06-15 06:30:00,2026-06-15 15:00:00,8.0,0.0,OnPrem-SQLServer
TE-00003303,TS-0000653,EMP-0078,2026-06-16,PRJ-004,WBS-00166,CC-00036,2026-06-16 06:30:00,2026-06-16 15:00:00,8.0,0.0,OnPrem-SQLServer
TE-00003304,TS-0000653,EMP-0078,2026-06-17,PRJ-004,WBS-00158,CC-00030,2026-06-17 06:00:00,2026-06-17 14:30:00,8.0,0.0,OnPrem-SQLServer
TE-00003305,TS-0000653,EMP-0078,2026-06-18,PRJ-004,WBS-00133,CC-00032,2026-06-18 06:15:00,2026-06-18 14:45:00,8.0,0.0,OnPrem-SQLServer
TE-00003306,TS-0000653,EMP-0078,2026-06-19,PRJ-004,WBS-00155,CC-00034,2026-06-19 06:15:00,2026-06-19 14:45:00,8.0,0.0,OnPrem-SQLServer
TE-00003307,TS-0000654,EMP-0078,2026-06-22,PRJ-004,WBS-00138,CC-00033,2026-06-22 06:30:00,2026-06-22 15:00:00,8.0,0.0,OnPrem-SQLServer
TE-00003308,TS-0000654,EMP-0078,2026-06-23,PRJ-004,WBS-00139,CC-00031,2026-06-23 06:30:00,2026-06-23 16:52:12,9.87,1.87,OnPrem-SQLServer
TE-00003309,TS-0000654,EMP-0078,2026-06-24,PRJ-004,WBS-00139,CC-00029,2026-06-24 06:00:00,2026-06-24 14:30:00,8.0,0.0,OnPrem-SQLServer
TE-00003310,TS-0000654,EMP-0078,2026-06-25,PRJ-004,WBS-00140,CC-00036,2026-06-25 06:30:00,2026-06-25 15:00:00,8.0,0.0,OnPrem-SQLServer
TE-00003311,TS-0000654,EMP-0078,2026-06-26,PRJ-004,WBS-00151,CC-00031,2026-06-26 06:00:00,2026-06-26 14:30:00,8.0,0.0,OnPrem-SQLServer
TE-00003312,TS-0000655,EMP-0078,2026-06-29,PRJ-004,WBS-00132,CC-00030,2026-06-29 06:00:00,2026-06-29 14:30:00,8.0,0.0,OnPrem-SQLServer
TE-00003313,TS-0000655,EMP-0078,2026-06-30,PRJ-004,WBS-00138,CC-00036,2026-06-30 06:30:00,2026-06-30 15:00:00,8.0,0.0,OnPrem-SQLServer
TE-00003314,TS-0000655,EMP-0078,2026-07-01,PRJ-004,WBS-00152,CC-00028,2026-07-01 06:30:00,2026-07-01 15:00:00,8.0,0.0,OnPrem-SQLServer
TE-00003315,TS-0000655,EMP-0078,2026-07-02,PRJ-004,WBS-00135,CC-00032,2026-07-02 06:00:00,2026-07-02 14:30:00,8.0,0.0,OnPrem-SQLServer
TE-00003316,TS-0000655,EMP-0078,2026-07-03,PRJ-004,WBS-00152,CC-00028,2026-07-03 06:15:00,2026-07-03 14:45:00,8.0,0.0,OnPrem-SQLServer
TE-00003317,TS-0000656,EMP-0078,2026-07-06,PRJ-004,WBS-00132,CC-00032,2026-07-06 06:00:00,2026-07-06 14:30:00,8.0,0.0,OnPrem-SQLServer
TE-00003318,TS-0000656,EMP-0078,2026-07-07,PRJ-004,WBS-00163,CC-00028,2026-07-07 06:15:00,2026-07-07 14:45:00,8.0,0.0,OnPrem-SQLServer
TE-00003319,TS-0000656,EMP-0078,2026-07-08,PRJ-004,WBS-00133,CC-00036,2026-07-08 06:00:00,2026-07-08 15:18:36,8.81,0.81,OnPrem-SQLServer
TE-00003320,TS-0000656,EMP-0078,2026-07-09,PRJ-004,WBS-00155,CC-00031,2026-07-09 06:15:00,2026-07-09 14:45:00,8.0,0.0,OnPrem-SQLServer
TE-00003321,TS-0000656,EMP-0078,2026-07-10,PRJ-004,WBS-00151,CC-00028,2026-07-10 06:30:00,2026-07-10 15:00:00,8.0,0.0,OnPrem-SQLServer
TE-00003322,TS-0000657,EMP-0078,2026-07-13,PRJ-004,WBS-00160,CC-00030,2026-07-13 06:00:00,2026-07-13 15:02:24,8.54,0.54,OnPrem-SQLServer
TE-00003323,TS-0000657,EMP-0078,2026-07-14,PRJ-004,WBS-00146,CC-00031,2026-07-14 06:30:00,2026-07-14 15:00:00,8.0,0.0,OnPrem-SQLServer
TE-00003324,TS-0000657,EMP-0078,2026-07-15,PRJ-004,WBS-00131,CC-00030,2026-07-15 06:15:00,2026-07-15 14:45:00,8.0,0.0,OnPrem-SQLServer
TE-00003325,TS-0000657,EMP-0078,2026-07-16,PRJ-004,WBS-00139,CC-00029,2026-07-16 06:30:00,2026-07-16 15:00:00,8.0,0.0,OnPrem-SQLServer
TE-00003326,TS-0000657,EMP-0078,2026-07-17,PRJ-004,WBS-00133,CC-00036,2026-07-17 06:00:00,2026-07-17 14:30:00,8.0,0.0,OnPrem-SQLServer
TE-00003327,TS-0000658,EMP-0078,2026-07-20,PRJ-004,WBS-00138,CC-00031,2026-07-20 06:15:00,2026-07-20 14:45:00,8.0,0.0,OnPrem-SQLServer
TE-00003328,TS-0000658,EMP-0078,2026-07-21,PRJ-004,WBS-00152,CC-00034,2026-07-21 06:00:00,2026-07-21 14:30:00,8.0,0.0,OnPrem-SQLServer
TE-00003329,TS-0000658,EMP-0078,2026-07-22,PRJ-004,WBS-00143,CC-00028,2026-07-22 06:00:00,2026-07-22 14:30:00,8.0,0.0,OnPrem-SQLServer
TE-00003330,TS-0000658,EMP-0078,2026-07-23,PRJ-004,WBS-00155,CC-00030,2026-07-23 06:30:00,2026-07-23 15:52:12,8.87,0.87,OnPrem-SQLServer
TE-00003331,TS-0000658,EMP-0078,2026-07-24,PRJ-004,WBS-00138,CC-00031,2026-07-24 06:00:00,2026-07-24 15:42:36,9.21,1.21,OnPrem-SQLServer
TE-00003332,TS-0000659,EMP-0078,2026-07-27,PRJ-004,WBS-00144,CC-00031,2026-07-27 06:00:00,2026-07-27 15:20:24,8.84,0.84,OnPrem-SQLServer
TE-00003333,TS-0000659,EMP-0078,2026-07-28,PRJ-004,WBS-00165,CC-00031,2026-07-28 06:30:00,2026-07-28 15:00:00,8.0,0.0,OnPrem-SQLServer
TE-00003334,TS-0000659,EMP-0078,2026-07-29,PRJ-004,WBS-00147,CC-00034,2026-07-29 06:15:00,2026-07-29 14:45:00,8.0,0.0,OnPrem-SQLServer
TE-00003335,TS-0000659,EMP-0078,2026-07-30,PRJ-004,WBS-00132,CC-00034,2026-07-30 06:15:00,2026-07-30 14:45:00,8.0,0.0,OnPrem-SQLServer
TE-00003336,TS-0000659,EMP-0078,2026-07-31,PRJ-004,WBS-00153,CC-00031,2026-07-31 06:30:00,2026-07-31 15:00:00,8.0,0.0,OnPrem-SQLServer
TE-00003337,TS-0000660,EMP-0079,2026-06-15,PRJ-007,WBS-00262,CC-00058,2026-06-15 06:00:00,2026-06-15 14:30:00,8.0,0.0,OnPrem-SQLServer
TE-00003338,TS-0000660,EMP-0079,2026-06-16,PRJ-007,WBS-00300,CC-00056,2026-06-16 06:00:00,2026-06-16 14:30:00,8.0,0.0,OnPrem-SQLServer
TE-00003339,TS-0000660,EMP-0079,2026-06-17,PRJ-007,WBS-00275,CC-00063,2026-06-17 06:30:00,2026-06-17 15:00:00,8.0,0.0,OnPrem-SQLServer
TE-00003340,TS-0000660,EMP-0079,2026-06-18,PRJ-007,WBS-00283,CC-00059,2026-06-18 06:30:00,2026-06-18 15:00:00,8.0,0.0,OnPrem-SQLServer
TE-00003341,TS-0000660,EMP-0079,2026-06-19,PRJ-007,WBS-00263,CC-00059,2026-06-19 06:00:00,2026-06-19 14:30:00,8.0,0.0,OnPrem-SQLServer
TE-00003342,TS-0000661,EMP-0079,2026-06-22,PRJ-007,WBS-00284,CC-00059,2026-06-22 06:15:00,2026-06-22 14:45:00,8.0,0.0,OnPrem-SQLServer
TE-00003343,TS-0000661,EMP-0079,2026-06-23,PRJ-007,WBS-00268,CC-00061,2026-06-23 06:15:00,2026-06-23 14:45:00,8.0,0.0,OnPrem-SQLServer
TE-00003344,TS-0000661,EMP-0079,2026-06-24,PRJ-007,WBS-00267,CC-00056,2026-06-24 06:00:00,2026-06-24 14:30:00,8.0,0.0,OnPrem-SQLServer
TE-00003345,TS-0000661,EMP-0079,2026-06-25,PRJ-007,WBS-00291,CC-00056,2026-06-25 06:30:00,2026-06-25 15:00:00,8.0,0.0,OnPrem-SQLServer
TE-00003346,TS-0000661,EMP-0079,2026-06-26,PRJ-007,WBS-00270,CC-00062,2026-06-26 06:15:00,2026-06-26 14:45:00,8.0,0.0,OnPrem-SQLServer
TE-00003347,TS-0000662,EMP-0079,2026-06-29,PRJ-007,WBS-00262,CC-00063,2026-06-29 06:00:00,2026-06-29 14:30:00,8.0,0.0,OnPrem-SQLServer
TE-00003348,TS-0000662,EMP-0079,2026-06-30,PRJ-007,WBS-00269,CC-00058,2026-06-30 06:30:00,2026-06-30 16:14:24,9.24,1.24,OnPrem-SQLServer
TE-00003349,TS-0000662,EMP-0079,2026-07-01,PRJ-007,WBS-00292,CC-00062,2026-07-01 06:15:00,2026-07-01 14:45:00,8.0,0.0,OnPrem-SQLServer
TE-00003350,TS-0000662,EMP-0079,2026-07-02,PRJ-007,WBS-00293,CC-00055,2026-07-02 06:15:00,2026-07-02 15:36:36,8.86,0.86,OnPrem-SQLServer
TE-00003351,TS-0000662,EMP-0079,2026-07-03,PRJ-007,WBS-00264,CC-00062,2026-07-03 06:15:00,2026-07-03 14:45:00,8.0,0.0,OnPrem-SQLServer
TE-00003352,TS-0000663,EMP-0079,2026-07-06,PRJ-007,WBS-00266,CC-00060,2026-07-06 06:30:00,2026-07-06 15:00:00,8.0,0.0,OnPrem-SQLServer
TE-00003353,TS-0000663,EMP-0079,2026-07-07,PRJ-007,WBS-00291,CC-00060,2026-07-07 06:15:00,2026-07-07 14:45:00,8.0,0.0,OnPrem-SQLServer
TE-00003354,TS-0000663,EMP-0079,2026-07-08,PRJ-007,WBS-00296,CC-00060,2026-07-08 06:00:00,2026-07-08 14:30:00,8.0,0.0,OnPrem-SQLServer
TE-00003355,TS-0000663,EMP-0079,2026-07-09,PRJ-007,WBS-00272,CC-00063,2026-07-09 06:00:00,2026-07-09 14:30:00,8.0,0.0,OnPrem-SQLServer
TE-00003356,TS-0000663,EMP-0079,2026-07-10,PRJ-007,WBS-00275,CC-00062,2026-07-10 06:15:00,2026-07-10 14:45:00,8.0,0.0,OnPrem-SQLServer
TE-00003357,TS-0000664,EMP-0079,2026-07-13,PRJ-007,WBS-00296,CC-00056,2026-07-13 06:30:00,2026-07-13 15:00:00,8.0,0.0,OnPrem-SQLServer
TE-00003358,TS-0000664,EMP-0079,2026-07-14,PRJ-007,WBS-00290,CC-00055,2026-07-14 06:00:00,2026-07-14 14:30:00,8.0,0.0,OnPrem-SQLServer
TE-00003359,TS-0000664,EMP-0079,2026-07-15,PRJ-007,WBS-00263,CC-00056,2026-07-15 06:00:00,2026-07-15 15:13:12,8.72,0.72,OnPrem-SQLServer
TE-00003360,TS-0000664,EMP-0079,2026-07-16,PRJ-007,WBS-00298,CC-00055,2026-07-16 06:15:00,2026-07-16 14:45:00,8.0,0.0,OnPrem-SQLServer
TE-00003361,TS-0000664,EMP-0079,2026-07-17,PRJ-007,WBS-00289,CC-00058,2026-07-17 06:00:00,2026-07-17 14:30:00,8.0,0.0,OnPrem-SQLServer
TE-00003362,TS-0000665,EMP-0079,2026-07-20,PRJ-007,WBS-00262,CC-00057,2026-07-20 06:00:00,2026-07-20 14:30:00,8.0,0.0,OnPrem-SQLServer
TE-00003363,TS-0000665,EMP-0079,2026-07-21,PRJ-007,WBS-00287,CC-00063,2026-07-21 06:15:00,2026-07-21 15:30:00,8.75,0.75,OnPrem-SQLServer
TE-00003364,TS-0000665,EMP-0079,2026-07-22,PRJ-007,WBS-00261,CC-00060,2026-07-22 06:00:00,2026-07-22 14:30:00,8.0,0.0,OnPrem-SQLServer
TE-00003365,TS-0000665,EMP-0079,2026-07-23,PRJ-007,WBS-00264,CC-00055,2026-07-23 06:00:00,2026-07-23 14:30:00,8.0,0.0,OnPrem-SQLServer
TE-00003366,TS-0000665,EMP-0079,2026-07-24,PRJ-007,WBS-00299,CC-00062,2026-07-24 06:15:00,2026-07-24 14:45:00,8.0,0.0,OnPrem-SQLServer
TE-00003367,TS-0000666,EMP-0079,2026-07-27,PRJ-007,WBS-00286,CC-00057,2026-07-27 06:30:00,2026-07-27 15:00:00,8.0,0.0,OnPrem-SQLServer
TE-00003368,TS-0000666,EMP-0079,2026-07-28,PRJ-007,WBS-00293,CC-00062,2026-07-28 06:30:00,2026-07-28 15:00:00,8.0,0.0,OnPrem-SQLServer
TE-00003369,TS-0000666,EMP-0079,2026-07-29,PRJ-007,WBS-00272,CC-00056,2026-07-29 06:00:00,2026-07-29 14:30:00,8.0,0.0,OnPrem-SQLServer
TE-00003370,TS-0000666,EMP-0079,2026-07-30,PRJ-007,WBS-00268,CC-00061,2026-07-30 06:00:00,2026-07-30 14:30:00,8.0,0.0,OnPrem-SQLServer
TE-00003371,TS-0000666,EMP-0079,2026-07-31,PRJ-007,WBS-00281,CC-00058,2026-07-31 06:15:00,2026-07-31 14:45:00,8.0,0.0,OnPrem-SQLServer
TE-00003372,TS-0000667,EMP-0080,2026-06-15,PRJ-012,WBS-00548,CC-00102,2026-06-15 06:15:00,2026-06-15 15:32:24,8.79,0.79,OnPrem-SQLServer
TE-00003373,TS-0000667,EMP-0080,2026-06-16,PRJ-012,WBS-00551,CC-00108,2026-06-16 06:00:00,2026-06-16 14:30:00,8.0,0.0,OnPrem-SQLServer
TE-00003374,TS-0000667,EMP-0080,2026-06-17,PRJ-012,WBS-00579,CC-00104,2026-06-17 06:15:00,2026-06-17 14:45:00,8.0,0.0,OnPrem-SQLServer
TE-00003375,TS-0000667,EMP-0080,2026-06-18,PRJ-012,WBS-00543,CC-00101,2026-06-18 06:30:00,2026-06-18 15:00:00,8.0,0.0,OnPrem-SQLServer
TE-00003376,TS-0000667,EMP-0080,2026-06-19,PRJ-012,WBS-00574,CC-00104,2026-06-19 06:00:00,2026-06-19 14:30:00,8.0,0.0,OnPrem-SQLServer
TE-00003377,TS-0000668,EMP-0080,2026-06-22,PRJ-012,WBS-00557,CC-00106,2026-06-22 06:15:00,2026-06-22 14:45:00,8.0,0.0,OnPrem-SQLServer
TE-00003378,TS-0000668,EMP-0080,2026-06-23,PRJ-012,WBS-00556,CC-00104,2026-06-23 06:30:00,2026-06-23 15:00:00,8.0,0.0,OnPrem-SQLServer
TE-00003379,TS-0000668,EMP-0080,2026-06-24,PRJ-012,WBS-00576,CC-00104,2026-06-24 06:15:00,2026-06-24 14:45:00,8.0,0.0,OnPrem-SQLServer
TE-00003380,TS-0000668,EMP-0080,2026-06-25,PRJ-012,WBS-00559,CC-00103,2026-06-25 06:00:00,2026-06-25 14:30:00,8.0,0.0,OnPrem-SQLServer
TE-00003381,TS-0000668,EMP-0080,2026-06-26,PRJ-012,WBS-00568,CC-00108,2026-06-26 06:30:00,2026-06-26 15:00:00,8.0,0.0,OnPrem-SQLServer
TE-00003382,TS-0000669,EMP-0080,2026-06-29,PRJ-012,WBS-00562,CC-00100,2026-06-29 06:00:00,2026-06-29 14:30:00,8.0,0.0,OnPrem-SQLServer
TE-00003383,TS-0000669,EMP-0080,2026-06-30,PRJ-012,WBS-00561,CC-00101,2026-06-30 06:15:00,2026-06-30 14:45:00,8.0,0.0,OnPrem-SQLServer
TE-00003384,TS-0000669,EMP-0080,2026-07-01,PRJ-012,WBS-00547,CC-00103,2026-07-01 06:15:00,2026-07-01 16:22:12,9.62,1.62,OnPrem-SQLServer
TE-00003385,TS-0000669,EMP-0080,2026-07-02,PRJ-012,WBS-00551,CC-00104,2026-07-02 06:15:00,2026-07-02 15:21:00,8.6,0.6,OnPrem-SQLServer
TE-00003386,TS-0000669,EMP-0080,2026-07-03,PRJ-012,WBS-00556,CC-00108,2026-07-03 06:30:00,2026-07-03 15:00:00,8.0,0.0,OnPrem-SQLServer
TE-00003387,TS-0000670,EMP-0080,2026-07-06,PRJ-012,WBS-00561,CC-00100,2026-07-06 06:30:00,2026-07-06 15:00:00,8.0,0.0,OnPrem-SQLServer
TE-00003388,TS-0000670,EMP-0080,2026-07-07,PRJ-012,WBS-00567,CC-00108,2026-07-07 06:30:00,2026-07-07 16:34:12,9.57,1.57,OnPrem-SQLServer
TE-00003389,TS-0000670,EMP-0080,2026-07-08,PRJ-012,WBS-00567,CC-00106,2026-07-08 06:00:00,2026-07-08 14:30:00,8.0,0.0,OnPrem-SQLServer
TE-00003390,TS-0000670,EMP-0080,2026-07-09,PRJ-012,WBS-00558,CC-00100,2026-07-09 06:30:00,2026-07-09 15:00:00,8.0,0.0,OnPrem-SQLServer
TE-00003391,TS-0000670,EMP-0080,2026-07-10,PRJ-012,WBS-00555,CC-00104,2026-07-10 06:00:00,2026-07-10 14:30:00,8.0,0.0,OnPrem-SQLServer
TE-00003392,TS-0000671,EMP-0080,2026-07-13,PRJ-012,WBS-00564,CC-00106,2026-07-13 06:15:00,2026-07-13 14:45:00,8.0,0.0,OnPrem-SQLServer
TE-00003393,TS-0000671,EMP-0080,2026-07-14,PRJ-012,WBS-00565,CC-00102,2026-07-14 06:30:00,2026-07-14 15:00:00,8.0,0.0,OnPrem-SQLServer
TE-00003394,TS-0000671,EMP-0080,2026-07-15,PRJ-012,WBS-00567,CC-00103,2026-07-15 06:30:00,2026-07-15 16:03:36,9.06,1.06,OnPrem-SQLServer
TE-00003395,TS-0000671,EMP-0080,2026-07-16,PRJ-012,WBS-00577,CC-00101,2026-07-16 06:30:00,2026-07-16 15:00:00,8.0,0.0,OnPrem-SQLServer
TE-00003396,TS-0000671,EMP-0080,2026-07-17,PRJ-012,WBS-00574,CC-00100,2026-07-17 06:15:00,2026-07-17 14:45:00,8.0,0.0,OnPrem-SQLServer
TE-00003397,TS-0000672,EMP-0080,2026-07-20,PRJ-012,WBS-00546,CC-00101,2026-07-20 06:00:00,2026-07-20 14:30:00,8.0,0.0,OnPrem-SQLServer
TE-00003398,TS-0000672,EMP-0080,2026-07-21,PRJ-012,WBS-00560,CC-00105,2026-07-21 06:15:00,2026-07-21 14:45:00,8.0,0.0,OnPrem-SQLServer
TE-00003399,TS-0000672,EMP-0080,2026-07-22,PRJ-012,WBS-00550,CC-00103,2026-07-22 06:30:00,2026-07-22 15:00:00,8.0,0.0,OnPrem-SQLServer
TE-00003400,TS-0000672,EMP-0080,2026-07-23,PRJ-012,WBS-00564,CC-00108,2026-07-23 06:30:00,2026-07-23 15:00:00,8.0,0.0,OnPrem-SQLServer
TE-00003401,TS-0000672,EMP-0080,2026-07-24,PRJ-012,WBS-00553,CC-00106,2026-07-24 06:15:00,2026-07-24 14:45:00,8.0,0.0,OnPrem-SQLServer
TE-00003402,TS-0000673,EMP-0080,2026-07-27,PRJ-012,WBS-00572,CC-00107,2026-07-27 06:15:00,2026-07-27 14:45:00,8.0,0.0,OnPrem-SQLServer
TE-00003403,TS-0000673,EMP-0080,2026-07-28,PRJ-012,WBS-00550,CC-00100,2026-07-28 06:15:00,2026-07-28 14:45:00,8.0,0.0,OnPrem-SQLServer
TE-00003404,TS-0000673,EMP-0080,2026-07-29,PRJ-012,WBS-00555,CC-00104,2026-07-29 06:00:00,2026-07-29 14:30:00,8.0,0.0,OnPrem-SQLServer
TE-00003405,TS-0000673,EMP-0080,2026-07-30,PRJ-012,WBS-00548,CC-00108,2026-07-30 06:15:00,2026-07-30 14:45:00,8.0,0.0,OnPrem-SQLServer
TE-00003406,TS-0000673,EMP-0080,2026-07-31,PRJ-012,WBS-00569,CC-00106,2026-07-31 06:00:00,2026-07-31 14:30:00,8.0,0.0,OnPrem-SQLServer
TE-00003407,TS-0000674,EMP-0082,2026-05-25,PRJ-004,WBS-00164,CC-00036,2026-05-25 06:15:00,2026-05-25 14:45:00,8.0,0.0,OnPrem-SQLServer
TE-00003408,TS-0000674,EMP-0082,2026-05-26,PRJ-004,WBS-00151,CC-00036,2026-05-26 06:15:00,2026-05-26 16:02:24,9.29,1.29,OnPrem-SQLServer
TE-00003409,TS-0000674,EMP-0082,2026-05-27,PRJ-004,WBS-00167,CC-00032,2026-05-27 06:00:00,2026-05-27 16:27:36,9.96,1.96,OnPrem-SQLServer
TE-00003410,TS-0000674,EMP-0082,2026-05-28,PRJ-004,WBS-00158,CC-00028,2026-05-28 06:15:00,2026-05-28 14:45:00,8.0,0.0,OnPrem-SQLServer
TE-00003411,TS-0000674,EMP-0082,2026-05-29,PRJ-004,WBS-00159,CC-00036,2026-05-29 06:15:00,2026-05-29 15:49:48,9.08,1.08,OnPrem-SQLServer
TE-00003412,TS-0000675,EMP-0082,2026-06-01,PRJ-004,WBS-00166,CC-00032,2026-06-01 06:30:00,2026-06-01 15:00:00,8.0,0.0,OnPrem-SQLServer
TE-00003413,TS-0000675,EMP-0082,2026-06-02,PRJ-004,WBS-00147,CC-00029,2026-06-02 06:30:00,2026-06-02 15:00:00,8.0,0.0,OnPrem-SQLServer
TE-00003414,TS-0000675,EMP-0082,2026-06-03,PRJ-004,WBS-00160,CC-00028,2026-06-03 06:00:00,2026-06-03 14:30:00,8.0,0.0,OnPrem-SQLServer
TE-00003415,TS-0000675,EMP-0082,2026-06-04,PRJ-004,WBS-00165,CC-00036,2026-06-04 06:30:00,2026-06-04 15:00:00,8.0,0.0,OnPrem-SQLServer
TE-00003416,TS-0000675,EMP-0082,2026-06-05,PRJ-004,WBS-00148,CC-00035,2026-06-05 06:00:00,2026-06-05 14:30:00,8.0,0.0,OnPrem-SQLServer
TE-00003417,TS-0000676,EMP-0082,2026-06-08,PRJ-010,WBS-00460,CC-00083,2026-06-08 06:00:00,2026-06-08 14:30:00,8.0,0.0,OnPrem-SQLServer
TE-00003418,TS-0000676,EMP-0082,2026-06-09,PRJ-010,WBS-00477,CC-00083,2026-06-09 06:00:00,2026-06-09 14:30:00,8.0,0.0,OnPrem-SQLServer
TE-00003419,TS-0000676,EMP-0082,2026-06-10,PRJ-010,WBS-00476,CC-00083,2026-06-10 06:30:00,2026-06-10 15:00:00,8.0,0.0,OnPrem-SQLServer
TE-00003420,TS-0000676,EMP-0082,2026-06-11,PRJ-010,WBS-00442,CC-00088,2026-06-11 06:00:00,2026-06-11 14:30:00,8.0,0.0,OnPrem-SQLServer
TE-00003421,TS-0000676,EMP-0082,2026-06-12,PRJ-010,WBS-00476,CC-00086,2026-06-12 06:15:00,2026-06-12 14:45:00,8.0,0.0,OnPrem-SQLServer
TE-00003422,TS-0000677,EMP-0082,2026-06-15,PRJ-004,WBS-00156,CC-00032,2026-06-15 06:30:00,2026-06-15 15:00:00,8.0,0.0,OnPrem-SQLServer
TE-00003423,TS-0000677,EMP-0082,2026-06-16,PRJ-004,WBS-00133,CC-00028,2026-06-16 06:15:00,2026-06-16 14:45:00,8.0,0.0,OnPrem-SQLServer
TE-00003424,TS-0000677,EMP-0082,2026-06-17,PRJ-004,WBS-00135,CC-00030,2026-06-17 06:30:00,2026-06-17 15:46:48,8.78,0.78,OnPrem-SQLServer
TE-00003425,TS-0000677,EMP-0082,2026-06-18,PRJ-004,WBS-00133,CC-00028,2026-06-18 06:15:00,2026-06-18 14:45:00,8.0,0.0,OnPrem-SQLServer
TE-00003426,TS-0000677,EMP-0082,2026-06-19,PRJ-004,WBS-00149,CC-00035,2026-06-19 06:00:00,2026-06-19 14:30:00,8.0,0.0,OnPrem-SQLServer
TE-00003427,TS-0000678,EMP-0082,2026-06-22,PRJ-004,WBS-00132,CC-00030,2026-06-22 06:30:00,2026-06-22 15:00:00,8.0,0.0,OnPrem-SQLServer
TE-00003428,TS-0000678,EMP-0082,2026-06-23,PRJ-004,WBS-00137,CC-00034,2026-06-23 06:30:00,2026-06-23 15:00:00,8.0,0.0,OnPrem-SQLServer
TE-00003429,TS-0000678,EMP-0082,2026-06-24,PRJ-004,WBS-00160,CC-00033,2026-06-24 06:30:00,2026-06-24 15:00:00,8.0,0.0,OnPrem-SQLServer
TE-00003430,TS-0000678,EMP-0082,2026-06-25,PRJ-004,WBS-00144,CC-00034,2026-06-25 06:30:00,2026-06-25 15:00:00,8.0,0.0,OnPrem-SQLServer
TE-00003431,TS-0000678,EMP-0082,2026-06-26,PRJ-004,WBS-00140,CC-00035,2026-06-26 06:00:00,2026-06-26 14:30:00,8.0,0.0,OnPrem-SQLServer
TE-00003432,TS-0000679,EMP-0082,2026-06-29,PRJ-004,WBS-00149,CC-00034,2026-06-29 06:00:00,2026-06-29 14:30:00,8.0,0.0,OnPrem-SQLServer
TE-00003433,TS-0000679,EMP-0082,2026-06-30,PRJ-004,WBS-00132,CC-00029,2026-06-30 06:15:00,2026-06-30 16:38:24,9.89,1.89,OnPrem-SQLServer
TE-00003434,TS-0000679,EMP-0082,2026-07-01,PRJ-004,WBS-00166,CC-00030,2026-07-01 06:30:00,2026-07-01 15:00:00,8.0,0.0,OnPrem-SQLServer
TE-00003435,TS-0000679,EMP-0082,2026-07-02,PRJ-004,WBS-00154,CC-00035,2026-07-02 06:30:00,2026-07-02 15:00:00,8.0,0.0,OnPrem-SQLServer
TE-00003436,TS-0000679,EMP-0082,2026-07-03,PRJ-004,WBS-00136,CC-00036,2026-07-03 06:00:00,2026-07-03 15:06:36,8.61,0.61,OnPrem-SQLServer
TE-00003437,TS-0000680,EMP-0082,2026-07-06,PRJ-004,WBS-00151,CC-00030,2026-07-06 06:00:00,2026-07-06 14:30:00,8.0,0.0,OnPrem-SQLServer
TE-00003438,TS-0000680,EMP-0082,2026-07-07,PRJ-004,WBS-00159,CC-00029,2026-07-07 06:00:00,2026-07-07 15:36:00,9.1,1.1,OnPrem-SQLServer
TE-00003439,TS-0000680,EMP-0082,2026-07-08,PRJ-004,WBS-00134,CC-00035,2026-07-08 06:15:00,2026-07-08 14:45:00,8.0,0.0,OnPrem-SQLServer
TE-00003440,TS-0000680,EMP-0082,2026-07-09,PRJ-004,WBS-00159,CC-00031,2026-07-09 06:30:00,2026-07-09 15:00:00,8.0,0.0,OnPrem-SQLServer
TE-00003441,TS-0000680,EMP-0082,2026-07-10,PRJ-004,WBS-00139,CC-00033,2026-07-10 06:15:00,2026-07-10 14:45:00,8.0,0.0,OnPrem-SQLServer
TE-00003442,TS-0000681,EMP-0082,2026-07-13,PRJ-004,WBS-00160,CC-00033,2026-07-13 06:00:00,2026-07-13 14:30:00,8.0,0.0,OnPrem-SQLServer
TE-00003443,TS-0000681,EMP-0082,2026-07-14,PRJ-004,WBS-00156,CC-00031,2026-07-14 06:30:00,2026-07-14 15:00:00,8.0,0.0,OnPrem-SQLServer
TE-00003444,TS-0000681,EMP-0082,2026-07-15,PRJ-004,WBS-00148,CC-00034,2026-07-15 06:30:00,2026-07-15 15:00:00,8.0,0.0,OnPrem-SQLServer
TE-00003445,TS-0000681,EMP-0082,2026-07-16,PRJ-004,WBS-00142,CC-00032,2026-07-16 06:15:00,2026-07-16 14:45:00,8.0,0.0,OnPrem-SQLServer
TE-00003446,TS-0000681,EMP-0082,2026-07-17,PRJ-004,WBS-00141,CC-00033,2026-07-17 06:00:00,2026-07-17 14:30:00,8.0,0.0,OnPrem-SQLServer
TE-00003447,TS-0000682,EMP-0082,2026-07-20,PRJ-004,WBS-00160,CC-00034,2026-07-20 06:00:00,2026-07-20 15:38:24,9.14,1.14,OnPrem-SQLServer
TE-00003448,TS-0000682,EMP-0082,2026-07-21,PRJ-004,WBS-00146,CC-00031,2026-07-21 06:00:00,2026-07-21 14:30:00,8.0,0.0,OnPrem-SQLServer
TE-00003449,TS-0000682,EMP-0082,2026-07-22,PRJ-004,WBS-00162,CC-00036,2026-07-22 06:15:00,2026-07-22 14:45:00,8.0,0.0,OnPrem-SQLServer
TE-00003450,TS-0000682,EMP-0082,2026-07-23,PRJ-004,WBS-00156,CC-00036,2026-07-23 06:30:00,2026-07-23 15:00:00,8.0,0.0,OnPrem-SQLServer
TE-00003451,TS-0000682,EMP-0082,2026-07-24,PRJ-004,WBS-00153,CC-00036,2026-07-24 06:00:00,2026-07-24 14:30:00,8.0,0.0,OnPrem-SQLServer
TE-00003452,TS-0000683,EMP-0082,2026-07-27,PRJ-004,WBS-00133,CC-00029,2026-07-27 06:30:00,2026-07-27 15:00:00,8.0,0.0,OnPrem-SQLServer
TE-00003453,TS-0000683,EMP-0082,2026-07-28,PRJ-004,WBS-00145,CC-00035,2026-07-28 06:30:00,2026-07-28 15:00:00,8.0,0.0,OnPrem-SQLServer
TE-00003454,TS-0000683,EMP-0082,2026-07-29,PRJ-004,WBS-00159,CC-00028,2026-07-29 06:15:00,2026-07-29 14:45:00,8.0,0.0,OnPrem-SQLServer
TE-00003455,TS-0000683,EMP-0082,2026-07-30,PRJ-004,WBS-00131,CC-00036,2026-07-30 06:30:00,2026-07-30 15:00:00,8.0,0.0,OnPrem-SQLServer
TE-00003456,TS-0000683,EMP-0082,2026-07-31,PRJ-004,WBS-00148,CC-00036,2026-07-31 06:30:00,2026-07-31 15:00:00,8.0,0.0,OnPrem-SQLServer
TE-00003457,TS-0000684,EMP-0084,2026-04-20,PRJ-003,WBS-00097,CC-00019,2026-04-20 06:30:00,2026-04-20 15:00:00,8.0,0.0,OnPrem-SQLServer
TE-00003458,TS-0000684,EMP-0084,2026-04-21,PRJ-003,WBS-00103,CC-00019,2026-04-21 06:00:00,2026-04-21 14:30:00,8.0,0.0,OnPrem-SQLServer
TE-00003459,TS-0000684,EMP-0084,2026-04-22,PRJ-003,WBS-00113,CC-00027,2026-04-22 06:15:00,2026-04-22 14:45:00,8.0,0.0,OnPrem-SQLServer
TE-00003460,TS-0000684,EMP-0084,2026-04-23,PRJ-003,WBS-00128,CC-00022,2026-04-23 06:00:00,2026-04-23 14:30:00,8.0,0.0,OnPrem-SQLServer
TE-00003461,TS-0000684,EMP-0084,2026-04-24,PRJ-003,WBS-00118,CC-00024,2026-04-24 06:30:00,2026-04-24 15:00:00,8.0,0.0,OnPrem-SQLServer
TE-00003462,TS-0000685,EMP-0084,2026-04-27,PRJ-003,WBS-00097,CC-00025,2026-04-27 06:00:00,2026-04-27 14:30:00,8.0,0.0,OnPrem-SQLServer
TE-00003463,TS-0000685,EMP-0084,2026-04-28,PRJ-003,WBS-00090,CC-00024,2026-04-28 06:30:00,2026-04-28 15:00:00,8.0,0.0,OnPrem-SQLServer
TE-00003464,TS-0000685,EMP-0084,2026-04-29,PRJ-003,WBS-00090,CC-00022,2026-04-29 06:00:00,2026-04-29 14:30:00,8.0,0.0,OnPrem-SQLServer
TE-00003465,TS-0000685,EMP-0084,2026-04-30,PRJ-003,WBS-00093,CC-00024,2026-04-30 06:15:00,2026-04-30 14:45:00,8.0,0.0,OnPrem-SQLServer
TE-00003466,TS-0000685,EMP-0084,2026-05-01,PRJ-003,WBS-00116,CC-00023,2026-05-01 06:00:00,2026-05-01 14:30:00,8.0,0.0,OnPrem-SQLServer
TE-00003467,TS-0000686,EMP-0084,2026-05-04,PRJ-003,WBS-00124,CC-00020,2026-05-04 06:00:00,2026-05-04 15:20:24,8.84,0.84,OnPrem-SQLServer
TE-00003468,TS-0000686,EMP-0084,2026-05-05,PRJ-003,WBS-00096,CC-00022,2026-05-05 06:15:00,2026-05-05 14:45:00,8.0,0.0,OnPrem-SQLServer
TE-00003469,TS-0000686,EMP-0084,2026-05-06,PRJ-003,WBS-00113,CC-00019,2026-05-06 06:00:00,2026-05-06 14:30:00,8.0,0.0,OnPrem-SQLServer
TE-00003470,TS-0000686,EMP-0084,2026-05-07,PRJ-003,WBS-00098,CC-00021,2026-05-07 06:15:00,2026-05-07 14:45:00,8.0,0.0,OnPrem-SQLServer
TE-00003471,TS-0000686,EMP-0084,2026-05-08,PRJ-003,WBS-00129,CC-00022,2026-05-08 06:30:00,2026-05-08 15:00:00,8.0,0.0,OnPrem-SQLServer
TE-00003472,TS-0000687,EMP-0084,2026-05-11,PRJ-003,WBS-00114,CC-00020,2026-05-11 06:00:00,2026-05-11 14:30:00,8.0,0.0,OnPrem-SQLServer
TE-00003473,TS-0000687,EMP-0084,2026-05-12,PRJ-003,WBS-00127,CC-00025,2026-05-12 06:30:00,2026-05-12 15:00:00,8.0,0.0,OnPrem-SQLServer
TE-00003474,TS-0000687,EMP-0084,2026-05-13,PRJ-003,WBS-00105,CC-00027,2026-05-13 06:30:00,2026-05-13 15:00:00,8.0,0.0,OnPrem-SQLServer
TE-00003475,TS-0000687,EMP-0084,2026-05-14,PRJ-003,WBS-00114,CC-00021,2026-05-14 06:00:00,2026-05-14 14:30:00,8.0,0.0,OnPrem-SQLServer
TE-00003476,TS-0000687,EMP-0084,2026-05-15,PRJ-003,WBS-00101,CC-00024,2026-05-15 06:00:00,2026-05-15 14:30:00,8.0,0.0,OnPrem-SQLServer
TE-00003477,TS-0000688,EMP-0084,2026-05-18,PRJ-003,WBS-00107,CC-00022,2026-05-18 06:15:00,2026-05-18 14:45:00,8.0,0.0,OnPrem-SQLServer
TE-00003478,TS-0000688,EMP-0084,2026-05-19,PRJ-003,WBS-00098,CC-00025,2026-05-19 06:00:00,2026-05-19 14:30:00,8.0,0.0,OnPrem-SQLServer
TE-00003479,TS-0000688,EMP-0084,2026-05-20,PRJ-003,WBS-00089,CC-00022,2026-05-20 06:30:00,2026-05-20 15:00:00,8.0,0.0,OnPrem-SQLServer
TE-00003480,TS-0000688,EMP-0084,2026-05-21,PRJ-003,WBS-00109,CC-00024,2026-05-21 06:15:00,2026-05-21 14:45:00,8.0,0.0,OnPrem-SQLServer
TE-00003481,TS-0000688,EMP-0084,2026-05-22,PRJ-003,WBS-00123,CC-00025,2026-05-22 06:30:00,2026-05-22 15:00:00,8.0,0.0,OnPrem-SQLServer
TE-00003482,TS-0000689,EMP-0084,2026-05-25,PRJ-004,WBS-00139,CC-00031,2026-05-25 06:15:00,2026-05-25 14:45:00,8.0,0.0,OnPrem-SQLServer
TE-00003483,TS-0000689,EMP-0084,2026-05-26,PRJ-004,WBS-00151,CC-00031,2026-05-26 06:30:00,2026-05-26 15:00:00,8.0,0.0,OnPrem-SQLServer
TE-00003484,TS-0000689,EMP-0084,2026-05-27,PRJ-004,WBS-00157,CC-00028,2026-05-27 06:00:00,2026-05-27 16:10:12,9.67,1.67,OnPrem-SQLServer
TE-00003485,TS-0000689,EMP-0084,2026-05-28,PRJ-004,WBS-00167,CC-00030,2026-05-28 06:00:00,2026-05-28 14:30:00,8.0,0.0,OnPrem-SQLServer
TE-00003486,TS-0000689,EMP-0084,2026-05-29,PRJ-004,WBS-00141,CC-00034,2026-05-29 06:15:00,2026-05-29 14:45:00,8.0,0.0,OnPrem-SQLServer
TE-00003487,TS-0000690,EMP-0084,2026-06-01,PRJ-003,WBS-00103,CC-00023,2026-06-01 06:00:00,2026-06-01 14:30:00,8.0,0.0,OnPrem-SQLServer
TE-00003488,TS-0000690,EMP-0084,2026-06-02,PRJ-003,WBS-00125,CC-00024,2026-06-02 06:30:00,2026-06-02 15:00:00,8.0,0.0,OnPrem-SQLServer
TE-00003489,TS-0000690,EMP-0084,2026-06-03,PRJ-003,WBS-00105,CC-00023,2026-06-03 06:30:00,2026-06-03 15:00:00,8.0,0.0,OnPrem-SQLServer
TE-00003490,TS-0000690,EMP-0084,2026-06-04,PRJ-003,WBS-00121,CC-00021,2026-06-04 06:15:00,2026-06-04 14:45:00,8.0,0.0,OnPrem-SQLServer
TE-00003491,TS-0000690,EMP-0084,2026-06-05,PRJ-003,WBS-00090,CC-00023,2026-06-05 06:15:00,2026-06-05 14:45:00,8.0,0.0,OnPrem-SQLServer
TE-00003492,TS-0000691,EMP-0084,2026-06-08,PRJ-003,WBS-00090,CC-00022,2026-06-08 06:00:00,2026-06-08 14:30:00,8.0,0.0,OnPrem-SQLServer
TE-00003493,TS-0000691,EMP-0084,2026-06-09,PRJ-003,WBS-00096,CC-00025,2026-06-09 06:00:00,2026-06-09 14:30:00,8.0,0.0,OnPrem-SQLServer
TE-00003494,TS-0000691,EMP-0084,2026-06-10,PRJ-003,WBS-00111,CC-00023,2026-06-10 06:15:00,2026-06-10 14:45:00,8.0,0.0,OnPrem-SQLServer
TE-00003495,TS-0000691,EMP-0084,2026-06-11,PRJ-003,WBS-00105,CC-00026,2026-06-11 06:15:00,2026-06-11 14:45:00,8.0,0.0,OnPrem-SQLServer
TE-00003496,TS-0000691,EMP-0084,2026-06-12,PRJ-003,WBS-00116,CC-00026,2026-06-12 06:30:00,2026-06-12 15:00:00,8.0,0.0,OnPrem-SQLServer
TE-00003497,TS-0000692,EMP-0084,2026-06-15,PRJ-003,WBS-00120,CC-00026,2026-06-15 06:30:00,2026-06-15 15:00:00,8.0,0.0,OnPrem-SQLServer
TE-00003498,TS-0000692,EMP-0084,2026-06-16,PRJ-003,WBS-00130,CC-00026,2026-06-16 06:30:00,2026-06-16 15:00:00,8.0,0.0,OnPrem-SQLServer
TE-00003499,TS-0000692,EMP-0084,2026-06-17,PRJ-003,WBS-00122,CC-00025,2026-06-17 06:00:00,2026-06-17 14:30:00,8.0,0.0,OnPrem-SQLServer
TE-00003500,TS-0000692,EMP-0084,2026-06-18,PRJ-003,WBS-00124,CC-00022,2026-06-18 06:00:00,2026-06-18 14:30:00,8.0,0.0,OnPrem-SQLServer
TE-00003501,TS-0000692,EMP-0084,2026-06-19,PRJ-003,WBS-00091,CC-00027,2026-06-19 06:00:00,2026-06-19 14:30:00,8.0,0.0,OnPrem-SQLServer
TE-00003502,TS-0000693,EMP-0084,2026-06-22,PRJ-003,WBS-00091,CC-00026,2026-06-22 06:30:00,2026-06-22 15:52:48,8.88,0.88,OnPrem-SQLServer
TE-00003503,TS-0000693,EMP-0084,2026-06-23,PRJ-003,WBS-00120,CC-00024,2026-06-23 06:15:00,2026-06-23 14:45:00,8.0,0.0,OnPrem-SQLServer
TE-00003504,TS-0000693,EMP-0084,2026-06-24,PRJ-003,WBS-00122,CC-00027,2026-06-24 06:30:00,2026-06-24 15:00:00,8.0,0.0,OnPrem-SQLServer
TE-00003505,TS-0000693,EMP-0084,2026-06-25,PRJ-003,WBS-00127,CC-00024,2026-06-25 06:15:00,2026-06-25 14:45:00,8.0,0.0,OnPrem-SQLServer
TE-00003506,TS-0000693,EMP-0084,2026-06-26,PRJ-003,WBS-00115,CC-00025,2026-06-26 06:00:00,2026-06-26 14:30:00,8.0,0.0,OnPrem-SQLServer
TE-00003507,TS-0000694,EMP-0084,2026-06-29,PRJ-003,WBS-00110,CC-00022,2026-06-29 06:30:00,2026-06-29 15:00:00,8.0,0.0,OnPrem-SQLServer
TE-00003508,TS-0000694,EMP-0084,2026-06-30,PRJ-003,WBS-00114,CC-00020,2026-06-30 06:15:00,2026-06-30 14:45:00,8.0,0.0,OnPrem-SQLServer
TE-00003509,TS-0000694,EMP-0084,2026-07-01,PRJ-003,WBS-00118,CC-00020,2026-07-01 06:00:00,2026-07-01 14:30:00,8.0,0.0,OnPrem-SQLServer
TE-00003510,TS-0000694,EMP-0084,2026-07-02,PRJ-003,WBS-00098,CC-00019,2026-07-02 06:30:00,2026-07-02 15:00:00,8.0,0.0,OnPrem-SQLServer
TE-00003511,TS-0000694,EMP-0084,2026-07-03,PRJ-003,WBS-00128,CC-00023,2026-07-03 06:30:00,2026-07-03 15:00:00,8.0,0.0,OnPrem-SQLServer
TE-00003512,TS-0000695,EMP-0084,2026-07-06,PRJ-007,WBS-00264,CC-00057,2026-07-06 06:30:00,2026-07-06 15:00:00,8.0,0.0,OnPrem-SQLServer
TE-00003513,TS-0000695,EMP-0084,2026-07-07,PRJ-007,WBS-00295,CC-00058,2026-07-07 06:00:00,2026-07-07 14:30:00,8.0,0.0,OnPrem-SQLServer
TE-00003514,TS-0000695,EMP-0084,2026-07-08,PRJ-007,WBS-00281,CC-00057,2026-07-08 06:00:00,2026-07-08 14:30:00,8.0,0.0,OnPrem-SQLServer
TE-00003515,TS-0000695,EMP-0084,2026-07-09,PRJ-007,WBS-00282,CC-00060,2026-07-09 06:00:00,2026-07-09 14:30:00,8.0,0.0,OnPrem-SQLServer
TE-00003516,TS-0000695,EMP-0084,2026-07-10,PRJ-007,WBS-00298,CC-00059,2026-07-10 06:00:00,2026-07-10 14:30:00,8.0,0.0,OnPrem-SQLServer
TE-00003517,TS-0000696,EMP-0084,2026-07-13,PRJ-003,WBS-00130,CC-00026,2026-07-13 06:00:00,2026-07-13 14:30:00,8.0,0.0,OnPrem-SQLServer
TE-00003518,TS-0000696,EMP-0084,2026-07-14,PRJ-003,WBS-00121,CC-00022,2026-07-14 06:00:00,2026-07-14 14:30:00,8.0,0.0,OnPrem-SQLServer
TE-00003519,TS-0000696,EMP-0084,2026-07-15,PRJ-003,WBS-00125,CC-00021,2026-07-15 06:00:00,2026-07-15 14:30:00,8.0,0.0,OnPrem-SQLServer
TE-00003520,TS-0000696,EMP-0084,2026-07-16,PRJ-003,WBS-00125,CC-00022,2026-07-16 06:30:00,2026-07-16 15:00:00,8.0,0.0,OnPrem-SQLServer
TE-00003521,TS-0000696,EMP-0084,2026-07-17,PRJ-003,WBS-00089,CC-00027,2026-07-17 06:30:00,2026-07-17 16:25:48,9.43,1.43,OnPrem-SQLServer
TE-00003522,TS-0000697,EMP-0084,2026-07-20,PRJ-006,WBS-00251,CC-00052,2026-07-20 06:15:00,2026-07-20 16:25:12,9.67,1.67,OnPrem-SQLServer
TE-00003523,TS-0000697,EMP-0084,2026-07-21,PRJ-006,WBS-00244,CC-00051,2026-07-21 06:00:00,2026-07-21 14:30:00,8.0,0.0,OnPrem-SQLServer
TE-00003524,TS-0000697,EMP-0084,2026-07-22,PRJ-006,WBS-00244,CC-00047,2026-07-22 06:00:00,2026-07-22 14:30:00,8.0,0.0,OnPrem-SQLServer
TE-00003525,TS-0000697,EMP-0084,2026-07-23,PRJ-006,WBS-00237,CC-00052,2026-07-23 06:00:00,2026-07-23 15:39:36,9.16,1.16,OnPrem-SQLServer
TE-00003526,TS-0000697,EMP-0084,2026-07-24,PRJ-006,WBS-00233,CC-00046,2026-07-24 06:00:00,2026-07-24 14:30:00,8.0,0.0,OnPrem-SQLServer
TE-00003527,TS-0000698,EMP-0084,2026-07-27,PRJ-003,WBS-00119,CC-00020,2026-07-27 06:00:00,2026-07-27 14:30:00,8.0,0.0,OnPrem-SQLServer
TE-00003528,TS-0000698,EMP-0084,2026-07-28,PRJ-003,WBS-00109,CC-00025,2026-07-28 06:30:00,2026-07-28 15:50:24,8.84,0.84,OnPrem-SQLServer
TE-00003529,TS-0000698,EMP-0084,2026-07-29,PRJ-003,WBS-00122,CC-00023,2026-07-29 06:15:00,2026-07-29 14:45:00,8.0,0.0,OnPrem-SQLServer
TE-00003530,TS-0000698,EMP-0084,2026-07-30,PRJ-003,WBS-00104,CC-00022,2026-07-30 06:00:00,2026-07-30 15:56:24,9.44,1.44,OnPrem-SQLServer
TE-00003531,TS-0000698,EMP-0084,2026-07-31,PRJ-003,WBS-00116,CC-00027,2026-07-31 06:30:00,2026-07-31 15:00:00,8.0,0.0,OnPrem-SQLServer
TE-00003532,TS-0000699,EMP-0085,2026-04-13,PRJ-009,WBS-00396,CC-00073,2026-04-13 06:15:00,2026-04-13 14:45:00,8.0,0.0,OnPrem-SQLServer
TE-00003533,TS-0000699,EMP-0085,2026-04-14,PRJ-009,WBS-00423,CC-00075,2026-04-14 06:15:00,2026-04-14 14:45:00,8.0,0.0,OnPrem-SQLServer
TE-00003534,TS-0000699,EMP-0085,2026-04-15,PRJ-009,WBS-00389,CC-00080,2026-04-15 06:30:00,2026-04-15 16:58:12,9.97,1.97,OnPrem-SQLServer
TE-00003535,TS-0000699,EMP-0085,2026-04-16,PRJ-009,WBS-00421,CC-00079,2026-04-16 06:15:00,2026-04-16 16:37:12,9.87,1.87,OnPrem-SQLServer
TE-00003536,TS-0000699,EMP-0085,2026-04-17,PRJ-009,WBS-00414,CC-00075,2026-04-17 06:15:00,2026-04-17 14:45:00,8.0,0.0,OnPrem-SQLServer
TE-00003537,TS-0000700,EMP-0085,2026-04-20,PRJ-009,WBS-00401,CC-00079,2026-04-20 06:30:00,2026-04-20 15:00:00,8.0,0.0,OnPrem-SQLServer
TE-00003538,TS-0000700,EMP-0085,2026-04-21,PRJ-009,WBS-00388,CC-00074,2026-04-21 06:30:00,2026-04-21 15:00:00,8.0,0.0,OnPrem-SQLServer
TE-00003539,TS-0000700,EMP-0085,2026-04-22,PRJ-009,WBS-00362,CC-00080,2026-04-22 06:30:00,2026-04-22 15:00:00,8.0,0.0,OnPrem-SQLServer
TE-00003540,TS-0000700,EMP-0085,2026-04-23,PRJ-009,WBS-00363,CC-00081,2026-04-23 06:15:00,2026-04-23 14:45:00,8.0,0.0,OnPrem-SQLServer
TE-00003541,TS-0000700,EMP-0085,2026-04-24,PRJ-009,WBS-00385,CC-00074,2026-04-24 06:15:00,2026-04-24 14:45:00,8.0,0.0,OnPrem-SQLServer
TE-00003542,TS-0000701,EMP-0085,2026-04-27,PRJ-009,WBS-00367,CC-00080,2026-04-27 06:30:00,2026-04-27 15:00:00,8.0,0.0,OnPrem-SQLServer
TE-00003543,TS-0000701,EMP-0085,2026-04-28,PRJ-009,WBS-00408,CC-00076,2026-04-28 06:00:00,2026-04-28 14:30:00,8.0,0.0,OnPrem-SQLServer
TE-00003544,TS-0000701,EMP-0085,2026-04-29,PRJ-009,WBS-00386,CC-00078,2026-04-29 06:00:00,2026-04-29 14:30:00,8.0,0.0,OnPrem-SQLServer
TE-00003545,TS-0000701,EMP-0085,2026-04-30,PRJ-009,WBS-00420,CC-00081,2026-04-30 06:30:00,2026-04-30 15:00:00,8.0,0.0,OnPrem-SQLServer
TE-00003546,TS-0000701,EMP-0085,2026-05-01,PRJ-009,WBS-00402,CC-00073,2026-05-01 06:15:00,2026-05-01 14:45:00,8.0,0.0,OnPrem-SQLServer
TE-00003547,TS-0000702,EMP-0085,2026-05-04,PRJ-009,WBS-00375,CC-00080,2026-05-04 06:30:00,2026-05-04 15:00:00,8.0,0.0,OnPrem-SQLServer
TE-00003548,TS-0000702,EMP-0085,2026-05-05,PRJ-009,WBS-00365,CC-00076,2026-05-05 06:00:00,2026-05-05 14:30:00,8.0,0.0,OnPrem-SQLServer
TE-00003549,TS-0000702,EMP-0085,2026-05-06,PRJ-009,WBS-00389,CC-00077,2026-05-06 06:00:00,2026-05-06 14:30:00,8.0,0.0,OnPrem-SQLServer
TE-00003550,TS-0000702,EMP-0085,2026-05-07,PRJ-009,WBS-00404,CC-00075,2026-05-07 06:30:00,2026-05-07 15:43:48,8.73,0.73,OnPrem-SQLServer
TE-00003551,TS-0000702,EMP-0085,2026-05-08,PRJ-009,WBS-00422,CC-00078,2026-05-08 06:30:00,2026-05-08 15:00:00,8.0,0.0,OnPrem-SQLServer
TE-00003552,TS-0000703,EMP-0085,2026-05-11,PRJ-009,WBS-00376,CC-00073,2026-05-11 06:30:00,2026-05-11 15:00:00,8.0,0.0,OnPrem-SQLServer
TE-00003553,TS-0000703,EMP-0085,2026-05-12,PRJ-009,WBS-00365,CC-00073,2026-05-12 06:15:00,2026-05-12 14:45:00,8.0,0.0,OnPrem-SQLServer
TE-00003554,TS-0000703,EMP-0085,2026-05-13,PRJ-009,WBS-00402,CC-00079,2026-05-13 06:30:00,2026-05-13 15:00:00,8.0,0.0,OnPrem-SQLServer
TE-00003555,TS-0000703,EMP-0085,2026-05-14,PRJ-009,WBS-00379,CC-00075,2026-05-14 06:15:00,2026-05-14 14:45:00,8.0,0.0,OnPrem-SQLServer
TE-00003556,TS-0000703,EMP-0085,2026-05-15,PRJ-009,WBS-00373,CC-00079,2026-05-15 06:00:00,2026-05-15 14:30:00,8.0,0.0,OnPrem-SQLServer
TE-00003557,TS-0000704,EMP-0085,2026-06-01,PRJ-009,WBS-00382,CC-00078,2026-06-01 06:00:00,2026-06-01 16:11:24,9.69,1.69,OnPrem-SQLServer
TE-00003558,TS-0000704,EMP-0085,2026-06-02,PRJ-009,WBS-00412,CC-00079,2026-06-02 06:00:00,2026-06-02 14:30:00,8.0,0.0,OnPrem-SQLServer
TE-00003559,TS-0000704,EMP-0085,2026-06-03,PRJ-009,WBS-00390,CC-00079,2026-06-03 06:15:00,2026-06-03 14:45:00,8.0,0.0,OnPrem-SQLServer
TE-00003560,TS-0000704,EMP-0085,2026-06-04,PRJ-009,WBS-00401,CC-00076,2026-06-04 06:00:00,2026-06-04 14:30:00,8.0,0.0,OnPrem-SQLServer
TE-00003561,TS-0000704,EMP-0085,2026-06-05,PRJ-009,WBS-00391,CC-00075,2026-06-05 06:00:00,2026-06-05 14:30:00,8.0,0.0,OnPrem-SQLServer
TE-00003562,TS-0000705,EMP-0085,2026-06-08,PRJ-009,WBS-00404,CC-00076,2026-06-08 06:15:00,2026-06-08 14:45:00,8.0,0.0,OnPrem-SQLServer
TE-00003563,TS-0000705,EMP-0085,2026-06-09,PRJ-009,WBS-00365,CC-00079,2026-06-09 06:30:00,2026-06-09 15:00:00,8.0,0.0,OnPrem-SQLServer
TE-00003564,TS-0000705,EMP-0085,2026-06-10,PRJ-009,WBS-00372,CC-00073,2026-06-10 06:15:00,2026-06-10 14:45:00,8.0,0.0,OnPrem-SQLServer
TE-00003565,TS-0000705,EMP-0085,2026-06-11,PRJ-009,WBS-00368,CC-00079,2026-06-11 06:15:00,2026-06-11 14:45:00,8.0,0.0,OnPrem-SQLServer
TE-00003566,TS-0000705,EMP-0085,2026-06-12,PRJ-009,WBS-00360,CC-00075,2026-06-12 06:00:00,2026-06-12 14:30:00,8.0,0.0,OnPrem-SQLServer
TE-00003567,TS-0000706,EMP-0085,2026-06-15,PRJ-009,WBS-00391,CC-00079,2026-06-15 06:15:00,2026-06-15 14:45:00,8.0,0.0,OnPrem-SQLServer
TE-00003568,TS-0000706,EMP-0085,2026-06-16,PRJ-009,WBS-00414,CC-00073,2026-06-16 06:15:00,2026-06-16 14:45:00,8.0,0.0,OnPrem-SQLServer
TE-00003569,TS-0000706,EMP-0085,2026-06-17,PRJ-009,WBS-00382,CC-00080,2026-06-17 06:00:00,2026-06-17 15:12:36,8.71,0.71,OnPrem-SQLServer
TE-00003570,TS-0000706,EMP-0085,2026-06-18,PRJ-009,WBS-00368,CC-00075,2026-06-18 06:15:00,2026-06-18 14:45:00,8.0,0.0,OnPrem-SQLServer
TE-00003571,TS-0000706,EMP-0085,2026-06-19,PRJ-009,WBS-00374,CC-00076,2026-06-19 06:00:00,2026-06-19 14:30:00,8.0,0.0,OnPrem-SQLServer
TE-00003572,TS-0000707,EMP-0085,2026-06-22,PRJ-001,WBS-00017,CC-00009,2026-06-22 07:00:00,2026-06-22 17:04:48,9.58,1.58,OnPrem-SQLServer
TE-00003573,TS-0000707,EMP-0085,2026-06-23,PRJ-001,WBS-00015,CC-00006,2026-06-23 07:00:00,2026-06-23 18:45:00,11.25,3.25,OnPrem-SQLServer
TE-00003574,TS-0000707,EMP-0085,2026-06-24,PRJ-001,WBS-00033,CC-00001,2026-06-24 06:30:00,2026-06-24 18:25:12,11.42,3.42,OnPrem-SQLServer
TE-00003575,TS-0000707,EMP-0085,2026-06-25,PRJ-001,WBS-00005,CC-00008,2026-06-25 07:15:00,2026-06-25 18:09:00,10.4,2.4,OnPrem-SQLServer
TE-00003576,TS-0000707,EMP-0085,2026-06-26,PRJ-001,WBS-00022,CC-00008,2026-06-26 07:00:00,2026-06-26 19:16:48,11.78,3.78,OnPrem-SQLServer
TE-00003577,TS-0000708,EMP-0085,2026-06-29,PRJ-009,WBS-00398,CC-00073,2026-06-29 06:15:00,2026-06-29 14:45:00,8.0,0.0,OnPrem-SQLServer
TE-00003578,TS-0000708,EMP-0085,2026-06-30,PRJ-009,WBS-00396,CC-00074,2026-06-30 06:15:00,2026-06-30 14:45:00,8.0,0.0,OnPrem-SQLServer
TE-00003579,TS-0000708,EMP-0085,2026-07-01,PRJ-009,WBS-00418,CC-00078,2026-07-01 06:30:00,2026-07-01 15:00:00,8.0,0.0,OnPrem-SQLServer
TE-00003580,TS-0000708,EMP-0085,2026-07-02,PRJ-009,WBS-00411,CC-00081,2026-07-02 06:30:00,2026-07-02 15:00:00,8.0,0.0,OnPrem-SQLServer
TE-00003581,TS-0000708,EMP-0085,2026-07-03,PRJ-009,WBS-00418,CC-00077,2026-07-03 06:30:00,2026-07-03 16:13:12,9.22,1.22,OnPrem-SQLServer
TE-00003582,TS-0000709,EMP-0085,2026-07-06,PRJ-009,WBS-00395,CC-00073,2026-07-06 06:00:00,2026-07-06 14:30:00,8.0,0.0,OnPrem-SQLServer
TE-00003583,TS-0000709,EMP-0085,2026-07-07,PRJ-009,WBS-00410,CC-00078,2026-07-07 06:30:00,2026-07-07 15:00:00,8.0,0.0,OnPrem-SQLServer
TE-00003584,TS-0000709,EMP-0085,2026-07-08,PRJ-009,WBS-00421,CC-00081,2026-07-08 06:30:00,2026-07-08 15:00:00,8.0,0.0,OnPrem-SQLServer
TE-00003585,TS-0000709,EMP-0085,2026-07-09,PRJ-009,WBS-00370,CC-00075,2026-07-09 06:30:00,2026-07-09 15:00:00,8.0,0.0,OnPrem-SQLServer
TE-00003586,TS-0000709,EMP-0085,2026-07-10,PRJ-009,WBS-00415,CC-00081,2026-07-10 06:30:00,2026-07-10 15:00:00,8.0,0.0,OnPrem-SQLServer
TE-00003587,TS-0000710,EMP-0085,2026-07-13,PRJ-009,WBS-00370,CC-00076,2026-07-13 06:30:00,2026-07-13 16:37:48,9.63,1.63,OnPrem-SQLServer
TE-00003588,TS-0000710,EMP-0085,2026-07-14,PRJ-009,WBS-00360,CC-00080,2026-07-14 06:00:00,2026-07-14 14:30:00,8.0,0.0,OnPrem-SQLServer
TE-00003589,TS-0000710,EMP-0085,2026-07-15,PRJ-009,WBS-00406,CC-00074,2026-07-15 06:30:00,2026-07-15 15:00:00,8.0,0.0,OnPrem-SQLServer
TE-00003590,TS-0000710,EMP-0085,2026-07-16,PRJ-009,WBS-00404,CC-00081,2026-07-16 06:15:00,2026-07-16 14:45:00,8.0,0.0,OnPrem-SQLServer
TE-00003591,TS-0000710,EMP-0085,2026-07-17,PRJ-009,WBS-00406,CC-00077,2026-07-17 06:30:00,2026-07-17 15:00:00,8.0,0.0,OnPrem-SQLServer
TE-00003592,TS-0000711,EMP-0085,2026-07-20,PRJ-003,WBS-00091,CC-00021,2026-07-20 06:30:00,2026-07-20 16:37:48,9.63,1.63,OnPrem-SQLServer
TE-00003593,TS-0000711,EMP-0085,2026-07-21,PRJ-003,WBS-00090,CC-00027,2026-07-21 06:00:00,2026-07-21 14:30:00,8.0,0.0,OnPrem-SQLServer
TE-00003594,TS-0000711,EMP-0085,2026-07-22,PRJ-003,WBS-00098,CC-00025,2026-07-22 06:00:00,2026-07-22 14:30:00,8.0,0.0,OnPrem-SQLServer
TE-00003595,TS-0000711,EMP-0085,2026-07-23,PRJ-003,WBS-00119,CC-00020,2026-07-23 06:15:00,2026-07-23 14:45:00,8.0,0.0,OnPrem-SQLServer
TE-00003596,TS-0000711,EMP-0085,2026-07-24,PRJ-003,WBS-00130,CC-00023,2026-07-24 06:15:00,2026-07-24 14:45:00,8.0,0.0,OnPrem-SQLServer
TE-00003597,TS-0000712,EMP-0085,2026-07-27,PRJ-009,WBS-00384,CC-00076,2026-07-27 06:15:00,2026-07-27 14:45:00,8.0,0.0,OnPrem-SQLServer
TE-00003598,TS-0000712,EMP-0085,2026-07-28,PRJ-009,WBS-00378,CC-00076,2026-07-28 06:30:00,2026-07-28 16:14:24,9.24,1.24,OnPrem-SQLServer
TE-00003599,TS-0000712,EMP-0085,2026-07-29,PRJ-009,WBS-00377,CC-00078,2026-07-29 06:30:00,2026-07-29 15:00:00,8.0,0.0,OnPrem-SQLServer
TE-00003600,TS-0000712,EMP-0085,2026-07-30,PRJ-009,WBS-00422,CC-00077,2026-07-30 06:00:00,2026-07-30 14:30:00,8.0,0.0,OnPrem-SQLServer
TE-00003601,TS-0000712,EMP-0085,2026-07-31,PRJ-009,WBS-00403,CC-00073,2026-07-31 06:30:00,2026-07-31 15:00:00,8.0,0.0,OnPrem-SQLServer
TE-00003602,TS-0000713,EMP-0086,2026-05-04,PRJ-007,WBS-00288,CC-00060,2026-05-04 06:30:00,2026-05-04 15:00:00,8.0,0.0,OnPrem-SQLServer
TE-00003603,TS-0000713,EMP-0086,2026-05-05,PRJ-007,WBS-00264,CC-00058,2026-05-05 06:30:00,2026-05-05 15:00:00,8.0,0.0,OnPrem-SQLServer
TE-00003604,TS-0000713,EMP-0086,2026-05-06,PRJ-007,WBS-00278,CC-00059,2026-05-06 06:15:00,2026-05-06 14:45:00,8.0,0.0,OnPrem-SQLServer
TE-00003605,TS-0000713,EMP-0086,2026-05-07,PRJ-007,WBS-00302,CC-00060,2026-05-07 06:30:00,2026-05-07 15:49:12,8.82,0.82,OnPrem-SQLServer
TE-00003606,TS-0000713,EMP-0086,2026-05-08,PRJ-007,WBS-00300,CC-00058,2026-05-08 06:30:00,2026-05-08 15:00:00,8.0,0.0,OnPrem-SQLServer
TE-00003607,TS-0000714,EMP-0086,2026-05-11,PRJ-007,WBS-00269,CC-00057,2026-05-11 06:00:00,2026-05-11 14:30:00,8.0,0.0,OnPrem-SQLServer
TE-00003608,TS-0000714,EMP-0086,2026-05-12,PRJ-007,WBS-00266,CC-00055,2026-05-12 06:15:00,2026-05-12 16:25:48,9.68,1.68,OnPrem-SQLServer
TE-00003609,TS-0000714,EMP-0086,2026-05-13,PRJ-007,WBS-00296,CC-00062,2026-05-13 06:00:00,2026-05-13 14:30:00,8.0,0.0,OnPrem-SQLServer
TE-00003610,TS-0000714,EMP-0086,2026-05-14,PRJ-007,WBS-00278,CC-00056,2026-05-14 06:30:00,2026-05-14 15:00:00,8.0,0.0,OnPrem-SQLServer
TE-00003611,TS-0000714,EMP-0086,2026-05-15,PRJ-007,WBS-00298,CC-00062,2026-05-15 06:30:00,2026-05-15 15:00:00,8.0,0.0,OnPrem-SQLServer
TE-00003612,TS-0000715,EMP-0086,2026-05-25,PRJ-007,WBS-00275,CC-00063,2026-05-25 06:30:00,2026-05-25 15:00:00,8.0,0.0,OnPrem-SQLServer
TE-00003613,TS-0000715,EMP-0086,2026-05-26,PRJ-007,WBS-00275,CC-00061,2026-05-26 06:15:00,2026-05-26 14:45:00,8.0,0.0,OnPrem-SQLServer
TE-00003614,TS-0000715,EMP-0086,2026-05-27,PRJ-007,WBS-00296,CC-00055,2026-05-27 06:00:00,2026-05-27 16:29:24,9.99,1.99,OnPrem-SQLServer
TE-00003615,TS-0000715,EMP-0086,2026-05-28,PRJ-007,WBS-00286,CC-00063,2026-05-28 06:15:00,2026-05-28 14:45:00,8.0,0.0,OnPrem-SQLServer
TE-00003616,TS-0000715,EMP-0086,2026-05-29,PRJ-007,WBS-00276,CC-00063,2026-05-29 06:15:00,2026-05-29 14:45:00,8.0,0.0,OnPrem-SQLServer
TE-00003617,TS-0000716,EMP-0086,2026-06-01,PRJ-007,WBS-00287,CC-00062,2026-06-01 06:00:00,2026-06-01 14:30:00,8.0,0.0,OnPrem-SQLServer
TE-00003618,TS-0000716,EMP-0086,2026-06-02,PRJ-007,WBS-00280,CC-00062,2026-06-02 06:30:00,2026-06-02 15:00:00,8.0,0.0,OnPrem-SQLServer
TE-00003619,TS-0000716,EMP-0086,2026-06-03,PRJ-007,WBS-00281,CC-00058,2026-06-03 06:30:00,2026-06-03 15:00:00,8.0,0.0,OnPrem-SQLServer
TE-00003620,TS-0000716,EMP-0086,2026-06-04,PRJ-007,WBS-00287,CC-00060,2026-06-04 06:15:00,2026-06-04 14:45:00,8.0,0.0,OnPrem-SQLServer
TE-00003621,TS-0000716,EMP-0086,2026-06-05,PRJ-007,WBS-00266,CC-00057,2026-06-05 06:30:00,2026-06-05 15:00:00,8.0,0.0,OnPrem-SQLServer
TE-00003622,TS-0000717,EMP-0086,2026-06-08,PRJ-007,WBS-00276,CC-00059,2026-06-08 06:30:00,2026-06-08 15:00:00,8.0,0.0,OnPrem-SQLServer
TE-00003623,TS-0000717,EMP-0086,2026-06-09,PRJ-007,WBS-00288,CC-00059,2026-06-09 06:15:00,2026-06-09 14:45:00,8.0,0.0,OnPrem-SQLServer
TE-00003624,TS-0000717,EMP-0086,2026-06-10,PRJ-007,WBS-00271,CC-00063,2026-06-10 06:15:00,2026-06-10 16:09:36,9.41,1.41,OnPrem-SQLServer
TE-00003625,TS-0000717,EMP-0086,2026-06-11,PRJ-007,WBS-00289,CC-00062,2026-06-11 06:30:00,2026-06-11 15:00:00,8.0,0.0,OnPrem-SQLServer
TE-00003626,TS-0000717,EMP-0086,2026-06-12,PRJ-007,WBS-00298,CC-00061,2026-06-12 06:15:00,2026-06-12 14:45:00,8.0,0.0,OnPrem-SQLServer
TE-00003627,TS-0000718,EMP-0086,2026-06-15,PRJ-007,WBS-00286,CC-00060,2026-06-15 06:30:00,2026-06-15 15:00:00,8.0,0.0,OnPrem-SQLServer
TE-00003628,TS-0000718,EMP-0086,2026-06-16,PRJ-007,WBS-00264,CC-00057,2026-06-16 06:30:00,2026-06-16 15:00:00,8.0,0.0,OnPrem-SQLServer
TE-00003629,TS-0000718,EMP-0086,2026-06-17,PRJ-007,WBS-00289,CC-00060,2026-06-17 06:00:00,2026-06-17 14:30:00,8.0,0.0,OnPrem-SQLServer
TE-00003630,TS-0000718,EMP-0086,2026-06-18,PRJ-007,WBS-00290,CC-00062,2026-06-18 06:00:00,2026-06-18 14:30:00,8.0,0.0,OnPrem-SQLServer
TE-00003631,TS-0000718,EMP-0086,2026-06-19,PRJ-007,WBS-00303,CC-00058,2026-06-19 06:00:00,2026-06-19 15:35:24,9.09,1.09,OnPrem-SQLServer
TE-00003632,TS-0000719,EMP-0086,2026-06-22,PRJ-004,WBS-00156,CC-00032,2026-06-22 06:15:00,2026-06-22 14:45:00,8.0,0.0,OnPrem-SQLServer
TE-00003633,TS-0000719,EMP-0086,2026-06-23,PRJ-004,WBS-00133,CC-00031,2026-06-23 06:30:00,2026-06-23 15:00:00,8.0,0.0,OnPrem-SQLServer
TE-00003634,TS-0000719,EMP-0086,2026-06-24,PRJ-004,WBS-00166,CC-00028,2026-06-24 06:15:00,2026-06-24 14:45:00,8.0,0.0,OnPrem-SQLServer
TE-00003635,TS-0000719,EMP-0086,2026-06-25,PRJ-004,WBS-00154,CC-00036,2026-06-25 06:30:00,2026-06-25 15:00:00,8.0,0.0,OnPrem-SQLServer
TE-00003636,TS-0000719,EMP-0086,2026-06-26,PRJ-004,WBS-00165,CC-00028,2026-06-26 06:00:00,2026-06-26 14:30:00,8.0,0.0,OnPrem-SQLServer
TE-00003637,TS-0000720,EMP-0086,2026-06-29,PRJ-007,WBS-00276,CC-00063,2026-06-29 06:15:00,2026-06-29 14:45:00,8.0,0.0,OnPrem-SQLServer
TE-00003638,TS-0000720,EMP-0086,2026-06-30,PRJ-007,WBS-00273,CC-00058,2026-06-30 06:00:00,2026-06-30 14:30:00,8.0,0.0,OnPrem-SQLServer
TE-00003639,TS-0000720,EMP-0086,2026-07-01,PRJ-007,WBS-00280,CC-00055,2026-07-01 06:15:00,2026-07-01 14:45:00,8.0,0.0,OnPrem-SQLServer
TE-00003640,TS-0000720,EMP-0086,2026-07-02,PRJ-007,WBS-00277,CC-00060,2026-07-02 06:00:00,2026-07-02 14:30:00,8.0,0.0,OnPrem-SQLServer
TE-00003641,TS-0000720,EMP-0086,2026-07-03,PRJ-007,WBS-00297,CC-00063,2026-07-03 06:15:00,2026-07-03 14:45:00,8.0,0.0,OnPrem-SQLServer
TE-00003642,TS-0000721,EMP-0086,2026-07-06,PRJ-007,WBS-00288,CC-00062,2026-07-06 06:30:00,2026-07-06 15:00:00,8.0,0.0,OnPrem-SQLServer
TE-00003643,TS-0000721,EMP-0086,2026-07-07,PRJ-007,WBS-00299,CC-00062,2026-07-07 06:00:00,2026-07-07 14:30:00,8.0,0.0,OnPrem-SQLServer
TE-00003644,TS-0000721,EMP-0086,2026-07-08,PRJ-007,WBS-00283,CC-00058,2026-07-08 06:15:00,2026-07-08 14:45:00,8.0,0.0,OnPrem-SQLServer
TE-00003645,TS-0000721,EMP-0086,2026-07-09,PRJ-007,WBS-00284,CC-00060,2026-07-09 06:00:00,2026-07-09 15:16:12,8.77,0.77,OnPrem-SQLServer
TE-00003646,TS-0000721,EMP-0086,2026-07-10,PRJ-007,WBS-00301,CC-00058,2026-07-10 06:00:00,2026-07-10 14:30:00,8.0,0.0,OnPrem-SQLServer
TE-00003647,TS-0000722,EMP-0086,2026-07-13,PRJ-007,WBS-00293,CC-00058,2026-07-13 06:30:00,2026-07-13 15:00:00,8.0,0.0,OnPrem-SQLServer
TE-00003648,TS-0000722,EMP-0086,2026-07-14,PRJ-007,WBS-00294,CC-00063,2026-07-14 06:15:00,2026-07-14 14:45:00,8.0,0.0,OnPrem-SQLServer
TE-00003649,TS-0000722,EMP-0086,2026-07-15,PRJ-007,WBS-00275,CC-00057,2026-07-15 06:00:00,2026-07-15 14:30:00,8.0,0.0,OnPrem-SQLServer
TE-00003650,TS-0000722,EMP-0086,2026-07-16,PRJ-007,WBS-00276,CC-00062,2026-07-16 06:00:00,2026-07-16 14:30:00,8.0,0.0,OnPrem-SQLServer
TE-00003651,TS-0000722,EMP-0086,2026-07-17,PRJ-007,WBS-00299,CC-00055,2026-07-17 06:15:00,2026-07-17 14:45:00,8.0,0.0,OnPrem-SQLServer
TE-00003652,TS-0000723,EMP-0086,2026-07-20,PRJ-007,WBS-00302,CC-00056,2026-07-20 06:30:00,2026-07-20 15:00:00,8.0,0.0,OnPrem-SQLServer
TE-00003653,TS-0000723,EMP-0086,2026-07-21,PRJ-007,WBS-00294,CC-00056,2026-07-21 06:15:00,2026-07-21 15:55:48,9.18,1.18,OnPrem-SQLServer
TE-00003654,TS-0000723,EMP-0086,2026-07-22,PRJ-007,WBS-00285,CC-00063,2026-07-22 06:00:00,2026-07-22 14:30:00,8.0,0.0,OnPrem-SQLServer
TE-00003655,TS-0000723,EMP-0086,2026-07-23,PRJ-007,WBS-00259,CC-00056,2026-07-23 06:00:00,2026-07-23 14:30:00,8.0,0.0,OnPrem-SQLServer
TE-00003656,TS-0000723,EMP-0086,2026-07-24,PRJ-007,WBS-00280,CC-00061,2026-07-24 06:15:00,2026-07-24 14:45:00,8.0,0.0,OnPrem-SQLServer
TE-00003657,TS-0000724,EMP-0086,2026-07-27,PRJ-007,WBS-00288,CC-00057,2026-07-27 06:30:00,2026-07-27 15:00:00,8.0,0.0,OnPrem-SQLServer
TE-00003658,TS-0000724,EMP-0086,2026-07-28,PRJ-007,WBS-00273,CC-00063,2026-07-28 06:15:00,2026-07-28 14:45:00,8.0,0.0,OnPrem-SQLServer
TE-00003659,TS-0000724,EMP-0086,2026-07-29,PRJ-007,WBS-00296,CC-00057,2026-07-29 06:00:00,2026-07-29 14:30:00,8.0,0.0,OnPrem-SQLServer
TE-00003660,TS-0000724,EMP-0086,2026-07-30,PRJ-007,WBS-00275,CC-00061,2026-07-30 06:30:00,2026-07-30 15:00:00,8.0,0.0,OnPrem-SQLServer
TE-00003661,TS-0000724,EMP-0086,2026-07-31,PRJ-007,WBS-00271,CC-00057,2026-07-31 06:15:00,2026-07-31 15:36:00,8.85,0.85,OnPrem-SQLServer
TE-00003662,TS-0000725,EMP-0087,2026-06-08,PRJ-009,WBS-00402,CC-00081,2026-06-08 06:00:00,2026-06-08 14:30:00,8.0,0.0,OnPrem-SQLServer
TE-00003663,TS-0000725,EMP-0087,2026-06-09,PRJ-009,WBS-00361,CC-00076,2026-06-09 06:00:00,2026-06-09 14:30:00,8.0,0.0,OnPrem-SQLServer
TE-00003664,TS-0000725,EMP-0087,2026-06-10,PRJ-009,WBS-00393,CC-00076,2026-06-10 06:00:00,2026-06-10 14:30:00,8.0,0.0,OnPrem-SQLServer
TE-00003665,TS-0000725,EMP-0087,2026-06-11,PRJ-009,WBS-00393,CC-00076,2026-06-11 06:30:00,2026-06-11 15:00:00,8.0,0.0,OnPrem-SQLServer
TE-00003666,TS-0000725,EMP-0087,2026-06-12,PRJ-009,WBS-00394,CC-00079,2026-06-12 06:15:00,2026-06-12 14:45:00,8.0,0.0,OnPrem-SQLServer
TE-00003667,TS-0000726,EMP-0087,2026-06-15,PRJ-009,WBS-00394,CC-00079,2026-06-15 06:30:00,2026-06-15 15:00:00,8.0,0.0,OnPrem-SQLServer
TE-00003668,TS-0000726,EMP-0087,2026-06-16,PRJ-009,WBS-00384,CC-00081,2026-06-16 06:30:00,2026-06-16 15:00:00,8.0,0.0,OnPrem-SQLServer
TE-00003669,TS-0000726,EMP-0087,2026-06-17,PRJ-009,WBS-00412,CC-00079,2026-06-17 06:15:00,2026-06-17 14:45:00,8.0,0.0,OnPrem-SQLServer
TE-00003670,TS-0000726,EMP-0087,2026-06-18,PRJ-009,WBS-00414,CC-00077,2026-06-18 06:15:00,2026-06-18 14:45:00,8.0,0.0,OnPrem-SQLServer
TE-00003671,TS-0000726,EMP-0087,2026-06-19,PRJ-009,WBS-00396,CC-00080,2026-06-19 06:30:00,2026-06-19 15:00:00,8.0,0.0,OnPrem-SQLServer
TE-00003672,TS-0000727,EMP-0087,2026-06-22,PRJ-010,WBS-00435,CC-00083,2026-06-22 06:00:00,2026-06-22 14:30:00,8.0,0.0,OnPrem-SQLServer
TE-00003673,TS-0000727,EMP-0087,2026-06-23,PRJ-010,WBS-00450,CC-00084,2026-06-23 06:15:00,2026-06-23 14:45:00,8.0,0.0,OnPrem-SQLServer
TE-00003674,TS-0000727,EMP-0087,2026-06-24,PRJ-010,WBS-00455,CC-00082,2026-06-24 06:30:00,2026-06-24 15:46:12,8.77,0.77,OnPrem-SQLServer
TE-00003675,TS-0000727,EMP-0087,2026-06-25,PRJ-010,WBS-00430,CC-00083,2026-06-25 06:00:00,2026-06-25 14:30:00,8.0,0.0,OnPrem-SQLServer
TE-00003676,TS-0000727,EMP-0087,2026-06-26,PRJ-010,WBS-00473,CC-00090,2026-06-26 06:30:00,2026-06-26 15:00:00,8.0,0.0,OnPrem-SQLServer
TE-00003677,TS-0000728,EMP-0087,2026-06-29,PRJ-009,WBS-00397,CC-00076,2026-06-29 06:30:00,2026-06-29 15:00:00,8.0,0.0,OnPrem-SQLServer
TE-00003678,TS-0000728,EMP-0087,2026-06-30,PRJ-009,WBS-00360,CC-00073,2026-06-30 06:00:00,2026-06-30 14:30:00,8.0,0.0,OnPrem-SQLServer
TE-00003679,TS-0000728,EMP-0087,2026-07-01,PRJ-009,WBS-00399,CC-00077,2026-07-01 06:15:00,2026-07-01 14:45:00,8.0,0.0,OnPrem-SQLServer
TE-00003680,TS-0000728,EMP-0087,2026-07-02,PRJ-009,WBS-00371,CC-00081,2026-07-02 06:15:00,2026-07-02 14:45:00,8.0,0.0,OnPrem-SQLServer
TE-00003681,TS-0000728,EMP-0087,2026-07-03,PRJ-009,WBS-00396,CC-00075,2026-07-03 06:30:00,2026-07-03 15:00:00,8.0,0.0,OnPrem-SQLServer
TE-00003682,TS-0000729,EMP-0087,2026-07-06,PRJ-009,WBS-00404,CC-00075,2026-07-06 06:00:00,2026-07-06 14:30:00,8.0,0.0,OnPrem-SQLServer
TE-00003683,TS-0000729,EMP-0087,2026-07-07,PRJ-009,WBS-00373,CC-00080,2026-07-07 06:30:00,2026-07-07 16:54:36,9.91,1.91,OnPrem-SQLServer
TE-00003684,TS-0000729,EMP-0087,2026-07-08,PRJ-009,WBS-00420,CC-00074,2026-07-08 06:15:00,2026-07-08 15:24:00,8.65,0.65,OnPrem-SQLServer
TE-00003685,TS-0000729,EMP-0087,2026-07-09,PRJ-009,WBS-00385,CC-00076,2026-07-09 06:00:00,2026-07-09 15:48:00,9.3,1.3,OnPrem-SQLServer
TE-00003686,TS-0000729,EMP-0087,2026-07-10,PRJ-009,WBS-00367,CC-00076,2026-07-10 06:30:00,2026-07-10 16:09:00,9.15,1.15,OnPrem-SQLServer
TE-00003687,TS-0000730,EMP-0087,2026-07-13,PRJ-009,WBS-00363,CC-00075,2026-07-13 06:30:00,2026-07-13 16:06:00,9.1,1.1,OnPrem-SQLServer
TE-00003688,TS-0000730,EMP-0087,2026-07-14,PRJ-009,WBS-00389,CC-00077,2026-07-14 06:15:00,2026-07-14 14:45:00,8.0,0.0,OnPrem-SQLServer
TE-00003689,TS-0000730,EMP-0087,2026-07-15,PRJ-009,WBS-00391,CC-00078,2026-07-15 06:00:00,2026-07-15 14:30:00,8.0,0.0,OnPrem-SQLServer
TE-00003690,TS-0000730,EMP-0087,2026-07-16,PRJ-009,WBS-00401,CC-00073,2026-07-16 06:15:00,2026-07-16 14:45:00,8.0,0.0,OnPrem-SQLServer
TE-00003691,TS-0000730,EMP-0087,2026-07-17,PRJ-009,WBS-00377,CC-00079,2026-07-17 06:15:00,2026-07-17 16:29:24,9.74,1.74,OnPrem-SQLServer
TE-00003692,TS-0000731,EMP-0087,2026-07-20,PRJ-009,WBS-00389,CC-00075,2026-07-20 06:00:00,2026-07-20 15:23:24,8.89,0.89,OnPrem-SQLServer
TE-00003693,TS-0000731,EMP-0087,2026-07-21,PRJ-009,WBS-00384,CC-00078,2026-07-21 06:30:00,2026-07-21 15:00:00,8.0,0.0,OnPrem-SQLServer
TE-00003694,TS-0000731,EMP-0087,2026-07-22,PRJ-009,WBS-00415,CC-00081,2026-07-22 06:15:00,2026-07-22 14:45:00,8.0,0.0,OnPrem-SQLServer
TE-00003695,TS-0000731,EMP-0087,2026-07-23,PRJ-009,WBS-00404,CC-00079,2026-07-23 06:30:00,2026-07-23 16:19:48,9.33,1.33,OnPrem-SQLServer
TE-00003696,TS-0000731,EMP-0087,2026-07-24,PRJ-009,WBS-00383,CC-00079,2026-07-24 06:30:00,2026-07-24 15:00:00,8.0,0.0,OnPrem-SQLServer
TE-00003697,TS-0000732,EMP-0088,2026-04-20,PRJ-008,WBS-00345,CC-00067,2026-04-20 06:15:00,2026-04-20 14:45:00,8.0,0.0,OnPrem-SQLServer
TE-00003698,TS-0000732,EMP-0088,2026-04-21,PRJ-008,WBS-00358,CC-00071,2026-04-21 06:30:00,2026-04-21 15:00:00,8.0,0.0,OnPrem-SQLServer
TE-00003699,TS-0000732,EMP-0088,2026-04-22,PRJ-008,WBS-00356,CC-00069,2026-04-22 06:00:00,2026-04-22 14:30:00,8.0,0.0,OnPrem-SQLServer
TE-00003700,TS-0000732,EMP-0088,2026-04-23,PRJ-008,WBS-00327,CC-00069,2026-04-23 06:30:00,2026-04-23 15:00:00,8.0,0.0,OnPrem-SQLServer
TE-00003701,TS-0000732,EMP-0088,2026-04-24,PRJ-008,WBS-00350,CC-00065,2026-04-24 06:15:00,2026-04-24 14:45:00,8.0,0.0,OnPrem-SQLServer
TE-00003702,TS-0000733,EMP-0088,2026-04-27,PRJ-008,WBS-00312,CC-00067,2026-04-27 06:30:00,2026-04-27 15:39:36,8.66,0.66,OnPrem-SQLServer
TE-00003703,TS-0000733,EMP-0088,2026-04-28,PRJ-008,WBS-00345,CC-00069,2026-04-28 06:00:00,2026-04-28 16:26:24,9.94,1.94,OnPrem-SQLServer
TE-00003704,TS-0000733,EMP-0088,2026-04-29,PRJ-008,WBS-00335,CC-00067,2026-04-29 06:30:00,2026-04-29 15:00:00,8.0,0.0,OnPrem-SQLServer
TE-00003705,TS-0000733,EMP-0088,2026-04-30,PRJ-008,WBS-00353,CC-00066,2026-04-30 06:15:00,2026-04-30 14:45:00,8.0,0.0,OnPrem-SQLServer
TE-00003706,TS-0000733,EMP-0088,2026-05-01,PRJ-008,WBS-00354,CC-00070,2026-05-01 06:30:00,2026-05-01 15:00:00,8.0,0.0,OnPrem-SQLServer
TE-00003707,TS-0000734,EMP-0088,2026-05-04,PRJ-008,WBS-00341,CC-00066,2026-05-04 06:30:00,2026-05-04 15:00:00,8.0,0.0,OnPrem-SQLServer
TE-00003708,TS-0000734,EMP-0088,2026-05-05,PRJ-008,WBS-00318,CC-00068,2026-05-05 06:15:00,2026-05-05 14:45:00,8.0,0.0,OnPrem-SQLServer
TE-00003709,TS-0000734,EMP-0088,2026-05-06,PRJ-008,WBS-00326,CC-00071,2026-05-06 06:00:00,2026-05-06 16:16:12,9.77,1.77,OnPrem-SQLServer
TE-00003710,TS-0000734,EMP-0088,2026-05-07,PRJ-008,WBS-00335,CC-00067,2026-05-07 06:15:00,2026-05-07 14:45:00,8.0,0.0,OnPrem-SQLServer
TE-00003711,TS-0000734,EMP-0088,2026-05-08,PRJ-008,WBS-00348,CC-00068,2026-05-08 06:30:00,2026-05-08 15:00:00,8.0,0.0,OnPrem-SQLServer
TE-00003712,TS-0000735,EMP-0088,2026-05-11,PRJ-008,WBS-00358,CC-00065,2026-05-11 06:00:00,2026-05-11 14:30:00,8.0,0.0,OnPrem-SQLServer
TE-00003713,TS-0000735,EMP-0088,2026-05-12,PRJ-008,WBS-00344,CC-00065,2026-05-12 06:00:00,2026-05-12 15:31:48,9.03,1.03,OnPrem-SQLServer
TE-00003714,TS-0000735,EMP-0088,2026-05-13,PRJ-008,WBS-00335,CC-00069,2026-05-13 06:15:00,2026-05-13 14:45:00,8.0,0.0,OnPrem-SQLServer
TE-00003715,TS-0000735,EMP-0088,2026-05-14,PRJ-008,WBS-00305,CC-00068,2026-05-14 06:15:00,2026-05-14 14:45:00,8.0,0.0,OnPrem-SQLServer
TE-00003716,TS-0000735,EMP-0088,2026-05-15,PRJ-008,WBS-00326,CC-00068,2026-05-15 06:15:00,2026-05-15 14:45:00,8.0,0.0,OnPrem-SQLServer
TE-00003717,TS-0000736,EMP-0088,2026-05-18,PRJ-008,WBS-00323,CC-00070,2026-05-18 06:00:00,2026-05-18 14:30:00,8.0,0.0,OnPrem-SQLServer
TE-00003718,TS-0000736,EMP-0088,2026-05-19,PRJ-008,WBS-00331,CC-00068,2026-05-19 06:00:00,2026-05-19 14:30:00,8.0,0.0,OnPrem-SQLServer
TE-00003719,TS-0000736,EMP-0088,2026-05-20,PRJ-008,WBS-00331,CC-00068,2026-05-20 06:15:00,2026-05-20 14:45:00,8.0,0.0,OnPrem-SQLServer
TE-00003720,TS-0000736,EMP-0088,2026-05-21,PRJ-008,WBS-00331,CC-00066,2026-05-21 06:15:00,2026-05-21 14:45:00,8.0,0.0,OnPrem-SQLServer
TE-00003721,TS-0000736,EMP-0088,2026-05-22,PRJ-008,WBS-00333,CC-00072,2026-05-22 06:30:00,2026-05-22 15:00:00,8.0,0.0,OnPrem-SQLServer
TE-00003722,TS-0000737,EMP-0088,2026-05-25,PRJ-008,WBS-00357,CC-00066,2026-05-25 06:00:00,2026-05-25 14:30:00,8.0,0.0,OnPrem-SQLServer
TE-00003723,TS-0000737,EMP-0088,2026-05-26,PRJ-008,WBS-00358,CC-00069,2026-05-26 06:00:00,2026-05-26 14:30:00,8.0,0.0,OnPrem-SQLServer
TE-00003724,TS-0000737,EMP-0088,2026-05-27,PRJ-008,WBS-00348,CC-00067,2026-05-27 06:15:00,2026-05-27 14:45:00,8.0,0.0,OnPrem-SQLServer
TE-00003725,TS-0000737,EMP-0088,2026-05-28,PRJ-008,WBS-00310,CC-00070,2026-05-28 06:30:00,2026-05-28 16:39:00,9.65,1.65,OnPrem-SQLServer
TE-00003726,TS-0000737,EMP-0088,2026-05-29,PRJ-008,WBS-00321,CC-00071,2026-05-29 06:15:00,2026-05-29 14:45:00,8.0,0.0,OnPrem-SQLServer
TE-00003727,TS-0000738,EMP-0088,2026-06-01,PRJ-008,WBS-00310,CC-00072,2026-06-01 06:30:00,2026-06-01 15:00:00,8.0,0.0,OnPrem-SQLServer
TE-00003728,TS-0000738,EMP-0088,2026-06-02,PRJ-008,WBS-00353,CC-00070,2026-06-02 06:30:00,2026-06-02 15:00:00,8.0,0.0,OnPrem-SQLServer
TE-00003729,TS-0000738,EMP-0088,2026-06-03,PRJ-008,WBS-00332,CC-00070,2026-06-03 06:15:00,2026-06-03 14:45:00,8.0,0.0,OnPrem-SQLServer
TE-00003730,TS-0000738,EMP-0088,2026-06-04,PRJ-008,WBS-00344,CC-00065,2026-06-04 06:00:00,2026-06-04 15:12:36,8.71,0.71,OnPrem-SQLServer
TE-00003731,TS-0000738,EMP-0088,2026-06-05,PRJ-008,WBS-00352,CC-00064,2026-06-05 06:00:00,2026-06-05 14:30:00,8.0,0.0,OnPrem-SQLServer
TE-00003732,TS-0000739,EMP-0088,2026-06-08,PRJ-008,WBS-00340,CC-00069,2026-06-08 06:30:00,2026-06-08 15:00:00,8.0,0.0,OnPrem-SQLServer
TE-00003733,TS-0000739,EMP-0088,2026-06-09,PRJ-008,WBS-00329,CC-00072,2026-06-09 06:30:00,2026-06-09 15:47:24,8.79,0.79,OnPrem-SQLServer
TE-00003734,TS-0000739,EMP-0088,2026-06-10,PRJ-008,WBS-00349,CC-00070,2026-06-10 06:00:00,2026-06-10 14:30:00,8.0,0.0,OnPrem-SQLServer
TE-00003735,TS-0000739,EMP-0088,2026-06-11,PRJ-008,WBS-00346,CC-00068,2026-06-11 06:15:00,2026-06-11 14:45:00,8.0,0.0,OnPrem-SQLServer
TE-00003736,TS-0000739,EMP-0088,2026-06-12,PRJ-008,WBS-00350,CC-00070,2026-06-12 06:30:00,2026-06-12 15:00:00,8.0,0.0,OnPrem-SQLServer
TE-00003737,TS-0000740,EMP-0088,2026-06-15,PRJ-008,WBS-00348,CC-00067,2026-06-15 06:15:00,2026-06-15 14:45:00,8.0,0.0,OnPrem-SQLServer
TE-00003738,TS-0000740,EMP-0088,2026-06-16,PRJ-008,WBS-00318,CC-00070,2026-06-16 06:00:00,2026-06-16 14:30:00,8.0,0.0,OnPrem-SQLServer
TE-00003739,TS-0000740,EMP-0088,2026-06-17,PRJ-008,WBS-00316,CC-00072,2026-06-17 06:30:00,2026-06-17 15:00:00,8.0,0.0,OnPrem-SQLServer
TE-00003740,TS-0000740,EMP-0088,2026-06-18,PRJ-008,WBS-00331,CC-00070,2026-06-18 06:00:00,2026-06-18 14:30:00,8.0,0.0,OnPrem-SQLServer
TE-00003741,TS-0000740,EMP-0088,2026-06-19,PRJ-008,WBS-00311,CC-00071,2026-06-19 06:15:00,2026-06-19 14:45:00,8.0,0.0,OnPrem-SQLServer
TE-00003742,TS-0000741,EMP-0088,2026-06-22,PRJ-008,WBS-00306,CC-00064,2026-06-22 06:15:00,2026-06-22 14:45:00,8.0,0.0,OnPrem-SQLServer
TE-00003743,TS-0000741,EMP-0088,2026-06-23,PRJ-008,WBS-00346,CC-00069,2026-06-23 06:15:00,2026-06-23 14:45:00,8.0,0.0,OnPrem-SQLServer
TE-00003744,TS-0000741,EMP-0088,2026-06-24,PRJ-008,WBS-00323,CC-00067,2026-06-24 06:30:00,2026-06-24 15:00:00,8.0,0.0,OnPrem-SQLServer
TE-00003745,TS-0000741,EMP-0088,2026-06-25,PRJ-008,WBS-00347,CC-00069,2026-06-25 06:00:00,2026-06-25 15:13:12,8.72,0.72,OnPrem-SQLServer
TE-00003746,TS-0000741,EMP-0088,2026-06-26,PRJ-008,WBS-00354,CC-00072,2026-06-26 06:30:00,2026-06-26 15:00:00,8.0,0.0,OnPrem-SQLServer
TE-00003747,TS-0000742,EMP-0088,2026-06-29,PRJ-008,WBS-00318,CC-00072,2026-06-29 06:00:00,2026-06-29 14:30:00,8.0,0.0,OnPrem-SQLServer
TE-00003748,TS-0000742,EMP-0088,2026-06-30,PRJ-008,WBS-00339,CC-00066,2026-06-30 06:15:00,2026-06-30 14:45:00,8.0,0.0,OnPrem-SQLServer
TE-00003749,TS-0000742,EMP-0088,2026-07-01,PRJ-008,WBS-00311,CC-00065,2026-07-01 06:00:00,2026-07-01 14:30:00,8.0,0.0,OnPrem-SQLServer
TE-00003750,TS-0000742,EMP-0088,2026-07-02,PRJ-008,WBS-00312,CC-00066,2026-07-02 06:15:00,2026-07-02 16:20:24,9.59,1.59,OnPrem-SQLServer
TE-00003751,TS-0000742,EMP-0088,2026-07-03,PRJ-008,WBS-00316,CC-00071,2026-07-03 06:30:00,2026-07-03 15:00:00,8.0,0.0,OnPrem-SQLServer
TE-00003752,TS-0000743,EMP-0088,2026-07-06,PRJ-008,WBS-00324,CC-00072,2026-07-06 06:00:00,2026-07-06 14:30:00,8.0,0.0,OnPrem-SQLServer
TE-00003753,TS-0000743,EMP-0088,2026-07-07,PRJ-008,WBS-00332,CC-00065,2026-07-07 06:15:00,2026-07-07 14:45:00,8.0,0.0,OnPrem-SQLServer
TE-00003754,TS-0000743,EMP-0088,2026-07-08,PRJ-008,WBS-00352,CC-00069,2026-07-08 06:15:00,2026-07-08 14:45:00,8.0,0.0,OnPrem-SQLServer
TE-00003755,TS-0000743,EMP-0088,2026-07-09,PRJ-008,WBS-00309,CC-00069,2026-07-09 06:30:00,2026-07-09 15:00:00,8.0,0.0,OnPrem-SQLServer
TE-00003756,TS-0000743,EMP-0088,2026-07-10,PRJ-008,WBS-00311,CC-00071,2026-07-10 06:00:00,2026-07-10 14:30:00,8.0,0.0,OnPrem-SQLServer
TE-00003757,TS-0000744,EMP-0088,2026-07-13,PRJ-008,WBS-00328,CC-00070,2026-07-13 06:30:00,2026-07-13 15:00:00,8.0,0.0,OnPrem-SQLServer
TE-00003758,TS-0000744,EMP-0088,2026-07-14,PRJ-008,WBS-00328,CC-00067,2026-07-14 06:30:00,2026-07-14 15:00:00,8.0,0.0,OnPrem-SQLServer
TE-00003759,TS-0000744,EMP-0088,2026-07-15,PRJ-008,WBS-00305,CC-00070,2026-07-15 06:15:00,2026-07-15 14:45:00,8.0,0.0,OnPrem-SQLServer
TE-00003760,TS-0000744,EMP-0088,2026-07-16,PRJ-008,WBS-00332,CC-00069,2026-07-16 06:00:00,2026-07-16 14:30:00,8.0,0.0,OnPrem-SQLServer
TE-00003761,TS-0000744,EMP-0088,2026-07-17,PRJ-008,WBS-00306,CC-00069,2026-07-17 06:30:00,2026-07-17 15:00:00,8.0,0.0,OnPrem-SQLServer
TE-00003762,TS-0000745,EMP-0088,2026-07-20,PRJ-008,WBS-00308,CC-00066,2026-07-20 06:30:00,2026-07-20 15:00:00,8.0,0.0,OnPrem-SQLServer
TE-00003763,TS-0000745,EMP-0088,2026-07-21,PRJ-008,WBS-00330,CC-00071,2026-07-21 06:15:00,2026-07-21 14:45:00,8.0,0.0,OnPrem-SQLServer
TE-00003764,TS-0000745,EMP-0088,2026-07-22,PRJ-008,WBS-00309,CC-00064,2026-07-22 06:00:00,2026-07-22 15:43:48,9.23,1.23,OnPrem-SQLServer
TE-00003765,TS-0000745,EMP-0088,2026-07-23,PRJ-008,WBS-00346,CC-00069,2026-07-23 06:30:00,2026-07-23 15:00:00,8.0,0.0,OnPrem-SQLServer
TE-00003766,TS-0000745,EMP-0088,2026-07-24,PRJ-008,WBS-00323,CC-00072,2026-07-24 06:15:00,2026-07-24 14:45:00,8.0,0.0,OnPrem-SQLServer
TE-00003767,TS-0000746,EMP-0089,2026-04-20,PRJ-010,WBS-00442,CC-00090,2026-04-20 06:15:00,2026-04-20 14:45:00,8.0,0.0,OnPrem-SQLServer
TE-00003768,TS-0000746,EMP-0089,2026-04-21,PRJ-010,WBS-00456,CC-00088,2026-04-21 06:00:00,2026-04-21 14:30:00,8.0,0.0,OnPrem-SQLServer
TE-00003769,TS-0000746,EMP-0089,2026-04-22,PRJ-010,WBS-00471,CC-00087,2026-04-22 06:00:00,2026-04-22 14:30:00,8.0,0.0,OnPrem-SQLServer
TE-00003770,TS-0000746,EMP-0089,2026-04-23,PRJ-010,WBS-00430,CC-00086,2026-04-23 06:00:00,2026-04-23 14:30:00,8.0,0.0,OnPrem-SQLServer
TE-00003771,TS-0000746,EMP-0089,2026-04-24,PRJ-010,WBS-00470,CC-00086,2026-04-24 06:30:00,2026-04-24 15:00:00,8.0,0.0,OnPrem-SQLServer
TE-00003772,TS-0000747,EMP-0089,2026-04-27,PRJ-010,WBS-00463,CC-00087,2026-04-27 06:00:00,2026-04-27 14:30:00,8.0,0.0,OnPrem-SQLServer
TE-00003773,TS-0000747,EMP-0089,2026-04-28,PRJ-010,WBS-00444,CC-00090,2026-04-28 06:00:00,2026-04-28 14:30:00,8.0,0.0,OnPrem-SQLServer
TE-00003774,TS-0000747,EMP-0089,2026-04-29,PRJ-010,WBS-00472,CC-00086,2026-04-29 06:30:00,2026-04-29 15:00:00,8.0,0.0,OnPrem-SQLServer
TE-00003775,TS-0000747,EMP-0089,2026-04-30,PRJ-010,WBS-00430,CC-00085,2026-04-30 06:15:00,2026-04-30 14:45:00,8.0,0.0,OnPrem-SQLServer
TE-00003776,TS-0000747,EMP-0089,2026-05-01,PRJ-010,WBS-00448,CC-00087,2026-05-01 06:00:00,2026-05-01 15:39:00,9.15,1.15,OnPrem-SQLServer
TE-00003777,TS-0000748,EMP-0089,2026-05-04,PRJ-010,WBS-00463,CC-00090,2026-05-04 06:30:00,2026-05-04 15:00:00,8.0,0.0,OnPrem-SQLServer
TE-00003778,TS-0000748,EMP-0089,2026-05-05,PRJ-010,WBS-00456,CC-00088,2026-05-05 06:15:00,2026-05-05 14:45:00,8.0,0.0,OnPrem-SQLServer
TE-00003779,TS-0000748,EMP-0089,2026-05-06,PRJ-010,WBS-00483,CC-00085,2026-05-06 06:30:00,2026-05-06 15:00:00,8.0,0.0,OnPrem-SQLServer
TE-00003780,TS-0000748,EMP-0089,2026-05-07,PRJ-010,WBS-00457,CC-00085,2026-05-07 06:30:00,2026-05-07 16:17:24,9.29,1.29,OnPrem-SQLServer
TE-00003781,TS-0000748,EMP-0089,2026-05-08,PRJ-010,WBS-00437,CC-00087,2026-05-08 06:00:00,2026-05-08 15:51:00,9.35,1.35,OnPrem-SQLServer
TE-00003782,TS-0000749,EMP-0089,2026-05-11,PRJ-007,WBS-00295,CC-00059,2026-05-11 06:00:00,2026-05-11 14:30:00,8.0,0.0,OnPrem-SQLServer
TE-00003783,TS-0000749,EMP-0089,2026-05-12,PRJ-007,WBS-00293,CC-00055,2026-05-12 06:00:00,2026-05-12 14:30:00,8.0,0.0,OnPrem-SQLServer
TE-00003784,TS-0000749,EMP-0089,2026-05-13,PRJ-007,WBS-00260,CC-00058,2026-05-13 06:15:00,2026-05-13 14:45:00,8.0,0.0,OnPrem-SQLServer
TE-00003785,TS-0000749,EMP-0089,2026-05-14,PRJ-007,WBS-00291,CC-00061,2026-05-14 06:00:00,2026-05-14 14:30:00,8.0,0.0,OnPrem-SQLServer
TE-00003786,TS-0000749,EMP-0089,2026-05-15,PRJ-007,WBS-00288,CC-00061,2026-05-15 06:30:00,2026-05-15 15:00:00,8.0,0.0,OnPrem-SQLServer
TE-00003787,TS-0000750,EMP-0089,2026-05-18,PRJ-010,WBS-00465,CC-00089,2026-05-18 06:30:00,2026-05-18 15:00:00,8.0,0.0,OnPrem-SQLServer
TE-00003788,TS-0000750,EMP-0089,2026-05-19,PRJ-010,WBS-00445,CC-00085,2026-05-19 06:15:00,2026-05-19 14:45:00,8.0,0.0,OnPrem-SQLServer
TE-00003789,TS-0000750,EMP-0089,2026-05-20,PRJ-010,WBS-00467,CC-00088,2026-05-20 06:30:00,2026-05-20 15:00:00,8.0,0.0,OnPrem-SQLServer
TE-00003790,TS-0000750,EMP-0089,2026-05-21,PRJ-010,WBS-00484,CC-00089,2026-05-21 06:00:00,2026-05-21 14:30:00,8.0,0.0,OnPrem-SQLServer
TE-00003791,TS-0000750,EMP-0089,2026-05-22,PRJ-010,WBS-00486,CC-00087,2026-05-22 06:00:00,2026-05-22 14:30:00,8.0,0.0,OnPrem-SQLServer
TE-00003792,TS-0000751,EMP-0089,2026-05-25,PRJ-010,WBS-00457,CC-00083,2026-05-25 06:15:00,2026-05-25 14:45:00,8.0,0.0,OnPrem-SQLServer
TE-00003793,TS-0000751,EMP-0089,2026-05-26,PRJ-010,WBS-00462,CC-00087,2026-05-26 06:30:00,2026-05-26 15:00:00,8.0,0.0,OnPrem-SQLServer
TE-00003794,TS-0000751,EMP-0089,2026-05-27,PRJ-010,WBS-00474,CC-00082,2026-05-27 06:15:00,2026-05-27 14:45:00,8.0,0.0,OnPrem-SQLServer
TE-00003795,TS-0000751,EMP-0089,2026-05-28,PRJ-010,WBS-00425,CC-00089,2026-05-28 06:15:00,2026-05-28 14:45:00,8.0,0.0,OnPrem-SQLServer
TE-00003796,TS-0000751,EMP-0089,2026-05-29,PRJ-010,WBS-00441,CC-00085,2026-05-29 06:00:00,2026-05-29 14:30:00,8.0,0.0,OnPrem-SQLServer
TE-00003797,TS-0000752,EMP-0089,2026-06-01,PRJ-010,WBS-00467,CC-00086,2026-06-01 06:00:00,2026-06-01 14:30:00,8.0,0.0,OnPrem-SQLServer
TE-00003798,TS-0000752,EMP-0089,2026-06-02,PRJ-010,WBS-00457,CC-00088,2026-06-02 06:00:00,2026-06-02 14:30:00,8.0,0.0,OnPrem-SQLServer
TE-00003799,TS-0000752,EMP-0089,2026-06-03,PRJ-010,WBS-00425,CC-00085,2026-06-03 06:15:00,2026-06-03 14:45:00,8.0,0.0,OnPrem-SQLServer
TE-00003800,TS-0000752,EMP-0089,2026-06-04,PRJ-010,WBS-00456,CC-00083,2026-06-04 06:30:00,2026-06-04 15:00:00,8.0,0.0,OnPrem-SQLServer
TE-00003801,TS-0000752,EMP-0089,2026-06-05,PRJ-010,WBS-00436,CC-00085,2026-06-05 06:30:00,2026-06-05 15:00:00,8.0,0.0,OnPrem-SQLServer
TE-00003802,TS-0000753,EMP-0089,2026-06-08,PRJ-001,WBS-00004,CC-00003,2026-06-08 07:00:00,2026-06-08 18:38:24,11.14,3.14,OnPrem-SQLServer
TE-00003803,TS-0000753,EMP-0089,2026-06-09,PRJ-001,WBS-00009,CC-00002,2026-06-09 06:15:00,2026-06-09 14:45:00,8.0,0.0,OnPrem-SQLServer
TE-00003804,TS-0000753,EMP-0089,2026-06-10,PRJ-001,WBS-00034,CC-00005,2026-06-10 06:00:00,2026-06-10 14:30:00,8.0,0.0,OnPrem-SQLServer
TE-00003805,TS-0000753,EMP-0089,2026-06-11,PRJ-001,WBS-00012,CC-00007,2026-06-11 07:00:00,2026-06-11 17:05:24,9.59,1.59,OnPrem-SQLServer
TE-00003806,TS-0000753,EMP-0089,2026-06-12,PRJ-001,WBS-00042,CC-00005,2026-06-12 06:15:00,2026-06-12 16:58:48,10.23,2.23,OnPrem-SQLServer
TE-00003807,TS-0000753,EMP-0089,2026-06-13,PRJ-001,WBS-00044,CC-00001,2026-06-13 06:00:00,2026-06-13 14:33:00,8.05,8.05,OnPrem-SQLServer
TE-00003808,TS-0000754,EMP-0089,2026-06-15,PRJ-010,WBS-00483,CC-00089,2026-06-15 06:30:00,2026-06-15 15:00:00,8.0,0.0,OnPrem-SQLServer
TE-00003809,TS-0000754,EMP-0089,2026-06-16,PRJ-010,WBS-00448,CC-00088,2026-06-16 06:30:00,2026-06-16 15:00:00,8.0,0.0,OnPrem-SQLServer
TE-00003810,TS-0000754,EMP-0089,2026-06-17,PRJ-010,WBS-00447,CC-00082,2026-06-17 06:15:00,2026-06-17 14:45:00,8.0,0.0,OnPrem-SQLServer
TE-00003811,TS-0000754,EMP-0089,2026-06-18,PRJ-010,WBS-00433,CC-00086,2026-06-18 06:00:00,2026-06-18 14:30:00,8.0,0.0,OnPrem-SQLServer
TE-00003812,TS-0000754,EMP-0089,2026-06-19,PRJ-010,WBS-00435,CC-00083,2026-06-19 06:30:00,2026-06-19 15:00:00,8.0,0.0,OnPrem-SQLServer
TE-00003813,TS-0000755,EMP-0089,2026-06-22,PRJ-010,WBS-00468,CC-00087,2026-06-22 06:15:00,2026-06-22 14:45:00,8.0,0.0,OnPrem-SQLServer
TE-00003814,TS-0000755,EMP-0089,2026-06-23,PRJ-010,WBS-00466,CC-00083,2026-06-23 06:00:00,2026-06-23 14:30:00,8.0,0.0,OnPrem-SQLServer
TE-00003815,TS-0000755,EMP-0089,2026-06-24,PRJ-010,WBS-00432,CC-00089,2026-06-24 06:30:00,2026-06-24 16:08:24,9.14,1.14,OnPrem-SQLServer
TE-00003816,TS-0000755,EMP-0089,2026-06-25,PRJ-010,WBS-00467,CC-00083,2026-06-25 06:15:00,2026-06-25 14:45:00,8.0,0.0,OnPrem-SQLServer
TE-00003817,TS-0000755,EMP-0089,2026-06-26,PRJ-010,WBS-00444,CC-00087,2026-06-26 06:30:00,2026-06-26 15:00:00,8.0,0.0,OnPrem-SQLServer
TE-00003818,TS-0000756,EMP-0089,2026-06-29,PRJ-010,WBS-00450,CC-00083,2026-06-29 06:15:00,2026-06-29 16:34:12,9.82,1.82,OnPrem-SQLServer
TE-00003819,TS-0000756,EMP-0089,2026-06-30,PRJ-010,WBS-00460,CC-00083,2026-06-30 06:15:00,2026-06-30 14:45:00,8.0,0.0,OnPrem-SQLServer
TE-00003820,TS-0000756,EMP-0089,2026-07-01,PRJ-010,WBS-00427,CC-00084,2026-07-01 06:30:00,2026-07-01 16:57:00,9.95,1.95,OnPrem-SQLServer
TE-00003821,TS-0000756,EMP-0089,2026-07-02,PRJ-010,WBS-00435,CC-00084,2026-07-02 06:00:00,2026-07-02 16:09:00,9.65,1.65,OnPrem-SQLServer
TE-00003822,TS-0000756,EMP-0089,2026-07-03,PRJ-010,WBS-00451,CC-00082,2026-07-03 06:15:00,2026-07-03 14:45:00,8.0,0.0,OnPrem-SQLServer
TE-00003823,TS-0000757,EMP-0089,2026-07-06,PRJ-010,WBS-00469,CC-00082,2026-07-06 06:00:00,2026-07-06 14:30:00,8.0,0.0,OnPrem-SQLServer
TE-00003824,TS-0000757,EMP-0089,2026-07-07,PRJ-010,WBS-00471,CC-00084,2026-07-07 06:15:00,2026-07-07 14:45:00,8.0,0.0,OnPrem-SQLServer
TE-00003825,TS-0000757,EMP-0089,2026-07-08,PRJ-010,WBS-00427,CC-00084,2026-07-08 06:00:00,2026-07-08 14:30:00,8.0,0.0,OnPrem-SQLServer
TE-00003826,TS-0000757,EMP-0089,2026-07-09,PRJ-010,WBS-00445,CC-00088,2026-07-09 06:15:00,2026-07-09 14:45:00,8.0,0.0,OnPrem-SQLServer
TE-00003827,TS-0000757,EMP-0089,2026-07-10,PRJ-010,WBS-00441,CC-00083,2026-07-10 06:00:00,2026-07-10 15:05:24,8.59,0.59,OnPrem-SQLServer
TE-00003828,TS-0000758,EMP-0089,2026-07-13,PRJ-006,WBS-00216,CC-00053,2026-07-13 06:00:00,2026-07-13 14:30:00,8.0,0.0,OnPrem-SQLServer
TE-00003829,TS-0000758,EMP-0089,2026-07-14,PRJ-006,WBS-00234,CC-00046,2026-07-14 06:30:00,2026-07-14 15:00:00,8.0,0.0,OnPrem-SQLServer
TE-00003830,TS-0000758,EMP-0089,2026-07-15,PRJ-006,WBS-00229,CC-00052,2026-07-15 06:00:00,2026-07-15 15:42:36,9.21,1.21,OnPrem-SQLServer
TE-00003831,TS-0000758,EMP-0089,2026-07-16,PRJ-006,WBS-00258,CC-00054,2026-07-16 06:15:00,2026-07-16 14:45:00,8.0,0.0,OnPrem-SQLServer
TE-00003832,TS-0000758,EMP-0089,2026-07-17,PRJ-006,WBS-00247,CC-00054,2026-07-17 06:15:00,2026-07-17 14:45:00,8.0,0.0,OnPrem-SQLServer
TE-00003833,TS-0000759,EMP-0089,2026-07-20,PRJ-010,WBS-00450,CC-00084,2026-07-20 06:00:00,2026-07-20 14:30:00,8.0,0.0,OnPrem-SQLServer
TE-00003834,TS-0000759,EMP-0089,2026-07-21,PRJ-010,WBS-00475,CC-00084,2026-07-21 06:00:00,2026-07-21 14:30:00,8.0,0.0,OnPrem-SQLServer
TE-00003835,TS-0000759,EMP-0089,2026-07-22,PRJ-010,WBS-00441,CC-00083,2026-07-22 06:30:00,2026-07-22 15:00:00,8.0,0.0,OnPrem-SQLServer
TE-00003836,TS-0000759,EMP-0089,2026-07-23,PRJ-010,WBS-00462,CC-00087,2026-07-23 06:30:00,2026-07-23 15:00:00,8.0,0.0,OnPrem-SQLServer
TE-00003837,TS-0000759,EMP-0089,2026-07-24,PRJ-010,WBS-00442,CC-00082,2026-07-24 06:00:00,2026-07-24 14:30:00,8.0,0.0,OnPrem-SQLServer
TE-00003838,TS-0000760,EMP-0089,2026-07-27,PRJ-010,WBS-00479,CC-00084,2026-07-27 06:15:00,2026-07-27 15:16:48,8.53,0.53,OnPrem-SQLServer
TE-00003839,TS-0000760,EMP-0089,2026-07-28,PRJ-010,WBS-00446,CC-00083,2026-07-28 06:00:00,2026-07-28 14:30:00,8.0,0.0,OnPrem-SQLServer
TE-00003840,TS-0000760,EMP-0089,2026-07-29,PRJ-010,WBS-00442,CC-00084,2026-07-29 06:15:00,2026-07-29 14:45:00,8.0,0.0,OnPrem-SQLServer
TE-00003841,TS-0000760,EMP-0089,2026-07-30,PRJ-010,WBS-00447,CC-00089,2026-07-30 06:30:00,2026-07-30 15:00:00,8.0,0.0,OnPrem-SQLServer
TE-00003842,TS-0000760,EMP-0089,2026-07-31,PRJ-010,WBS-00444,CC-00087,2026-07-31 06:30:00,2026-07-31 15:00:00,8.0,0.0,OnPrem-SQLServer
TE-00003843,TS-0000761,EMP-0090,2026-04-20,PRJ-009,WBS-00379,CC-00078,2026-04-20 06:15:00,2026-04-20 16:19:12,9.57,1.57,OnPrem-SQLServer
TE-00003844,TS-0000761,EMP-0090,2026-04-21,PRJ-009,WBS-00387,CC-00074,2026-04-21 06:15:00,2026-04-21 14:45:00,8.0,0.0,OnPrem-SQLServer
TE-00003845,TS-0000761,EMP-0090,2026-04-22,PRJ-009,WBS-00382,CC-00075,2026-04-22 06:00:00,2026-04-22 15:18:36,8.81,0.81,OnPrem-SQLServer
TE-00003846,TS-0000761,EMP-0090,2026-04-23,PRJ-009,WBS-00418,CC-00080,2026-04-23 06:15:00,2026-04-23 14:45:00,8.0,0.0,OnPrem-SQLServer
TE-00003847,TS-0000761,EMP-0090,2026-04-24,PRJ-009,WBS-00406,CC-00080,2026-04-24 06:00:00,2026-04-24 14:30:00,8.0,0.0,OnPrem-SQLServer
TE-00003848,TS-0000762,EMP-0090,2026-04-27,PRJ-009,WBS-00396,CC-00077,2026-04-27 06:00:00,2026-04-27 14:30:00,8.0,0.0,OnPrem-SQLServer
TE-00003849,TS-0000762,EMP-0090,2026-04-28,PRJ-009,WBS-00407,CC-00078,2026-04-28 06:00:00,2026-04-28 14:30:00,8.0,0.0,OnPrem-SQLServer
TE-00003850,TS-0000762,EMP-0090,2026-04-29,PRJ-009,WBS-00392,CC-00075,2026-04-29 06:00:00,2026-04-29 14:30:00,8.0,0.0,OnPrem-SQLServer
TE-00003851,TS-0000762,EMP-0090,2026-04-30,PRJ-009,WBS-00378,CC-00073,2026-04-30 06:00:00,2026-04-30 14:30:00,8.0,0.0,OnPrem-SQLServer
TE-00003852,TS-0000762,EMP-0090,2026-05-01,PRJ-009,WBS-00416,CC-00075,2026-05-01 06:00:00,2026-05-01 14:30:00,8.0,0.0,OnPrem-SQLServer
TE-00003853,TS-0000763,EMP-0090,2026-05-04,PRJ-009,WBS-00378,CC-00076,2026-05-04 06:00:00,2026-05-04 14:30:00,8.0,0.0,OnPrem-SQLServer
TE-00003854,TS-0000763,EMP-0090,2026-05-05,PRJ-009,WBS-00378,CC-00074,2026-05-05 06:15:00,2026-05-05 14:45:00,8.0,0.0,OnPrem-SQLServer
TE-00003855,TS-0000763,EMP-0090,2026-05-06,PRJ-009,WBS-00360,CC-00076,2026-05-06 06:00:00,2026-05-06 14:30:00,8.0,0.0,OnPrem-SQLServer
TE-00003856,TS-0000763,EMP-0090,2026-05-07,PRJ-009,WBS-00378,CC-00079,2026-05-07 06:15:00,2026-05-07 14:45:00,8.0,0.0,OnPrem-SQLServer
TE-00003857,TS-0000763,EMP-0090,2026-05-08,PRJ-009,WBS-00362,CC-00077,2026-05-08 06:00:00,2026-05-08 14:30:00,8.0,0.0,OnPrem-SQLServer
TE-00003858,TS-0000764,EMP-0090,2026-05-11,PRJ-009,WBS-00386,CC-00075,2026-05-11 06:15:00,2026-05-11 14:45:00,8.0,0.0,OnPrem-SQLServer
TE-00003859,TS-0000764,EMP-0090,2026-05-12,PRJ-009,WBS-00360,CC-00081,2026-05-12 06:00:00,2026-05-12 14:30:00,8.0,0.0,OnPrem-SQLServer
TE-00003860,TS-0000764,EMP-0090,2026-05-13,PRJ-009,WBS-00380,CC-00081,2026-05-13 06:00:00,2026-05-13 14:30:00,8.0,0.0,OnPrem-SQLServer
TE-00003861,TS-0000764,EMP-0090,2026-05-14,PRJ-009,WBS-00360,CC-00077,2026-05-14 06:15:00,2026-05-14 16:09:00,9.4,1.4,OnPrem-SQLServer
TE-00003862,TS-0000764,EMP-0090,2026-05-15,PRJ-009,WBS-00410,CC-00076,2026-05-15 06:15:00,2026-05-15 14:45:00,8.0,0.0,OnPrem-SQLServer
TE-00003863,TS-0000765,EMP-0090,2026-05-18,PRJ-009,WBS-00376,CC-00076,2026-05-18 06:30:00,2026-05-18 15:00:00,8.0,0.0,OnPrem-SQLServer
TE-00003864,TS-0000765,EMP-0090,2026-05-19,PRJ-009,WBS-00377,CC-00080,2026-05-19 06:30:00,2026-05-19 15:00:00,8.0,0.0,OnPrem-SQLServer
TE-00003865,TS-0000765,EMP-0090,2026-05-20,PRJ-009,WBS-00404,CC-00077,2026-05-20 06:00:00,2026-05-20 14:30:00,8.0,0.0,OnPrem-SQLServer
TE-00003866,TS-0000765,EMP-0090,2026-05-21,PRJ-009,WBS-00408,CC-00081,2026-05-21 06:15:00,2026-05-21 14:45:00,8.0,0.0,OnPrem-SQLServer
TE-00003867,TS-0000765,EMP-0090,2026-05-22,PRJ-009,WBS-00374,CC-00080,2026-05-22 06:30:00,2026-05-22 15:00:00,8.0,0.0,OnPrem-SQLServer
TE-00003868,TS-0000766,EMP-0090,2026-05-25,PRJ-009,WBS-00417,CC-00079,2026-05-25 06:15:00,2026-05-25 14:45:00,8.0,0.0,OnPrem-SQLServer
TE-00003869,TS-0000766,EMP-0090,2026-05-26,PRJ-009,WBS-00404,CC-00076,2026-05-26 06:15:00,2026-05-26 14:45:00,8.0,0.0,OnPrem-SQLServer
TE-00003870,TS-0000766,EMP-0090,2026-05-27,PRJ-009,WBS-00361,CC-00079,2026-05-27 06:00:00,2026-05-27 14:30:00,8.0,0.0,OnPrem-SQLServer
TE-00003871,TS-0000766,EMP-0090,2026-05-28,PRJ-009,WBS-00400,CC-00077,2026-05-28 06:00:00,2026-05-28 14:30:00,8.0,0.0,OnPrem-SQLServer
TE-00003872,TS-0000766,EMP-0090,2026-05-29,PRJ-009,WBS-00377,CC-00077,2026-05-29 06:15:00,2026-05-29 14:45:00,8.0,0.0,OnPrem-SQLServer
TE-00003873,TS-0000767,EMP-0090,2026-06-15,PRJ-009,WBS-00417,CC-00074,2026-06-15 06:30:00,2026-06-15 15:00:00,8.0,0.0,OnPrem-SQLServer
TE-00003874,TS-0000767,EMP-0090,2026-06-16,PRJ-009,WBS-00363,CC-00080,2026-06-16 06:00:00,2026-06-16 14:30:00,8.0,0.0,OnPrem-SQLServer
TE-00003875,TS-0000767,EMP-0090,2026-06-17,PRJ-009,WBS-00413,CC-00081,2026-06-17 06:00:00,2026-06-17 14:30:00,8.0,0.0,OnPrem-SQLServer
TE-00003876,TS-0000767,EMP-0090,2026-06-18,PRJ-009,WBS-00401,CC-00078,2026-06-18 06:30:00,2026-06-18 15:00:00,8.0,0.0,OnPrem-SQLServer
TE-00003877,TS-0000767,EMP-0090,2026-06-19,PRJ-009,WBS-00386,CC-00074,2026-06-19 06:30:00,2026-06-19 15:00:00,8.0,0.0,OnPrem-SQLServer
TE-00003878,TS-0000768,EMP-0090,2026-06-22,PRJ-009,WBS-00378,CC-00076,2026-06-22 06:30:00,2026-06-22 15:00:00,8.0,0.0,OnPrem-SQLServer
TE-00003879,TS-0000768,EMP-0090,2026-06-23,PRJ-009,WBS-00383,CC-00076,2026-06-23 06:15:00,2026-06-23 14:45:00,8.0,0.0,OnPrem-SQLServer
TE-00003880,TS-0000768,EMP-0090,2026-06-24,PRJ-009,WBS-00405,CC-00073,2026-06-24 06:30:00,2026-06-24 15:00:00,8.0,0.0,OnPrem-SQLServer
TE-00003881,TS-0000768,EMP-0090,2026-06-25,PRJ-009,WBS-00405,CC-00075,2026-06-25 06:00:00,2026-06-25 14:30:00,8.0,0.0,OnPrem-SQLServer
TE-00003882,TS-0000768,EMP-0090,2026-06-26,PRJ-009,WBS-00402,CC-00078,2026-06-26 06:15:00,2026-06-26 14:45:00,8.0,0.0,OnPrem-SQLServer
TE-00003883,TS-0000769,EMP-0090,2026-06-29,PRJ-009,WBS-00411,CC-00075,2026-06-29 06:00:00,2026-06-29 16:25:12,9.92,1.92,OnPrem-SQLServer
TE-00003884,TS-0000769,EMP-0090,2026-06-30,PRJ-009,WBS-00398,CC-00074,2026-06-30 06:15:00,2026-06-30 14:45:00,8.0,0.0,OnPrem-SQLServer
TE-00003885,TS-0000769,EMP-0090,2026-07-01,PRJ-009,WBS-00409,CC-00081,2026-07-01 06:15:00,2026-07-01 14:45:00,8.0,0.0,OnPrem-SQLServer
TE-00003886,TS-0000769,EMP-0090,2026-07-02,PRJ-009,WBS-00400,CC-00074,2026-07-02 06:30:00,2026-07-02 15:00:00,8.0,0.0,OnPrem-SQLServer
TE-00003887,TS-0000769,EMP-0090,2026-07-03,PRJ-009,WBS-00414,CC-00079,2026-07-03 06:30:00,2026-07-03 15:46:12,8.77,0.77,OnPrem-SQLServer
TE-00003888,TS-0000770,EMP-0090,2026-07-13,PRJ-009,WBS-00417,CC-00076,2026-07-13 06:15:00,2026-07-13 14:45:00,8.0,0.0,OnPrem-SQLServer
TE-00003889,TS-0000770,EMP-0090,2026-07-14,PRJ-009,WBS-00420,CC-00077,2026-07-14 06:00:00,2026-07-14 15:04:12,8.57,0.57,OnPrem-SQLServer
TE-00003890,TS-0000770,EMP-0090,2026-07-15,PRJ-009,WBS-00395,CC-00081,2026-07-15 06:15:00,2026-07-15 14:45:00,8.0,0.0,OnPrem-SQLServer
TE-00003891,TS-0000770,EMP-0090,2026-07-16,PRJ-009,WBS-00399,CC-00081,2026-07-16 06:30:00,2026-07-16 15:00:00,8.0,0.0,OnPrem-SQLServer
TE-00003892,TS-0000770,EMP-0090,2026-07-17,PRJ-009,WBS-00370,CC-00075,2026-07-17 06:15:00,2026-07-17 14:45:00,8.0,0.0,OnPrem-SQLServer
TE-00003893,TS-0000771,EMP-0090,2026-07-20,PRJ-009,WBS-00365,CC-00076,2026-07-20 06:30:00,2026-07-20 15:00:00,8.0,0.0,OnPrem-SQLServer
TE-00003894,TS-0000771,EMP-0090,2026-07-21,PRJ-009,WBS-00407,CC-00075,2026-07-21 06:15:00,2026-07-21 14:45:00,8.0,0.0,OnPrem-SQLServer
TE-00003895,TS-0000771,EMP-0090,2026-07-22,PRJ-009,WBS-00388,CC-00076,2026-07-22 06:30:00,2026-07-22 15:00:00,8.0,0.0,OnPrem-SQLServer
TE-00003896,TS-0000771,EMP-0090,2026-07-23,PRJ-009,WBS-00368,CC-00080,2026-07-23 06:30:00,2026-07-23 15:00:00,8.0,0.0,OnPrem-SQLServer
TE-00003897,TS-0000771,EMP-0090,2026-07-24,PRJ-009,WBS-00399,CC-00076,2026-07-24 06:00:00,2026-07-24 15:19:48,8.83,0.83,OnPrem-SQLServer
TE-00003898,TS-0000772,EMP-0090,2026-07-27,PRJ-009,WBS-00413,CC-00079,2026-07-27 06:30:00,2026-07-27 15:00:00,8.0,0.0,OnPrem-SQLServer
TE-00003899,TS-0000772,EMP-0090,2026-07-28,PRJ-009,WBS-00365,CC-00073,2026-07-28 06:15:00,2026-07-28 14:45:00,8.0,0.0,OnPrem-SQLServer
TE-00003900,TS-0000772,EMP-0090,2026-07-29,PRJ-009,WBS-00379,CC-00076,2026-07-29 06:15:00,2026-07-29 14:45:00,8.0,0.0,OnPrem-SQLServer
TE-00003901,TS-0000772,EMP-0090,2026-07-30,PRJ-009,WBS-00376,CC-00075,2026-07-30 06:30:00,2026-07-30 15:55:48,8.93,0.93,OnPrem-SQLServer
TE-00003902,TS-0000772,EMP-0090,2026-07-31,PRJ-009,WBS-00402,CC-00078,2026-07-31 06:30:00,2026-07-31 15:00:00,8.0,0.0,OnPrem-SQLServer
TE-00003903,TS-0000773,EMP-0091,2026-06-01,PRJ-008,WBS-00332,CC-00072,2026-06-01 06:15:00,2026-06-01 15:34:48,8.83,0.83,OnPrem-SQLServer
TE-00003904,TS-0000773,EMP-0091,2026-06-02,PRJ-008,WBS-00346,CC-00065,2026-06-02 06:00:00,2026-06-02 14:30:00,8.0,0.0,OnPrem-SQLServer
TE-00003905,TS-0000773,EMP-0091,2026-06-03,PRJ-008,WBS-00356,CC-00069,2026-06-03 06:15:00,2026-06-03 14:45:00,8.0,0.0,OnPrem-SQLServer
TE-00003906,TS-0000773,EMP-0091,2026-06-04,PRJ-008,WBS-00316,CC-00072,2026-06-04 06:15:00,2026-06-04 14:45:00,8.0,0.0,OnPrem-SQLServer
TE-00003907,TS-0000773,EMP-0091,2026-06-05,PRJ-008,WBS-00316,CC-00066,2026-06-05 06:30:00,2026-06-05 15:00:00,8.0,0.0,OnPrem-SQLServer
TE-00003908,TS-0000774,EMP-0091,2026-06-08,PRJ-006,WBS-00238,CC-00048,2026-06-08 06:15:00,2026-06-08 14:45:00,8.0,0.0,OnPrem-SQLServer
TE-00003909,TS-0000774,EMP-0091,2026-06-09,PRJ-006,WBS-00224,CC-00049,2026-06-09 06:00:00,2026-06-09 14:30:00,8.0,0.0,OnPrem-SQLServer
TE-00003910,TS-0000774,EMP-0091,2026-06-10,PRJ-006,WBS-00214,CC-00050,2026-06-10 06:00:00,2026-06-10 14:30:00,8.0,0.0,OnPrem-SQLServer
TE-00003911,TS-0000774,EMP-0091,2026-06-11,PRJ-006,WBS-00237,CC-00046,2026-06-11 06:15:00,2026-06-11 14:45:00,8.0,0.0,OnPrem-SQLServer
TE-00003912,TS-0000774,EMP-0091,2026-06-12,PRJ-006,WBS-00256,CC-00053,2026-06-12 06:00:00,2026-06-12 14:30:00,8.0,0.0,OnPrem-SQLServer
TE-00003913,TS-0000775,EMP-0091,2026-06-15,PRJ-008,WBS-00319,CC-00071,2026-06-15 06:00:00,2026-06-15 16:23:24,9.89,1.89,OnPrem-SQLServer
TE-00003914,TS-0000775,EMP-0091,2026-06-16,PRJ-008,WBS-00332,CC-00070,2026-06-16 06:15:00,2026-06-16 16:01:12,9.27,1.27,OnPrem-SQLServer
TE-00003915,TS-0000775,EMP-0091,2026-06-17,PRJ-008,WBS-00351,CC-00069,2026-06-17 06:15:00,2026-06-17 14:45:00,8.0,0.0,OnPrem-SQLServer
TE-00003916,TS-0000775,EMP-0091,2026-06-18,PRJ-008,WBS-00356,CC-00072,2026-06-18 06:00:00,2026-06-18 14:30:00,8.0,0.0,OnPrem-SQLServer
TE-00003917,TS-0000775,EMP-0091,2026-06-19,PRJ-008,WBS-00350,CC-00066,2026-06-19 06:00:00,2026-06-19 14:30:00,8.0,0.0,OnPrem-SQLServer
TE-00003918,TS-0000776,EMP-0091,2026-06-22,PRJ-008,WBS-00336,CC-00066,2026-06-22 06:15:00,2026-06-22 14:45:00,8.0,0.0,OnPrem-SQLServer
TE-00003919,TS-0000776,EMP-0091,2026-06-23,PRJ-008,WBS-00334,CC-00070,2026-06-23 06:00:00,2026-06-23 14:30:00,8.0,0.0,OnPrem-SQLServer
TE-00003920,TS-0000776,EMP-0091,2026-06-24,PRJ-008,WBS-00334,CC-00065,2026-06-24 06:00:00,2026-06-24 14:30:00,8.0,0.0,OnPrem-SQLServer
TE-00003921,TS-0000776,EMP-0091,2026-06-25,PRJ-008,WBS-00305,CC-00070,2026-06-25 06:30:00,2026-06-25 15:00:00,8.0,0.0,OnPrem-SQLServer
TE-00003922,TS-0000776,EMP-0091,2026-06-26,PRJ-008,WBS-00330,CC-00069,2026-06-26 06:30:00,2026-06-26 15:00:00,8.0,0.0,OnPrem-SQLServer
TE-00003923,TS-0000777,EMP-0091,2026-06-29,PRJ-006,WBS-00246,CC-00052,2026-06-29 06:30:00,2026-06-29 15:00:00,8.0,0.0,OnPrem-SQLServer
TE-00003924,TS-0000777,EMP-0091,2026-06-30,PRJ-006,WBS-00234,CC-00049,2026-06-30 06:15:00,2026-06-30 15:27:00,8.7,0.7,OnPrem-SQLServer
TE-00003925,TS-0000777,EMP-0091,2026-07-01,PRJ-006,WBS-00253,CC-00050,2026-07-01 06:15:00,2026-07-01 14:45:00,8.0,0.0,OnPrem-SQLServer
TE-00003926,TS-0000777,EMP-0091,2026-07-02,PRJ-006,WBS-00256,CC-00054,2026-07-02 06:00:00,2026-07-02 14:30:00,8.0,0.0,OnPrem-SQLServer
TE-00003927,TS-0000777,EMP-0091,2026-07-03,PRJ-006,WBS-00222,CC-00046,2026-07-03 06:00:00,2026-07-03 14:30:00,8.0,0.0,OnPrem-SQLServer
TE-00003928,TS-0000778,EMP-0091,2026-07-06,PRJ-008,WBS-00327,CC-00064,2026-07-06 06:15:00,2026-07-06 14:45:00,8.0,0.0,OnPrem-SQLServer
TE-00003929,TS-0000778,EMP-0091,2026-07-07,PRJ-008,WBS-00327,CC-00072,2026-07-07 06:00:00,2026-07-07 14:30:00,8.0,0.0,OnPrem-SQLServer
TE-00003930,TS-0000778,EMP-0091,2026-07-08,PRJ-008,WBS-00326,CC-00064,2026-07-08 06:15:00,2026-07-08 14:45:00,8.0,0.0,OnPrem-SQLServer
TE-00003931,TS-0000778,EMP-0091,2026-07-09,PRJ-008,WBS-00348,CC-00066,2026-07-09 06:30:00,2026-07-09 15:00:00,8.0,0.0,OnPrem-SQLServer
TE-00003932,TS-0000778,EMP-0091,2026-07-10,PRJ-008,WBS-00338,CC-00064,2026-07-10 06:30:00,2026-07-10 15:00:00,8.0,0.0,OnPrem-SQLServer
TE-00003933,TS-0000779,EMP-0091,2026-07-13,PRJ-008,WBS-00341,CC-00065,2026-07-13 06:30:00,2026-07-13 15:00:00,8.0,0.0,OnPrem-SQLServer
TE-00003934,TS-0000779,EMP-0091,2026-07-14,PRJ-008,WBS-00345,CC-00072,2026-07-14 06:30:00,2026-07-14 15:00:00,8.0,0.0,OnPrem-SQLServer
TE-00003935,TS-0000779,EMP-0091,2026-07-15,PRJ-008,WBS-00325,CC-00068,2026-07-15 06:15:00,2026-07-15 14:45:00,8.0,0.0,OnPrem-SQLServer
TE-00003936,TS-0000779,EMP-0091,2026-07-16,PRJ-008,WBS-00347,CC-00068,2026-07-16 06:15:00,2026-07-16 14:45:00,8.0,0.0,OnPrem-SQLServer
TE-00003937,TS-0000779,EMP-0091,2026-07-17,PRJ-008,WBS-00309,CC-00070,2026-07-17 06:30:00,2026-07-17 15:00:00,8.0,0.0,OnPrem-SQLServer
TE-00003938,TS-0000780,EMP-0091,2026-07-20,PRJ-008,WBS-00340,CC-00067,2026-07-20 06:30:00,2026-07-20 15:00:00,8.0,0.0,OnPrem-SQLServer
TE-00003939,TS-0000780,EMP-0091,2026-07-21,PRJ-008,WBS-00323,CC-00066,2026-07-21 06:00:00,2026-07-21 14:30:00,8.0,0.0,OnPrem-SQLServer
TE-00003940,TS-0000780,EMP-0091,2026-07-22,PRJ-008,WBS-00333,CC-00070,2026-07-22 06:15:00,2026-07-22 14:45:00,8.0,0.0,OnPrem-SQLServer
TE-00003941,TS-0000780,EMP-0091,2026-07-23,PRJ-008,WBS-00311,CC-00072,2026-07-23 06:00:00,2026-07-23 14:30:00,8.0,0.0,OnPrem-SQLServer
TE-00003942,TS-0000780,EMP-0091,2026-07-24,PRJ-008,WBS-00320,CC-00068,2026-07-24 06:30:00,2026-07-24 15:00:00,8.0,0.0,OnPrem-SQLServer
TE-00003943,TS-0000781,EMP-0091,2026-07-27,PRJ-008,WBS-00330,CC-00069,2026-07-27 06:15:00,2026-07-27 14:45:00,8.0,0.0,OnPrem-SQLServer
TE-00003944,TS-0000781,EMP-0091,2026-07-28,PRJ-008,WBS-00359,CC-00066,2026-07-28 06:00:00,2026-07-28 14:30:00,8.0,0.0,OnPrem-SQLServer
TE-00003945,TS-0000781,EMP-0091,2026-07-29,PRJ-008,WBS-00348,CC-00069,2026-07-29 06:30:00,2026-07-29 16:42:00,9.7,1.7,OnPrem-SQLServer
TE-00003946,TS-0000781,EMP-0091,2026-07-30,PRJ-008,WBS-00314,CC-00064,2026-07-30 06:30:00,2026-07-30 15:00:00,8.0,0.0,OnPrem-SQLServer
TE-00003947,TS-0000781,EMP-0091,2026-07-31,PRJ-008,WBS-00329,CC-00071,2026-07-31 06:00:00,2026-07-31 14:30:00,8.0,0.0,OnPrem-SQLServer
TE-00003948,TS-0000782,EMP-0092,2026-05-11,PRJ-006,WBS-00249,CC-00047,2026-05-11 06:30:00,2026-05-11 15:00:00,8.0,0.0,OnPrem-SQLServer
TE-00003949,TS-0000782,EMP-0092,2026-05-12,PRJ-006,WBS-00239,CC-00050,2026-05-12 06:30:00,2026-05-12 15:00:00,8.0,0.0,OnPrem-SQLServer
TE-00003950,TS-0000782,EMP-0092,2026-05-13,PRJ-006,WBS-00234,CC-00052,2026-05-13 06:15:00,2026-05-13 15:33:36,8.81,0.81,OnPrem-SQLServer
TE-00003951,TS-0000782,EMP-0092,2026-05-14,PRJ-006,WBS-00228,CC-00046,2026-05-14 06:00:00,2026-05-14 14:30:00,8.0,0.0,OnPrem-SQLServer
TE-00003952,TS-0000782,EMP-0092,2026-05-15,PRJ-006,WBS-00229,CC-00054,2026-05-15 06:15:00,2026-05-15 14:45:00,8.0,0.0,OnPrem-SQLServer
TE-00003953,TS-0000783,EMP-0092,2026-05-18,PRJ-006,WBS-00235,CC-00052,2026-05-18 06:00:00,2026-05-18 14:30:00,8.0,0.0,OnPrem-SQLServer
TE-00003954,TS-0000783,EMP-0092,2026-05-19,PRJ-006,WBS-00217,CC-00054,2026-05-19 06:00:00,2026-05-19 14:30:00,8.0,0.0,OnPrem-SQLServer
TE-00003955,TS-0000783,EMP-0092,2026-05-20,PRJ-006,WBS-00248,CC-00054,2026-05-20 06:30:00,2026-05-20 15:00:00,8.0,0.0,OnPrem-SQLServer
TE-00003956,TS-0000783,EMP-0092,2026-05-21,PRJ-006,WBS-00238,CC-00048,2026-05-21 06:15:00,2026-05-21 14:45:00,8.0,0.0,OnPrem-SQLServer
TE-00003957,TS-0000783,EMP-0092,2026-05-22,PRJ-006,WBS-00255,CC-00050,2026-05-22 06:00:00,2026-05-22 15:18:00,8.8,0.8,OnPrem-SQLServer
TE-00003958,TS-0000784,EMP-0092,2026-05-25,PRJ-006,WBS-00214,CC-00050,2026-05-25 06:30:00,2026-05-25 15:00:00,8.0,0.0,OnPrem-SQLServer
TE-00003959,TS-0000784,EMP-0092,2026-05-26,PRJ-006,WBS-00225,CC-00048,2026-05-26 06:00:00,2026-05-26 14:30:00,8.0,0.0,OnPrem-SQLServer
TE-00003960,TS-0000784,EMP-0092,2026-05-27,PRJ-006,WBS-00232,CC-00046,2026-05-27 06:30:00,2026-05-27 15:00:00,8.0,0.0,OnPrem-SQLServer
TE-00003961,TS-0000784,EMP-0092,2026-05-28,PRJ-006,WBS-00229,CC-00047,2026-05-28 06:15:00,2026-05-28 16:16:48,9.53,1.53,OnPrem-SQLServer
TE-00003962,TS-0000784,EMP-0092,2026-05-29,PRJ-006,WBS-00215,CC-00047,2026-05-29 06:30:00,2026-05-29 15:00:00,8.0,0.0,OnPrem-SQLServer
TE-00003963,TS-0000785,EMP-0092,2026-06-01,PRJ-006,WBS-00220,CC-00053,2026-06-01 06:30:00,2026-06-01 15:00:00,8.0,0.0,OnPrem-SQLServer
TE-00003964,TS-0000785,EMP-0092,2026-06-02,PRJ-006,WBS-00219,CC-00046,2026-06-02 06:00:00,2026-06-02 14:30:00,8.0,0.0,OnPrem-SQLServer
TE-00003965,TS-0000785,EMP-0092,2026-06-03,PRJ-006,WBS-00249,CC-00052,2026-06-03 06:15:00,2026-06-03 14:45:00,8.0,0.0,OnPrem-SQLServer
TE-00003966,TS-0000785,EMP-0092,2026-06-04,PRJ-006,WBS-00252,CC-00050,2026-06-04 06:15:00,2026-06-04 16:04:12,9.32,1.32,OnPrem-SQLServer
TE-00003967,TS-0000785,EMP-0092,2026-06-05,PRJ-006,WBS-00250,CC-00047,2026-06-05 06:15:00,2026-06-05 14:45:00,8.0,0.0,OnPrem-SQLServer
TE-00003968,TS-0000786,EMP-0092,2026-06-08,PRJ-006,WBS-00244,CC-00046,2026-06-08 06:30:00,2026-06-08 16:16:48,9.28,1.28,OnPrem-SQLServer
TE-00003969,TS-0000786,EMP-0092,2026-06-09,PRJ-006,WBS-00256,CC-00052,2026-06-09 06:00:00,2026-06-09 14:30:00,8.0,0.0,OnPrem-SQLServer
TE-00003970,TS-0000786,EMP-0092,2026-06-10,PRJ-006,WBS-00227,CC-00052,2026-06-10 06:30:00,2026-06-10 15:00:00,8.0,0.0,OnPrem-SQLServer
TE-00003971,TS-0000786,EMP-0092,2026-06-11,PRJ-006,WBS-00242,CC-00048,2026-06-11 06:15:00,2026-06-11 14:45:00,8.0,0.0,OnPrem-SQLServer
TE-00003972,TS-0000786,EMP-0092,2026-06-12,PRJ-006,WBS-00244,CC-00054,2026-06-12 06:00:00,2026-06-12 15:11:24,8.69,0.69,OnPrem-SQLServer
TE-00003973,TS-0000787,EMP-0092,2026-06-15,PRJ-006,WBS-00218,CC-00051,2026-06-15 06:00:00,2026-06-15 14:30:00,8.0,0.0,OnPrem-SQLServer
TE-00003974,TS-0000787,EMP-0092,2026-06-16,PRJ-006,WBS-00239,CC-00050,2026-06-16 06:15:00,2026-06-16 14:45:00,8.0,0.0,OnPrem-SQLServer
TE-00003975,TS-0000787,EMP-0092,2026-06-17,PRJ-006,WBS-00257,CC-00047,2026-06-17 06:15:00,2026-06-17 14:45:00,8.0,0.0,OnPrem-SQLServer
TE-00003976,TS-0000787,EMP-0092,2026-06-18,PRJ-006,WBS-00218,CC-00049,2026-06-18 06:15:00,2026-06-18 14:45:00,8.0,0.0,OnPrem-SQLServer
TE-00003977,TS-0000787,EMP-0092,2026-06-19,PRJ-006,WBS-00217,CC-00054,2026-06-19 06:00:00,2026-06-19 14:30:00,8.0,0.0,OnPrem-SQLServer
TE-00003978,TS-0000788,EMP-0092,2026-06-22,PRJ-006,WBS-00221,CC-00046,2026-06-22 06:30:00,2026-06-22 15:00:00,8.0,0.0,OnPrem-SQLServer
TE-00003979,TS-0000788,EMP-0092,2026-06-23,PRJ-006,WBS-00240,CC-00054,2026-06-23 06:15:00,2026-06-23 14:45:00,8.0,0.0,OnPrem-SQLServer
TE-00003980,TS-0000788,EMP-0092,2026-06-24,PRJ-006,WBS-00256,CC-00048,2026-06-24 06:30:00,2026-06-24 15:00:00,8.0,0.0,OnPrem-SQLServer
TE-00003981,TS-0000788,EMP-0092,2026-06-25,PRJ-006,WBS-00257,CC-00050,2026-06-25 06:15:00,2026-06-25 14:45:00,8.0,0.0,OnPrem-SQLServer
TE-00003982,TS-0000788,EMP-0092,2026-06-26,PRJ-006,WBS-00220,CC-00052,2026-06-26 06:00:00,2026-06-26 14:30:00,8.0,0.0,OnPrem-SQLServer
TE-00003983,TS-0000789,EMP-0092,2026-06-29,PRJ-006,WBS-00217,CC-00051,2026-06-29 06:00:00,2026-06-29 14:30:00,8.0,0.0,OnPrem-SQLServer
TE-00003984,TS-0000789,EMP-0092,2026-06-30,PRJ-006,WBS-00247,CC-00050,2026-06-30 06:00:00,2026-06-30 14:30:00,8.0,0.0,OnPrem-SQLServer
TE-00003985,TS-0000789,EMP-0092,2026-07-01,PRJ-006,WBS-00224,CC-00050,2026-07-01 06:15:00,2026-07-01 14:45:00,8.0,0.0,OnPrem-SQLServer
TE-00003986,TS-0000789,EMP-0092,2026-07-02,PRJ-006,WBS-00247,CC-00046,2026-07-02 06:00:00,2026-07-02 15:52:12,9.37,1.37,OnPrem-SQLServer
TE-00003987,TS-0000789,EMP-0092,2026-07-03,PRJ-006,WBS-00229,CC-00048,2026-07-03 06:00:00,2026-07-03 14:30:00,8.0,0.0,OnPrem-SQLServer
TE-00003988,TS-0000790,EMP-0092,2026-07-06,PRJ-006,WBS-00242,CC-00051,2026-07-06 06:30:00,2026-07-06 15:00:00,8.0,0.0,OnPrem-SQLServer
TE-00003989,TS-0000790,EMP-0092,2026-07-07,PRJ-006,WBS-00244,CC-00051,2026-07-07 06:00:00,2026-07-07 14:30:00,8.0,0.0,OnPrem-SQLServer
TE-00003990,TS-0000790,EMP-0092,2026-07-08,PRJ-006,WBS-00257,CC-00053,2026-07-08 06:00:00,2026-07-08 15:11:24,8.69,0.69,OnPrem-SQLServer
TE-00003991,TS-0000790,EMP-0092,2026-07-09,PRJ-006,WBS-00234,CC-00048,2026-07-09 06:00:00,2026-07-09 14:30:00,8.0,0.0,OnPrem-SQLServer
TE-00003992,TS-0000790,EMP-0092,2026-07-10,PRJ-006,WBS-00238,CC-00050,2026-07-10 06:15:00,2026-07-10 14:45:00,8.0,0.0,OnPrem-SQLServer
TE-00003993,TS-0000791,EMP-0092,2026-07-13,PRJ-006,WBS-00231,CC-00049,2026-07-13 06:15:00,2026-07-13 14:45:00,8.0,0.0,OnPrem-SQLServer
TE-00003994,TS-0000791,EMP-0092,2026-07-14,PRJ-006,WBS-00231,CC-00052,2026-07-14 06:00:00,2026-07-14 14:30:00,8.0,0.0,OnPrem-SQLServer
TE-00003995,TS-0000791,EMP-0092,2026-07-15,PRJ-006,WBS-00256,CC-00048,2026-07-15 06:00:00,2026-07-15 14:30:00,8.0,0.0,OnPrem-SQLServer
TE-00003996,TS-0000791,EMP-0092,2026-07-16,PRJ-006,WBS-00258,CC-00054,2026-07-16 06:15:00,2026-07-16 14:45:00,8.0,0.0,OnPrem-SQLServer
TE-00003997,TS-0000791,EMP-0092,2026-07-17,PRJ-006,WBS-00258,CC-00054,2026-07-17 06:00:00,2026-07-17 14:30:00,8.0,0.0,OnPrem-SQLServer
TE-00003998,TS-0000792,EMP-0092,2026-07-20,PRJ-006,WBS-00236,CC-00049,2026-07-20 06:30:00,2026-07-20 15:00:00,8.0,0.0,OnPrem-SQLServer
TE-00003999,TS-0000792,EMP-0092,2026-07-21,PRJ-006,WBS-00231,CC-00052,2026-07-21 06:30:00,2026-07-21 15:00:00,8.0,0.0,OnPrem-SQLServer
TE-00004000,TS-0000792,EMP-0092,2026-07-22,PRJ-006,WBS-00225,CC-00054,2026-07-22 06:30:00,2026-07-22 15:00:00,8.0,0.0,OnPrem-SQLServer
TE-00004001,TS-0000792,EMP-0092,2026-07-23,PRJ-006,WBS-00246,CC-00053,2026-07-23 06:30:00,2026-07-23 15:00:00,8.0,0.0,OnPrem-SQLServer
TE-00004002,TS-0000792,EMP-0092,2026-07-24,PRJ-006,WBS-00214,CC-00053,2026-07-24 06:00:00,2026-07-24 16:13:48,9.73,1.73,OnPrem-SQLServer
TE-00004003,TS-0000793,EMP-0092,2026-07-27,PRJ-006,WBS-00230,CC-00054,2026-07-27 06:15:00,2026-07-27 14:45:00,8.0,0.0,OnPrem-SQLServer
TE-00004004,TS-0000793,EMP-0092,2026-07-28,PRJ-006,WBS-00220,CC-00054,2026-07-28 06:30:00,2026-07-28 15:00:00,8.0,0.0,OnPrem-SQLServer
TE-00004005,TS-0000793,EMP-0092,2026-07-29,PRJ-006,WBS-00223,CC-00047,2026-07-29 06:15:00,2026-07-29 14:45:00,8.0,0.0,OnPrem-SQLServer
TE-00004006,TS-0000793,EMP-0092,2026-07-30,PRJ-006,WBS-00222,CC-00051,2026-07-30 06:00:00,2026-07-30 14:30:00,8.0,0.0,OnPrem-SQLServer
TE-00004007,TS-0000793,EMP-0092,2026-07-31,PRJ-006,WBS-00229,CC-00053,2026-07-31 06:15:00,2026-07-31 14:45:00,8.0,0.0,OnPrem-SQLServer
TE-00004008,TS-0000794,EMP-0093,2026-04-20,PRJ-006,WBS-00222,CC-00050,2026-04-20 06:00:00,2026-04-20 14:30:00,8.0,0.0,OnPrem-SQLServer
TE-00004009,TS-0000794,EMP-0093,2026-04-21,PRJ-006,WBS-00223,CC-00046,2026-04-21 06:30:00,2026-04-21 15:00:00,8.0,0.0,OnPrem-SQLServer
TE-00004010,TS-0000794,EMP-0093,2026-04-22,PRJ-006,WBS-00251,CC-00049,2026-04-22 06:30:00,2026-04-22 15:00:00,8.0,0.0,OnPrem-SQLServer
TE-00004011,TS-0000794,EMP-0093,2026-04-23,PRJ-006,WBS-00221,CC-00051,2026-04-23 06:00:00,2026-04-23 14:30:00,8.0,0.0,OnPrem-SQLServer
TE-00004012,TS-0000794,EMP-0093,2026-04-24,PRJ-006,WBS-00217,CC-00051,2026-04-24 06:00:00,2026-04-24 14:30:00,8.0,0.0,OnPrem-SQLServer
TE-00004013,TS-0000795,EMP-0093,2026-04-27,PRJ-006,WBS-00234,CC-00046,2026-04-27 06:30:00,2026-04-27 15:00:00,8.0,0.0,OnPrem-SQLServer
TE-00004014,TS-0000795,EMP-0093,2026-04-28,PRJ-006,WBS-00228,CC-00051,2026-04-28 06:00:00,2026-04-28 14:30:00,8.0,0.0,OnPrem-SQLServer
TE-00004015,TS-0000795,EMP-0093,2026-04-29,PRJ-006,WBS-00256,CC-00047,2026-04-29 06:30:00,2026-04-29 15:00:00,8.0,0.0,OnPrem-SQLServer
TE-00004016,TS-0000795,EMP-0093,2026-04-30,PRJ-006,WBS-00255,CC-00049,2026-04-30 06:00:00,2026-04-30 15:12:36,8.71,0.71,OnPrem-SQLServer
TE-00004017,TS-0000795,EMP-0093,2026-05-01,PRJ-006,WBS-00214,CC-00054,2026-05-01 06:15:00,2026-05-01 14:45:00,8.0,0.0,OnPrem-SQLServer
TE-00004018,TS-0000796,EMP-0093,2026-05-04,PRJ-006,WBS-00245,CC-00052,2026-05-04 06:30:00,2026-05-04 15:00:00,8.0,0.0,OnPrem-SQLServer
TE-00004019,TS-0000796,EMP-0093,2026-05-05,PRJ-006,WBS-00224,CC-00050,2026-05-05 06:00:00,2026-05-05 15:55:48,9.43,1.43,OnPrem-SQLServer
TE-00004020,TS-0000796,EMP-0093,2026-05-06,PRJ-006,WBS-00257,CC-00048,2026-05-06 06:15:00,2026-05-06 14:45:00,8.0,0.0,OnPrem-SQLServer
TE-00004021,TS-0000796,EMP-0093,2026-05-07,PRJ-006,WBS-00241,CC-00050,2026-05-07 06:30:00,2026-05-07 15:00:00,8.0,0.0,OnPrem-SQLServer
TE-00004022,TS-0000796,EMP-0093,2026-05-08,PRJ-006,WBS-00241,CC-00050,2026-05-08 06:15:00,2026-05-08 14:45:00,8.0,0.0,OnPrem-SQLServer
TE-00004023,TS-0000797,EMP-0093,2026-05-11,PRJ-006,WBS-00226,CC-00047,2026-05-11 06:00:00,2026-05-11 14:30:00,8.0,0.0,OnPrem-SQLServer
TE-00004024,TS-0000797,EMP-0093,2026-05-12,PRJ-006,WBS-00217,CC-00046,2026-05-12 06:15:00,2026-05-12 15:19:12,8.57,0.57,OnPrem-SQLServer
TE-00004025,TS-0000797,EMP-0093,2026-05-13,PRJ-006,WBS-00244,CC-00047,2026-05-13 06:30:00,2026-05-13 15:00:00,8.0,0.0,OnPrem-SQLServer
TE-00004026,TS-0000797,EMP-0093,2026-05-14,PRJ-006,WBS-00231,CC-00052,2026-05-14 06:30:00,2026-05-14 15:00:00,8.0,0.0,OnPrem-SQLServer
TE-00004027,TS-0000797,EMP-0093,2026-05-15,PRJ-006,WBS-00235,CC-00047,2026-05-15 06:00:00,2026-05-15 14:30:00,8.0,0.0,OnPrem-SQLServer
TE-00004028,TS-0000798,EMP-0093,2026-05-18,PRJ-006,WBS-00227,CC-00050,2026-05-18 06:30:00,2026-05-18 15:00:00,8.0,0.0,OnPrem-SQLServer
TE-00004029,TS-0000798,EMP-0093,2026-05-19,PRJ-006,WBS-00227,CC-00049,2026-05-19 06:15:00,2026-05-19 14:45:00,8.0,0.0,OnPrem-SQLServer
TE-00004030,TS-0000798,EMP-0093,2026-05-20,PRJ-006,WBS-00224,CC-00052,2026-05-20 06:00:00,2026-05-20 14:30:00,8.0,0.0,OnPrem-SQLServer
TE-00004031,TS-0000798,EMP-0093,2026-05-21,PRJ-006,WBS-00254,CC-00051,2026-05-21 06:15:00,2026-05-21 14:45:00,8.0,0.0,OnPrem-SQLServer
TE-00004032,TS-0000798,EMP-0093,2026-05-22,PRJ-006,WBS-00237,CC-00048,2026-05-22 06:00:00,2026-05-22 15:43:12,9.22,1.22,OnPrem-SQLServer
TE-00004033,TS-0000799,EMP-0093,2026-06-01,PRJ-006,WBS-00220,CC-00049,2026-06-01 06:00:00,2026-06-01 14:30:00,8.0,0.0,OnPrem-SQLServer
TE-00004034,TS-0000799,EMP-0093,2026-06-02,PRJ-006,WBS-00222,CC-00053,2026-06-02 06:00:00,2026-06-02 15:10:12,8.67,0.67,OnPrem-SQLServer
TE-00004035,TS-0000799,EMP-0093,2026-06-03,PRJ-006,WBS-00242,CC-00049,2026-06-03 06:15:00,2026-06-03 14:45:00,8.0,0.0,OnPrem-SQLServer
TE-00004036,TS-0000799,EMP-0093,2026-06-04,PRJ-006,WBS-00237,CC-00053,2026-06-04 06:30:00,2026-06-04 15:00:00,8.0,0.0,OnPrem-SQLServer
TE-00004037,TS-0000799,EMP-0093,2026-06-05,PRJ-006,WBS-00246,CC-00047,2026-06-05 06:00:00,2026-06-05 14:30:00,8.0,0.0,OnPrem-SQLServer
TE-00004038,TS-0000800,EMP-0093,2026-06-08,PRJ-006,WBS-00246,CC-00048,2026-06-08 06:30:00,2026-06-08 15:00:00,8.0,0.0,OnPrem-SQLServer
TE-00004039,TS-0000800,EMP-0093,2026-06-09,PRJ-006,WBS-00234,CC-00050,2026-06-09 06:00:00,2026-06-09 16:27:36,9.96,1.96,OnPrem-SQLServer
TE-00004040,TS-0000800,EMP-0093,2026-06-10,PRJ-006,WBS-00239,CC-00047,2026-06-10 06:00:00,2026-06-10 15:53:24,9.39,1.39,OnPrem-SQLServer
TE-00004041,TS-0000800,EMP-0093,2026-06-11,PRJ-006,WBS-00256,CC-00050,2026-06-11 06:00:00,2026-06-11 14:30:00,8.0,0.0,OnPrem-SQLServer
TE-00004042,TS-0000800,EMP-0093,2026-06-12,PRJ-006,WBS-00214,CC-00052,2026-06-12 06:00:00,2026-06-12 14:30:00,8.0,0.0,OnPrem-SQLServer
TE-00004043,TS-0000801,EMP-0093,2026-06-15,PRJ-006,WBS-00233,CC-00052,2026-06-15 06:15:00,2026-06-15 14:45:00,8.0,0.0,OnPrem-SQLServer
TE-00004044,TS-0000801,EMP-0093,2026-06-16,PRJ-006,WBS-00216,CC-00051,2026-06-16 06:30:00,2026-06-16 15:00:00,8.0,0.0,OnPrem-SQLServer
TE-00004045,TS-0000801,EMP-0093,2026-06-17,PRJ-006,WBS-00250,CC-00051,2026-06-17 06:15:00,2026-06-17 14:45:00,8.0,0.0,OnPrem-SQLServer
TE-00004046,TS-0000801,EMP-0093,2026-06-18,PRJ-006,WBS-00219,CC-00047,2026-06-18 06:00:00,2026-06-18 14:30:00,8.0,0.0,OnPrem-SQLServer
TE-00004047,TS-0000801,EMP-0093,2026-06-19,PRJ-006,WBS-00256,CC-00053,2026-06-19 06:00:00,2026-06-19 14:30:00,8.0,0.0,OnPrem-SQLServer
TE-00004048,TS-0000802,EMP-0093,2026-06-22,PRJ-006,WBS-00255,CC-00049,2026-06-22 06:00:00,2026-06-22 14:30:00,8.0,0.0,OnPrem-SQLServer
TE-00004049,TS-0000802,EMP-0093,2026-06-23,PRJ-006,WBS-00233,CC-00051,2026-06-23 06:15:00,2026-06-23 14:45:00,8.0,0.0,OnPrem-SQLServer
TE-00004050,TS-0000802,EMP-0093,2026-06-24,PRJ-006,WBS-00249,CC-00047,2026-06-24 06:30:00,2026-06-24 15:00:00,8.0,0.0,OnPrem-SQLServer
TE-00004051,TS-0000802,EMP-0093,2026-06-25,PRJ-006,WBS-00222,CC-00048,2026-06-25 06:15:00,2026-06-25 14:45:00,8.0,0.0,OnPrem-SQLServer
TE-00004052,TS-0000802,EMP-0093,2026-06-26,PRJ-006,WBS-00225,CC-00049,2026-06-26 06:15:00,2026-06-26 14:45:00,8.0,0.0,OnPrem-SQLServer
TE-00004053,TS-0000803,EMP-0093,2026-06-29,PRJ-006,WBS-00230,CC-00046,2026-06-29 06:30:00,2026-06-29 15:00:00,8.0,0.0,OnPrem-SQLServer
TE-00004054,TS-0000803,EMP-0093,2026-06-30,PRJ-006,WBS-00215,CC-00046,2026-06-30 06:00:00,2026-06-30 14:30:00,8.0,0.0,OnPrem-SQLServer
TE-00004055,TS-0000803,EMP-0093,2026-07-01,PRJ-006,WBS-00214,CC-00054,2026-07-01 06:30:00,2026-07-01 15:00:00,8.0,0.0,OnPrem-SQLServer
TE-00004056,TS-0000803,EMP-0093,2026-07-02,PRJ-006,WBS-00248,CC-00048,2026-07-02 06:00:00,2026-07-02 14:30:00,8.0,0.0,OnPrem-SQLServer
TE-00004057,TS-0000803,EMP-0093,2026-07-03,PRJ-006,WBS-00218,CC-00049,2026-07-03 06:00:00,2026-07-03 14:30:00,8.0,0.0,OnPrem-SQLServer
TE-00004058,TS-0000804,EMP-0093,2026-07-06,PRJ-006,WBS-00243,CC-00049,2026-07-06 06:00:00,2026-07-06 15:25:12,8.92,0.92,OnPrem-SQLServer
TE-00004059,TS-0000804,EMP-0093,2026-07-07,PRJ-006,WBS-00218,CC-00046,2026-07-07 06:15:00,2026-07-07 14:45:00,8.0,0.0,OnPrem-SQLServer
TE-00004060,TS-0000804,EMP-0093,2026-07-08,PRJ-006,WBS-00232,CC-00049,2026-07-08 06:30:00,2026-07-08 15:00:00,8.0,0.0,OnPrem-SQLServer
TE-00004061,TS-0000804,EMP-0093,2026-07-09,PRJ-006,WBS-00227,CC-00054,2026-07-09 06:15:00,2026-07-09 14:45:00,8.0,0.0,OnPrem-SQLServer
TE-00004062,TS-0000804,EMP-0093,2026-07-10,PRJ-006,WBS-00229,CC-00050,2026-07-10 06:00:00,2026-07-10 14:30:00,8.0,0.0,OnPrem-SQLServer
TE-00004063,TS-0000805,EMP-0093,2026-07-13,PRJ-007,WBS-00284,CC-00055,2026-07-13 06:15:00,2026-07-13 14:45:00,8.0,0.0,OnPrem-SQLServer
TE-00004064,TS-0000805,EMP-0093,2026-07-14,PRJ-007,WBS-00268,CC-00061,2026-07-14 06:30:00,2026-07-14 15:00:00,8.0,0.0,OnPrem-SQLServer
TE-00004065,TS-0000805,EMP-0093,2026-07-15,PRJ-007,WBS-00273,CC-00063,2026-07-15 06:00:00,2026-07-15 14:30:00,8.0,0.0,OnPrem-SQLServer
TE-00004066,TS-0000805,EMP-0093,2026-07-16,PRJ-007,WBS-00268,CC-00056,2026-07-16 06:30:00,2026-07-16 15:00:00,8.0,0.0,OnPrem-SQLServer
TE-00004067,TS-0000805,EMP-0093,2026-07-17,PRJ-007,WBS-00262,CC-00060,2026-07-17 06:30:00,2026-07-17 15:00:00,8.0,0.0,OnPrem-SQLServer
TE-00004068,TS-0000806,EMP-0093,2026-07-20,PRJ-008,WBS-00331,CC-00069,2026-07-20 06:00:00,2026-07-20 14:30:00,8.0,0.0,OnPrem-SQLServer
TE-00004069,TS-0000806,EMP-0093,2026-07-21,PRJ-008,WBS-00335,CC-00072,2026-07-21 06:15:00,2026-07-21 14:45:00,8.0,0.0,OnPrem-SQLServer
TE-00004070,TS-0000806,EMP-0093,2026-07-22,PRJ-008,WBS-00324,CC-00072,2026-07-22 06:00:00,2026-07-22 14:30:00,8.0,0.0,OnPrem-SQLServer
TE-00004071,TS-0000806,EMP-0093,2026-07-23,PRJ-008,WBS-00320,CC-00066,2026-07-23 06:00:00,2026-07-23 14:30:00,8.0,0.0,OnPrem-SQLServer
TE-00004072,TS-0000806,EMP-0093,2026-07-24,PRJ-008,WBS-00328,CC-00069,2026-07-24 06:15:00,2026-07-24 14:45:00,8.0,0.0,OnPrem-SQLServer
TE-00004073,TS-0000807,EMP-0093,2026-07-27,PRJ-006,WBS-00227,CC-00048,2026-07-27 06:00:00,2026-07-27 14:30:00,8.0,0.0,OnPrem-SQLServer
TE-00004074,TS-0000807,EMP-0093,2026-07-28,PRJ-006,WBS-00244,CC-00046,2026-07-28 06:30:00,2026-07-28 15:00:00,8.0,0.0,OnPrem-SQLServer
TE-00004075,TS-0000807,EMP-0093,2026-07-29,PRJ-006,WBS-00233,CC-00048,2026-07-29 06:30:00,2026-07-29 15:00:00,8.0,0.0,OnPrem-SQLServer
TE-00004076,TS-0000807,EMP-0093,2026-07-30,PRJ-006,WBS-00230,CC-00046,2026-07-30 06:30:00,2026-07-30 15:00:00,8.0,0.0,OnPrem-SQLServer
TE-00004077,TS-0000807,EMP-0093,2026-07-31,PRJ-006,WBS-00216,CC-00049,2026-07-31 06:15:00,2026-07-31 14:45:00,8.0,0.0,OnPrem-SQLServer
TE-00004078,TS-0000808,EMP-0094,2026-06-01,PRJ-004,WBS-00132,CC-00029,2026-06-01 06:00:00,2026-06-01 14:30:00,8.0,0.0,OnPrem-SQLServer
TE-00004079,TS-0000808,EMP-0094,2026-06-02,PRJ-004,WBS-00166,CC-00033,2026-06-02 06:00:00,2026-06-02 15:04:48,8.58,0.58,OnPrem-SQLServer
TE-00004080,TS-0000808,EMP-0094,2026-06-03,PRJ-004,WBS-00157,CC-00036,2026-06-03 06:00:00,2026-06-03 15:38:24,9.14,1.14,OnPrem-SQLServer
TE-00004081,TS-0000808,EMP-0094,2026-06-04,PRJ-004,WBS-00133,CC-00034,2026-06-04 06:00:00,2026-06-04 14:30:00,8.0,0.0,OnPrem-SQLServer
TE-00004082,TS-0000808,EMP-0094,2026-06-05,PRJ-004,WBS-00148,CC-00028,2026-06-05 06:00:00,2026-06-05 14:30:00,8.0,0.0,OnPrem-SQLServer
TE-00004083,TS-0000809,EMP-0094,2026-06-08,PRJ-004,WBS-00149,CC-00031,2026-06-08 06:30:00,2026-06-08 15:00:00,8.0,0.0,OnPrem-SQLServer
TE-00004084,TS-0000809,EMP-0094,2026-06-09,PRJ-004,WBS-00160,CC-00029,2026-06-09 06:30:00,2026-06-09 15:00:00,8.0,0.0,OnPrem-SQLServer
TE-00004085,TS-0000809,EMP-0094,2026-06-10,PRJ-004,WBS-00163,CC-00028,2026-06-10 06:15:00,2026-06-10 14:45:00,8.0,0.0,OnPrem-SQLServer
TE-00004086,TS-0000809,EMP-0094,2026-06-11,PRJ-004,WBS-00161,CC-00035,2026-06-11 06:15:00,2026-06-11 16:03:00,9.3,1.3,OnPrem-SQLServer
TE-00004087,TS-0000809,EMP-0094,2026-06-12,PRJ-004,WBS-00132,CC-00034,2026-06-12 06:00:00,2026-06-12 14:30:00,8.0,0.0,OnPrem-SQLServer
TE-00004088,TS-0000810,EMP-0094,2026-06-15,PRJ-004,WBS-00135,CC-00035,2026-06-15 06:00:00,2026-06-15 14:30:00,8.0,0.0,OnPrem-SQLServer
TE-00004089,TS-0000810,EMP-0094,2026-06-16,PRJ-004,WBS-00135,CC-00035,2026-06-16 06:15:00,2026-06-16 16:22:48,9.63,1.63,OnPrem-SQLServer
TE-00004090,TS-0000810,EMP-0094,2026-06-17,PRJ-004,WBS-00149,CC-00031,2026-06-17 06:30:00,2026-06-17 15:00:00,8.0,0.0,OnPrem-SQLServer
TE-00004091,TS-0000810,EMP-0094,2026-06-18,PRJ-004,WBS-00153,CC-00036,2026-06-18 06:30:00,2026-06-18 15:00:00,8.0,0.0,OnPrem-SQLServer
TE-00004092,TS-0000810,EMP-0094,2026-06-19,PRJ-004,WBS-00140,CC-00034,2026-06-19 06:00:00,2026-06-19 14:30:00,8.0,0.0,OnPrem-SQLServer
TE-00004093,TS-0000811,EMP-0094,2026-06-22,PRJ-004,WBS-00135,CC-00033,2026-06-22 06:30:00,2026-06-22 15:00:00,8.0,0.0,OnPrem-SQLServer
TE-00004094,TS-0000811,EMP-0094,2026-06-23,PRJ-004,WBS-00135,CC-00032,2026-06-23 06:30:00,2026-06-23 15:00:00,8.0,0.0,OnPrem-SQLServer
TE-00004095,TS-0000811,EMP-0094,2026-06-24,PRJ-004,WBS-00145,CC-00035,2026-06-24 06:30:00,2026-06-24 15:00:00,8.0,0.0,OnPrem-SQLServer
TE-00004096,TS-0000811,EMP-0094,2026-06-25,PRJ-004,WBS-00163,CC-00033,2026-06-25 06:00:00,2026-06-25 14:30:00,8.0,0.0,OnPrem-SQLServer
TE-00004097,TS-0000811,EMP-0094,2026-06-26,PRJ-004,WBS-00147,CC-00035,2026-06-26 06:30:00,2026-06-26 15:00:00,8.0,0.0,OnPrem-SQLServer
TE-00004098,TS-0000812,EMP-0094,2026-06-29,PRJ-004,WBS-00160,CC-00032,2026-06-29 06:15:00,2026-06-29 14:45:00,8.0,0.0,OnPrem-SQLServer
TE-00004099,TS-0000812,EMP-0094,2026-06-30,PRJ-004,WBS-00142,CC-00036,2026-06-30 06:30:00,2026-06-30 15:00:00,8.0,0.0,OnPrem-SQLServer
TE-00004100,TS-0000812,EMP-0094,2026-07-01,PRJ-004,WBS-00146,CC-00030,2026-07-01 06:30:00,2026-07-01 15:00:00,8.0,0.0,OnPrem-SQLServer
TE-00004101,TS-0000812,EMP-0094,2026-07-02,PRJ-004,WBS-00132,CC-00033,2026-07-02 06:30:00,2026-07-02 15:00:00,8.0,0.0,OnPrem-SQLServer
TE-00004102,TS-0000812,EMP-0094,2026-07-03,PRJ-004,WBS-00162,CC-00036,2026-07-03 06:30:00,2026-07-03 15:00:00,8.0,0.0,OnPrem-SQLServer
TE-00004103,TS-0000813,EMP-0094,2026-07-06,PRJ-004,WBS-00150,CC-00028,2026-07-06 06:30:00,2026-07-06 15:00:00,8.0,0.0,OnPrem-SQLServer
TE-00004104,TS-0000813,EMP-0094,2026-07-07,PRJ-004,WBS-00133,CC-00030,2026-07-07 06:00:00,2026-07-07 14:30:00,8.0,0.0,OnPrem-SQLServer
TE-00004105,TS-0000813,EMP-0094,2026-07-08,PRJ-004,WBS-00142,CC-00029,2026-07-08 06:00:00,2026-07-08 14:30:00,8.0,0.0,OnPrem-SQLServer
TE-00004106,TS-0000813,EMP-0094,2026-07-09,PRJ-004,WBS-00139,CC-00036,2026-07-09 06:30:00,2026-07-09 15:00:00,8.0,0.0,OnPrem-SQLServer
TE-00004107,TS-0000813,EMP-0094,2026-07-10,PRJ-004,WBS-00155,CC-00036,2026-07-10 06:00:00,2026-07-10 14:30:00,8.0,0.0,OnPrem-SQLServer
TE-00004108,TS-0000814,EMP-0094,2026-07-13,PRJ-004,WBS-00131,CC-00033,2026-07-13 06:30:00,2026-07-13 15:49:48,8.83,0.83,OnPrem-SQLServer
TE-00004109,TS-0000814,EMP-0094,2026-07-14,PRJ-004,WBS-00161,CC-00028,2026-07-14 06:15:00,2026-07-14 14:45:00,8.0,0.0,OnPrem-SQLServer
TE-00004110,TS-0000814,EMP-0094,2026-07-15,PRJ-004,WBS-00157,CC-00032,2026-07-15 06:00:00,2026-07-15 14:30:00,8.0,0.0,OnPrem-SQLServer
TE-00004111,TS-0000814,EMP-0094,2026-07-16,PRJ-004,WBS-00150,CC-00036,2026-07-16 06:00:00,2026-07-16 14:30:00,8.0,0.0,OnPrem-SQLServer
TE-00004112,TS-0000814,EMP-0094,2026-07-17,PRJ-004,WBS-00166,CC-00029,2026-07-17 06:00:00,2026-07-17 14:30:00,8.0,0.0,OnPrem-SQLServer
TE-00004113,TS-0000815,EMP-0094,2026-07-20,PRJ-004,WBS-00144,CC-00028,2026-07-20 06:15:00,2026-07-20 14:45:00,8.0,0.0,OnPrem-SQLServer
TE-00004114,TS-0000815,EMP-0094,2026-07-21,PRJ-004,WBS-00137,CC-00028,2026-07-21 06:15:00,2026-07-21 14:45:00,8.0,0.0,OnPrem-SQLServer
TE-00004115,TS-0000815,EMP-0094,2026-07-22,PRJ-004,WBS-00139,CC-00035,2026-07-22 06:00:00,2026-07-22 14:30:00,8.0,0.0,OnPrem-SQLServer
TE-00004116,TS-0000815,EMP-0094,2026-07-23,PRJ-004,WBS-00167,CC-00033,2026-07-23 06:30:00,2026-07-23 16:28:48,9.48,1.48,OnPrem-SQLServer
TE-00004117,TS-0000815,EMP-0094,2026-07-24,PRJ-004,WBS-00155,CC-00034,2026-07-24 06:00:00,2026-07-24 14:30:00,8.0,0.0,OnPrem-SQLServer
TE-00004118,TS-0000816,EMP-0094,2026-07-27,PRJ-005,WBS-00199,CC-00038,2026-07-27 06:15:00,2026-07-27 14:45:00,8.0,0.0,OnPrem-SQLServer
TE-00004119,TS-0000816,EMP-0094,2026-07-28,PRJ-005,WBS-00169,CC-00042,2026-07-28 06:00:00,2026-07-28 15:13:12,8.72,0.72,OnPrem-SQLServer
TE-00004120,TS-0000816,EMP-0094,2026-07-29,PRJ-005,WBS-00191,CC-00038,2026-07-29 06:30:00,2026-07-29 15:00:00,8.0,0.0,OnPrem-SQLServer
TE-00004121,TS-0000816,EMP-0094,2026-07-30,PRJ-005,WBS-00176,CC-00038,2026-07-30 06:30:00,2026-07-30 15:00:00,8.0,0.0,OnPrem-SQLServer
TE-00004122,TS-0000816,EMP-0094,2026-07-31,PRJ-005,WBS-00195,CC-00038,2026-07-31 06:15:00,2026-07-31 14:45:00,8.0,0.0,OnPrem-SQLServer
TE-00004123,TS-0000817,EMP-0095,2026-05-11,PRJ-006,WBS-00248,CC-00052,2026-05-11 06:00:00,2026-05-11 14:30:00,8.0,0.0,OnPrem-SQLServer
TE-00004124,TS-0000817,EMP-0095,2026-05-12,PRJ-006,WBS-00230,CC-00049,2026-05-12 06:30:00,2026-05-12 15:00:00,8.0,0.0,OnPrem-SQLServer
TE-00004125,TS-0000817,EMP-0095,2026-05-13,PRJ-006,WBS-00223,CC-00051,2026-05-13 06:00:00,2026-05-13 14:30:00,8.0,0.0,OnPrem-SQLServer
TE-00004126,TS-0000817,EMP-0095,2026-05-14,PRJ-006,WBS-00227,CC-00048,2026-05-14 06:30:00,2026-05-14 15:00:00,8.0,0.0,OnPrem-SQLServer
TE-00004127,TS-0000817,EMP-0095,2026-05-15,PRJ-006,WBS-00235,CC-00049,2026-05-15 06:15:00,2026-05-15 14:45:00,8.0,0.0,OnPrem-SQLServer
TE-00004128,TS-0000818,EMP-0095,2026-05-18,PRJ-012,WBS-00554,CC-00102,2026-05-18 06:15:00,2026-05-18 14:45:00,8.0,0.0,OnPrem-SQLServer
TE-00004129,TS-0000818,EMP-0095,2026-05-19,PRJ-012,WBS-00552,CC-00100,2026-05-19 06:15:00,2026-05-19 14:45:00,8.0,0.0,OnPrem-SQLServer
TE-00004130,TS-0000818,EMP-0095,2026-05-20,PRJ-012,WBS-00554,CC-00103,2026-05-20 06:00:00,2026-05-20 14:30:00,8.0,0.0,OnPrem-SQLServer
TE-00004131,TS-0000818,EMP-0095,2026-05-21,PRJ-012,WBS-00545,CC-00103,2026-05-21 06:00:00,2026-05-21 14:30:00,8.0,0.0,OnPrem-SQLServer
TE-00004132,TS-0000818,EMP-0095,2026-05-22,PRJ-012,WBS-00565,CC-00101,2026-05-22 06:15:00,2026-05-22 14:45:00,8.0,0.0,OnPrem-SQLServer
TE-00004133,TS-0000819,EMP-0095,2026-05-25,PRJ-006,WBS-00235,CC-00047,2026-05-25 06:15:00,2026-05-25 14:45:00,8.0,0.0,OnPrem-SQLServer
TE-00004134,TS-0000819,EMP-0095,2026-05-26,PRJ-006,WBS-00241,CC-00053,2026-05-26 06:30:00,2026-05-26 15:00:00,8.0,0.0,OnPrem-SQLServer
TE-00004135,TS-0000819,EMP-0095,2026-05-27,PRJ-006,WBS-00217,CC-00053,2026-05-27 06:30:00,2026-05-27 15:00:00,8.0,0.0,OnPrem-SQLServer
TE-00004136,TS-0000819,EMP-0095,2026-05-28,PRJ-006,WBS-00226,CC-00047,2026-05-28 06:30:00,2026-05-28 15:00:00,8.0,0.0,OnPrem-SQLServer
TE-00004137,TS-0000819,EMP-0095,2026-05-29,PRJ-006,WBS-00250,CC-00053,2026-05-29 06:15:00,2026-05-29 15:49:12,9.07,1.07,OnPrem-SQLServer
TE-00004138,TS-0000820,EMP-0095,2026-06-01,PRJ-003,WBS-00117,CC-00025,2026-06-01 06:00:00,2026-06-01 14:30:00,8.0,0.0,OnPrem-SQLServer
TE-00004139,TS-0000820,EMP-0095,2026-06-02,PRJ-003,WBS-00128,CC-00026,2026-06-02 06:30:00,2026-06-02 15:35:24,8.59,0.59,OnPrem-SQLServer
TE-00004140,TS-0000820,EMP-0095,2026-06-03,PRJ-003,WBS-00121,CC-00022,2026-06-03 06:00:00,2026-06-03 14:30:00,8.0,0.0,OnPrem-SQLServer
TE-00004141,TS-0000820,EMP-0095,2026-06-04,PRJ-003,WBS-00115,CC-00026,2026-06-04 06:00:00,2026-06-04 14:30:00,8.0,0.0,OnPrem-SQLServer
TE-00004142,TS-0000820,EMP-0095,2026-06-05,PRJ-003,WBS-00122,CC-00024,2026-06-05 06:15:00,2026-06-05 14:45:00,8.0,0.0,OnPrem-SQLServer
TE-00004143,TS-0000821,EMP-0095,2026-06-15,PRJ-006,WBS-00239,CC-00052,2026-06-15 06:00:00,2026-06-15 14:30:00,8.0,0.0,OnPrem-SQLServer
TE-00004144,TS-0000821,EMP-0095,2026-06-16,PRJ-006,WBS-00218,CC-00054,2026-06-16 06:15:00,2026-06-16 14:45:00,8.0,0.0,OnPrem-SQLServer
TE-00004145,TS-0000821,EMP-0095,2026-06-17,PRJ-006,WBS-00255,CC-00053,2026-06-17 06:15:00,2026-06-17 14:45:00,8.0,0.0,OnPrem-SQLServer
TE-00004146,TS-0000821,EMP-0095,2026-06-18,PRJ-006,WBS-00240,CC-00050,2026-06-18 06:30:00,2026-06-18 15:00:00,8.0,0.0,OnPrem-SQLServer
TE-00004147,TS-0000821,EMP-0095,2026-06-19,PRJ-006,WBS-00243,CC-00048,2026-06-19 06:15:00,2026-06-19 15:43:12,8.97,0.97,OnPrem-SQLServer
TE-00004148,TS-0000822,EMP-0095,2026-06-22,PRJ-006,WBS-00234,CC-00050,2026-06-22 06:00:00,2026-06-22 14:30:00,8.0,0.0,OnPrem-SQLServer
TE-00004149,TS-0000822,EMP-0095,2026-06-23,PRJ-006,WBS-00223,CC-00054,2026-06-23 06:15:00,2026-06-23 15:25:12,8.67,0.67,OnPrem-SQLServer
TE-00004150,TS-0000822,EMP-0095,2026-06-24,PRJ-006,WBS-00226,CC-00048,2026-06-24 06:15:00,2026-06-24 14:45:00,8.0,0.0,OnPrem-SQLServer
TE-00004151,TS-0000822,EMP-0095,2026-06-25,PRJ-006,WBS-00222,CC-00054,2026-06-25 06:00:00,2026-06-25 14:30:00,8.0,0.0,OnPrem-SQLServer
TE-00004152,TS-0000822,EMP-0095,2026-06-26,PRJ-006,WBS-00216,CC-00052,2026-06-26 06:15:00,2026-06-26 16:31:12,9.77,1.77,OnPrem-SQLServer
TE-00004153,TS-0000823,EMP-0095,2026-07-06,PRJ-006,WBS-00248,CC-00053,2026-07-06 06:30:00,2026-07-06 15:00:00,8.0,0.0,OnPrem-SQLServer
TE-00004154,TS-0000823,EMP-0095,2026-07-07,PRJ-006,WBS-00223,CC-00052,2026-07-07 06:15:00,2026-07-07 14:45:00,8.0,0.0,OnPrem-SQLServer
TE-00004155,TS-0000823,EMP-0095,2026-07-08,PRJ-006,WBS-00227,CC-00051,2026-07-08 06:00:00,2026-07-08 14:30:00,8.0,0.0,OnPrem-SQLServer
TE-00004156,TS-0000823,EMP-0095,2026-07-09,PRJ-006,WBS-00242,CC-00051,2026-07-09 06:15:00,2026-07-09 14:45:00,8.0,0.0,OnPrem-SQLServer
TE-00004157,TS-0000823,EMP-0095,2026-07-10,PRJ-006,WBS-00239,CC-00051,2026-07-10 06:30:00,2026-07-10 15:00:00,8.0,0.0,OnPrem-SQLServer
TE-00004158,TS-0000824,EMP-0095,2026-07-13,PRJ-009,WBS-00369,CC-00073,2026-07-13 06:00:00,2026-07-13 14:30:00,8.0,0.0,OnPrem-SQLServer
TE-00004159,TS-0000824,EMP-0095,2026-07-14,PRJ-009,WBS-00405,CC-00077,2026-07-14 06:30:00,2026-07-14 15:00:00,8.0,0.0,OnPrem-SQLServer
TE-00004160,TS-0000824,EMP-0095,2026-07-15,PRJ-009,WBS-00391,CC-00075,2026-07-15 06:00:00,2026-07-15 14:30:00,8.0,0.0,OnPrem-SQLServer
TE-00004161,TS-0000824,EMP-0095,2026-07-16,PRJ-009,WBS-00392,CC-00077,2026-07-16 06:30:00,2026-07-16 15:00:00,8.0,0.0,OnPrem-SQLServer
TE-00004162,TS-0000824,EMP-0095,2026-07-17,PRJ-009,WBS-00378,CC-00080,2026-07-17 06:30:00,2026-07-17 15:00:00,8.0,0.0,OnPrem-SQLServer
TE-00004163,TS-0000825,EMP-0095,2026-07-20,PRJ-006,WBS-00223,CC-00048,2026-07-20 06:00:00,2026-07-20 14:30:00,8.0,0.0,OnPrem-SQLServer
TE-00004164,TS-0000825,EMP-0095,2026-07-21,PRJ-006,WBS-00230,CC-00049,2026-07-21 06:15:00,2026-07-21 14:45:00,8.0,0.0,OnPrem-SQLServer
TE-00004165,TS-0000825,EMP-0095,2026-07-22,PRJ-006,WBS-00215,CC-00050,2026-07-22 06:30:00,2026-07-22 15:00:00,8.0,0.0,OnPrem-SQLServer
TE-00004166,TS-0000825,EMP-0095,2026-07-23,PRJ-006,WBS-00215,CC-00050,2026-07-23 06:30:00,2026-07-23 15:00:00,8.0,0.0,OnPrem-SQLServer
TE-00004167,TS-0000825,EMP-0095,2026-07-24,PRJ-006,WBS-00228,CC-00053,2026-07-24 06:15:00,2026-07-24 14:45:00,8.0,0.0,OnPrem-SQLServer
TE-00004168,TS-0000826,EMP-0095,2026-07-27,PRJ-006,WBS-00224,CC-00047,2026-07-27 06:00:00,2026-07-27 16:21:00,9.85,1.85,OnPrem-SQLServer
TE-00004169,TS-0000826,EMP-0095,2026-07-28,PRJ-006,WBS-00231,CC-00049,2026-07-28 06:30:00,2026-07-28 15:00:00,8.0,0.0,OnPrem-SQLServer
TE-00004170,TS-0000826,EMP-0095,2026-07-29,PRJ-006,WBS-00239,CC-00046,2026-07-29 06:00:00,2026-07-29 14:30:00,8.0,0.0,OnPrem-SQLServer
TE-00004171,TS-0000826,EMP-0095,2026-07-30,PRJ-006,WBS-00232,CC-00049,2026-07-30 06:30:00,2026-07-30 15:00:00,8.0,0.0,OnPrem-SQLServer
TE-00004172,TS-0000826,EMP-0095,2026-07-31,PRJ-006,WBS-00235,CC-00053,2026-07-31 06:30:00,2026-07-31 15:00:00,8.0,0.0,OnPrem-SQLServer
TE-00004173,TS-0000827,EMP-0096,2026-05-11,PRJ-008,WBS-00341,CC-00070,2026-05-11 06:00:00,2026-05-11 14:30:00,8.0,0.0,OnPrem-SQLServer
TE-00004174,TS-0000827,EMP-0096,2026-05-12,PRJ-008,WBS-00356,CC-00067,2026-05-12 06:30:00,2026-05-12 15:00:00,8.0,0.0,OnPrem-SQLServer
TE-00004175,TS-0000827,EMP-0096,2026-05-13,PRJ-008,WBS-00308,CC-00064,2026-05-13 06:30:00,2026-05-13 15:00:00,8.0,0.0,OnPrem-SQLServer
TE-00004176,TS-0000827,EMP-0096,2026-05-14,PRJ-008,WBS-00330,CC-00066,2026-05-14 06:15:00,2026-05-14 14:45:00,8.0,0.0,OnPrem-SQLServer
TE-00004177,TS-0000827,EMP-0096,2026-05-15,PRJ-008,WBS-00357,CC-00066,2026-05-15 06:15:00,2026-05-15 14:45:00,8.0,0.0,OnPrem-SQLServer
TE-00004178,TS-0000828,EMP-0096,2026-05-18,PRJ-008,WBS-00331,CC-00069,2026-05-18 06:00:00,2026-05-18 14:30:00,8.0,0.0,OnPrem-SQLServer
TE-00004179,TS-0000828,EMP-0096,2026-05-19,PRJ-008,WBS-00347,CC-00071,2026-05-19 06:00:00,2026-05-19 14:30:00,8.0,0.0,OnPrem-SQLServer
TE-00004180,TS-0000828,EMP-0096,2026-05-20,PRJ-008,WBS-00349,CC-00072,2026-05-20 06:15:00,2026-05-20 14:45:00,8.0,0.0,OnPrem-SQLServer
TE-00004181,TS-0000828,EMP-0096,2026-05-21,PRJ-008,WBS-00306,CC-00064,2026-05-21 06:00:00,2026-05-21 14:30:00,8.0,0.0,OnPrem-SQLServer
TE-00004182,TS-0000828,EMP-0096,2026-05-22,PRJ-008,WBS-00339,CC-00069,2026-05-22 06:30:00,2026-05-22 15:00:00,8.0,0.0,OnPrem-SQLServer
TE-00004183,TS-0000829,EMP-0096,2026-05-25,PRJ-008,WBS-00353,CC-00072,2026-05-25 06:00:00,2026-05-25 14:30:00,8.0,0.0,OnPrem-SQLServer
TE-00004184,TS-0000829,EMP-0096,2026-05-26,PRJ-008,WBS-00341,CC-00067,2026-05-26 06:00:00,2026-05-26 15:33:36,9.06,1.06,OnPrem-SQLServer
TE-00004185,TS-0000829,EMP-0096,2026-05-27,PRJ-008,WBS-00304,CC-00067,2026-05-27 06:30:00,2026-05-27 15:00:00,8.0,0.0,OnPrem-SQLServer
TE-00004186,TS-0000829,EMP-0096,2026-05-28,PRJ-008,WBS-00331,CC-00070,2026-05-28 06:30:00,2026-05-28 15:00:00,8.0,0.0,OnPrem-SQLServer
TE-00004187,TS-0000829,EMP-0096,2026-05-29,PRJ-008,WBS-00348,CC-00067,2026-05-29 06:15:00,2026-05-29 14:45:00,8.0,0.0,OnPrem-SQLServer
TE-00004188,TS-0000830,EMP-0096,2026-06-01,PRJ-008,WBS-00357,CC-00072,2026-06-01 06:15:00,2026-06-01 14:45:00,8.0,0.0,OnPrem-SQLServer
TE-00004189,TS-0000830,EMP-0096,2026-06-02,PRJ-008,WBS-00315,CC-00072,2026-06-02 06:15:00,2026-06-02 14:45:00,8.0,0.0,OnPrem-SQLServer
TE-00004190,TS-0000830,EMP-0096,2026-06-03,PRJ-008,WBS-00341,CC-00067,2026-06-03 06:30:00,2026-06-03 15:00:00,8.0,0.0,OnPrem-SQLServer
TE-00004191,TS-0000830,EMP-0096,2026-06-04,PRJ-008,WBS-00310,CC-00070,2026-06-04 06:15:00,2026-06-04 14:45:00,8.0,0.0,OnPrem-SQLServer
TE-00004192,TS-0000830,EMP-0096,2026-06-05,PRJ-008,WBS-00335,CC-00066,2026-06-05 06:15:00,2026-06-05 14:45:00,8.0,0.0,OnPrem-SQLServer
TE-00004193,TS-0000831,EMP-0096,2026-06-08,PRJ-008,WBS-00319,CC-00066,2026-06-08 06:00:00,2026-06-08 14:30:00,8.0,0.0,OnPrem-SQLServer
TE-00004194,TS-0000831,EMP-0096,2026-06-09,PRJ-008,WBS-00353,CC-00066,2026-06-09 06:15:00,2026-06-09 14:45:00,8.0,0.0,OnPrem-SQLServer
TE-00004195,TS-0000831,EMP-0096,2026-06-10,PRJ-008,WBS-00341,CC-00072,2026-06-10 06:00:00,2026-06-10 14:30:00,8.0,0.0,OnPrem-SQLServer
TE-00004196,TS-0000831,EMP-0096,2026-06-11,PRJ-008,WBS-00352,CC-00066,2026-06-11 06:30:00,2026-06-11 15:00:00,8.0,0.0,OnPrem-SQLServer
TE-00004197,TS-0000831,EMP-0096,2026-06-12,PRJ-008,WBS-00357,CC-00070,2026-06-12 06:30:00,2026-06-12 15:00:00,8.0,0.0,OnPrem-SQLServer
TE-00004198,TS-0000832,EMP-0096,2026-06-15,PRJ-006,WBS-00234,CC-00053,2026-06-15 06:15:00,2026-06-15 14:45:00,8.0,0.0,OnPrem-SQLServer
TE-00004199,TS-0000832,EMP-0096,2026-06-16,PRJ-006,WBS-00251,CC-00052,2026-06-16 06:15:00,2026-06-16 14:45:00,8.0,0.0,OnPrem-SQLServer
TE-00004200,TS-0000832,EMP-0096,2026-06-17,PRJ-006,WBS-00246,CC-00054,2026-06-17 06:00:00,2026-06-17 14:30:00,8.0,0.0,OnPrem-SQLServer
TE-00004201,TS-0000832,EMP-0096,2026-06-18,PRJ-006,WBS-00233,CC-00053,2026-06-18 06:15:00,2026-06-18 14:45:00,8.0,0.0,OnPrem-SQLServer
TE-00004202,TS-0000832,EMP-0096,2026-06-19,PRJ-006,WBS-00218,CC-00053,2026-06-19 06:15:00,2026-06-19 14:45:00,8.0,0.0,OnPrem-SQLServer
TE-00004203,TS-0000833,EMP-0096,2026-06-22,PRJ-008,WBS-00306,CC-00064,2026-06-22 06:00:00,2026-06-22 14:30:00,8.0,0.0,OnPrem-SQLServer
TE-00004204,TS-0000833,EMP-0096,2026-06-23,PRJ-008,WBS-00354,CC-00070,2026-06-23 06:00:00,2026-06-23 14:30:00,8.0,0.0,OnPrem-SQLServer
TE-00004205,TS-0000833,EMP-0096,2026-06-24,PRJ-008,WBS-00313,CC-00064,2026-06-24 06:30:00,2026-06-24 15:00:00,8.0,0.0,OnPrem-SQLServer
TE-00004206,TS-0000833,EMP-0096,2026-06-25,PRJ-008,WBS-00352,CC-00069,2026-06-25 06:30:00,2026-06-25 15:00:00,8.0,0.0,OnPrem-SQLServer
TE-00004207,TS-0000833,EMP-0096,2026-06-26,PRJ-008,WBS-00320,CC-00066,2026-06-26 06:15:00,2026-06-26 14:45:00,8.0,0.0,OnPrem-SQLServer
TE-00004208,TS-0000834,EMP-0096,2026-06-29,PRJ-008,WBS-00344,CC-00064,2026-06-29 06:00:00,2026-06-29 15:37:12,9.12,1.12,OnPrem-SQLServer
TE-00004209,TS-0000834,EMP-0096,2026-06-30,PRJ-008,WBS-00317,CC-00072,2026-06-30 06:30:00,2026-06-30 15:00:00,8.0,0.0,OnPrem-SQLServer
TE-00004210,TS-0000834,EMP-0096,2026-07-01,PRJ-008,WBS-00318,CC-00069,2026-07-01 06:15:00,2026-07-01 15:29:24,8.74,0.74,OnPrem-SQLServer
TE-00004211,TS-0000834,EMP-0096,2026-07-02,PRJ-008,WBS-00343,CC-00070,2026-07-02 06:30:00,2026-07-02 15:00:00,8.0,0.0,OnPrem-SQLServer
TE-00004212,TS-0000834,EMP-0096,2026-07-03,PRJ-008,WBS-00328,CC-00066,2026-07-03 06:30:00,2026-07-03 15:00:00,8.0,0.0,OnPrem-SQLServer
TE-00004213,TS-0000835,EMP-0096,2026-07-06,PRJ-008,WBS-00345,CC-00068,2026-07-06 06:00:00,2026-07-06 15:35:24,9.09,1.09,OnPrem-SQLServer
TE-00004214,TS-0000835,EMP-0096,2026-07-07,PRJ-008,WBS-00306,CC-00068,2026-07-07 06:30:00,2026-07-07 16:59:24,9.99,1.99,OnPrem-SQLServer
TE-00004215,TS-0000835,EMP-0096,2026-07-08,PRJ-008,WBS-00320,CC-00068,2026-07-08 06:30:00,2026-07-08 16:47:24,9.79,1.79,OnPrem-SQLServer
TE-00004216,TS-0000835,EMP-0096,2026-07-09,PRJ-008,WBS-00316,CC-00069,2026-07-09 06:30:00,2026-07-09 15:00:00,8.0,0.0,OnPrem-SQLServer
TE-00004217,TS-0000835,EMP-0096,2026-07-10,PRJ-008,WBS-00334,CC-00065,2026-07-10 06:15:00,2026-07-10 14:45:00,8.0,0.0,OnPrem-SQLServer
TE-00004218,TS-0000836,EMP-0096,2026-07-13,PRJ-008,WBS-00307,CC-00070,2026-07-13 06:30:00,2026-07-13 15:00:00,8.0,0.0,OnPrem-SQLServer
TE-00004219,TS-0000836,EMP-0096,2026-07-14,PRJ-008,WBS-00313,CC-00069,2026-07-14 06:15:00,2026-07-14 14:45:00,8.0,0.0,OnPrem-SQLServer
TE-00004220,TS-0000836,EMP-0096,2026-07-15,PRJ-008,WBS-00358,CC-00070,2026-07-15 06:15:00,2026-07-15 14:45:00,8.0,0.0,OnPrem-SQLServer
TE-00004221,TS-0000836,EMP-0096,2026-07-16,PRJ-008,WBS-00326,CC-00071,2026-07-16 06:15:00,2026-07-16 14:45:00,8.0,0.0,OnPrem-SQLServer
TE-00004222,TS-0000836,EMP-0096,2026-07-17,PRJ-008,WBS-00347,CC-00068,2026-07-17 06:30:00,2026-07-17 15:00:00,8.0,0.0,OnPrem-SQLServer
TE-00004223,TS-0000837,EMP-0096,2026-07-20,PRJ-008,WBS-00324,CC-00069,2026-07-20 06:15:00,2026-07-20 14:45:00,8.0,0.0,OnPrem-SQLServer
TE-00004224,TS-0000837,EMP-0096,2026-07-21,PRJ-008,WBS-00343,CC-00064,2026-07-21 06:15:00,2026-07-21 14:45:00,8.0,0.0,OnPrem-SQLServer
TE-00004225,TS-0000837,EMP-0096,2026-07-22,PRJ-008,WBS-00320,CC-00070,2026-07-22 06:30:00,2026-07-22 15:00:00,8.0,0.0,OnPrem-SQLServer
TE-00004226,TS-0000837,EMP-0096,2026-07-23,PRJ-008,WBS-00314,CC-00072,2026-07-23 06:30:00,2026-07-23 15:00:00,8.0,0.0,OnPrem-SQLServer
TE-00004227,TS-0000837,EMP-0096,2026-07-24,PRJ-008,WBS-00304,CC-00070,2026-07-24 06:15:00,2026-07-24 14:45:00,8.0,0.0,OnPrem-SQLServer
TE-00004228,TS-0000838,EMP-0096,2026-07-27,PRJ-007,WBS-00274,CC-00056,2026-07-27 06:30:00,2026-07-27 15:00:00,8.0,0.0,OnPrem-SQLServer
TE-00004229,TS-0000838,EMP-0096,2026-07-28,PRJ-007,WBS-00287,CC-00062,2026-07-28 06:00:00,2026-07-28 14:30:00,8.0,0.0,OnPrem-SQLServer
TE-00004230,TS-0000838,EMP-0096,2026-07-29,PRJ-007,WBS-00260,CC-00063,2026-07-29 06:30:00,2026-07-29 15:00:00,8.0,0.0,OnPrem-SQLServer
TE-00004231,TS-0000838,EMP-0096,2026-07-30,PRJ-007,WBS-00278,CC-00055,2026-07-30 06:00:00,2026-07-30 14:30:00,8.0,0.0,OnPrem-SQLServer
TE-00004232,TS-0000838,EMP-0096,2026-07-31,PRJ-007,WBS-00261,CC-00061,2026-07-31 06:30:00,2026-07-31 16:56:24,9.94,1.94,OnPrem-SQLServer
TE-00004233,TS-0000839,EMP-0097,2026-05-11,PRJ-009,WBS-00380,CC-00080,2026-05-11 06:30:00,2026-05-11 15:00:00,8.0,0.0,OnPrem-SQLServer
TE-00004234,TS-0000839,EMP-0097,2026-05-12,PRJ-009,WBS-00367,CC-00078,2026-05-12 06:30:00,2026-05-12 15:00:00,8.0,0.0,OnPrem-SQLServer
TE-00004235,TS-0000839,EMP-0097,2026-05-13,PRJ-009,WBS-00391,CC-00076,2026-05-13 06:15:00,2026-05-13 14:45:00,8.0,0.0,OnPrem-SQLServer
TE-00004236,TS-0000839,EMP-0097,2026-05-14,PRJ-009,WBS-00370,CC-00080,2026-05-14 06:15:00,2026-05-14 14:45:00,8.0,0.0,OnPrem-SQLServer
TE-00004237,TS-0000839,EMP-0097,2026-05-15,PRJ-009,WBS-00403,CC-00080,2026-05-15 06:00:00,2026-05-15 14:30:00,8.0,0.0,OnPrem-SQLServer
TE-00004238,TS-0000840,EMP-0097,2026-05-25,PRJ-009,WBS-00411,CC-00074,2026-05-25 06:00:00,2026-05-25 14:30:00,8.0,0.0,OnPrem-SQLServer
TE-00004239,TS-0000840,EMP-0097,2026-05-26,PRJ-009,WBS-00390,CC-00073,2026-05-26 06:30:00,2026-05-26 15:00:00,8.0,0.0,OnPrem-SQLServer
TE-00004240,TS-0000840,EMP-0097,2026-05-27,PRJ-009,WBS-00373,CC-00080,2026-05-27 06:15:00,2026-05-27 14:45:00,8.0,0.0,OnPrem-SQLServer
TE-00004241,TS-0000840,EMP-0097,2026-05-28,PRJ-009,WBS-00369,CC-00073,2026-05-28 06:15:00,2026-05-28 14:45:00,8.0,0.0,OnPrem-SQLServer
TE-00004242,TS-0000840,EMP-0097,2026-05-29,PRJ-009,WBS-00362,CC-00074,2026-05-29 06:15:00,2026-05-29 15:27:00,8.7,0.7,OnPrem-SQLServer
TE-00004243,TS-0000841,EMP-0097,2026-06-01,PRJ-009,WBS-00394,CC-00081,2026-06-01 06:00:00,2026-06-01 14:30:00,8.0,0.0,OnPrem-SQLServer
TE-00004244,TS-0000841,EMP-0097,2026-06-02,PRJ-009,WBS-00412,CC-00074,2026-06-02 06:15:00,2026-06-02 14:45:00,8.0,0.0,OnPrem-SQLServer
TE-00004245,TS-0000841,EMP-0097,2026-06-03,PRJ-009,WBS-00365,CC-00079,2026-06-03 06:15:00,2026-06-03 15:31:48,8.78,0.78,OnPrem-SQLServer
TE-00004246,TS-0000841,EMP-0097,2026-06-04,PRJ-009,WBS-00389,CC-00078,2026-06-04 06:00:00,2026-06-04 14:30:00,8.0,0.0,OnPrem-SQLServer
TE-00004247,TS-0000841,EMP-0097,2026-06-05,PRJ-009,WBS-00367,CC-00073,2026-06-05 06:15:00,2026-06-05 14:45:00,8.0,0.0,OnPrem-SQLServer
TE-00004248,TS-0000842,EMP-0097,2026-06-08,PRJ-009,WBS-00404,CC-00073,2026-06-08 06:15:00,2026-06-08 14:45:00,8.0,0.0,OnPrem-SQLServer
TE-00004249,TS-0000842,EMP-0097,2026-06-09,PRJ-009,WBS-00378,CC-00073,2026-06-09 06:15:00,2026-06-09 14:45:00,8.0,0.0,OnPrem-SQLServer
TE-00004250,TS-0000842,EMP-0097,2026-06-10,PRJ-009,WBS-00368,CC-00079,2026-06-10 06:30:00,2026-06-10 15:00:00,8.0,0.0,OnPrem-SQLServer
TE-00004251,TS-0000842,EMP-0097,2026-06-11,PRJ-009,WBS-00411,CC-00080,2026-06-11 06:00:00,2026-06-11 14:30:00,8.0,0.0,OnPrem-SQLServer
TE-00004252,TS-0000842,EMP-0097,2026-06-12,PRJ-009,WBS-00378,CC-00074,2026-06-12 06:15:00,2026-06-12 14:45:00,8.0,0.0,OnPrem-SQLServer
TE-00004253,TS-0000843,EMP-0097,2026-06-15,PRJ-005,WBS-00188,CC-00037,2026-06-15 06:00:00,2026-06-15 14:30:00,8.0,0.0,OnPrem-SQLServer
TE-00004254,TS-0000843,EMP-0097,2026-06-16,PRJ-005,WBS-00207,CC-00037,2026-06-16 06:15:00,2026-06-16 14:45:00,8.0,0.0,OnPrem-SQLServer
TE-00004255,TS-0000843,EMP-0097,2026-06-17,PRJ-005,WBS-00198,CC-00043,2026-06-17 06:30:00,2026-06-17 15:00:00,8.0,0.0,OnPrem-SQLServer
TE-00004256,TS-0000843,EMP-0097,2026-06-18,PRJ-005,WBS-00183,CC-00044,2026-06-18 06:30:00,2026-06-18 15:00:00,8.0,0.0,OnPrem-SQLServer
TE-00004257,TS-0000843,EMP-0097,2026-06-19,PRJ-005,WBS-00210,CC-00041,2026-06-19 06:00:00,2026-06-19 14:30:00,8.0,0.0,OnPrem-SQLServer
TE-00004258,TS-0000844,EMP-0097,2026-06-22,PRJ-009,WBS-00421,CC-00073,2026-06-22 06:30:00,2026-06-22 15:00:00,8.0,0.0,OnPrem-SQLServer
TE-00004259,TS-0000844,EMP-0097,2026-06-23,PRJ-009,WBS-00417,CC-00074,2026-06-23 06:30:00,2026-06-23 15:00:00,8.0,0.0,OnPrem-SQLServer
TE-00004260,TS-0000844,EMP-0097,2026-06-24,PRJ-009,WBS-00399,CC-00076,2026-06-24 06:00:00,2026-06-24 14:30:00,8.0,0.0,OnPrem-SQLServer
TE-00004261,TS-0000844,EMP-0097,2026-06-25,PRJ-009,WBS-00395,CC-00075,2026-06-25 06:15:00,2026-06-25 14:45:00,8.0,0.0,OnPrem-SQLServer
TE-00004262,TS-0000844,EMP-0097,2026-06-26,PRJ-009,WBS-00407,CC-00074,2026-06-26 06:00:00,2026-06-26 14:30:00,8.0,0.0,OnPrem-SQLServer
TE-00004263,TS-0000845,EMP-0097,2026-07-06,PRJ-009,WBS-00371,CC-00076,2026-07-06 06:30:00,2026-07-06 15:00:00,8.0,0.0,OnPrem-SQLServer
TE-00004264,TS-0000845,EMP-0097,2026-07-07,PRJ-009,WBS-00373,CC-00073,2026-07-07 06:15:00,2026-07-07 14:45:00,8.0,0.0,OnPrem-SQLServer
TE-00004265,TS-0000845,EMP-0097,2026-07-08,PRJ-009,WBS-00368,CC-00073,2026-07-08 06:00:00,2026-07-08 14:30:00,8.0,0.0,OnPrem-SQLServer
TE-00004266,TS-0000845,EMP-0097,2026-07-09,PRJ-009,WBS-00365,CC-00073,2026-07-09 06:30:00,2026-07-09 15:00:00,8.0,0.0,OnPrem-SQLServer
TE-00004267,TS-0000845,EMP-0097,2026-07-10,PRJ-009,WBS-00368,CC-00073,2026-07-10 06:15:00,2026-07-10 14:45:00,8.0,0.0,OnPrem-SQLServer
TE-00004268,TS-0000846,EMP-0097,2026-07-13,PRJ-009,WBS-00413,CC-00074,2026-07-13 06:30:00,2026-07-13 16:31:12,9.52,1.52,OnPrem-SQLServer
TE-00004269,TS-0000846,EMP-0097,2026-07-14,PRJ-009,WBS-00370,CC-00080,2026-07-14 06:30:00,2026-07-14 15:00:00,8.0,0.0,OnPrem-SQLServer
TE-00004270,TS-0000846,EMP-0097,2026-07-15,PRJ-009,WBS-00374,CC-00078,2026-07-15 06:00:00,2026-07-15 14:30:00,8.0,0.0,OnPrem-SQLServer
TE-00004271,TS-0000846,EMP-0097,2026-07-16,PRJ-009,WBS-00422,CC-00073,2026-07-16 06:00:00,2026-07-16 14:30:00,8.0,0.0,OnPrem-SQLServer
TE-00004272,TS-0000846,EMP-0097,2026-07-17,PRJ-009,WBS-00382,CC-00080,2026-07-17 06:30:00,2026-07-17 15:00:00,8.0,0.0,OnPrem-SQLServer
TE-00004273,TS-0000847,EMP-0097,2026-07-20,PRJ-009,WBS-00386,CC-00081,2026-07-20 06:15:00,2026-07-20 16:30:00,9.75,1.75,OnPrem-SQLServer
TE-00004274,TS-0000847,EMP-0097,2026-07-21,PRJ-009,WBS-00393,CC-00074,2026-07-21 06:00:00,2026-07-21 14:30:00,8.0,0.0,OnPrem-SQLServer
TE-00004275,TS-0000847,EMP-0097,2026-07-22,PRJ-009,WBS-00420,CC-00077,2026-07-22 06:30:00,2026-07-22 15:00:00,8.0,0.0,OnPrem-SQLServer
TE-00004276,TS-0000847,EMP-0097,2026-07-23,PRJ-009,WBS-00396,CC-00073,2026-07-23 06:15:00,2026-07-23 14:45:00,8.0,0.0,OnPrem-SQLServer
TE-00004277,TS-0000847,EMP-0097,2026-07-24,PRJ-009,WBS-00416,CC-00076,2026-07-24 06:30:00,2026-07-24 15:00:00,8.0,0.0,OnPrem-SQLServer
TE-00004278,TS-0000848,EMP-0097,2026-07-27,PRJ-009,WBS-00363,CC-00073,2026-07-27 06:00:00,2026-07-27 14:30:00,8.0,0.0,OnPrem-SQLServer
TE-00004279,TS-0000848,EMP-0097,2026-07-28,PRJ-009,WBS-00412,CC-00076,2026-07-28 06:15:00,2026-07-28 14:45:00,8.0,0.0,OnPrem-SQLServer
TE-00004280,TS-0000848,EMP-0097,2026-07-29,PRJ-009,WBS-00402,CC-00074,2026-07-29 06:00:00,2026-07-29 14:30:00,8.0,0.0,OnPrem-SQLServer
TE-00004281,TS-0000848,EMP-0097,2026-07-30,PRJ-009,WBS-00361,CC-00081,2026-07-30 06:30:00,2026-07-30 15:00:00,8.0,0.0,OnPrem-SQLServer
TE-00004282,TS-0000848,EMP-0097,2026-07-31,PRJ-009,WBS-00409,CC-00073,2026-07-31 06:00:00,2026-07-31 14:30:00,8.0,0.0,OnPrem-SQLServer
TE-00004283,TS-0000849,EMP-0098,2026-04-20,PRJ-010,WBS-00445,CC-00086,2026-04-20 06:30:00,2026-04-20 15:00:00,8.0,0.0,OnPrem-SQLServer
TE-00004284,TS-0000849,EMP-0098,2026-04-21,PRJ-010,WBS-00464,CC-00082,2026-04-21 06:00:00,2026-04-21 14:30:00,8.0,0.0,OnPrem-SQLServer
TE-00004285,TS-0000849,EMP-0098,2026-04-22,PRJ-010,WBS-00431,CC-00084,2026-04-22 06:00:00,2026-04-22 14:30:00,8.0,0.0,OnPrem-SQLServer
TE-00004286,TS-0000849,EMP-0098,2026-04-23,PRJ-010,WBS-00434,CC-00084,2026-04-23 06:00:00,2026-04-23 14:30:00,8.0,0.0,OnPrem-SQLServer
TE-00004287,TS-0000849,EMP-0098,2026-04-24,PRJ-010,WBS-00455,CC-00086,2026-04-24 06:00:00,2026-04-24 14:30:00,8.0,0.0,OnPrem-SQLServer
TE-00004288,TS-0000850,EMP-0098,2026-04-27,PRJ-010,WBS-00444,CC-00088,2026-04-27 06:30:00,2026-04-27 15:00:00,8.0,0.0,OnPrem-SQLServer
TE-00004289,TS-0000850,EMP-0098,2026-04-28,PRJ-010,WBS-00467,CC-00089,2026-04-28 06:30:00,2026-04-28 15:00:00,8.0,0.0,OnPrem-SQLServer
TE-00004290,TS-0000850,EMP-0098,2026-04-29,PRJ-010,WBS-00435,CC-00088,2026-04-29 06:15:00,2026-04-29 14:45:00,8.0,0.0,OnPrem-SQLServer
TE-00004291,TS-0000850,EMP-0098,2026-04-30,PRJ-010,WBS-00425,CC-00086,2026-04-30 06:15:00,2026-04-30 14:45:00,8.0,0.0,OnPrem-SQLServer
TE-00004292,TS-0000850,EMP-0098,2026-05-01,PRJ-010,WBS-00460,CC-00085,2026-05-01 06:30:00,2026-05-01 15:00:00,8.0,0.0,OnPrem-SQLServer
TE-00004293,TS-0000851,EMP-0098,2026-05-04,PRJ-009,WBS-00386,CC-00074,2026-05-04 06:15:00,2026-05-04 14:45:00,8.0,0.0,OnPrem-SQLServer
TE-00004294,TS-0000851,EMP-0098,2026-05-05,PRJ-009,WBS-00360,CC-00076,2026-05-05 06:00:00,2026-05-05 15:26:24,8.94,0.94,OnPrem-SQLServer
TE-00004295,TS-0000851,EMP-0098,2026-05-06,PRJ-009,WBS-00373,CC-00079,2026-05-06 06:30:00,2026-05-06 15:00:00,8.0,0.0,OnPrem-SQLServer
TE-00004296,TS-0000851,EMP-0098,2026-05-07,PRJ-009,WBS-00412,CC-00075,2026-05-07 06:30:00,2026-05-07 15:44:24,8.74,0.74,OnPrem-SQLServer
TE-00004297,TS-0000851,EMP-0098,2026-05-08,PRJ-009,WBS-00371,CC-00080,2026-05-08 06:30:00,2026-05-08 15:00:00,8.0,0.0,OnPrem-SQLServer
TE-00004298,TS-0000852,EMP-0098,2026-05-11,PRJ-010,WBS-00481,CC-00085,2026-05-11 06:00:00,2026-05-11 14:30:00,8.0,0.0,OnPrem-SQLServer
TE-00004299,TS-0000852,EMP-0098,2026-05-12,PRJ-010,WBS-00441,CC-00089,2026-05-12 06:00:00,2026-05-12 14:30:00,8.0,0.0,OnPrem-SQLServer
TE-00004300,TS-0000852,EMP-0098,2026-05-13,PRJ-010,WBS-00475,CC-00090,2026-05-13 06:15:00,2026-05-13 14:45:00,8.0,0.0,OnPrem-SQLServer
TE-00004301,TS-0000852,EMP-0098,2026-05-14,PRJ-010,WBS-00424,CC-00090,2026-05-14 06:30:00,2026-05-14 15:00:00,8.0,0.0,OnPrem-SQLServer
TE-00004302,TS-0000852,EMP-0098,2026-05-15,PRJ-010,WBS-00460,CC-00084,2026-05-15 06:00:00,2026-05-15 14:30:00,8.0,0.0,OnPrem-SQLServer
TE-00004303,TS-0000853,EMP-0098,2026-05-18,PRJ-010,WBS-00430,CC-00087,2026-05-18 06:15:00,2026-05-18 15:33:36,8.81,0.81,OnPrem-SQLServer
TE-00004304,TS-0000853,EMP-0098,2026-05-19,PRJ-010,WBS-00465,CC-00085,2026-05-19 06:00:00,2026-05-19 15:55:48,9.43,1.43,OnPrem-SQLServer
TE-00004305,TS-0000853,EMP-0098,2026-05-20,PRJ-010,WBS-00483,CC-00088,2026-05-20 06:30:00,2026-05-20 15:37:12,8.62,0.62,OnPrem-SQLServer
TE-00004306,TS-0000853,EMP-0098,2026-05-21,PRJ-010,WBS-00445,CC-00087,2026-05-21 06:00:00,2026-05-21 14:30:00,8.0,0.0,OnPrem-SQLServer
TE-00004307,TS-0000853,EMP-0098,2026-05-22,PRJ-010,WBS-00436,CC-00088,2026-05-22 06:15:00,2026-05-22 14:45:00,8.0,0.0,OnPrem-SQLServer
TE-00004308,TS-0000854,EMP-0098,2026-05-25,PRJ-010,WBS-00432,CC-00087,2026-05-25 06:00:00,2026-05-25 14:30:00,8.0,0.0,OnPrem-SQLServer
TE-00004309,TS-0000854,EMP-0098,2026-05-26,PRJ-010,WBS-00453,CC-00082,2026-05-26 06:15:00,2026-05-26 14:45:00,8.0,0.0,OnPrem-SQLServer
TE-00004310,TS-0000854,EMP-0098,2026-05-27,PRJ-010,WBS-00441,CC-00088,2026-05-27 06:15:00,2026-05-27 14:45:00,8.0,0.0,OnPrem-SQLServer
TE-00004311,TS-0000854,EMP-0098,2026-05-28,PRJ-010,WBS-00447,CC-00086,2026-05-28 06:15:00,2026-05-28 15:29:24,8.74,0.74,OnPrem-SQLServer
TE-00004312,TS-0000854,EMP-0098,2026-05-29,PRJ-010,WBS-00481,CC-00086,2026-05-29 06:00:00,2026-05-29 14:30:00,8.0,0.0,OnPrem-SQLServer
TE-00004313,TS-0000855,EMP-0098,2026-06-01,PRJ-010,WBS-00454,CC-00086,2026-06-01 06:15:00,2026-06-01 14:45:00,8.0,0.0,OnPrem-SQLServer
TE-00004314,TS-0000855,EMP-0098,2026-06-02,PRJ-010,WBS-00465,CC-00087,2026-06-02 06:30:00,2026-06-02 15:00:00,8.0,0.0,OnPrem-SQLServer
TE-00004315,TS-0000855,EMP-0098,2026-06-03,PRJ-010,WBS-00474,CC-00085,2026-06-03 06:15:00,2026-06-03 14:45:00,8.0,0.0,OnPrem-SQLServer
TE-00004316,TS-0000855,EMP-0098,2026-06-04,PRJ-010,WBS-00430,CC-00083,2026-06-04 06:30:00,2026-06-04 15:00:00,8.0,0.0,OnPrem-SQLServer
TE-00004317,TS-0000855,EMP-0098,2026-06-05,PRJ-010,WBS-00466,CC-00082,2026-06-05 06:15:00,2026-06-05 14:45:00,8.0,0.0,OnPrem-SQLServer
TE-00004318,TS-0000856,EMP-0098,2026-06-08,PRJ-010,WBS-00433,CC-00090,2026-06-08 06:15:00,2026-06-08 15:31:12,8.77,0.77,OnPrem-SQLServer
TE-00004319,TS-0000856,EMP-0098,2026-06-09,PRJ-010,WBS-00441,CC-00086,2026-06-09 06:15:00,2026-06-09 14:45:00,8.0,0.0,OnPrem-SQLServer
TE-00004320,TS-0000856,EMP-0098,2026-06-10,PRJ-010,WBS-00470,CC-00082,2026-06-10 06:00:00,2026-06-10 14:30:00,8.0,0.0,OnPrem-SQLServer
TE-00004321,TS-0000856,EMP-0098,2026-06-11,PRJ-010,WBS-00485,CC-00088,2026-06-11 06:15:00,2026-06-11 14:45:00,8.0,0.0,OnPrem-SQLServer
TE-00004322,TS-0000856,EMP-0098,2026-06-12,PRJ-010,WBS-00449,CC-00086,2026-06-12 06:00:00,2026-06-12 14:30:00,8.0,0.0,OnPrem-SQLServer
TE-00004323,TS-0000857,EMP-0098,2026-06-15,PRJ-010,WBS-00458,CC-00089,2026-06-15 06:30:00,2026-06-15 15:00:00,8.0,0.0,OnPrem-SQLServer
TE-00004324,TS-0000857,EMP-0098,2026-06-16,PRJ-010,WBS-00428,CC-00086,2026-06-16 06:30:00,2026-06-16 16:56:24,9.94,1.94,OnPrem-SQLServer
TE-00004325,TS-0000857,EMP-0098,2026-06-17,PRJ-010,WBS-00428,CC-00083,2026-06-17 06:30:00,2026-06-17 15:00:00,8.0,0.0,OnPrem-SQLServer
TE-00004326,TS-0000857,EMP-0098,2026-06-18,PRJ-010,WBS-00453,CC-00090,2026-06-18 06:00:00,2026-06-18 14:30:00,8.0,0.0,OnPrem-SQLServer
TE-00004327,TS-0000857,EMP-0098,2026-06-19,PRJ-010,WBS-00427,CC-00085,2026-06-19 06:00:00,2026-06-19 14:30:00,8.0,0.0,OnPrem-SQLServer
TE-00004328,TS-0000858,EMP-0098,2026-06-22,PRJ-010,WBS-00426,CC-00082,2026-06-22 06:00:00,2026-06-22 14:30:00,8.0,0.0,OnPrem-SQLServer
TE-00004329,TS-0000858,EMP-0098,2026-06-23,PRJ-010,WBS-00429,CC-00086,2026-06-23 06:15:00,2026-06-23 16:00:00,9.25,1.25,OnPrem-SQLServer
TE-00004330,TS-0000858,EMP-0098,2026-06-24,PRJ-010,WBS-00452,CC-00085,2026-06-24 06:00:00,2026-06-24 14:30:00,8.0,0.0,OnPrem-SQLServer
TE-00004331,TS-0000858,EMP-0098,2026-06-25,PRJ-010,WBS-00471,CC-00085,2026-06-25 06:15:00,2026-06-25 14:45:00,8.0,0.0,OnPrem-SQLServer
TE-00004332,TS-0000858,EMP-0098,2026-06-26,PRJ-010,WBS-00446,CC-00088,2026-06-26 06:00:00,2026-06-26 15:47:24,9.29,1.29,OnPrem-SQLServer
TE-00004333,TS-0000859,EMP-0098,2026-06-29,PRJ-010,WBS-00425,CC-00087,2026-06-29 06:30:00,2026-06-29 15:00:00,8.0,0.0,OnPrem-SQLServer
TE-00004334,TS-0000859,EMP-0098,2026-06-30,PRJ-010,WBS-00468,CC-00084,2026-06-30 06:15:00,2026-06-30 14:45:00,8.0,0.0,OnPrem-SQLServer
TE-00004335,TS-0000859,EMP-0098,2026-07-01,PRJ-010,WBS-00450,CC-00083,2026-07-01 06:15:00,2026-07-01 14:45:00,8.0,0.0,OnPrem-SQLServer
TE-00004336,TS-0000859,EMP-0098,2026-07-02,PRJ-010,WBS-00483,CC-00087,2026-07-02 06:00:00,2026-07-02 14:30:00,8.0,0.0,OnPrem-SQLServer
TE-00004337,TS-0000859,EMP-0098,2026-07-03,PRJ-010,WBS-00457,CC-00083,2026-07-03 06:30:00,2026-07-03 15:00:00,8.0,0.0,OnPrem-SQLServer
TE-00004338,TS-0000860,EMP-0098,2026-07-06,PRJ-010,WBS-00471,CC-00082,2026-07-06 06:30:00,2026-07-06 15:00:00,8.0,0.0,OnPrem-SQLServer
TE-00004339,TS-0000860,EMP-0098,2026-07-07,PRJ-010,WBS-00464,CC-00086,2026-07-07 06:30:00,2026-07-07 15:00:00,8.0,0.0,OnPrem-SQLServer
TE-00004340,TS-0000860,EMP-0098,2026-07-08,PRJ-010,WBS-00486,CC-00083,2026-07-08 06:00:00,2026-07-08 14:30:00,8.0,0.0,OnPrem-SQLServer
TE-00004341,TS-0000860,EMP-0098,2026-07-09,PRJ-010,WBS-00486,CC-00086,2026-07-09 06:00:00,2026-07-09 14:30:00,8.0,0.0,OnPrem-SQLServer
TE-00004342,TS-0000860,EMP-0098,2026-07-10,PRJ-010,WBS-00427,CC-00082,2026-07-10 06:15:00,2026-07-10 14:45:00,8.0,0.0,OnPrem-SQLServer
TE-00004343,TS-0000861,EMP-0098,2026-07-13,PRJ-012,WBS-00578,CC-00107,2026-07-13 06:15:00,2026-07-13 14:45:00,8.0,0.0,OnPrem-SQLServer
TE-00004344,TS-0000861,EMP-0098,2026-07-14,PRJ-012,WBS-00573,CC-00101,2026-07-14 06:15:00,2026-07-14 14:45:00,8.0,0.0,OnPrem-SQLServer
TE-00004345,TS-0000861,EMP-0098,2026-07-15,PRJ-012,WBS-00558,CC-00107,2026-07-15 06:00:00,2026-07-15 14:30:00,8.0,0.0,OnPrem-SQLServer
TE-00004346,TS-0000861,EMP-0098,2026-07-16,PRJ-012,WBS-00557,CC-00107,2026-07-16 06:30:00,2026-07-16 15:00:00,8.0,0.0,OnPrem-SQLServer
TE-00004347,TS-0000861,EMP-0098,2026-07-17,PRJ-012,WBS-00553,CC-00104,2026-07-17 06:30:00,2026-07-17 16:15:00,9.25,1.25,OnPrem-SQLServer
TE-00004348,TS-0000862,EMP-0098,2026-07-20,PRJ-010,WBS-00474,CC-00084,2026-07-20 06:15:00,2026-07-20 14:45:00,8.0,0.0,OnPrem-SQLServer
TE-00004349,TS-0000862,EMP-0098,2026-07-21,PRJ-010,WBS-00430,CC-00087,2026-07-21 06:30:00,2026-07-21 15:00:00,8.0,0.0,OnPrem-SQLServer
TE-00004350,TS-0000862,EMP-0098,2026-07-22,PRJ-010,WBS-00466,CC-00087,2026-07-22 06:00:00,2026-07-22 14:30:00,8.0,0.0,OnPrem-SQLServer
TE-00004351,TS-0000862,EMP-0098,2026-07-23,PRJ-010,WBS-00442,CC-00090,2026-07-23 06:30:00,2026-07-23 15:00:00,8.0,0.0,OnPrem-SQLServer
TE-00004352,TS-0000862,EMP-0098,2026-07-24,PRJ-010,WBS-00450,CC-00083,2026-07-24 06:00:00,2026-07-24 14:30:00,8.0,0.0,OnPrem-SQLServer
TE-00004353,TS-0000863,EMP-0100,2026-06-22,PRJ-005,WBS-00190,CC-00040,2026-06-22 06:00:00,2026-06-22 14:30:00,8.0,0.0,OnPrem-SQLServer
TE-00004354,TS-0000863,EMP-0100,2026-06-23,PRJ-005,WBS-00203,CC-00037,2026-06-23 06:15:00,2026-06-23 14:45:00,8.0,0.0,OnPrem-SQLServer
TE-00004355,TS-0000863,EMP-0100,2026-06-24,PRJ-005,WBS-00205,CC-00041,2026-06-24 06:30:00,2026-06-24 15:00:00,8.0,0.0,OnPrem-SQLServer
TE-00004356,TS-0000863,EMP-0100,2026-06-25,PRJ-005,WBS-00183,CC-00042,2026-06-25 06:00:00,2026-06-25 14:30:00,8.0,0.0,OnPrem-SQLServer
TE-00004357,TS-0000863,EMP-0100,2026-06-26,PRJ-005,WBS-00213,CC-00039,2026-06-26 06:15:00,2026-06-26 14:45:00,8.0,0.0,OnPrem-SQLServer
TE-00004358,TS-0000864,EMP-0100,2026-07-06,PRJ-005,WBS-00190,CC-00039,2026-07-06 06:30:00,2026-07-06 15:33:36,8.56,0.56,OnPrem-SQLServer
TE-00004359,TS-0000864,EMP-0100,2026-07-07,PRJ-005,WBS-00194,CC-00041,2026-07-07 06:15:00,2026-07-07 14:45:00,8.0,0.0,OnPrem-SQLServer
TE-00004360,TS-0000864,EMP-0100,2026-07-08,PRJ-005,WBS-00186,CC-00037,2026-07-08 06:30:00,2026-07-08 15:00:00,8.0,0.0,OnPrem-SQLServer
TE-00004361,TS-0000864,EMP-0100,2026-07-09,PRJ-005,WBS-00184,CC-00041,2026-07-09 06:15:00,2026-07-09 14:45:00,8.0,0.0,OnPrem-SQLServer
TE-00004362,TS-0000864,EMP-0100,2026-07-10,PRJ-005,WBS-00174,CC-00039,2026-07-10 06:30:00,2026-07-10 15:00:00,8.0,0.0,OnPrem-SQLServer
TE-00004363,TS-0000865,EMP-0100,2026-07-13,PRJ-005,WBS-00185,CC-00037,2026-07-13 06:15:00,2026-07-13 14:45:00,8.0,0.0,OnPrem-SQLServer
TE-00004364,TS-0000865,EMP-0100,2026-07-14,PRJ-005,WBS-00178,CC-00039,2026-07-14 06:00:00,2026-07-14 14:30:00,8.0,0.0,OnPrem-SQLServer
TE-00004365,TS-0000865,EMP-0100,2026-07-15,PRJ-005,WBS-00194,CC-00038,2026-07-15 06:15:00,2026-07-15 16:07:48,9.38,1.38,OnPrem-SQLServer
TE-00004366,TS-0000865,EMP-0100,2026-07-16,PRJ-005,WBS-00206,CC-00042,2026-07-16 06:00:00,2026-07-16 14:30:00,8.0,0.0,OnPrem-SQLServer
TE-00004367,TS-0000865,EMP-0100,2026-07-17,PRJ-005,WBS-00181,CC-00040,2026-07-17 06:00:00,2026-07-17 14:30:00,8.0,0.0,OnPrem-SQLServer
TE-00004368,TS-0000866,EMP-0100,2026-07-20,PRJ-005,WBS-00168,CC-00044,2026-07-20 06:15:00,2026-07-20 14:45:00,8.0,0.0,OnPrem-SQLServer
TE-00004369,TS-0000866,EMP-0100,2026-07-21,PRJ-005,WBS-00172,CC-00039,2026-07-21 06:00:00,2026-07-21 14:30:00,8.0,0.0,OnPrem-SQLServer
TE-00004370,TS-0000866,EMP-0100,2026-07-22,PRJ-005,WBS-00212,CC-00039,2026-07-22 06:00:00,2026-07-22 15:57:36,9.46,1.46,OnPrem-SQLServer
TE-00004371,TS-0000866,EMP-0100,2026-07-23,PRJ-005,WBS-00168,CC-00038,2026-07-23 06:00:00,2026-07-23 14:30:00,8.0,0.0,OnPrem-SQLServer
TE-00004372,TS-0000866,EMP-0100,2026-07-24,PRJ-005,WBS-00192,CC-00037,2026-07-24 06:30:00,2026-07-24 15:00:00,8.0,0.0,OnPrem-SQLServer
TE-00004373,TS-0000867,EMP-0100,2026-07-27,PRJ-005,WBS-00193,CC-00045,2026-07-27 06:30:00,2026-07-27 15:00:00,8.0,0.0,OnPrem-SQLServer
TE-00004374,TS-0000867,EMP-0100,2026-07-28,PRJ-005,WBS-00176,CC-00041,2026-07-28 06:00:00,2026-07-28 14:30:00,8.0,0.0,OnPrem-SQLServer
TE-00004375,TS-0000867,EMP-0100,2026-07-29,PRJ-005,WBS-00196,CC-00037,2026-07-29 06:30:00,2026-07-29 15:00:00,8.0,0.0,OnPrem-SQLServer
TE-00004376,TS-0000867,EMP-0100,2026-07-30,PRJ-005,WBS-00184,CC-00044,2026-07-30 06:00:00,2026-07-30 14:30:00,8.0,0.0,OnPrem-SQLServer
TE-00004377,TS-0000867,EMP-0100,2026-07-31,PRJ-005,WBS-00183,CC-00041,2026-07-31 06:15:00,2026-07-31 14:45:00,8.0,0.0,OnPrem-SQLServer
TE-00004378,TS-0000868,EMP-0101,2026-06-15,PRJ-009,WBS-00399,CC-00079,2026-06-15 06:15:00,2026-06-15 14:45:00,8.0,0.0,OnPrem-SQLServer
TE-00004379,TS-0000868,EMP-0101,2026-06-16,PRJ-009,WBS-00361,CC-00078,2026-06-16 06:00:00,2026-06-16 15:27:00,8.95,0.95,OnPrem-SQLServer
TE-00004380,TS-0000868,EMP-0101,2026-06-17,PRJ-009,WBS-00377,CC-00080,2026-06-17 06:30:00,2026-06-17 15:00:00,8.0,0.0,OnPrem-SQLServer
TE-00004381,TS-0000868,EMP-0101,2026-06-18,PRJ-009,WBS-00376,CC-00074,2026-06-18 06:15:00,2026-06-18 14:45:00,8.0,0.0,OnPrem-SQLServer
TE-00004382,TS-0000868,EMP-0101,2026-06-19,PRJ-009,WBS-00418,CC-00079,2026-06-19 06:00:00,2026-06-19 14:30:00,8.0,0.0,OnPrem-SQLServer
TE-00004383,TS-0000869,EMP-0101,2026-06-22,PRJ-009,WBS-00384,CC-00074,2026-06-22 06:15:00,2026-06-22 14:45:00,8.0,0.0,OnPrem-SQLServer
TE-00004384,TS-0000869,EMP-0101,2026-06-23,PRJ-009,WBS-00399,CC-00081,2026-06-23 06:00:00,2026-06-23 14:30:00,8.0,0.0,OnPrem-SQLServer
TE-00004385,TS-0000869,EMP-0101,2026-06-24,PRJ-009,WBS-00371,CC-00079,2026-06-24 06:00:00,2026-06-24 14:30:00,8.0,0.0,OnPrem-SQLServer
TE-00004386,TS-0000869,EMP-0101,2026-06-25,PRJ-009,WBS-00369,CC-00080,2026-06-25 06:30:00,2026-06-25 16:07:12,9.12,1.12,OnPrem-SQLServer
TE-00004387,TS-0000869,EMP-0101,2026-06-26,PRJ-009,WBS-00409,CC-00073,2026-06-26 06:00:00,2026-06-26 14:30:00,8.0,0.0,OnPrem-SQLServer
TE-00004388,TS-0000870,EMP-0101,2026-07-06,PRJ-009,WBS-00402,CC-00073,2026-07-06 06:00:00,2026-07-06 15:22:48,8.88,0.88,OnPrem-SQLServer
TE-00004389,TS-0000870,EMP-0101,2026-07-07,PRJ-009,WBS-00396,CC-00075,2026-07-07 06:30:00,2026-07-07 15:00:00,8.0,0.0,OnPrem-SQLServer
TE-00004390,TS-0000870,EMP-0101,2026-07-08,PRJ-009,WBS-00403,CC-00080,2026-07-08 06:15:00,2026-07-08 14:45:00,8.0,0.0,OnPrem-SQLServer
TE-00004391,TS-0000870,EMP-0101,2026-07-09,PRJ-009,WBS-00399,CC-00076,2026-07-09 06:30:00,2026-07-09 15:00:00,8.0,0.0,OnPrem-SQLServer
TE-00004392,TS-0000870,EMP-0101,2026-07-10,PRJ-009,WBS-00383,CC-00074,2026-07-10 06:15:00,2026-07-10 14:45:00,8.0,0.0,OnPrem-SQLServer
TE-00004393,TS-0000871,EMP-0101,2026-07-13,PRJ-009,WBS-00406,CC-00075,2026-07-13 06:15:00,2026-07-13 14:45:00,8.0,0.0,OnPrem-SQLServer
TE-00004394,TS-0000871,EMP-0101,2026-07-14,PRJ-009,WBS-00414,CC-00075,2026-07-14 06:15:00,2026-07-14 14:45:00,8.0,0.0,OnPrem-SQLServer
TE-00004395,TS-0000871,EMP-0101,2026-07-15,PRJ-009,WBS-00372,CC-00078,2026-07-15 06:30:00,2026-07-15 15:00:00,8.0,0.0,OnPrem-SQLServer
TE-00004396,TS-0000871,EMP-0101,2026-07-16,PRJ-009,WBS-00384,CC-00075,2026-07-16 06:00:00,2026-07-16 14:30:00,8.0,0.0,OnPrem-SQLServer
TE-00004397,TS-0000871,EMP-0101,2026-07-17,PRJ-009,WBS-00399,CC-00076,2026-07-17 06:00:00,2026-07-17 14:30:00,8.0,0.0,OnPrem-SQLServer
TE-00004398,TS-0000872,EMP-0101,2026-07-20,PRJ-009,WBS-00389,CC-00074,2026-07-20 06:00:00,2026-07-20 14:30:00,8.0,0.0,OnPrem-SQLServer
TE-00004399,TS-0000872,EMP-0101,2026-07-21,PRJ-009,WBS-00405,CC-00073,2026-07-21 06:00:00,2026-07-21 16:05:24,9.59,1.59,OnPrem-SQLServer
TE-00004400,TS-0000872,EMP-0101,2026-07-22,PRJ-009,WBS-00412,CC-00075,2026-07-22 06:15:00,2026-07-22 14:45:00,8.0,0.0,OnPrem-SQLServer
TE-00004401,TS-0000872,EMP-0101,2026-07-23,PRJ-009,WBS-00406,CC-00076,2026-07-23 06:00:00,2026-07-23 14:30:00,8.0,0.0,OnPrem-SQLServer
TE-00004402,TS-0000872,EMP-0101,2026-07-24,PRJ-009,WBS-00375,CC-00079,2026-07-24 06:30:00,2026-07-24 15:00:00,8.0,0.0,OnPrem-SQLServer
TE-00004403,TS-0000873,EMP-0101,2026-07-27,PRJ-009,WBS-00370,CC-00073,2026-07-27 06:15:00,2026-07-27 14:45:00,8.0,0.0,OnPrem-SQLServer
TE-00004404,TS-0000873,EMP-0101,2026-07-28,PRJ-009,WBS-00390,CC-00077,2026-07-28 06:00:00,2026-07-28 14:30:00,8.0,0.0,OnPrem-SQLServer
TE-00004405,TS-0000873,EMP-0101,2026-07-29,PRJ-009,WBS-00402,CC-00074,2026-07-29 06:00:00,2026-07-29 14:30:00,8.0,0.0,OnPrem-SQLServer
TE-00004406,TS-0000873,EMP-0101,2026-07-30,PRJ-009,WBS-00395,CC-00078,2026-07-30 06:15:00,2026-07-30 14:45:00,8.0,0.0,OnPrem-SQLServer
TE-00004407,TS-0000873,EMP-0101,2026-07-31,PRJ-009,WBS-00374,CC-00076,2026-07-31 06:15:00,2026-07-31 14:45:00,8.0,0.0,OnPrem-SQLServer
TE-00004408,TS-0000874,EMP-0103,2026-04-27,PRJ-006,WBS-00240,CC-00054,2026-04-27 06:30:00,2026-04-27 15:00:00,8.0,0.0,OnPrem-SQLServer
TE-00004409,TS-0000874,EMP-0103,2026-04-28,PRJ-006,WBS-00216,CC-00046,2026-04-28 06:30:00,2026-04-28 15:00:00,8.0,0.0,OnPrem-SQLServer
TE-00004410,TS-0000874,EMP-0103,2026-04-29,PRJ-006,WBS-00215,CC-00046,2026-04-29 06:15:00,2026-04-29 14:45:00,8.0,0.0,OnPrem-SQLServer
TE-00004411,TS-0000874,EMP-0103,2026-04-30,PRJ-006,WBS-00222,CC-00047,2026-04-30 06:30:00,2026-04-30 15:00:00,8.0,0.0,OnPrem-SQLServer
TE-00004412,TS-0000874,EMP-0103,2026-05-01,PRJ-006,WBS-00233,CC-00049,2026-05-01 06:30:00,2026-05-01 15:00:00,8.0,0.0,OnPrem-SQLServer
TE-00004413,TS-0000875,EMP-0103,2026-05-04,PRJ-006,WBS-00252,CC-00050,2026-05-04 06:30:00,2026-05-04 16:36:36,9.61,1.61,OnPrem-SQLServer
TE-00004414,TS-0000875,EMP-0103,2026-05-05,PRJ-006,WBS-00238,CC-00048,2026-05-05 06:15:00,2026-05-05 14:45:00,8.0,0.0,OnPrem-SQLServer
TE-00004415,TS-0000875,EMP-0103,2026-05-06,PRJ-006,WBS-00230,CC-00054,2026-05-06 06:15:00,2026-05-06 14:45:00,8.0,0.0,OnPrem-SQLServer
TE-00004416,TS-0000875,EMP-0103,2026-05-07,PRJ-006,WBS-00241,CC-00047,2026-05-07 06:15:00,2026-05-07 14:45:00,8.0,0.0,OnPrem-SQLServer
TE-00004417,TS-0000875,EMP-0103,2026-05-08,PRJ-006,WBS-00224,CC-00050,2026-05-08 06:30:00,2026-05-08 16:48:00,9.8,1.8,OnPrem-SQLServer
TE-00004418,TS-0000876,EMP-0103,2026-05-11,PRJ-006,WBS-00246,CC-00047,2026-05-11 06:15:00,2026-05-11 14:45:00,8.0,0.0,OnPrem-SQLServer
TE-00004419,TS-0000876,EMP-0103,2026-05-12,PRJ-006,WBS-00256,CC-00050,2026-05-12 06:00:00,2026-05-12 14:30:00,8.0,0.0,OnPrem-SQLServer
TE-00004420,TS-0000876,EMP-0103,2026-05-13,PRJ-006,WBS-00250,CC-00053,2026-05-13 06:30:00,2026-05-13 15:00:00,8.0,0.0,OnPrem-SQLServer
TE-00004421,TS-0000876,EMP-0103,2026-05-14,PRJ-006,WBS-00215,CC-00052,2026-05-14 06:00:00,2026-05-14 15:17:24,8.79,0.79,OnPrem-SQLServer
TE-00004422,TS-0000876,EMP-0103,2026-05-15,PRJ-006,WBS-00245,CC-00051,2026-05-15 06:00:00,2026-05-15 14:30:00,8.0,0.0,OnPrem-SQLServer
TE-00004423,TS-0000877,EMP-0103,2026-05-18,PRJ-010,WBS-00441,CC-00083,2026-05-18 06:30:00,2026-05-18 16:07:48,9.13,1.13,OnPrem-SQLServer
TE-00004424,TS-0000877,EMP-0103,2026-05-19,PRJ-010,WBS-00485,CC-00084,2026-05-19 06:00:00,2026-05-19 14:30:00,8.0,0.0,OnPrem-SQLServer
TE-00004425,TS-0000877,EMP-0103,2026-05-20,PRJ-010,WBS-00432,CC-00089,2026-05-20 06:00:00,2026-05-20 14:30:00,8.0,0.0,OnPrem-SQLServer
TE-00004426,TS-0000877,EMP-0103,2026-05-21,PRJ-010,WBS-00447,CC-00090,2026-05-21 06:15:00,2026-05-21 14:45:00,8.0,0.0,OnPrem-SQLServer
TE-00004427,TS-0000877,EMP-0103,2026-05-22,PRJ-010,WBS-00474,CC-00083,2026-05-22 06:15:00,2026-05-22 14:45:00,8.0,0.0,OnPrem-SQLServer
TE-00004428,TS-0000878,EMP-0103,2026-05-25,PRJ-006,WBS-00221,CC-00050,2026-05-25 06:15:00,2026-05-25 14:45:00,8.0,0.0,OnPrem-SQLServer
TE-00004429,TS-0000878,EMP-0103,2026-05-26,PRJ-006,WBS-00254,CC-00049,2026-05-26 06:30:00,2026-05-26 15:00:00,8.0,0.0,OnPrem-SQLServer
TE-00004430,TS-0000878,EMP-0103,2026-05-27,PRJ-006,WBS-00228,CC-00050,2026-05-27 06:00:00,2026-05-27 14:30:00,8.0,0.0,OnPrem-SQLServer
TE-00004431,TS-0000878,EMP-0103,2026-05-28,PRJ-006,WBS-00256,CC-00046,2026-05-28 06:15:00,2026-05-28 14:45:00,8.0,0.0,OnPrem-SQLServer
TE-00004432,TS-0000878,EMP-0103,2026-05-29,PRJ-006,WBS-00249,CC-00053,2026-05-29 06:15:00,2026-05-29 14:45:00,8.0,0.0,OnPrem-SQLServer
TE-00004433,TS-0000879,EMP-0103,2026-06-01,PRJ-006,WBS-00214,CC-00053,2026-06-01 06:00:00,2026-06-01 14:30:00,8.0,0.0,OnPrem-SQLServer
TE-00004434,TS-0000879,EMP-0103,2026-06-02,PRJ-006,WBS-00226,CC-00052,2026-06-02 06:30:00,2026-06-02 15:00:00,8.0,0.0,OnPrem-SQLServer
TE-00004435,TS-0000879,EMP-0103,2026-06-03,PRJ-006,WBS-00243,CC-00053,2026-06-03 06:15:00,2026-06-03 14:45:00,8.0,0.0,OnPrem-SQLServer
TE-00004436,TS-0000879,EMP-0103,2026-06-04,PRJ-006,WBS-00242,CC-00047,2026-06-04 06:30:00,2026-06-04 15:00:00,8.0,0.0,OnPrem-SQLServer
TE-00004437,TS-0000879,EMP-0103,2026-06-05,PRJ-006,WBS-00233,CC-00048,2026-06-05 06:00:00,2026-06-05 14:30:00,8.0,0.0,OnPrem-SQLServer
TE-00004438,TS-0000880,EMP-0103,2026-06-08,PRJ-006,WBS-00222,CC-00051,2026-06-08 06:00:00,2026-06-08 15:34:12,9.07,1.07,OnPrem-SQLServer
TE-00004439,TS-0000880,EMP-0103,2026-06-09,PRJ-006,WBS-00233,CC-00047,2026-06-09 06:15:00,2026-06-09 14:45:00,8.0,0.0,OnPrem-SQLServer
TE-00004440,TS-0000880,EMP-0103,2026-06-10,PRJ-006,WBS-00258,CC-00047,2026-06-10 06:00:00,2026-06-10 14:30:00,8.0,0.0,OnPrem-SQLServer
TE-00004441,TS-0000880,EMP-0103,2026-06-11,PRJ-006,WBS-00232,CC-00047,2026-06-11 06:30:00,2026-06-11 15:00:00,8.0,0.0,OnPrem-SQLServer
TE-00004442,TS-0000880,EMP-0103,2026-06-12,PRJ-006,WBS-00230,CC-00046,2026-06-12 06:30:00,2026-06-12 15:00:00,8.0,0.0,OnPrem-SQLServer
TE-00004443,TS-0000881,EMP-0103,2026-06-15,PRJ-006,WBS-00238,CC-00050,2026-06-15 06:00:00,2026-06-15 14:30:00,8.0,0.0,OnPrem-SQLServer
TE-00004444,TS-0000881,EMP-0103,2026-06-16,PRJ-006,WBS-00217,CC-00053,2026-06-16 06:30:00,2026-06-16 16:09:36,9.16,1.16,OnPrem-SQLServer
TE-00004445,TS-0000881,EMP-0103,2026-06-17,PRJ-006,WBS-00237,CC-00050,2026-06-17 06:30:00,2026-06-17 15:00:00,8.0,0.0,OnPrem-SQLServer
TE-00004446,TS-0000881,EMP-0103,2026-06-18,PRJ-006,WBS-00224,CC-00050,2026-06-18 06:30:00,2026-06-18 15:00:00,8.0,0.0,OnPrem-SQLServer
TE-00004447,TS-0000881,EMP-0103,2026-06-19,PRJ-006,WBS-00215,CC-00051,2026-06-19 06:00:00,2026-06-19 14:30:00,8.0,0.0,OnPrem-SQLServer
TE-00004448,TS-0000882,EMP-0103,2026-06-22,PRJ-006,WBS-00248,CC-00052,2026-06-22 06:00:00,2026-06-22 14:30:00,8.0,0.0,OnPrem-SQLServer
TE-00004449,TS-0000882,EMP-0103,2026-06-23,PRJ-006,WBS-00251,CC-00053,2026-06-23 06:00:00,2026-06-23 14:30:00,8.0,0.0,OnPrem-SQLServer
TE-00004450,TS-0000882,EMP-0103,2026-06-24,PRJ-006,WBS-00229,CC-00047,2026-06-24 06:00:00,2026-06-24 14:30:00,8.0,0.0,OnPrem-SQLServer
TE-00004451,TS-0000882,EMP-0103,2026-06-25,PRJ-006,WBS-00220,CC-00047,2026-06-25 06:15:00,2026-06-25 16:16:48,9.53,1.53,OnPrem-SQLServer
TE-00004452,TS-0000882,EMP-0103,2026-06-26,PRJ-006,WBS-00221,CC-00052,2026-06-26 06:30:00,2026-06-26 15:00:00,8.0,0.0,OnPrem-SQLServer
TE-00004453,TS-0000883,EMP-0103,2026-06-29,PRJ-006,WBS-00216,CC-00047,2026-06-29 06:00:00,2026-06-29 14:30:00,8.0,0.0,OnPrem-SQLServer
TE-00004454,TS-0000883,EMP-0103,2026-06-30,PRJ-006,WBS-00243,CC-00048,2026-06-30 06:15:00,2026-06-30 14:45:00,8.0,0.0,OnPrem-SQLServer
TE-00004455,TS-0000883,EMP-0103,2026-07-01,PRJ-006,WBS-00240,CC-00050,2026-07-01 06:15:00,2026-07-01 14:45:00,8.0,0.0,OnPrem-SQLServer
TE-00004456,TS-0000883,EMP-0103,2026-07-02,PRJ-006,WBS-00233,CC-00047,2026-07-02 06:30:00,2026-07-02 16:19:48,9.33,1.33,OnPrem-SQLServer
TE-00004457,TS-0000883,EMP-0103,2026-07-03,PRJ-006,WBS-00247,CC-00048,2026-07-03 06:00:00,2026-07-03 16:01:48,9.53,1.53,OnPrem-SQLServer
TE-00004458,TS-0000884,EMP-0103,2026-07-06,PRJ-006,WBS-00234,CC-00052,2026-07-06 06:30:00,2026-07-06 15:00:00,8.0,0.0,OnPrem-SQLServer
TE-00004459,TS-0000884,EMP-0103,2026-07-07,PRJ-006,WBS-00223,CC-00050,2026-07-07 06:00:00,2026-07-07 14:30:00,8.0,0.0,OnPrem-SQLServer
TE-00004460,TS-0000884,EMP-0103,2026-07-08,PRJ-006,WBS-00239,CC-00053,2026-07-08 06:15:00,2026-07-08 14:45:00,8.0,0.0,OnPrem-SQLServer
TE-00004461,TS-0000884,EMP-0103,2026-07-09,PRJ-006,WBS-00242,CC-00051,2026-07-09 06:00:00,2026-07-09 14:30:00,8.0,0.0,OnPrem-SQLServer
TE-00004462,TS-0000884,EMP-0103,2026-07-10,PRJ-006,WBS-00222,CC-00049,2026-07-10 06:30:00,2026-07-10 15:00:00,8.0,0.0,OnPrem-SQLServer
TE-00004463,TS-0000885,EMP-0103,2026-07-13,PRJ-006,WBS-00231,CC-00047,2026-07-13 06:30:00,2026-07-13 15:00:00,8.0,0.0,OnPrem-SQLServer
TE-00004464,TS-0000885,EMP-0103,2026-07-14,PRJ-006,WBS-00226,CC-00047,2026-07-14 06:00:00,2026-07-14 14:30:00,8.0,0.0,OnPrem-SQLServer
TE-00004465,TS-0000885,EMP-0103,2026-07-15,PRJ-006,WBS-00230,CC-00050,2026-07-15 06:30:00,2026-07-15 15:00:00,8.0,0.0,OnPrem-SQLServer
TE-00004466,TS-0000885,EMP-0103,2026-07-16,PRJ-006,WBS-00214,CC-00053,2026-07-16 06:00:00,2026-07-16 14:30:00,8.0,0.0,OnPrem-SQLServer
TE-00004467,TS-0000885,EMP-0103,2026-07-17,PRJ-006,WBS-00254,CC-00047,2026-07-17 06:00:00,2026-07-17 14:30:00,8.0,0.0,OnPrem-SQLServer
TE-00004468,TS-0000886,EMP-0103,2026-07-20,PRJ-006,WBS-00232,CC-00046,2026-07-20 06:30:00,2026-07-20 15:00:00,8.0,0.0,OnPrem-SQLServer
TE-00004469,TS-0000886,EMP-0103,2026-07-21,PRJ-006,WBS-00225,CC-00051,2026-07-21 06:00:00,2026-07-21 14:30:00,8.0,0.0,OnPrem-SQLServer
TE-00004470,TS-0000886,EMP-0103,2026-07-22,PRJ-006,WBS-00231,CC-00053,2026-07-22 06:30:00,2026-07-22 15:00:00,8.0,0.0,OnPrem-SQLServer
TE-00004471,TS-0000886,EMP-0103,2026-07-23,PRJ-006,WBS-00221,CC-00054,2026-07-23 06:15:00,2026-07-23 14:45:00,8.0,0.0,OnPrem-SQLServer
TE-00004472,TS-0000886,EMP-0103,2026-07-24,PRJ-006,WBS-00249,CC-00049,2026-07-24 06:30:00,2026-07-24 15:00:00,8.0,0.0,OnPrem-SQLServer
TE-00004473,TS-0000887,EMP-0103,2026-07-27,PRJ-006,WBS-00249,CC-00048,2026-07-27 06:15:00,2026-07-27 14:45:00,8.0,0.0,OnPrem-SQLServer
TE-00004474,TS-0000887,EMP-0103,2026-07-28,PRJ-006,WBS-00255,CC-00048,2026-07-28 06:15:00,2026-07-28 15:21:00,8.6,0.6,OnPrem-SQLServer
TE-00004475,TS-0000887,EMP-0103,2026-07-29,PRJ-006,WBS-00231,CC-00052,2026-07-29 06:15:00,2026-07-29 14:45:00,8.0,0.0,OnPrem-SQLServer
TE-00004476,TS-0000887,EMP-0103,2026-07-30,PRJ-006,WBS-00219,CC-00049,2026-07-30 06:30:00,2026-07-30 15:00:00,8.0,0.0,OnPrem-SQLServer
TE-00004477,TS-0000887,EMP-0103,2026-07-31,PRJ-006,WBS-00252,CC-00050,2026-07-31 06:15:00,2026-07-31 14:45:00,8.0,0.0,OnPrem-SQLServer
TE-00004478,TS-0000888,EMP-0104,2026-05-25,PRJ-012,WBS-00579,CC-00106,2026-05-25 06:30:00,2026-05-25 15:00:00,8.0,0.0,OnPrem-SQLServer
TE-00004479,TS-0000888,EMP-0104,2026-05-26,PRJ-012,WBS-00552,CC-00104,2026-05-26 06:15:00,2026-05-26 14:45:00,8.0,0.0,OnPrem-SQLServer
TE-00004480,TS-0000888,EMP-0104,2026-05-27,PRJ-012,WBS-00561,CC-00103,2026-05-27 06:30:00,2026-05-27 16:44:24,9.74,1.74,OnPrem-SQLServer
TE-00004481,TS-0000888,EMP-0104,2026-05-28,PRJ-012,WBS-00572,CC-00103,2026-05-28 06:15:00,2026-05-28 14:45:00,8.0,0.0,OnPrem-SQLServer
TE-00004482,TS-0000888,EMP-0104,2026-05-29,PRJ-012,WBS-00571,CC-00105,2026-05-29 06:30:00,2026-05-29 15:00:00,8.0,0.0,OnPrem-SQLServer
TE-00004483,TS-0000889,EMP-0104,2026-06-01,PRJ-005,WBS-00213,CC-00043,2026-06-01 06:30:00,2026-06-01 15:00:00,8.0,0.0,OnPrem-SQLServer
TE-00004484,TS-0000889,EMP-0104,2026-06-02,PRJ-005,WBS-00205,CC-00039,2026-06-02 06:15:00,2026-06-02 14:45:00,8.0,0.0,OnPrem-SQLServer
TE-00004485,TS-0000889,EMP-0104,2026-06-03,PRJ-005,WBS-00200,CC-00041,2026-06-03 06:00:00,2026-06-03 14:30:00,8.0,0.0,OnPrem-SQLServer
TE-00004486,TS-0000889,EMP-0104,2026-06-04,PRJ-005,WBS-00174,CC-00037,2026-06-04 06:30:00,2026-06-04 15:00:00,8.0,0.0,OnPrem-SQLServer
TE-00004487,TS-0000889,EMP-0104,2026-06-05,PRJ-005,WBS-00170,CC-00041,2026-06-05 06:30:00,2026-06-05 15:00:00,8.0,0.0,OnPrem-SQLServer
TE-00004488,TS-0000890,EMP-0104,2026-06-08,PRJ-005,WBS-00186,CC-00043,2026-06-08 06:30:00,2026-06-08 16:01:48,9.03,1.03,OnPrem-SQLServer
TE-00004489,TS-0000890,EMP-0104,2026-06-09,PRJ-005,WBS-00194,CC-00045,2026-06-09 06:00:00,2026-06-09 14:30:00,8.0,0.0,OnPrem-SQLServer
TE-00004490,TS-0000890,EMP-0104,2026-06-10,PRJ-005,WBS-00178,CC-00043,2026-06-10 06:30:00,2026-06-10 15:54:00,8.9,0.9,OnPrem-SQLServer
TE-00004491,TS-0000890,EMP-0104,2026-06-11,PRJ-005,WBS-00212,CC-00037,2026-06-11 06:00:00,2026-06-11 14:30:00,8.0,0.0,OnPrem-SQLServer
TE-00004492,TS-0000890,EMP-0104,2026-06-12,PRJ-005,WBS-00197,CC-00041,2026-06-12 06:00:00,2026-06-12 14:30:00,8.0,0.0,OnPrem-SQLServer
TE-00004493,TS-0000891,EMP-0104,2026-06-15,PRJ-005,WBS-00178,CC-00041,2026-06-15 06:00:00,2026-06-15 14:30:00,8.0,0.0,OnPrem-SQLServer
TE-00004494,TS-0000891,EMP-0104,2026-06-16,PRJ-005,WBS-00182,CC-00037,2026-06-16 06:00:00,2026-06-16 14:30:00,8.0,0.0,OnPrem-SQLServer
TE-00004495,TS-0000891,EMP-0104,2026-06-17,PRJ-005,WBS-00200,CC-00041,2026-06-17 06:00:00,2026-06-17 15:30:00,9.0,1.0,OnPrem-SQLServer
TE-00004496,TS-0000891,EMP-0104,2026-06-18,PRJ-005,WBS-00204,CC-00043,2026-06-18 06:30:00,2026-06-18 16:57:36,9.96,1.96,OnPrem-SQLServer
TE-00004497,TS-0000891,EMP-0104,2026-06-19,PRJ-005,WBS-00192,CC-00045,2026-06-19 06:30:00,2026-06-19 15:00:00,8.0,0.0,OnPrem-SQLServer
TE-00004498,TS-0000892,EMP-0104,2026-06-22,PRJ-006,WBS-00237,CC-00051,2026-06-22 06:15:00,2026-06-22 14:45:00,8.0,0.0,OnPrem-SQLServer
TE-00004499,TS-0000892,EMP-0104,2026-06-23,PRJ-006,WBS-00220,CC-00052,2026-06-23 06:15:00,2026-06-23 14:45:00,8.0,0.0,OnPrem-SQLServer
TE-00004500,TS-0000892,EMP-0104,2026-06-24,PRJ-006,WBS-00243,CC-00049,2026-06-24 06:30:00,2026-06-24 15:00:00,8.0,0.0,OnPrem-SQLServer
TE-00004501,TS-0000892,EMP-0104,2026-06-25,PRJ-006,WBS-00249,CC-00049,2026-06-25 06:00:00,2026-06-25 14:30:00,8.0,0.0,OnPrem-SQLServer
TE-00004502,TS-0000892,EMP-0104,2026-06-26,PRJ-006,WBS-00223,CC-00052,2026-06-26 06:30:00,2026-06-26 15:00:00,8.0,0.0,OnPrem-SQLServer
TE-00004503,TS-0000893,EMP-0104,2026-07-06,PRJ-005,WBS-00191,CC-00045,2026-07-06 06:00:00,2026-07-06 14:30:00,8.0,0.0,OnPrem-SQLServer
TE-00004504,TS-0000893,EMP-0104,2026-07-07,PRJ-005,WBS-00171,CC-00042,2026-07-07 06:30:00,2026-07-07 15:00:00,8.0,0.0,OnPrem-SQLServer
TE-00004505,TS-0000893,EMP-0104,2026-07-08,PRJ-005,WBS-00190,CC-00041,2026-07-08 06:15:00,2026-07-08 14:45:00,8.0,0.0,OnPrem-SQLServer
TE-00004506,TS-0000893,EMP-0104,2026-07-09,PRJ-005,WBS-00198,CC-00043,2026-07-09 06:30:00,2026-07-09 15:00:00,8.0,0.0,OnPrem-SQLServer
TE-00004507,TS-0000893,EMP-0104,2026-07-10,PRJ-005,WBS-00211,CC-00045,2026-07-10 06:00:00,2026-07-10 14:30:00,8.0,0.0,OnPrem-SQLServer
TE-00004508,TS-0000894,EMP-0104,2026-07-13,PRJ-005,WBS-00173,CC-00039,2026-07-13 06:30:00,2026-07-13 15:00:00,8.0,0.0,OnPrem-SQLServer
TE-00004509,TS-0000894,EMP-0104,2026-07-14,PRJ-005,WBS-00189,CC-00039,2026-07-14 06:15:00,2026-07-14 14:45:00,8.0,0.0,OnPrem-SQLServer
TE-00004510,TS-0000894,EMP-0104,2026-07-15,PRJ-005,WBS-00173,CC-00038,2026-07-15 06:00:00,2026-07-15 14:30:00,8.0,0.0,OnPrem-SQLServer
TE-00004511,TS-0000894,EMP-0104,2026-07-16,PRJ-005,WBS-00191,CC-00042,2026-07-16 06:15:00,2026-07-16 16:42:36,9.96,1.96,OnPrem-SQLServer
TE-00004512,TS-0000894,EMP-0104,2026-07-17,PRJ-005,WBS-00201,CC-00043,2026-07-17 06:00:00,2026-07-17 15:17:24,8.79,0.79,OnPrem-SQLServer
TE-00004513,TS-0000895,EMP-0104,2026-07-20,PRJ-005,WBS-00189,CC-00037,2026-07-20 06:30:00,2026-07-20 15:00:00,8.0,0.0,OnPrem-SQLServer
TE-00004514,TS-0000895,EMP-0104,2026-07-21,PRJ-005,WBS-00202,CC-00040,2026-07-21 06:30:00,2026-07-21 15:00:00,8.0,0.0,OnPrem-SQLServer
TE-00004515,TS-0000895,EMP-0104,2026-07-22,PRJ-005,WBS-00181,CC-00042,2026-07-22 06:15:00,2026-07-22 15:25:48,8.68,0.68,OnPrem-SQLServer
TE-00004516,TS-0000895,EMP-0104,2026-07-23,PRJ-005,WBS-00199,CC-00041,2026-07-23 06:30:00,2026-07-23 15:00:00,8.0,0.0,OnPrem-SQLServer
TE-00004517,TS-0000895,EMP-0104,2026-07-24,PRJ-005,WBS-00204,CC-00041,2026-07-24 06:15:00,2026-07-24 14:45:00,8.0,0.0,OnPrem-SQLServer
TE-00004518,TS-0000896,EMP-0104,2026-07-27,PRJ-005,WBS-00168,CC-00037,2026-07-27 06:30:00,2026-07-27 15:00:00,8.0,0.0,OnPrem-SQLServer
TE-00004519,TS-0000896,EMP-0104,2026-07-28,PRJ-005,WBS-00169,CC-00043,2026-07-28 06:00:00,2026-07-28 14:30:00,8.0,0.0,OnPrem-SQLServer
TE-00004520,TS-0000896,EMP-0104,2026-07-29,PRJ-005,WBS-00199,CC-00042,2026-07-29 06:15:00,2026-07-29 14:45:00,8.0,0.0,OnPrem-SQLServer
TE-00004521,TS-0000896,EMP-0104,2026-07-30,PRJ-005,WBS-00170,CC-00037,2026-07-30 06:30:00,2026-07-30 16:54:00,9.9,1.9,OnPrem-SQLServer
TE-00004522,TS-0000896,EMP-0104,2026-07-31,PRJ-005,WBS-00174,CC-00042,2026-07-31 06:15:00,2026-07-31 14:45:00,8.0,0.0,OnPrem-SQLServer
TE-00004523,TS-0000897,EMP-0105,2026-04-13,PRJ-002,WBS-00078,CC-00018,2026-04-13 06:00:00,2026-04-13 14:30:00,8.0,0.0,OnPrem-SQLServer
TE-00004524,TS-0000897,EMP-0105,2026-04-14,PRJ-002,WBS-00085,CC-00015,2026-04-14 06:00:00,2026-04-14 14:30:00,8.0,0.0,OnPrem-SQLServer
TE-00004525,TS-0000897,EMP-0105,2026-04-15,PRJ-002,WBS-00067,CC-00018,2026-04-15 06:00:00,2026-04-15 14:30:00,8.0,0.0,OnPrem-SQLServer
TE-00004526,TS-0000897,EMP-0105,2026-04-16,PRJ-002,WBS-00074,CC-00013,2026-04-16 06:15:00,2026-04-16 14:45:00,8.0,0.0,OnPrem-SQLServer
TE-00004527,TS-0000897,EMP-0105,2026-04-17,PRJ-002,WBS-00070,CC-00017,2026-04-17 06:30:00,2026-04-17 15:00:00,8.0,0.0,OnPrem-SQLServer
TE-00004528,TS-0000898,EMP-0105,2026-04-20,PRJ-002,WBS-00087,CC-00015,2026-04-20 06:30:00,2026-04-20 15:00:00,8.0,0.0,OnPrem-SQLServer
TE-00004529,TS-0000898,EMP-0105,2026-04-21,PRJ-002,WBS-00070,CC-00017,2026-04-21 06:00:00,2026-04-21 14:30:00,8.0,0.0,OnPrem-SQLServer
TE-00004530,TS-0000898,EMP-0105,2026-04-22,PRJ-002,WBS-00085,CC-00014,2026-04-22 06:00:00,2026-04-22 14:30:00,8.0,0.0,OnPrem-SQLServer
TE-00004531,TS-0000898,EMP-0105,2026-04-23,PRJ-002,WBS-00057,CC-00016,2026-04-23 06:00:00,2026-04-23 14:30:00,8.0,0.0,OnPrem-SQLServer
TE-00004532,TS-0000898,EMP-0105,2026-04-24,PRJ-002,WBS-00079,CC-00016,2026-04-24 06:30:00,2026-04-24 15:00:00,8.0,0.0,OnPrem-SQLServer
TE-00004533,TS-0000899,EMP-0105,2026-04-27,PRJ-002,WBS-00072,CC-00018,2026-04-27 06:30:00,2026-04-27 15:00:00,8.0,0.0,OnPrem-SQLServer
TE-00004534,TS-0000899,EMP-0105,2026-04-28,PRJ-002,WBS-00070,CC-00012,2026-04-28 06:15:00,2026-04-28 14:45:00,8.0,0.0,OnPrem-SQLServer
TE-00004535,TS-0000899,EMP-0105,2026-04-29,PRJ-002,WBS-00078,CC-00010,2026-04-29 06:30:00,2026-04-29 15:00:00,8.0,0.0,OnPrem-SQLServer
TE-00004536,TS-0000899,EMP-0105,2026-04-30,PRJ-002,WBS-00077,CC-00018,2026-04-30 06:15:00,2026-04-30 14:45:00,8.0,0.0,OnPrem-SQLServer
TE-00004537,TS-0000899,EMP-0105,2026-05-01,PRJ-002,WBS-00057,CC-00016,2026-05-01 06:00:00,2026-05-01 14:30:00,8.0,0.0,OnPrem-SQLServer
TE-00004538,TS-0000900,EMP-0105,2026-05-11,PRJ-003,WBS-00092,CC-00026,2026-05-11 06:00:00,2026-05-11 14:30:00,8.0,0.0,OnPrem-SQLServer
TE-00004539,TS-0000900,EMP-0105,2026-05-12,PRJ-003,WBS-00095,CC-00027,2026-05-12 06:30:00,2026-05-12 15:00:00,8.0,0.0,OnPrem-SQLServer
TE-00004540,TS-0000900,EMP-0105,2026-05-13,PRJ-003,WBS-00111,CC-00022,2026-05-13 06:15:00,2026-05-13 14:45:00,8.0,0.0,OnPrem-SQLServer
TE-00004541,TS-0000900,EMP-0105,2026-05-14,PRJ-003,WBS-00093,CC-00022,2026-05-14 06:00:00,2026-05-14 14:30:00,8.0,0.0,OnPrem-SQLServer
TE-00004542,TS-0000900,EMP-0105,2026-05-15,PRJ-003,WBS-00110,CC-00023,2026-05-15 06:15:00,2026-05-15 14:45:00,8.0,0.0,OnPrem-SQLServer
TE-00004543,TS-0000901,EMP-0105,2026-05-18,PRJ-002,WBS-00060,CC-00014,2026-05-18 06:30:00,2026-05-18 15:00:00,8.0,0.0,OnPrem-SQLServer
TE-00004544,TS-0000901,EMP-0105,2026-05-19,PRJ-002,WBS-00054,CC-00010,2026-05-19 06:15:00,2026-05-19 14:45:00,8.0,0.0,OnPrem-SQLServer
TE-00004545,TS-0000901,EMP-0105,2026-05-20,PRJ-002,WBS-00075,CC-00017,2026-05-20 06:30:00,2026-05-20 15:00:00,8.0,0.0,OnPrem-SQLServer
TE-00004546,TS-0000901,EMP-0105,2026-05-21,PRJ-002,WBS-00074,CC-00012,2026-05-21 06:00:00,2026-05-21 14:30:00,8.0,0.0,OnPrem-SQLServer
TE-00004547,TS-0000901,EMP-0105,2026-05-22,PRJ-002,WBS-00084,CC-00010,2026-05-22 06:30:00,2026-05-22 15:00:00,8.0,0.0,OnPrem-SQLServer
TE-00004548,TS-0000902,EMP-0105,2026-05-25,PRJ-009,WBS-00402,CC-00080,2026-05-25 06:30:00,2026-05-25 15:00:00,8.0,0.0,OnPrem-SQLServer
TE-00004549,TS-0000902,EMP-0105,2026-05-26,PRJ-009,WBS-00374,CC-00081,2026-05-26 06:30:00,2026-05-26 15:00:00,8.0,0.0,OnPrem-SQLServer
TE-00004550,TS-0000902,EMP-0105,2026-05-27,PRJ-009,WBS-00364,CC-00076,2026-05-27 06:15:00,2026-05-27 14:45:00,8.0,0.0,OnPrem-SQLServer
TE-00004551,TS-0000902,EMP-0105,2026-05-28,PRJ-009,WBS-00405,CC-00078,2026-05-28 06:15:00,2026-05-28 14:45:00,8.0,0.0,OnPrem-SQLServer
TE-00004552,TS-0000902,EMP-0105,2026-05-29,PRJ-009,WBS-00368,CC-00079,2026-05-29 06:00:00,2026-05-29 14:30:00,8.0,0.0,OnPrem-SQLServer
TE-00004553,TS-0000903,EMP-0105,2026-06-01,PRJ-002,WBS-00080,CC-00018,2026-06-01 06:15:00,2026-06-01 14:45:00,8.0,0.0,OnPrem-SQLServer
TE-00004554,TS-0000903,EMP-0105,2026-06-02,PRJ-002,WBS-00055,CC-00013,2026-06-02 06:00:00,2026-06-02 14:30:00,8.0,0.0,OnPrem-SQLServer
TE-00004555,TS-0000903,EMP-0105,2026-06-03,PRJ-002,WBS-00053,CC-00016,2026-06-03 06:30:00,2026-06-03 15:00:00,8.0,0.0,OnPrem-SQLServer
TE-00004556,TS-0000903,EMP-0105,2026-06-04,PRJ-002,WBS-00085,CC-00013,2026-06-04 06:00:00,2026-06-04 14:30:00,8.0,0.0,OnPrem-SQLServer
TE-00004557,TS-0000903,EMP-0105,2026-06-05,PRJ-002,WBS-00071,CC-00015,2026-06-05 06:00:00,2026-06-05 15:39:00,9.15,1.15,OnPrem-SQLServer
TE-00004558,TS-0000904,EMP-0105,2026-06-08,PRJ-001,WBS-00003,CC-00008,2026-06-08 06:00:00,2026-06-08 14:30:00,8.0,0.0,OnPrem-SQLServer
TE-00004559,TS-0000904,EMP-0105,2026-06-09,PRJ-001,WBS-00017,CC-00003,2026-06-09 06:00:00,2026-06-09 14:30:00,8.0,0.0,OnPrem-SQLServer
TE-00004560,TS-0000904,EMP-0105,2026-06-10,PRJ-001,WBS-00033,CC-00004,2026-06-10 06:30:00,2026-06-10 17:18:00,10.3,2.3,OnPrem-SQLServer
TE-00004561,TS-0000904,EMP-0105,2026-06-11,PRJ-001,WBS-00036,CC-00001,2026-06-11 07:15:00,2026-06-11 16:57:36,9.21,1.21,OnPrem-SQLServer
TE-00004562,TS-0000904,EMP-0105,2026-06-12,PRJ-001,WBS-00018,CC-00002,2026-06-12 06:15:00,2026-06-12 18:39:00,11.9,3.9,OnPrem-SQLServer
TE-00004563,TS-0000904,EMP-0105,2026-06-13,PRJ-001,WBS-00013,CC-00006,2026-06-13 06:30:00,2026-06-13 13:04:48,6.08,6.08,OnPrem-SQLServer
TE-00004564,TS-0000905,EMP-0105,2026-06-15,PRJ-002,WBS-00057,CC-00012,2026-06-15 06:30:00,2026-06-15 16:25:12,9.42,1.42,OnPrem-SQLServer
TE-00004565,TS-0000905,EMP-0105,2026-06-16,PRJ-002,WBS-00052,CC-00017,2026-06-16 06:00:00,2026-06-16 14:30:00,8.0,0.0,OnPrem-SQLServer
TE-00004566,TS-0000905,EMP-0105,2026-06-17,PRJ-002,WBS-00054,CC-00017,2026-06-17 06:30:00,2026-06-17 16:50:24,9.84,1.84,OnPrem-SQLServer
TE-00004567,TS-0000905,EMP-0105,2026-06-18,PRJ-002,WBS-00062,CC-00014,2026-06-18 06:30:00,2026-06-18 15:00:00,8.0,0.0,OnPrem-SQLServer
TE-00004568,TS-0000905,EMP-0105,2026-06-19,PRJ-002,WBS-00055,CC-00018,2026-06-19 06:30:00,2026-06-19 15:00:00,8.0,0.0,OnPrem-SQLServer
TE-00004569,TS-0000906,EMP-0105,2026-06-22,PRJ-002,WBS-00080,CC-00010,2026-06-22 06:30:00,2026-06-22 15:00:00,8.0,0.0,OnPrem-SQLServer
TE-00004570,TS-0000906,EMP-0105,2026-06-23,PRJ-002,WBS-00073,CC-00017,2026-06-23 06:15:00,2026-06-23 14:45:00,8.0,0.0,OnPrem-SQLServer
TE-00004571,TS-0000906,EMP-0105,2026-06-24,PRJ-002,WBS-00055,CC-00014,2026-06-24 06:15:00,2026-06-24 14:45:00,8.0,0.0,OnPrem-SQLServer
TE-00004572,TS-0000906,EMP-0105,2026-06-25,PRJ-002,WBS-00063,CC-00017,2026-06-25 06:15:00,2026-06-25 14:45:00,8.0,0.0,OnPrem-SQLServer
TE-00004573,TS-0000906,EMP-0105,2026-06-26,PRJ-002,WBS-00073,CC-00013,2026-06-26 06:15:00,2026-06-26 14:45:00,8.0,0.0,OnPrem-SQLServer
TE-00004574,TS-0000907,EMP-0105,2026-06-29,PRJ-002,WBS-00055,CC-00016,2026-06-29 06:00:00,2026-06-29 14:30:00,8.0,0.0,OnPrem-SQLServer
TE-00004575,TS-0000907,EMP-0105,2026-06-30,PRJ-002,WBS-00083,CC-00010,2026-06-30 06:30:00,2026-06-30 15:45:36,8.76,0.76,OnPrem-SQLServer
TE-00004576,TS-0000907,EMP-0105,2026-07-01,PRJ-002,WBS-00079,CC-00012,2026-07-01 06:15:00,2026-07-01 14:45:00,8.0,0.0,OnPrem-SQLServer
TE-00004577,TS-0000907,EMP-0105,2026-07-02,PRJ-002,WBS-00065,CC-00012,2026-07-02 06:30:00,2026-07-02 15:00:00,8.0,0.0,OnPrem-SQLServer
TE-00004578,TS-0000907,EMP-0105,2026-07-03,PRJ-002,WBS-00076,CC-00013,2026-07-03 06:15:00,2026-07-03 14:45:00,8.0,0.0,OnPrem-SQLServer
TE-00004579,TS-0000908,EMP-0105,2026-07-06,PRJ-002,WBS-00058,CC-00018,2026-07-06 06:30:00,2026-07-06 15:00:00,8.0,0.0,OnPrem-SQLServer
TE-00004580,TS-0000908,EMP-0105,2026-07-07,PRJ-002,WBS-00060,CC-00010,2026-07-07 06:30:00,2026-07-07 15:57:00,8.95,0.95,OnPrem-SQLServer
TE-00004581,TS-0000908,EMP-0105,2026-07-08,PRJ-002,WBS-00071,CC-00011,2026-07-08 06:00:00,2026-07-08 14:30:00,8.0,0.0,OnPrem-SQLServer
TE-00004582,TS-0000908,EMP-0105,2026-07-09,PRJ-002,WBS-00082,CC-00010,2026-07-09 06:15:00,2026-07-09 14:45:00,8.0,0.0,OnPrem-SQLServer
TE-00004583,TS-0000908,EMP-0105,2026-07-10,PRJ-002,WBS-00065,CC-00011,2026-07-10 06:00:00,2026-07-10 15:30:36,9.01,1.01,OnPrem-SQLServer
TE-00004584,TS-0000909,EMP-0105,2026-07-13,PRJ-002,WBS-00084,CC-00018,2026-07-13 06:30:00,2026-07-13 15:00:00,8.0,0.0,OnPrem-SQLServer
TE-00004585,TS-0000909,EMP-0105,2026-07-14,PRJ-002,WBS-00058,CC-00010,2026-07-14 06:00:00,2026-07-14 14:30:00,8.0,0.0,OnPrem-SQLServer
TE-00004586,TS-0000909,EMP-0105,2026-07-15,PRJ-002,WBS-00069,CC-00013,2026-07-15 06:30:00,2026-07-15 16:05:24,9.09,1.09,OnPrem-SQLServer
TE-00004587,TS-0000909,EMP-0105,2026-07-16,PRJ-002,WBS-00087,CC-00011,2026-07-16 06:00:00,2026-07-16 14:30:00,8.0,0.0,OnPrem-SQLServer
TE-00004588,TS-0000909,EMP-0105,2026-07-17,PRJ-002,WBS-00066,CC-00018,2026-07-17 06:15:00,2026-07-17 14:45:00,8.0,0.0,OnPrem-SQLServer
TE-00004589,TS-0000910,EMP-0105,2026-07-20,PRJ-002,WBS-00079,CC-00013,2026-07-20 06:30:00,2026-07-20 16:32:24,9.54,1.54,OnPrem-SQLServer
TE-00004590,TS-0000910,EMP-0105,2026-07-21,PRJ-002,WBS-00070,CC-00015,2026-07-21 06:30:00,2026-07-21 15:00:00,8.0,0.0,OnPrem-SQLServer
TE-00004591,TS-0000910,EMP-0105,2026-07-22,PRJ-002,WBS-00084,CC-00010,2026-07-22 06:15:00,2026-07-22 14:45:00,8.0,0.0,OnPrem-SQLServer
TE-00004592,TS-0000910,EMP-0105,2026-07-23,PRJ-002,WBS-00054,CC-00016,2026-07-23 06:30:00,2026-07-23 15:00:00,8.0,0.0,OnPrem-SQLServer
TE-00004593,TS-0000910,EMP-0105,2026-07-24,PRJ-002,WBS-00070,CC-00015,2026-07-24 06:00:00,2026-07-24 14:30:00,8.0,0.0,OnPrem-SQLServer
TE-00004594,TS-0000911,EMP-0105,2026-07-27,PRJ-002,WBS-00084,CC-00016,2026-07-27 06:30:00,2026-07-27 15:00:00,8.0,0.0,OnPrem-SQLServer
TE-00004595,TS-0000911,EMP-0105,2026-07-28,PRJ-002,WBS-00087,CC-00012,2026-07-28 06:00:00,2026-07-28 14:30:00,8.0,0.0,OnPrem-SQLServer
TE-00004596,TS-0000911,EMP-0105,2026-07-29,PRJ-002,WBS-00086,CC-00011,2026-07-29 06:15:00,2026-07-29 14:45:00,8.0,0.0,OnPrem-SQLServer
TE-00004597,TS-0000911,EMP-0105,2026-07-30,PRJ-002,WBS-00055,CC-00017,2026-07-30 06:00:00,2026-07-30 14:30:00,8.0,0.0,OnPrem-SQLServer
TE-00004598,TS-0000911,EMP-0105,2026-07-31,PRJ-002,WBS-00073,CC-00012,2026-07-31 06:15:00,2026-07-31 14:45:00,8.0,0.0,OnPrem-SQLServer
TE-00004599,TS-0000912,EMP-0106,2026-05-18,PRJ-005,WBS-00200,CC-00045,2026-05-18 06:15:00,2026-05-18 14:45:00,8.0,0.0,OnPrem-SQLServer
TE-00004600,TS-0000912,EMP-0106,2026-05-19,PRJ-005,WBS-00205,CC-00041,2026-05-19 06:15:00,2026-05-19 14:45:00,8.0,0.0,OnPrem-SQLServer
TE-00004601,TS-0000912,EMP-0106,2026-05-20,PRJ-005,WBS-00179,CC-00041,2026-05-20 06:00:00,2026-05-20 15:53:24,9.39,1.39,OnPrem-SQLServer
TE-00004602,TS-0000912,EMP-0106,2026-05-21,PRJ-005,WBS-00168,CC-00041,2026-05-21 06:15:00,2026-05-21 14:45:00,8.0,0.0,OnPrem-SQLServer
TE-00004603,TS-0000912,EMP-0106,2026-05-22,PRJ-005,WBS-00198,CC-00041,2026-05-22 06:00:00,2026-05-22 14:30:00,8.0,0.0,OnPrem-SQLServer
TE-00004604,TS-0000913,EMP-0106,2026-05-25,PRJ-002,WBS-00081,CC-00011,2026-05-25 06:30:00,2026-05-25 15:00:00,8.0,0.0,OnPrem-SQLServer
TE-00004605,TS-0000913,EMP-0106,2026-05-26,PRJ-002,WBS-00084,CC-00010,2026-05-26 06:15:00,2026-05-26 14:45:00,8.0,0.0,OnPrem-SQLServer
TE-00004606,TS-0000913,EMP-0106,2026-05-27,PRJ-002,WBS-00061,CC-00013,2026-05-27 06:15:00,2026-05-27 14:45:00,8.0,0.0,OnPrem-SQLServer
TE-00004607,TS-0000913,EMP-0106,2026-05-28,PRJ-002,WBS-00076,CC-00012,2026-05-28 06:30:00,2026-05-28 15:00:00,8.0,0.0,OnPrem-SQLServer
TE-00004608,TS-0000913,EMP-0106,2026-05-29,PRJ-002,WBS-00073,CC-00017,2026-05-29 06:30:00,2026-05-29 15:00:00,8.0,0.0,OnPrem-SQLServer
TE-00004609,TS-0000914,EMP-0106,2026-06-01,PRJ-004,WBS-00138,CC-00029,2026-06-01 06:00:00,2026-06-01 14:30:00,8.0,0.0,OnPrem-SQLServer
TE-00004610,TS-0000914,EMP-0106,2026-06-02,PRJ-004,WBS-00149,CC-00028,2026-06-02 06:00:00,2026-06-02 14:30:00,8.0,0.0,OnPrem-SQLServer
TE-00004611,TS-0000914,EMP-0106,2026-06-03,PRJ-004,WBS-00157,CC-00031,2026-06-03 06:15:00,2026-06-03 14:45:00,8.0,0.0,OnPrem-SQLServer
TE-00004612,TS-0000914,EMP-0106,2026-06-04,PRJ-004,WBS-00162,CC-00029,2026-06-04 06:00:00,2026-06-04 14:30:00,8.0,0.0,OnPrem-SQLServer
TE-00004613,TS-0000914,EMP-0106,2026-06-05,PRJ-004,WBS-00145,CC-00030,2026-06-05 06:00:00,2026-06-05 14:30:00,8.0,0.0,OnPrem-SQLServer
TE-00004614,TS-0000915,EMP-0106,2026-06-08,PRJ-004,WBS-00134,CC-00032,2026-06-08 06:15:00,2026-06-08 16:10:12,9.42,1.42,OnPrem-SQLServer
TE-00004615,TS-0000915,EMP-0106,2026-06-09,PRJ-004,WBS-00138,CC-00032,2026-06-09 06:00:00,2026-06-09 14:30:00,8.0,0.0,OnPrem-SQLServer
TE-00004616,TS-0000915,EMP-0106,2026-06-10,PRJ-004,WBS-00162,CC-00036,2026-06-10 06:30:00,2026-06-10 15:00:00,8.0,0.0,OnPrem-SQLServer
TE-00004617,TS-0000915,EMP-0106,2026-06-11,PRJ-004,WBS-00166,CC-00036,2026-06-11 06:00:00,2026-06-11 14:30:00,8.0,0.0,OnPrem-SQLServer
TE-00004618,TS-0000915,EMP-0106,2026-06-12,PRJ-004,WBS-00163,CC-00030,2026-06-12 06:15:00,2026-06-12 14:45:00,8.0,0.0,OnPrem-SQLServer
TE-00004619,TS-0000916,EMP-0106,2026-06-15,PRJ-004,WBS-00158,CC-00033,2026-06-15 06:00:00,2026-06-15 15:50:24,9.34,1.34,OnPrem-SQLServer
TE-00004620,TS-0000916,EMP-0106,2026-06-16,PRJ-004,WBS-00158,CC-00034,2026-06-16 06:15:00,2026-06-16 14:45:00,8.0,0.0,OnPrem-SQLServer
TE-00004621,TS-0000916,EMP-0106,2026-06-17,PRJ-004,WBS-00139,CC-00035,2026-06-17 06:00:00,2026-06-17 14:30:00,8.0,0.0,OnPrem-SQLServer
TE-00004622,TS-0000916,EMP-0106,2026-06-18,PRJ-004,WBS-00156,CC-00030,2026-06-18 06:15:00,2026-06-18 14:45:00,8.0,0.0,OnPrem-SQLServer
TE-00004623,TS-0000916,EMP-0106,2026-06-19,PRJ-004,WBS-00136,CC-00030,2026-06-19 06:30:00,2026-06-19 15:00:00,8.0,0.0,OnPrem-SQLServer
TE-00004624,TS-0000917,EMP-0106,2026-06-22,PRJ-004,WBS-00163,CC-00028,2026-06-22 06:30:00,2026-06-22 15:00:00,8.0,0.0,OnPrem-SQLServer
TE-00004625,TS-0000917,EMP-0106,2026-06-23,PRJ-004,WBS-00147,CC-00030,2026-06-23 06:00:00,2026-06-23 14:30:00,8.0,0.0,OnPrem-SQLServer
TE-00004626,TS-0000917,EMP-0106,2026-06-24,PRJ-004,WBS-00153,CC-00031,2026-06-24 06:15:00,2026-06-24 14:45:00,8.0,0.0,OnPrem-SQLServer
TE-00004627,TS-0000917,EMP-0106,2026-06-25,PRJ-004,WBS-00140,CC-00036,2026-06-25 06:15:00,2026-06-25 15:25:48,8.68,0.68,OnPrem-SQLServer
TE-00004628,TS-0000917,EMP-0106,2026-06-26,PRJ-004,WBS-00167,CC-00029,2026-06-26 06:00:00,2026-06-26 14:30:00,8.0,0.0,OnPrem-SQLServer
TE-00004629,TS-0000918,EMP-0106,2026-06-29,PRJ-004,WBS-00167,CC-00030,2026-06-29 06:00:00,2026-06-29 14:30:00,8.0,0.0,OnPrem-SQLServer
TE-00004630,TS-0000918,EMP-0106,2026-06-30,PRJ-004,WBS-00157,CC-00029,2026-06-30 06:15:00,2026-06-30 14:45:00,8.0,0.0,OnPrem-SQLServer
TE-00004631,TS-0000918,EMP-0106,2026-07-01,PRJ-004,WBS-00151,CC-00031,2026-07-01 06:15:00,2026-07-01 14:45:00,8.0,0.0,OnPrem-SQLServer
TE-00004632,TS-0000918,EMP-0106,2026-07-02,PRJ-004,WBS-00139,CC-00031,2026-07-02 06:30:00,2026-07-02 16:54:00,9.9,1.9,OnPrem-SQLServer
TE-00004633,TS-0000918,EMP-0106,2026-07-03,PRJ-004,WBS-00167,CC-00033,2026-07-03 06:30:00,2026-07-03 15:00:00,8.0,0.0,OnPrem-SQLServer
TE-00004634,TS-0000919,EMP-0106,2026-07-06,PRJ-004,WBS-00131,CC-00031,2026-07-06 06:30:00,2026-07-06 15:00:00,8.0,0.0,OnPrem-SQLServer
TE-00004635,TS-0000919,EMP-0106,2026-07-07,PRJ-004,WBS-00164,CC-00034,2026-07-07 06:00:00,2026-07-07 14:30:00,8.0,0.0,OnPrem-SQLServer
TE-00004636,TS-0000919,EMP-0106,2026-07-08,PRJ-004,WBS-00163,CC-00033,2026-07-08 06:00:00,2026-07-08 16:00:36,9.51,1.51,OnPrem-SQLServer
TE-00004637,TS-0000919,EMP-0106,2026-07-09,PRJ-004,WBS-00158,CC-00034,2026-07-09 06:15:00,2026-07-09 14:45:00,8.0,0.0,OnPrem-SQLServer
TE-00004638,TS-0000919,EMP-0106,2026-07-10,PRJ-004,WBS-00164,CC-00035,2026-07-10 06:15:00,2026-07-10 14:45:00,8.0,0.0,OnPrem-SQLServer
TE-00004639,TS-0000920,EMP-0106,2026-07-20,PRJ-004,WBS-00137,CC-00033,2026-07-20 06:15:00,2026-07-20 14:45:00,8.0,0.0,OnPrem-SQLServer
TE-00004640,TS-0000920,EMP-0106,2026-07-21,PRJ-004,WBS-00151,CC-00028,2026-07-21 06:15:00,2026-07-21 14:45:00,8.0,0.0,OnPrem-SQLServer
TE-00004641,TS-0000920,EMP-0106,2026-07-22,PRJ-004,WBS-00167,CC-00029,2026-07-22 06:00:00,2026-07-22 15:09:36,8.66,0.66,OnPrem-SQLServer
TE-00004642,TS-0000920,EMP-0106,2026-07-23,PRJ-004,WBS-00165,CC-00034,2026-07-23 06:30:00,2026-07-23 15:00:00,8.0,0.0,OnPrem-SQLServer
TE-00004643,TS-0000920,EMP-0106,2026-07-24,PRJ-004,WBS-00134,CC-00030,2026-07-24 06:15:00,2026-07-24 14:45:00,8.0,0.0,OnPrem-SQLServer
TE-00004644,TS-0000921,EMP-0106,2026-07-27,PRJ-004,WBS-00157,CC-00033,2026-07-27 06:00:00,2026-07-27 14:30:00,8.0,0.0,OnPrem-SQLServer
TE-00004645,TS-0000921,EMP-0106,2026-07-28,PRJ-004,WBS-00138,CC-00033,2026-07-28 06:00:00,2026-07-28 14:30:00,8.0,0.0,OnPrem-SQLServer
TE-00004646,TS-0000921,EMP-0106,2026-07-29,PRJ-004,WBS-00140,CC-00029,2026-07-29 06:00:00,2026-07-29 14:30:00,8.0,0.0,OnPrem-SQLServer
TE-00004647,TS-0000921,EMP-0106,2026-07-30,PRJ-004,WBS-00146,CC-00028,2026-07-30 06:00:00,2026-07-30 14:30:00,8.0,0.0,OnPrem-SQLServer
TE-00004648,TS-0000921,EMP-0106,2026-07-31,PRJ-004,WBS-00146,CC-00031,2026-07-31 06:00:00,2026-07-31 14:30:00,8.0,0.0,OnPrem-SQLServer
TE-00004649,TS-0000922,EMP-0107,2026-06-01,PRJ-009,WBS-00392,CC-00079,2026-06-01 06:15:00,2026-06-01 14:45:00,8.0,0.0,OnPrem-SQLServer
TE-00004650,TS-0000922,EMP-0107,2026-06-02,PRJ-009,WBS-00418,CC-00081,2026-06-02 06:15:00,2026-06-02 14:45:00,8.0,0.0,OnPrem-SQLServer
TE-00004651,TS-0000922,EMP-0107,2026-06-03,PRJ-009,WBS-00408,CC-00077,2026-06-03 06:30:00,2026-06-03 15:00:00,8.0,0.0,OnPrem-SQLServer
TE-00004652,TS-0000922,EMP-0107,2026-06-04,PRJ-009,WBS-00415,CC-00081,2026-06-04 06:15:00,2026-06-04 14:45:00,8.0,0.0,OnPrem-SQLServer
TE-00004653,TS-0000922,EMP-0107,2026-06-05,PRJ-009,WBS-00366,CC-00074,2026-06-05 06:30:00,2026-06-05 16:19:48,9.33,1.33,OnPrem-SQLServer
TE-00004654,TS-0000923,EMP-0107,2026-06-08,PRJ-009,WBS-00365,CC-00075,2026-06-08 06:15:00,2026-06-08 14:45:00,8.0,0.0,OnPrem-SQLServer
TE-00004655,TS-0000923,EMP-0107,2026-06-09,PRJ-009,WBS-00413,CC-00080,2026-06-09 06:15:00,2026-06-09 14:45:00,8.0,0.0,OnPrem-SQLServer
TE-00004656,TS-0000923,EMP-0107,2026-06-10,PRJ-009,WBS-00404,CC-00080,2026-06-10 06:15:00,2026-06-10 15:45:00,9.0,1.0,OnPrem-SQLServer
TE-00004657,TS-0000923,EMP-0107,2026-06-11,PRJ-009,WBS-00383,CC-00077,2026-06-11 06:30:00,2026-06-11 15:00:00,8.0,0.0,OnPrem-SQLServer
TE-00004658,TS-0000923,EMP-0107,2026-06-12,PRJ-009,WBS-00380,CC-00080,2026-06-12 06:15:00,2026-06-12 14:45:00,8.0,0.0,OnPrem-SQLServer
TE-00004659,TS-0000924,EMP-0107,2026-06-15,PRJ-009,WBS-00391,CC-00075,2026-06-15 06:00:00,2026-06-15 14:30:00,8.0,0.0,OnPrem-SQLServer
TE-00004660,TS-0000924,EMP-0107,2026-06-16,PRJ-009,WBS-00400,CC-00077,2026-06-16 06:15:00,2026-06-16 14:45:00,8.0,0.0,OnPrem-SQLServer
TE-00004661,TS-0000924,EMP-0107,2026-06-17,PRJ-009,WBS-00387,CC-00080,2026-06-17 06:15:00,2026-06-17 14:45:00,8.0,0.0,OnPrem-SQLServer
TE-00004662,TS-0000924,EMP-0107,2026-06-18,PRJ-009,WBS-00410,CC-00081,2026-06-18 06:30:00,2026-06-18 16:33:36,9.56,1.56,OnPrem-SQLServer
TE-00004663,TS-0000924,EMP-0107,2026-06-19,PRJ-009,WBS-00369,CC-00075,2026-06-19 06:15:00,2026-06-19 14:45:00,8.0,0.0,OnPrem-SQLServer
TE-00004664,TS-0000925,EMP-0107,2026-06-22,PRJ-009,WBS-00366,CC-00076,2026-06-22 06:30:00,2026-06-22 15:00:00,8.0,0.0,OnPrem-SQLServer
TE-00004665,TS-0000925,EMP-0107,2026-06-23,PRJ-009,WBS-00401,CC-00073,2026-06-23 06:00:00,2026-06-23 14:30:00,8.0,0.0,OnPrem-SQLServer
TE-00004666,TS-0000925,EMP-0107,2026-06-24,PRJ-009,WBS-00369,CC-00078,2026-06-24 06:30:00,2026-06-24 15:00:00,8.0,0.0,OnPrem-SQLServer
TE-00004667,TS-0000925,EMP-0107,2026-06-25,PRJ-009,WBS-00411,CC-00081,2026-06-25 06:00:00,2026-06-25 14:30:00,8.0,0.0,OnPrem-SQLServer
TE-00004668,TS-0000925,EMP-0107,2026-06-26,PRJ-009,WBS-00405,CC-00081,2026-06-26 06:00:00,2026-06-26 15:19:12,8.82,0.82,OnPrem-SQLServer
TE-00004669,TS-0000926,EMP-0107,2026-07-06,PRJ-009,WBS-00401,CC-00081,2026-07-06 06:15:00,2026-07-06 14:45:00,8.0,0.0,OnPrem-SQLServer
TE-00004670,TS-0000926,EMP-0107,2026-07-07,PRJ-009,WBS-00361,CC-00079,2026-07-07 06:30:00,2026-07-07 15:00:00,8.0,0.0,OnPrem-SQLServer
TE-00004671,TS-0000926,EMP-0107,2026-07-08,PRJ-009,WBS-00411,CC-00073,2026-07-08 06:30:00,2026-07-08 15:00:00,8.0,0.0,OnPrem-SQLServer
TE-00004672,TS-0000926,EMP-0107,2026-07-09,PRJ-009,WBS-00370,CC-00073,2026-07-09 06:30:00,2026-07-09 15:00:00,8.0,0.0,OnPrem-SQLServer
TE-00004673,TS-0000926,EMP-0107,2026-07-10,PRJ-009,WBS-00374,CC-00079,2026-07-10 06:30:00,2026-07-10 15:00:00,8.0,0.0,OnPrem-SQLServer
TE-00004674,TS-0000927,EMP-0107,2026-07-13,PRJ-004,WBS-00157,CC-00033,2026-07-13 06:00:00,2026-07-13 14:30:00,8.0,0.0,OnPrem-SQLServer
TE-00004675,TS-0000927,EMP-0107,2026-07-14,PRJ-004,WBS-00161,CC-00033,2026-07-14 06:00:00,2026-07-14 14:30:00,8.0,0.0,OnPrem-SQLServer
TE-00004676,TS-0000927,EMP-0107,2026-07-15,PRJ-004,WBS-00138,CC-00030,2026-07-15 06:30:00,2026-07-15 15:00:00,8.0,0.0,OnPrem-SQLServer
TE-00004677,TS-0000927,EMP-0107,2026-07-16,PRJ-004,WBS-00147,CC-00030,2026-07-16 06:00:00,2026-07-16 14:30:00,8.0,0.0,OnPrem-SQLServer
TE-00004678,TS-0000927,EMP-0107,2026-07-17,PRJ-004,WBS-00161,CC-00028,2026-07-17 06:15:00,2026-07-17 14:45:00,8.0,0.0,OnPrem-SQLServer
TE-00004679,TS-0000928,EMP-0107,2026-07-20,PRJ-009,WBS-00377,CC-00080,2026-07-20 06:00:00,2026-07-20 14:30:00,8.0,0.0,OnPrem-SQLServer
TE-00004680,TS-0000928,EMP-0107,2026-07-21,PRJ-009,WBS-00373,CC-00074,2026-07-21 06:15:00,2026-07-21 14:45:00,8.0,0.0,OnPrem-SQLServer
TE-00004681,TS-0000928,EMP-0107,2026-07-22,PRJ-009,WBS-00403,CC-00076,2026-07-22 06:15:00,2026-07-22 14:45:00,8.0,0.0,OnPrem-SQLServer
TE-00004682,TS-0000928,EMP-0107,2026-07-23,PRJ-009,WBS-00418,CC-00080,2026-07-23 06:00:00,2026-07-23 14:30:00,8.0,0.0,OnPrem-SQLServer
TE-00004683,TS-0000928,EMP-0107,2026-07-24,PRJ-009,WBS-00365,CC-00075,2026-07-24 06:00:00,2026-07-24 14:30:00,8.0,0.0,OnPrem-SQLServer
TE-00004684,TS-0000929,EMP-0107,2026-07-27,PRJ-009,WBS-00411,CC-00074,2026-07-27 06:15:00,2026-07-27 14:45:00,8.0,0.0,OnPrem-SQLServer
TE-00004685,TS-0000929,EMP-0107,2026-07-28,PRJ-009,WBS-00399,CC-00081,2026-07-28 06:30:00,2026-07-28 15:00:00,8.0,0.0,OnPrem-SQLServer
TE-00004686,TS-0000929,EMP-0107,2026-07-29,PRJ-009,WBS-00408,CC-00076,2026-07-29 06:30:00,2026-07-29 15:00:00,8.0,0.0,OnPrem-SQLServer
TE-00004687,TS-0000929,EMP-0107,2026-07-30,PRJ-009,WBS-00377,CC-00075,2026-07-30 06:00:00,2026-07-30 14:30:00,8.0,0.0,OnPrem-SQLServer
TE-00004688,TS-0000929,EMP-0107,2026-07-31,PRJ-009,WBS-00414,CC-00073,2026-07-31 06:00:00,2026-07-31 14:30:00,8.0,0.0,OnPrem-SQLServer
TE-00004689,TS-0000930,EMP-0108,2026-05-04,PRJ-003,WBS-00117,CC-00025,2026-05-04 06:00:00,2026-05-04 15:13:48,8.73,0.73,OnPrem-SQLServer
TE-00004690,TS-0000930,EMP-0108,2026-05-05,PRJ-003,WBS-00128,CC-00019,2026-05-05 06:30:00,2026-05-05 15:00:00,8.0,0.0,OnPrem-SQLServer
TE-00004691,TS-0000930,EMP-0108,2026-05-06,PRJ-003,WBS-00096,CC-00025,2026-05-06 06:30:00,2026-05-06 15:00:00,8.0,0.0,OnPrem-SQLServer
TE-00004692,TS-0000930,EMP-0108,2026-05-07,PRJ-003,WBS-00095,CC-00025,2026-05-07 06:30:00,2026-05-07 15:00:00,8.0,0.0,OnPrem-SQLServer
TE-00004693,TS-0000930,EMP-0108,2026-05-08,PRJ-003,WBS-00116,CC-00023,2026-05-08 06:30:00,2026-05-08 15:00:00,8.0,0.0,OnPrem-SQLServer
TE-00004694,TS-0000931,EMP-0108,2026-05-18,PRJ-003,WBS-00108,CC-00026,2026-05-18 06:00:00,2026-05-18 14:30:00,8.0,0.0,OnPrem-SQLServer
TE-00004695,TS-0000931,EMP-0108,2026-05-19,PRJ-003,WBS-00121,CC-00026,2026-05-19 06:30:00,2026-05-19 15:00:00,8.0,0.0,OnPrem-SQLServer
TE-00004696,TS-0000931,EMP-0108,2026-05-20,PRJ-003,WBS-00106,CC-00021,2026-05-20 06:00:00,2026-05-20 14:30:00,8.0,0.0,OnPrem-SQLServer
TE-00004697,TS-0000931,EMP-0108,2026-05-21,PRJ-003,WBS-00116,CC-00027,2026-05-21 06:15:00,2026-05-21 14:45:00,8.0,0.0,OnPrem-SQLServer
TE-00004698,TS-0000931,EMP-0108,2026-05-22,PRJ-003,WBS-00091,CC-00026,2026-05-22 06:15:00,2026-05-22 14:45:00,8.0,0.0,OnPrem-SQLServer
TE-00004699,TS-0000932,EMP-0108,2026-05-25,PRJ-003,WBS-00092,CC-00022,2026-05-25 06:15:00,2026-05-25 14:45:00,8.0,0.0,OnPrem-SQLServer
TE-00004700,TS-0000932,EMP-0108,2026-05-26,PRJ-003,WBS-00094,CC-00022,2026-05-26 06:15:00,2026-05-26 14:45:00,8.0,0.0,OnPrem-SQLServer
TE-00004701,TS-0000932,EMP-0108,2026-05-27,PRJ-003,WBS-00126,CC-00019,2026-05-27 06:30:00,2026-05-27 15:00:00,8.0,0.0,OnPrem-SQLServer
TE-00004702,TS-0000932,EMP-0108,2026-05-28,PRJ-003,WBS-00091,CC-00021,2026-05-28 06:15:00,2026-05-28 15:19:48,8.58,0.58,OnPrem-SQLServer
TE-00004703,TS-0000932,EMP-0108,2026-05-29,PRJ-003,WBS-00130,CC-00020,2026-05-29 06:15:00,2026-05-29 14:45:00,8.0,0.0,OnPrem-SQLServer
TE-00004704,TS-0000933,EMP-0108,2026-06-01,PRJ-003,WBS-00108,CC-00020,2026-06-01 06:00:00,2026-06-01 14:30:00,8.0,0.0,OnPrem-SQLServer
TE-00004705,TS-0000933,EMP-0108,2026-06-02,PRJ-003,WBS-00122,CC-00027,2026-06-02 06:00:00,2026-06-02 14:30:00,8.0,0.0,OnPrem-SQLServer
TE-00004706,TS-0000933,EMP-0108,2026-06-03,PRJ-003,WBS-00100,CC-00027,2026-06-03 06:30:00,2026-06-03 15:00:00,8.0,0.0,OnPrem-SQLServer
TE-00004707,TS-0000933,EMP-0108,2026-06-04,PRJ-003,WBS-00100,CC-00020,2026-06-04 06:30:00,2026-06-04 15:00:00,8.0,0.0,OnPrem-SQLServer
TE-00004708,TS-0000933,EMP-0108,2026-06-05,PRJ-003,WBS-00116,CC-00026,2026-06-05 06:00:00,2026-06-05 14:30:00,8.0,0.0,OnPrem-SQLServer
TE-00004709,TS-0000934,EMP-0108,2026-06-08,PRJ-010,WBS-00479,CC-00090,2026-06-08 06:30:00,2026-06-08 15:00:00,8.0,0.0,OnPrem-SQLServer
TE-00004710,TS-0000934,EMP-0108,2026-06-09,PRJ-010,WBS-00427,CC-00089,2026-06-09 06:30:00,2026-06-09 15:00:00,8.0,0.0,OnPrem-SQLServer
TE-00004711,TS-0000934,EMP-0108,2026-06-10,PRJ-010,WBS-00478,CC-00082,2026-06-10 06:15:00,2026-06-10 14:45:00,8.0,0.0,OnPrem-SQLServer
TE-00004712,TS-0000934,EMP-0108,2026-06-11,PRJ-010,WBS-00424,CC-00084,2026-06-11 06:15:00,2026-06-11 14:45:00,8.0,0.0,OnPrem-SQLServer
TE-00004713,TS-0000934,EMP-0108,2026-06-12,PRJ-010,WBS-00485,CC-00085,2026-06-12 06:00:00,2026-06-12 16:21:00,9.85,1.85,OnPrem-SQLServer
TE-00004714,TS-0000935,EMP-0108,2026-06-15,PRJ-003,WBS-00122,CC-00023,2026-06-15 06:00:00,2026-06-15 15:01:12,8.52,0.52,OnPrem-SQLServer
TE-00004715,TS-0000935,EMP-0108,2026-06-16,PRJ-003,WBS-00099,CC-00024,2026-06-16 06:00:00,2026-06-16 14:30:00,8.0,0.0,OnPrem-SQLServer
TE-00004716,TS-0000935,EMP-0108,2026-06-17,PRJ-003,WBS-00127,CC-00026,2026-06-17 06:15:00,2026-06-17 14:45:00,8.0,0.0,OnPrem-SQLServer
TE-00004717,TS-0000935,EMP-0108,2026-06-18,PRJ-003,WBS-00124,CC-00021,2026-06-18 06:15:00,2026-06-18 14:45:00,8.0,0.0,OnPrem-SQLServer
TE-00004718,TS-0000935,EMP-0108,2026-06-19,PRJ-003,WBS-00116,CC-00024,2026-06-19 06:15:00,2026-06-19 14:45:00,8.0,0.0,OnPrem-SQLServer
TE-00004719,TS-0000936,EMP-0108,2026-06-29,PRJ-003,WBS-00088,CC-00027,2026-06-29 06:30:00,2026-06-29 15:00:00,8.0,0.0,OnPrem-SQLServer
TE-00004720,TS-0000936,EMP-0108,2026-06-30,PRJ-003,WBS-00110,CC-00026,2026-06-30 06:00:00,2026-06-30 14:30:00,8.0,0.0,OnPrem-SQLServer
TE-00004721,TS-0000936,EMP-0108,2026-07-01,PRJ-003,WBS-00118,CC-00024,2026-07-01 06:15:00,2026-07-01 14:45:00,8.0,0.0,OnPrem-SQLServer
TE-00004722,TS-0000936,EMP-0108,2026-07-02,PRJ-003,WBS-00103,CC-00026,2026-07-02 06:00:00,2026-07-02 14:30:00,8.0,0.0,OnPrem-SQLServer
TE-00004723,TS-0000936,EMP-0108,2026-07-03,PRJ-003,WBS-00103,CC-00026,2026-07-03 06:15:00,2026-07-03 14:45:00,8.0,0.0,OnPrem-SQLServer
TE-00004724,TS-0000937,EMP-0108,2026-07-06,PRJ-003,WBS-00091,CC-00023,2026-07-06 06:00:00,2026-07-06 15:35:24,9.09,1.09,OnPrem-SQLServer
TE-00004725,TS-0000937,EMP-0108,2026-07-07,PRJ-003,WBS-00102,CC-00021,2026-07-07 06:00:00,2026-07-07 14:30:00,8.0,0.0,OnPrem-SQLServer
TE-00004726,TS-0000937,EMP-0108,2026-07-08,PRJ-003,WBS-00091,CC-00024,2026-07-08 06:00:00,2026-07-08 14:30:00,8.0,0.0,OnPrem-SQLServer
TE-00004727,TS-0000937,EMP-0108,2026-07-09,PRJ-003,WBS-00127,CC-00023,2026-07-09 06:15:00,2026-07-09 14:45:00,8.0,0.0,OnPrem-SQLServer
TE-00004728,TS-0000937,EMP-0108,2026-07-10,PRJ-003,WBS-00092,CC-00021,2026-07-10 06:00:00,2026-07-10 14:30:00,8.0,0.0,OnPrem-SQLServer
TE-00004729,TS-0000938,EMP-0108,2026-07-13,PRJ-003,WBS-00093,CC-00024,2026-07-13 06:00:00,2026-07-13 14:30:00,8.0,0.0,OnPrem-SQLServer
TE-00004730,TS-0000938,EMP-0108,2026-07-14,PRJ-003,WBS-00101,CC-00024,2026-07-14 06:15:00,2026-07-14 14:45:00,8.0,0.0,OnPrem-SQLServer
TE-00004731,TS-0000938,EMP-0108,2026-07-15,PRJ-003,WBS-00100,CC-00027,2026-07-15 06:30:00,2026-07-15 15:00:00,8.0,0.0,OnPrem-SQLServer
TE-00004732,TS-0000938,EMP-0108,2026-07-16,PRJ-003,WBS-00110,CC-00020,2026-07-16 06:15:00,2026-07-16 14:45:00,8.0,0.0,OnPrem-SQLServer
TE-00004733,TS-0000938,EMP-0108,2026-07-17,PRJ-003,WBS-00098,CC-00027,2026-07-17 06:15:00,2026-07-17 15:35:24,8.84,0.84,OnPrem-SQLServer
TE-00004734,TS-0000939,EMP-0108,2026-07-20,PRJ-003,WBS-00108,CC-00022,2026-07-20 06:30:00,2026-07-20 15:00:00,8.0,0.0,OnPrem-SQLServer
TE-00004735,TS-0000939,EMP-0108,2026-07-21,PRJ-003,WBS-00091,CC-00019,2026-07-21 06:15:00,2026-07-21 14:45:00,8.0,0.0,OnPrem-SQLServer
TE-00004736,TS-0000939,EMP-0108,2026-07-22,PRJ-003,WBS-00102,CC-00023,2026-07-22 06:00:00,2026-07-22 14:30:00,8.0,0.0,OnPrem-SQLServer
TE-00004737,TS-0000939,EMP-0108,2026-07-23,PRJ-003,WBS-00095,CC-00024,2026-07-23 06:15:00,2026-07-23 14:45:00,8.0,0.0,OnPrem-SQLServer
TE-00004738,TS-0000939,EMP-0108,2026-07-24,PRJ-003,WBS-00091,CC-00019,2026-07-24 06:00:00,2026-07-24 14:30:00,8.0,0.0,OnPrem-SQLServer
TE-00004739,TS-0000940,EMP-0108,2026-07-27,PRJ-003,WBS-00111,CC-00020,2026-07-27 06:30:00,2026-07-27 15:00:00,8.0,0.0,OnPrem-SQLServer
TE-00004740,TS-0000940,EMP-0108,2026-07-28,PRJ-003,WBS-00127,CC-00022,2026-07-28 06:00:00,2026-07-28 14:30:00,8.0,0.0,OnPrem-SQLServer
TE-00004741,TS-0000940,EMP-0108,2026-07-29,PRJ-003,WBS-00124,CC-00024,2026-07-29 06:00:00,2026-07-29 14:30:00,8.0,0.0,OnPrem-SQLServer
TE-00004742,TS-0000940,EMP-0108,2026-07-30,PRJ-003,WBS-00108,CC-00021,2026-07-30 06:30:00,2026-07-30 15:00:00,8.0,0.0,OnPrem-SQLServer
TE-00004743,TS-0000940,EMP-0108,2026-07-31,PRJ-003,WBS-00097,CC-00024,2026-07-31 06:30:00,2026-07-31 15:00:00,8.0,0.0,OnPrem-SQLServer
TE-00004744,TS-0000941,EMP-0109,2026-06-15,PRJ-001,WBS-00002,CC-00005,2026-06-15 06:30:00,2026-06-15 18:52:48,11.88,3.88,OnPrem-SQLServer
TE-00004745,TS-0000941,EMP-0109,2026-06-16,PRJ-001,WBS-00017,CC-00008,2026-06-16 06:30:00,2026-06-16 16:36:36,9.61,1.61,OnPrem-SQLServer
TE-00004746,TS-0000941,EMP-0109,2026-06-17,PRJ-001,WBS-00024,CC-00003,2026-06-17 07:30:00,2026-06-17 18:02:24,10.04,2.04,OnPrem-SQLServer
TE-00004747,TS-0000941,EMP-0109,2026-06-18,PRJ-001,WBS-00050,CC-00003,2026-06-18 07:00:00,2026-06-18 15:30:00,8.0,0.0,OnPrem-SQLServer
TE-00004748,TS-0000941,EMP-0109,2026-06-19,PRJ-001,WBS-00034,CC-00001,2026-06-19 06:30:00,2026-06-19 16:04:12,9.07,1.07,OnPrem-SQLServer
TE-00004749,TS-0000941,EMP-0109,2026-06-20,PRJ-001,WBS-00036,CC-00008,2026-06-20 07:15:00,2026-06-20 16:20:24,8.59,8.59,OnPrem-SQLServer
TE-00004750,TS-0000942,EMP-0109,2026-06-22,PRJ-001,WBS-00014,CC-00008,2026-06-22 06:15:00,2026-06-22 17:30:00,10.75,2.75,OnPrem-SQLServer
TE-00004751,TS-0000942,EMP-0109,2026-06-23,PRJ-001,WBS-00028,CC-00007,2026-06-23 06:00:00,2026-06-23 17:23:24,10.89,2.89,OnPrem-SQLServer
TE-00004752,TS-0000942,EMP-0109,2026-06-24,PRJ-001,WBS-00002,CC-00006,2026-06-24 06:00:00,2026-06-24 14:30:00,8.0,0.0,OnPrem-SQLServer
TE-00004753,TS-0000942,EMP-0109,2026-06-25,PRJ-001,WBS-00022,CC-00004,2026-06-25 07:00:00,2026-06-25 17:54:00,10.4,2.4,OnPrem-SQLServer
TE-00004754,TS-0000942,EMP-0109,2026-06-26,PRJ-001,WBS-00040,CC-00003,2026-06-26 07:00:00,2026-06-26 16:45:00,9.25,1.25,OnPrem-SQLServer
TE-00004755,TS-0000942,EMP-0109,2026-06-27,PRJ-001,WBS-00032,CC-00001,2026-06-27 07:00:00,2026-06-27 16:59:24,9.49,9.49,OnPrem-SQLServer
TE-00004756,TS-0000943,EMP-0109,2026-06-29,PRJ-001,WBS-00040,CC-00001,2026-06-29 06:30:00,2026-06-29 16:58:12,9.97,1.97,OnPrem-SQLServer
TE-00004757,TS-0000943,EMP-0109,2026-06-30,PRJ-001,WBS-00003,CC-00001,2026-06-30 06:15:00,2026-06-30 18:03:00,11.3,3.3,OnPrem-SQLServer
TE-00004758,TS-0000943,EMP-0109,2026-07-01,PRJ-001,WBS-00003,CC-00008,2026-07-01 06:30:00,2026-07-01 17:44:24,10.74,2.74,OnPrem-SQLServer
TE-00004759,TS-0000943,EMP-0109,2026-07-02,PRJ-001,WBS-00015,CC-00001,2026-07-02 07:30:00,2026-07-02 16:00:00,8.0,0.0,OnPrem-SQLServer
TE-00004760,TS-0000943,EMP-0109,2026-07-03,PRJ-001,WBS-00001,CC-00006,2026-07-03 06:30:00,2026-07-03 15:00:00,8.0,0.0,OnPrem-SQLServer
TE-00004761,TS-0000944,EMP-0109,2026-07-06,PRJ-001,WBS-00036,CC-00004,2026-07-06 07:00:00,2026-07-06 19:02:24,11.54,3.54,OnPrem-SQLServer
TE-00004762,TS-0000944,EMP-0109,2026-07-07,PRJ-001,WBS-00008,CC-00002,2026-07-07 07:00:00,2026-07-07 16:34:48,9.08,1.08,OnPrem-SQLServer
TE-00004763,TS-0000944,EMP-0109,2026-07-08,PRJ-001,WBS-00031,CC-00008,2026-07-08 07:15:00,2026-07-08 15:45:00,8.0,0.0,OnPrem-SQLServer
TE-00004764,TS-0000944,EMP-0109,2026-07-09,PRJ-001,WBS-00036,CC-00005,2026-07-09 07:15:00,2026-07-09 18:40:12,10.92,2.92,OnPrem-SQLServer
TE-00004765,TS-0000944,EMP-0109,2026-07-10,PRJ-001,WBS-00002,CC-00006,2026-07-10 06:15:00,2026-07-10 18:27:36,11.71,3.71,OnPrem-SQLServer
TE-00004766,TS-0000944,EMP-0109,2026-07-11,PRJ-001,WBS-00016,CC-00005,2026-07-11 07:15:00,2026-07-11 15:53:24,8.14,8.14,OnPrem-SQLServer
TE-00004767,TS-0000945,EMP-0109,2026-07-13,PRJ-006,WBS-00240,CC-00054,2026-07-13 06:30:00,2026-07-13 15:58:48,8.98,0.98,OnPrem-SQLServer
TE-00004768,TS-0000945,EMP-0109,2026-07-14,PRJ-006,WBS-00228,CC-00049,2026-07-14 06:15:00,2026-07-14 14:45:00,8.0,0.0,OnPrem-SQLServer
TE-00004769,TS-0000945,EMP-0109,2026-07-15,PRJ-006,WBS-00221,CC-00052,2026-07-15 06:00:00,2026-07-15 15:43:12,9.22,1.22,OnPrem-SQLServer
TE-00004770,TS-0000945,EMP-0109,2026-07-16,PRJ-006,WBS-00215,CC-00047,2026-07-16 06:00:00,2026-07-16 14:30:00,8.0,0.0,OnPrem-SQLServer
TE-00004771,TS-0000945,EMP-0109,2026-07-17,PRJ-006,WBS-00238,CC-00051,2026-07-17 06:15:00,2026-07-17 14:45:00,8.0,0.0,OnPrem-SQLServer
TE-00004772,TS-0000946,EMP-0109,2026-07-20,PRJ-001,WBS-00017,CC-00008,2026-07-20 07:15:00,2026-07-20 15:45:00,8.0,0.0,OnPrem-SQLServer
TE-00004773,TS-0000946,EMP-0109,2026-07-21,PRJ-001,WBS-00018,CC-00007,2026-07-21 07:15:00,2026-07-21 15:45:00,8.0,0.0,OnPrem-SQLServer
TE-00004774,TS-0000946,EMP-0109,2026-07-22,PRJ-001,WBS-00047,CC-00009,2026-07-22 06:30:00,2026-07-22 16:01:48,9.03,1.03,OnPrem-SQLServer
TE-00004775,TS-0000946,EMP-0109,2026-07-23,PRJ-001,WBS-00003,CC-00007,2026-07-23 07:15:00,2026-07-23 15:45:00,8.0,0.0,OnPrem-SQLServer
TE-00004776,TS-0000946,EMP-0109,2026-07-24,PRJ-001,WBS-00002,CC-00006,2026-07-24 07:00:00,2026-07-24 15:30:00,8.0,0.0,OnPrem-SQLServer
TE-00004777,TS-0000947,EMP-0109,2026-07-27,PRJ-011,WBS-00523,CC-00095,2026-07-27 06:30:00,2026-07-27 15:00:00,8.0,0.0,OnPrem-SQLServer
TE-00004778,TS-0000947,EMP-0109,2026-07-28,PRJ-011,WBS-00527,CC-00099,2026-07-28 06:30:00,2026-07-28 15:00:00,8.0,0.0,OnPrem-SQLServer
TE-00004779,TS-0000947,EMP-0109,2026-07-29,PRJ-011,WBS-00504,CC-00098,2026-07-29 06:00:00,2026-07-29 14:30:00,8.0,0.0,OnPrem-SQLServer
TE-00004780,TS-0000947,EMP-0109,2026-07-30,PRJ-011,WBS-00536,CC-00098,2026-07-30 06:00:00,2026-07-30 16:05:24,9.59,1.59,OnPrem-SQLServer
TE-00004781,TS-0000947,EMP-0109,2026-07-31,PRJ-011,WBS-00494,CC-00098,2026-07-31 06:30:00,2026-07-31 15:00:00,8.0,0.0,OnPrem-SQLServer
TE-00004782,TS-0000948,EMP-0111,2026-05-18,PRJ-004,WBS-00151,CC-00035,2026-05-18 06:15:00,2026-05-18 14:45:00,8.0,0.0,OnPrem-SQLServer
TE-00004783,TS-0000948,EMP-0111,2026-05-19,PRJ-004,WBS-00156,CC-00032,2026-05-19 06:00:00,2026-05-19 15:25:48,8.93,0.93,OnPrem-SQLServer
TE-00004784,TS-0000948,EMP-0111,2026-05-20,PRJ-004,WBS-00141,CC-00028,2026-05-20 06:00:00,2026-05-20 14:30:00,8.0,0.0,OnPrem-SQLServer
TE-00004785,TS-0000948,EMP-0111,2026-05-21,PRJ-004,WBS-00154,CC-00035,2026-05-21 06:30:00,2026-05-21 15:00:00,8.0,0.0,OnPrem-SQLServer
TE-00004786,TS-0000948,EMP-0111,2026-05-22,PRJ-004,WBS-00145,CC-00034,2026-05-22 06:15:00,2026-05-22 14:45:00,8.0,0.0,OnPrem-SQLServer
TE-00004787,TS-0000949,EMP-0111,2026-05-25,PRJ-004,WBS-00138,CC-00035,2026-05-25 06:15:00,2026-05-25 15:32:24,8.79,0.79,OnPrem-SQLServer
TE-00004788,TS-0000949,EMP-0111,2026-05-26,PRJ-004,WBS-00137,CC-00032,2026-05-26 06:00:00,2026-05-26 16:19:12,9.82,1.82,OnPrem-SQLServer
TE-00004789,TS-0000949,EMP-0111,2026-05-27,PRJ-004,WBS-00141,CC-00033,2026-05-27 06:15:00,2026-05-27 14:45:00,8.0,0.0,OnPrem-SQLServer
TE-00004790,TS-0000949,EMP-0111,2026-05-28,PRJ-004,WBS-00164,CC-00028,2026-05-28 06:00:00,2026-05-28 14:30:00,8.0,0.0,OnPrem-SQLServer
TE-00004791,TS-0000949,EMP-0111,2026-05-29,PRJ-004,WBS-00155,CC-00032,2026-05-29 06:00:00,2026-05-29 14:30:00,8.0,0.0,OnPrem-SQLServer
TE-00004792,TS-0000950,EMP-0111,2026-06-01,PRJ-005,WBS-00177,CC-00042,2026-06-01 06:00:00,2026-06-01 14:30:00,8.0,0.0,OnPrem-SQLServer
TE-00004793,TS-0000950,EMP-0111,2026-06-02,PRJ-005,WBS-00189,CC-00042,2026-06-02 06:15:00,2026-06-02 15:48:36,9.06,1.06,OnPrem-SQLServer
TE-00004794,TS-0000950,EMP-0111,2026-06-03,PRJ-005,WBS-00207,CC-00045,2026-06-03 06:30:00,2026-06-03 15:00:00,8.0,0.0,OnPrem-SQLServer
TE-00004795,TS-0000950,EMP-0111,2026-06-04,PRJ-005,WBS-00181,CC-00041,2026-06-04 06:30:00,2026-06-04 15:48:36,8.81,0.81,OnPrem-SQLServer
TE-00004796,TS-0000950,EMP-0111,2026-06-05,PRJ-005,WBS-00209,CC-00038,2026-06-05 06:15:00,2026-06-05 15:23:24,8.64,0.64,OnPrem-SQLServer
TE-00004797,TS-0000951,EMP-0111,2026-06-08,PRJ-004,WBS-00146,CC-00035,2026-06-08 06:00:00,2026-06-08 14:30:00,8.0,0.0,OnPrem-SQLServer
TE-00004798,TS-0000951,EMP-0111,2026-06-09,PRJ-004,WBS-00138,CC-00036,2026-06-09 06:00:00,2026-06-09 14:30:00,8.0,0.0,OnPrem-SQLServer
TE-00004799,TS-0000951,EMP-0111,2026-06-10,PRJ-004,WBS-00142,CC-00032,2026-06-10 06:30:00,2026-06-10 15:00:00,8.0,0.0,OnPrem-SQLServer
TE-00004800,TS-0000951,EMP-0111,2026-06-11,PRJ-004,WBS-00150,CC-00031,2026-06-11 06:30:00,2026-06-11 15:00:00,8.0,0.0,OnPrem-SQLServer
TE-00004801,TS-0000951,EMP-0111,2026-06-12,PRJ-004,WBS-00132,CC-00034,2026-06-12 06:00:00,2026-06-12 14:30:00,8.0,0.0,OnPrem-SQLServer
TE-00004802,TS-0000952,EMP-0111,2026-06-15,PRJ-004,WBS-00152,CC-00034,2026-06-15 06:15:00,2026-06-15 14:45:00,8.0,0.0,OnPrem-SQLServer
TE-00004803,TS-0000952,EMP-0111,2026-06-16,PRJ-004,WBS-00133,CC-00035,2026-06-16 06:00:00,2026-06-16 14:30:00,8.0,0.0,OnPrem-SQLServer
TE-00004804,TS-0000952,EMP-0111,2026-06-17,PRJ-004,WBS-00165,CC-00031,2026-06-17 06:00:00,2026-06-17 16:20:24,9.84,1.84,OnPrem-SQLServer
TE-00004805,TS-0000952,EMP-0111,2026-06-18,PRJ-004,WBS-00140,CC-00031,2026-06-18 06:30:00,2026-06-18 16:28:48,9.48,1.48,OnPrem-SQLServer
TE-00004806,TS-0000952,EMP-0111,2026-06-19,PRJ-004,WBS-00132,CC-00036,2026-06-19 06:30:00,2026-06-19 15:00:00,8.0,0.0,OnPrem-SQLServer
TE-00004807,TS-0000953,EMP-0111,2026-06-22,PRJ-004,WBS-00131,CC-00032,2026-06-22 06:30:00,2026-06-22 15:00:00,8.0,0.0,OnPrem-SQLServer
TE-00004808,TS-0000953,EMP-0111,2026-06-23,PRJ-004,WBS-00134,CC-00028,2026-06-23 06:30:00,2026-06-23 15:00:00,8.0,0.0,OnPrem-SQLServer
TE-00004809,TS-0000953,EMP-0111,2026-06-24,PRJ-004,WBS-00152,CC-00032,2026-06-24 06:15:00,2026-06-24 16:24:36,9.66,1.66,OnPrem-SQLServer
TE-00004810,TS-0000953,EMP-0111,2026-06-25,PRJ-004,WBS-00146,CC-00033,2026-06-25 06:15:00,2026-06-25 14:45:00,8.0,0.0,OnPrem-SQLServer
TE-00004811,TS-0000953,EMP-0111,2026-06-26,PRJ-004,WBS-00132,CC-00030,2026-06-26 06:00:00,2026-06-26 14:30:00,8.0,0.0,OnPrem-SQLServer
TE-00004812,TS-0000954,EMP-0111,2026-06-29,PRJ-004,WBS-00134,CC-00029,2026-06-29 06:00:00,2026-06-29 14:30:00,8.0,0.0,OnPrem-SQLServer
TE-00004813,TS-0000954,EMP-0111,2026-06-30,PRJ-004,WBS-00134,CC-00028,2026-06-30 06:15:00,2026-06-30 14:45:00,8.0,0.0,OnPrem-SQLServer
TE-00004814,TS-0000954,EMP-0111,2026-07-01,PRJ-004,WBS-00146,CC-00033,2026-07-01 06:15:00,2026-07-01 16:21:00,9.6,1.6,OnPrem-SQLServer
TE-00004815,TS-0000954,EMP-0111,2026-07-02,PRJ-004,WBS-00167,CC-00028,2026-07-02 06:15:00,2026-07-02 14:45:00,8.0,0.0,OnPrem-SQLServer
TE-00004816,TS-0000954,EMP-0111,2026-07-03,PRJ-004,WBS-00159,CC-00032,2026-07-03 06:30:00,2026-07-03 15:00:00,8.0,0.0,OnPrem-SQLServer
TE-00004817,TS-0000955,EMP-0111,2026-07-06,PRJ-004,WBS-00136,CC-00030,2026-07-06 06:15:00,2026-07-06 16:15:36,9.51,1.51,OnPrem-SQLServer
TE-00004818,TS-0000955,EMP-0111,2026-07-07,PRJ-004,WBS-00167,CC-00034,2026-07-07 06:30:00,2026-07-07 15:00:00,8.0,0.0,OnPrem-SQLServer
TE-00004819,TS-0000955,EMP-0111,2026-07-08,PRJ-004,WBS-00150,CC-00032,2026-07-08 06:00:00,2026-07-08 14:30:00,8.0,0.0,OnPrem-SQLServer
TE-00004820,TS-0000955,EMP-0111,2026-07-09,PRJ-004,WBS-00136,CC-00031,2026-07-09 06:30:00,2026-07-09 15:00:00,8.0,0.0,OnPrem-SQLServer
TE-00004821,TS-0000955,EMP-0111,2026-07-10,PRJ-004,WBS-00143,CC-00036,2026-07-10 06:15:00,2026-07-10 14:45:00,8.0,0.0,OnPrem-SQLServer
TE-00004822,TS-0000956,EMP-0111,2026-07-13,PRJ-004,WBS-00154,CC-00032,2026-07-13 06:00:00,2026-07-13 15:57:00,9.45,1.45,OnPrem-SQLServer
TE-00004823,TS-0000956,EMP-0111,2026-07-14,PRJ-004,WBS-00161,CC-00029,2026-07-14 06:30:00,2026-07-14 15:00:00,8.0,0.0,OnPrem-SQLServer
TE-00004824,TS-0000956,EMP-0111,2026-07-15,PRJ-004,WBS-00148,CC-00033,2026-07-15 06:15:00,2026-07-15 14:45:00,8.0,0.0,OnPrem-SQLServer
TE-00004825,TS-0000956,EMP-0111,2026-07-16,PRJ-004,WBS-00137,CC-00028,2026-07-16 06:00:00,2026-07-16 14:30:00,8.0,0.0,OnPrem-SQLServer
TE-00004826,TS-0000956,EMP-0111,2026-07-17,PRJ-004,WBS-00143,CC-00033,2026-07-17 06:30:00,2026-07-17 15:00:00,8.0,0.0,OnPrem-SQLServer
TE-00004827,TS-0000957,EMP-0111,2026-07-20,PRJ-004,WBS-00150,CC-00036,2026-07-20 06:30:00,2026-07-20 15:00:00,8.0,0.0,OnPrem-SQLServer
TE-00004828,TS-0000957,EMP-0111,2026-07-21,PRJ-004,WBS-00138,CC-00033,2026-07-21 06:00:00,2026-07-21 14:30:00,8.0,0.0,OnPrem-SQLServer
TE-00004829,TS-0000957,EMP-0111,2026-07-22,PRJ-004,WBS-00137,CC-00036,2026-07-22 06:00:00,2026-07-22 14:30:00,8.0,0.0,OnPrem-SQLServer
TE-00004830,TS-0000957,EMP-0111,2026-07-23,PRJ-004,WBS-00151,CC-00032,2026-07-23 06:15:00,2026-07-23 14:45:00,8.0,0.0,OnPrem-SQLServer
TE-00004831,TS-0000957,EMP-0111,2026-07-24,PRJ-004,WBS-00165,CC-00032,2026-07-24 06:15:00,2026-07-24 14:45:00,8.0,0.0,OnPrem-SQLServer
TE-00004832,TS-0000958,EMP-0111,2026-07-27,PRJ-004,WBS-00161,CC-00028,2026-07-27 06:15:00,2026-07-27 14:45:00,8.0,0.0,OnPrem-SQLServer
TE-00004833,TS-0000958,EMP-0111,2026-07-28,PRJ-004,WBS-00136,CC-00036,2026-07-28 06:30:00,2026-07-28 15:00:00,8.0,0.0,OnPrem-SQLServer
TE-00004834,TS-0000958,EMP-0111,2026-07-29,PRJ-004,WBS-00152,CC-00030,2026-07-29 06:30:00,2026-07-29 15:00:00,8.0,0.0,OnPrem-SQLServer
TE-00004835,TS-0000958,EMP-0111,2026-07-30,PRJ-004,WBS-00147,CC-00036,2026-07-30 06:00:00,2026-07-30 14:30:00,8.0,0.0,OnPrem-SQLServer
TE-00004836,TS-0000958,EMP-0111,2026-07-31,PRJ-004,WBS-00152,CC-00034,2026-07-31 06:00:00,2026-07-31 14:30:00,8.0,0.0,OnPrem-SQLServer
TE-00004837,TS-0000959,EMP-0112,2026-04-13,PRJ-012,WBS-00559,CC-00108,2026-04-13 06:30:00,2026-04-13 15:00:00,8.0,0.0,OnPrem-SQLServer
TE-00004838,TS-0000959,EMP-0112,2026-04-14,PRJ-012,WBS-00571,CC-00101,2026-04-14 06:00:00,2026-04-14 14:30:00,8.0,0.0,OnPrem-SQLServer
TE-00004839,TS-0000959,EMP-0112,2026-04-15,PRJ-012,WBS-00571,CC-00107,2026-04-15 06:30:00,2026-04-15 15:57:36,8.96,0.96,OnPrem-SQLServer
TE-00004840,TS-0000959,EMP-0112,2026-04-16,PRJ-012,WBS-00569,CC-00108,2026-04-16 06:15:00,2026-04-16 14:45:00,8.0,0.0,OnPrem-SQLServer
TE-00004841,TS-0000959,EMP-0112,2026-04-17,PRJ-012,WBS-00546,CC-00101,2026-04-17 06:00:00,2026-04-17 16:04:12,9.57,1.57,OnPrem-SQLServer
TE-00004842,TS-0000960,EMP-0112,2026-04-20,PRJ-012,WBS-00574,CC-00105,2026-04-20 06:00:00,2026-04-20 14:30:00,8.0,0.0,OnPrem-SQLServer
TE-00004843,TS-0000960,EMP-0112,2026-04-21,PRJ-012,WBS-00571,CC-00100,2026-04-21 06:30:00,2026-04-21 15:00:00,8.0,0.0,OnPrem-SQLServer
TE-00004844,TS-0000960,EMP-0112,2026-04-22,PRJ-012,WBS-00555,CC-00106,2026-04-22 06:30:00,2026-04-22 15:00:00,8.0,0.0,OnPrem-SQLServer
TE-00004845,TS-0000960,EMP-0112,2026-04-23,PRJ-012,WBS-00562,CC-00103,2026-04-23 06:30:00,2026-04-23 15:00:00,8.0,0.0,OnPrem-SQLServer
TE-00004846,TS-0000960,EMP-0112,2026-04-24,PRJ-012,WBS-00573,CC-00108,2026-04-24 06:15:00,2026-04-24 16:28:12,9.72,1.72,OnPrem-SQLServer
TE-00004847,TS-0000961,EMP-0112,2026-04-27,PRJ-012,WBS-00566,CC-00108,2026-04-27 06:15:00,2026-04-27 16:27:36,9.71,1.71,OnPrem-SQLServer
TE-00004848,TS-0000961,EMP-0112,2026-04-28,PRJ-012,WBS-00544,CC-00102,2026-04-28 06:30:00,2026-04-28 15:00:00,8.0,0.0,OnPrem-SQLServer
TE-00004849,TS-0000961,EMP-0112,2026-04-29,PRJ-012,WBS-00572,CC-00100,2026-04-29 06:30:00,2026-04-29 15:00:00,8.0,0.0,OnPrem-SQLServer
TE-00004850,TS-0000961,EMP-0112,2026-04-30,PRJ-012,WBS-00554,CC-00103,2026-04-30 06:00:00,2026-04-30 14:30:00,8.0,0.0,OnPrem-SQLServer
TE-00004851,TS-0000961,EMP-0112,2026-05-01,PRJ-012,WBS-00579,CC-00107,2026-05-01 06:30:00,2026-05-01 15:00:00,8.0,0.0,OnPrem-SQLServer
TE-00004852,TS-0000962,EMP-0112,2026-05-04,PRJ-012,WBS-00559,CC-00108,2026-05-04 06:00:00,2026-05-04 14:30:00,8.0,0.0,OnPrem-SQLServer
TE-00004853,TS-0000962,EMP-0112,2026-05-05,PRJ-012,WBS-00546,CC-00107,2026-05-05 06:00:00,2026-05-05 14:30:00,8.0,0.0,OnPrem-SQLServer
TE-00004854,TS-0000962,EMP-0112,2026-05-06,PRJ-012,WBS-00550,CC-00101,2026-05-06 06:00:00,2026-05-06 15:31:48,9.03,1.03,OnPrem-SQLServer
TE-00004855,TS-0000962,EMP-0112,2026-05-07,PRJ-012,WBS-00570,CC-00108,2026-05-07 06:15:00,2026-05-07 14:45:00,8.0,0.0,OnPrem-SQLServer
TE-00004856,TS-0000962,EMP-0112,2026-05-08,PRJ-012,WBS-00552,CC-00101,2026-05-08 06:00:00,2026-05-08 14:30:00,8.0,0.0,OnPrem-SQLServer
TE-00004857,TS-0000963,EMP-0112,2026-05-11,PRJ-012,WBS-00571,CC-00102,2026-05-11 06:00:00,2026-05-11 14:30:00,8.0,0.0,OnPrem-SQLServer
TE-00004858,TS-0000963,EMP-0112,2026-05-12,PRJ-012,WBS-00578,CC-00103,2026-05-12 06:15:00,2026-05-12 14:45:00,8.0,0.0,OnPrem-SQLServer
TE-00004859,TS-0000963,EMP-0112,2026-05-13,PRJ-012,WBS-00561,CC-00107,2026-05-13 06:30:00,2026-05-13 15:00:00,8.0,0.0,OnPrem-SQLServer
TE-00004860,TS-0000963,EMP-0112,2026-05-14,PRJ-012,WBS-00567,CC-00105,2026-05-14 06:30:00,2026-05-14 15:00:00,8.0,0.0,OnPrem-SQLServer
TE-00004861,TS-0000963,EMP-0112,2026-05-15,PRJ-012,WBS-00569,CC-00105,2026-05-15 06:00:00,2026-05-15 14:30:00,8.0,0.0,OnPrem-SQLServer
TE-00004862,TS-0000964,EMP-0112,2026-05-18,PRJ-012,WBS-00577,CC-00106,2026-05-18 06:30:00,2026-05-18 15:00:00,8.0,0.0,OnPrem-SQLServer
TE-00004863,TS-0000964,EMP-0112,2026-05-19,PRJ-012,WBS-00566,CC-00102,2026-05-19 06:15:00,2026-05-19 14:45:00,8.0,0.0,OnPrem-SQLServer
TE-00004864,TS-0000964,EMP-0112,2026-05-20,PRJ-012,WBS-00574,CC-00105,2026-05-20 06:00:00,2026-05-20 16:06:36,9.61,1.61,OnPrem-SQLServer
TE-00004865,TS-0000964,EMP-0112,2026-05-21,PRJ-012,WBS-00568,CC-00106,2026-05-21 06:00:00,2026-05-21 14:30:00,8.0,0.0,OnPrem-SQLServer
TE-00004866,TS-0000964,EMP-0112,2026-05-22,PRJ-012,WBS-00544,CC-00105,2026-05-22 06:30:00,2026-05-22 15:00:00,8.0,0.0,OnPrem-SQLServer
TE-00004867,TS-0000965,EMP-0112,2026-05-25,PRJ-012,WBS-00570,CC-00100,2026-05-25 06:00:00,2026-05-25 15:48:00,9.3,1.3,OnPrem-SQLServer
TE-00004868,TS-0000965,EMP-0112,2026-05-26,PRJ-012,WBS-00579,CC-00107,2026-05-26 06:00:00,2026-05-26 14:30:00,8.0,0.0,OnPrem-SQLServer
TE-00004869,TS-0000965,EMP-0112,2026-05-27,PRJ-012,WBS-00575,CC-00101,2026-05-27 06:15:00,2026-05-27 16:07:12,9.37,1.37,OnPrem-SQLServer
TE-00004870,TS-0000965,EMP-0112,2026-05-28,PRJ-012,WBS-00551,CC-00105,2026-05-28 06:00:00,2026-05-28 14:30:00,8.0,0.0,OnPrem-SQLServer
TE-00004871,TS-0000965,EMP-0112,2026-05-29,PRJ-012,WBS-00572,CC-00108,2026-05-29 06:15:00,2026-05-29 14:45:00,8.0,0.0,OnPrem-SQLServer
TE-00004872,TS-0000966,EMP-0112,2026-06-01,PRJ-012,WBS-00545,CC-00101,2026-06-01 06:15:00,2026-06-01 14:45:00,8.0,0.0,OnPrem-SQLServer
TE-00004873,TS-0000966,EMP-0112,2026-06-02,PRJ-012,WBS-00545,CC-00103,2026-06-02 06:00:00,2026-06-02 14:30:00,8.0,0.0,OnPrem-SQLServer
TE-00004874,TS-0000966,EMP-0112,2026-06-03,PRJ-012,WBS-00547,CC-00100,2026-06-03 06:00:00,2026-06-03 14:30:00,8.0,0.0,OnPrem-SQLServer
TE-00004875,TS-0000966,EMP-0112,2026-06-04,PRJ-012,WBS-00577,CC-00103,2026-06-04 06:30:00,2026-06-04 15:00:00,8.0,0.0,OnPrem-SQLServer
TE-00004876,TS-0000966,EMP-0112,2026-06-05,PRJ-012,WBS-00578,CC-00102,2026-06-05 06:30:00,2026-06-05 15:00:00,8.0,0.0,OnPrem-SQLServer
TE-00004877,TS-0000967,EMP-0112,2026-06-08,PRJ-012,WBS-00572,CC-00103,2026-06-08 06:00:00,2026-06-08 14:30:00,8.0,0.0,OnPrem-SQLServer
TE-00004878,TS-0000967,EMP-0112,2026-06-09,PRJ-012,WBS-00569,CC-00101,2026-06-09 06:15:00,2026-06-09 14:45:00,8.0,0.0,OnPrem-SQLServer
TE-00004879,TS-0000967,EMP-0112,2026-06-10,PRJ-012,WBS-00561,CC-00106,2026-06-10 06:30:00,2026-06-10 15:00:00,8.0,0.0,OnPrem-SQLServer
TE-00004880,TS-0000967,EMP-0112,2026-06-11,PRJ-012,WBS-00563,CC-00101,2026-06-11 06:00:00,2026-06-11 14:30:00,8.0,0.0,OnPrem-SQLServer
TE-00004881,TS-0000967,EMP-0112,2026-06-12,PRJ-012,WBS-00570,CC-00107,2026-06-12 06:15:00,2026-06-12 14:45:00,8.0,0.0,OnPrem-SQLServer
TE-00004882,TS-0000968,EMP-0112,2026-06-15,PRJ-012,WBS-00564,CC-00107,2026-06-15 06:00:00,2026-06-15 14:30:00,8.0,0.0,OnPrem-SQLServer
TE-00004883,TS-0000968,EMP-0112,2026-06-16,PRJ-012,WBS-00550,CC-00106,2026-06-16 06:00:00,2026-06-16 16:01:48,9.53,1.53,OnPrem-SQLServer
TE-00004884,TS-0000968,EMP-0112,2026-06-17,PRJ-012,WBS-00574,CC-00100,2026-06-17 06:30:00,2026-06-17 15:00:00,8.0,0.0,OnPrem-SQLServer
TE-00004885,TS-0000968,EMP-0112,2026-06-18,PRJ-012,WBS-00563,CC-00105,2026-06-18 06:00:00,2026-06-18 14:30:00,8.0,0.0,OnPrem-SQLServer
TE-00004886,TS-0000968,EMP-0112,2026-06-19,PRJ-012,WBS-00553,CC-00104,2026-06-19 06:00:00,2026-06-19 14:30:00,8.0,0.0,OnPrem-SQLServer
TE-00004887,TS-0000969,EMP-0112,2026-06-22,PRJ-011,WBS-00510,CC-00096,2026-06-22 06:00:00,2026-06-22 14:30:00,8.0,0.0,OnPrem-SQLServer
TE-00004888,TS-0000969,EMP-0112,2026-06-23,PRJ-011,WBS-00511,CC-00095,2026-06-23 06:15:00,2026-06-23 16:20:24,9.59,1.59,OnPrem-SQLServer
TE-00004889,TS-0000969,EMP-0112,2026-06-24,PRJ-011,WBS-00515,CC-00091,2026-06-24 06:30:00,2026-06-24 15:00:00,8.0,0.0,OnPrem-SQLServer
TE-00004890,TS-0000969,EMP-0112,2026-06-25,PRJ-011,WBS-00513,CC-00095,2026-06-25 06:00:00,2026-06-25 15:31:48,9.03,1.03,OnPrem-SQLServer
TE-00004891,TS-0000969,EMP-0112,2026-06-26,PRJ-011,WBS-00499,CC-00098,2026-06-26 06:30:00,2026-06-26 15:00:00,8.0,0.0,OnPrem-SQLServer
TE-00004892,TS-0000970,EMP-0112,2026-06-29,PRJ-012,WBS-00552,CC-00106,2026-06-29 06:15:00,2026-06-29 15:23:24,8.64,0.64,OnPrem-SQLServer
TE-00004893,TS-0000970,EMP-0112,2026-06-30,PRJ-012,WBS-00566,CC-00100,2026-06-30 06:30:00,2026-06-30 15:00:00,8.0,0.0,OnPrem-SQLServer
TE-00004894,TS-0000970,EMP-0112,2026-07-01,PRJ-012,WBS-00571,CC-00100,2026-07-01 06:00:00,2026-07-01 14:30:00,8.0,0.0,OnPrem-SQLServer
TE-00004895,TS-0000970,EMP-0112,2026-07-02,PRJ-012,WBS-00555,CC-00102,2026-07-02 06:15:00,2026-07-02 15:43:48,8.98,0.98,OnPrem-SQLServer
TE-00004896,TS-0000970,EMP-0112,2026-07-03,PRJ-012,WBS-00564,CC-00103,2026-07-03 06:15:00,2026-07-03 14:45:00,8.0,0.0,OnPrem-SQLServer
TE-00004897,TS-0000971,EMP-0112,2026-07-06,PRJ-012,WBS-00554,CC-00108,2026-07-06 06:00:00,2026-07-06 16:05:24,9.59,1.59,OnPrem-SQLServer
TE-00004898,TS-0000971,EMP-0112,2026-07-07,PRJ-012,WBS-00559,CC-00103,2026-07-07 06:15:00,2026-07-07 14:45:00,8.0,0.0,OnPrem-SQLServer
TE-00004899,TS-0000971,EMP-0112,2026-07-08,PRJ-012,WBS-00555,CC-00106,2026-07-08 06:30:00,2026-07-08 15:00:00,8.0,0.0,OnPrem-SQLServer
TE-00004900,TS-0000971,EMP-0112,2026-07-09,PRJ-012,WBS-00546,CC-00104,2026-07-09 06:00:00,2026-07-09 15:12:00,8.7,0.7,OnPrem-SQLServer
TE-00004901,TS-0000971,EMP-0112,2026-07-10,PRJ-012,WBS-00562,CC-00102,2026-07-10 06:00:00,2026-07-10 14:30:00,8.0,0.0,OnPrem-SQLServer
TE-00004902,TS-0000972,EMP-0112,2026-07-13,PRJ-012,WBS-00544,CC-00106,2026-07-13 06:15:00,2026-07-13 15:42:36,8.96,0.96,OnPrem-SQLServer
TE-00004903,TS-0000972,EMP-0112,2026-07-14,PRJ-012,WBS-00546,CC-00100,2026-07-14 06:30:00,2026-07-14 15:00:00,8.0,0.0,OnPrem-SQLServer
TE-00004904,TS-0000972,EMP-0112,2026-07-15,PRJ-012,WBS-00565,CC-00107,2026-07-15 06:00:00,2026-07-15 15:55:12,9.42,1.42,OnPrem-SQLServer
TE-00004905,TS-0000972,EMP-0112,2026-07-16,PRJ-012,WBS-00566,CC-00100,2026-07-16 06:30:00,2026-07-16 15:00:00,8.0,0.0,OnPrem-SQLServer
TE-00004906,TS-0000972,EMP-0112,2026-07-17,PRJ-012,WBS-00554,CC-00103,2026-07-17 06:00:00,2026-07-17 14:30:00,8.0,0.0,OnPrem-SQLServer
TE-00004907,TS-0000973,EMP-0112,2026-07-20,PRJ-012,WBS-00557,CC-00102,2026-07-20 06:00:00,2026-07-20 14:30:00,8.0,0.0,OnPrem-SQLServer
TE-00004908,TS-0000973,EMP-0112,2026-07-21,PRJ-012,WBS-00544,CC-00107,2026-07-21 06:30:00,2026-07-21 15:51:00,8.85,0.85,OnPrem-SQLServer
TE-00004909,TS-0000973,EMP-0112,2026-07-22,PRJ-012,WBS-00564,CC-00108,2026-07-22 06:15:00,2026-07-22 14:45:00,8.0,0.0,OnPrem-SQLServer
TE-00004910,TS-0000973,EMP-0112,2026-07-23,PRJ-012,WBS-00577,CC-00108,2026-07-23 06:15:00,2026-07-23 14:45:00,8.0,0.0,OnPrem-SQLServer
TE-00004911,TS-0000973,EMP-0112,2026-07-24,PRJ-012,WBS-00577,CC-00101,2026-07-24 06:15:00,2026-07-24 14:45:00,8.0,0.0,OnPrem-SQLServer
TE-00004912,TS-0000974,EMP-0112,2026-07-27,PRJ-012,WBS-00547,CC-00100,2026-07-27 06:15:00,2026-07-27 14:45:00,8.0,0.0,OnPrem-SQLServer
TE-00004913,TS-0000974,EMP-0112,2026-07-28,PRJ-012,WBS-00565,CC-00106,2026-07-28 06:30:00,2026-07-28 16:17:24,9.29,1.29,OnPrem-SQLServer
TE-00004914,TS-0000974,EMP-0112,2026-07-29,PRJ-012,WBS-00545,CC-00102,2026-07-29 06:15:00,2026-07-29 14:45:00,8.0,0.0,OnPrem-SQLServer
TE-00004915,TS-0000974,EMP-0112,2026-07-30,PRJ-012,WBS-00570,CC-00102,2026-07-30 06:15:00,2026-07-30 14:45:00,8.0,0.0,OnPrem-SQLServer
TE-00004916,TS-0000974,EMP-0112,2026-07-31,PRJ-012,WBS-00544,CC-00107,2026-07-31 06:30:00,2026-07-31 15:00:00,8.0,0.0,OnPrem-SQLServer
TE-00004917,TS-0000975,EMP-0114,2026-04-27,PRJ-002,WBS-00080,CC-00011,2026-04-27 06:15:00,2026-04-27 14:45:00,8.0,0.0,OnPrem-SQLServer
TE-00004918,TS-0000975,EMP-0114,2026-04-28,PRJ-002,WBS-00061,CC-00015,2026-04-28 06:00:00,2026-04-28 14:30:00,8.0,0.0,OnPrem-SQLServer
TE-00004919,TS-0000975,EMP-0114,2026-04-29,PRJ-002,WBS-00053,CC-00015,2026-04-29 06:30:00,2026-04-29 15:00:00,8.0,0.0,OnPrem-SQLServer
TE-00004920,TS-0000975,EMP-0114,2026-04-30,PRJ-002,WBS-00063,CC-00010,2026-04-30 06:30:00,2026-04-30 15:00:00,8.0,0.0,OnPrem-SQLServer
TE-00004921,TS-0000975,EMP-0114,2026-05-01,PRJ-002,WBS-00065,CC-00012,2026-05-01 06:15:00,2026-05-01 14:45:00,8.0,0.0,OnPrem-SQLServer
TE-00004922,TS-0000976,EMP-0114,2026-05-04,PRJ-002,WBS-00078,CC-00010,2026-05-04 06:00:00,2026-05-04 14:30:00,8.0,0.0,OnPrem-SQLServer
TE-00004923,TS-0000976,EMP-0114,2026-05-05,PRJ-002,WBS-00078,CC-00018,2026-05-05 06:30:00,2026-05-05 15:00:00,8.0,0.0,OnPrem-SQLServer
TE-00004924,TS-0000976,EMP-0114,2026-05-06,PRJ-002,WBS-00081,CC-00018,2026-05-06 06:15:00,2026-05-06 15:24:00,8.65,0.65,OnPrem-SQLServer
TE-00004925,TS-0000976,EMP-0114,2026-05-07,PRJ-002,WBS-00063,CC-00017,2026-05-07 06:30:00,2026-05-07 15:00:00,8.0,0.0,OnPrem-SQLServer
TE-00004926,TS-0000976,EMP-0114,2026-05-08,PRJ-002,WBS-00075,CC-00018,2026-05-08 06:30:00,2026-05-08 15:00:00,8.0,0.0,OnPrem-SQLServer
TE-00004927,TS-0000977,EMP-0114,2026-05-11,PRJ-002,WBS-00061,CC-00011,2026-05-11 06:30:00,2026-05-11 15:00:00,8.0,0.0,OnPrem-SQLServer
TE-00004928,TS-0000977,EMP-0114,2026-05-12,PRJ-002,WBS-00068,CC-00016,2026-05-12 06:30:00,2026-05-12 15:00:00,8.0,0.0,OnPrem-SQLServer
TE-00004929,TS-0000977,EMP-0114,2026-05-13,PRJ-002,WBS-00059,CC-00016,2026-05-13 06:15:00,2026-05-13 14:45:00,8.0,0.0,OnPrem-SQLServer
TE-00004930,TS-0000977,EMP-0114,2026-05-14,PRJ-002,WBS-00087,CC-00011,2026-05-14 06:15:00,2026-05-14 16:18:36,9.56,1.56,OnPrem-SQLServer
TE-00004931,TS-0000977,EMP-0114,2026-05-15,PRJ-002,WBS-00060,CC-00016,2026-05-15 06:00:00,2026-05-15 14:30:00,8.0,0.0,OnPrem-SQLServer
TE-00004932,TS-0000978,EMP-0114,2026-05-18,PRJ-002,WBS-00064,CC-00014,2026-05-18 06:30:00,2026-05-18 15:00:00,8.0,0.0,OnPrem-SQLServer
TE-00004933,TS-0000978,EMP-0114,2026-05-19,PRJ-002,WBS-00076,CC-00018,2026-05-19 06:00:00,2026-05-19 14:30:00,8.0,0.0,OnPrem-SQLServer
TE-00004934,TS-0000978,EMP-0114,2026-05-20,PRJ-002,WBS-00079,CC-00012,2026-05-20 06:15:00,2026-05-20 14:45:00,8.0,0.0,OnPrem-SQLServer
TE-00004935,TS-0000978,EMP-0114,2026-05-21,PRJ-002,WBS-00085,CC-00010,2026-05-21 06:30:00,2026-05-21 15:00:00,8.0,0.0,OnPrem-SQLServer
TE-00004936,TS-0000978,EMP-0114,2026-05-22,PRJ-002,WBS-00078,CC-00011,2026-05-22 06:30:00,2026-05-22 15:00:00,8.0,0.0,OnPrem-SQLServer
TE-00004937,TS-0000979,EMP-0114,2026-05-25,PRJ-002,WBS-00071,CC-00013,2026-05-25 06:15:00,2026-05-25 14:45:00,8.0,0.0,OnPrem-SQLServer
TE-00004938,TS-0000979,EMP-0114,2026-05-26,PRJ-002,WBS-00086,CC-00010,2026-05-26 06:00:00,2026-05-26 14:30:00,8.0,0.0,OnPrem-SQLServer
TE-00004939,TS-0000979,EMP-0114,2026-05-27,PRJ-002,WBS-00071,CC-00012,2026-05-27 06:00:00,2026-05-27 14:30:00,8.0,0.0,OnPrem-SQLServer
TE-00004940,TS-0000979,EMP-0114,2026-05-28,PRJ-002,WBS-00054,CC-00011,2026-05-28 06:30:00,2026-05-28 15:00:00,8.0,0.0,OnPrem-SQLServer
TE-00004941,TS-0000979,EMP-0114,2026-05-29,PRJ-002,WBS-00055,CC-00010,2026-05-29 06:15:00,2026-05-29 14:45:00,8.0,0.0,OnPrem-SQLServer
TE-00004942,TS-0000980,EMP-0114,2026-06-01,PRJ-009,WBS-00402,CC-00074,2026-06-01 06:15:00,2026-06-01 14:45:00,8.0,0.0,OnPrem-SQLServer
TE-00004943,TS-0000980,EMP-0114,2026-06-02,PRJ-009,WBS-00396,CC-00074,2026-06-02 06:30:00,2026-06-02 15:00:00,8.0,0.0,OnPrem-SQLServer
TE-00004944,TS-0000980,EMP-0114,2026-06-03,PRJ-009,WBS-00394,CC-00076,2026-06-03 06:30:00,2026-06-03 15:00:00,8.0,0.0,OnPrem-SQLServer
TE-00004945,TS-0000980,EMP-0114,2026-06-04,PRJ-009,WBS-00392,CC-00081,2026-06-04 06:00:00,2026-06-04 14:30:00,8.0,0.0,OnPrem-SQLServer
TE-00004946,TS-0000980,EMP-0114,2026-06-05,PRJ-009,WBS-00376,CC-00078,2026-06-05 06:15:00,2026-06-05 14:45:00,8.0,0.0,OnPrem-SQLServer
TE-00004947,TS-0000981,EMP-0114,2026-06-08,PRJ-002,WBS-00054,CC-00014,2026-06-08 06:00:00,2026-06-08 14:30:00,8.0,0.0,OnPrem-SQLServer
TE-00004948,TS-0000981,EMP-0114,2026-06-09,PRJ-002,WBS-00072,CC-00014,2026-06-09 06:30:00,2026-06-09 15:00:00,8.0,0.0,OnPrem-SQLServer
TE-00004949,TS-0000981,EMP-0114,2026-06-10,PRJ-002,WBS-00080,CC-00016,2026-06-10 06:15:00,2026-06-10 15:52:12,9.12,1.12,OnPrem-SQLServer
TE-00004950,TS-0000981,EMP-0114,2026-06-11,PRJ-002,WBS-00087,CC-00017,2026-06-11 06:15:00,2026-06-11 14:45:00,8.0,0.0,OnPrem-SQLServer
TE-00004951,TS-0000981,EMP-0114,2026-06-12,PRJ-002,WBS-00075,CC-00016,2026-06-12 06:00:00,2026-06-12 14:30:00,8.0,0.0,OnPrem-SQLServer
TE-00004952,TS-0000982,EMP-0114,2026-06-22,PRJ-008,WBS-00312,CC-00067,2026-06-22 06:15:00,2026-06-22 15:16:48,8.53,0.53,OnPrem-SQLServer
TE-00004953,TS-0000982,EMP-0114,2026-06-23,PRJ-008,WBS-00350,CC-00069,2026-06-23 06:30:00,2026-06-23 15:00:00,8.0,0.0,OnPrem-SQLServer
TE-00004954,TS-0000982,EMP-0114,2026-06-24,PRJ-008,WBS-00331,CC-00067,2026-06-24 06:30:00,2026-06-24 15:00:00,8.0,0.0,OnPrem-SQLServer
TE-00004955,TS-0000982,EMP-0114,2026-06-25,PRJ-008,WBS-00321,CC-00068,2026-06-25 06:15:00,2026-06-25 14:45:00,8.0,0.0,OnPrem-SQLServer
TE-00004956,TS-0000982,EMP-0114,2026-06-26,PRJ-008,WBS-00356,CC-00065,2026-06-26 06:00:00,2026-06-26 14:30:00,8.0,0.0,OnPrem-SQLServer
TE-00004957,TS-0000983,EMP-0114,2026-06-29,PRJ-002,WBS-00063,CC-00012,2026-06-29 06:15:00,2026-06-29 14:45:00,8.0,0.0,OnPrem-SQLServer
TE-00004958,TS-0000983,EMP-0114,2026-06-30,PRJ-002,WBS-00073,CC-00010,2026-06-30 06:30:00,2026-06-30 15:00:00,8.0,0.0,OnPrem-SQLServer
TE-00004959,TS-0000983,EMP-0114,2026-07-01,PRJ-002,WBS-00071,CC-00013,2026-07-01 06:00:00,2026-07-01 14:30:00,8.0,0.0,OnPrem-SQLServer
TE-00004960,TS-0000983,EMP-0114,2026-07-02,PRJ-002,WBS-00062,CC-00013,2026-07-02 06:15:00,2026-07-02 14:45:00,8.0,0.0,OnPrem-SQLServer
TE-00004961,TS-0000983,EMP-0114,2026-07-03,PRJ-002,WBS-00054,CC-00015,2026-07-03 06:15:00,2026-07-03 14:45:00,8.0,0.0,OnPrem-SQLServer
TE-00004962,TS-0000984,EMP-0114,2026-07-06,PRJ-009,WBS-00360,CC-00076,2026-07-06 06:30:00,2026-07-06 15:00:00,8.0,0.0,OnPrem-SQLServer
TE-00004963,TS-0000984,EMP-0114,2026-07-07,PRJ-009,WBS-00395,CC-00073,2026-07-07 06:30:00,2026-07-07 15:00:00,8.0,0.0,OnPrem-SQLServer
TE-00004964,TS-0000984,EMP-0114,2026-07-08,PRJ-009,WBS-00362,CC-00073,2026-07-08 06:15:00,2026-07-08 14:45:00,8.0,0.0,OnPrem-SQLServer
TE-00004965,TS-0000984,EMP-0114,2026-07-09,PRJ-009,WBS-00413,CC-00081,2026-07-09 06:00:00,2026-07-09 14:30:00,8.0,0.0,OnPrem-SQLServer
TE-00004966,TS-0000984,EMP-0114,2026-07-10,PRJ-009,WBS-00383,CC-00079,2026-07-10 06:00:00,2026-07-10 14:30:00,8.0,0.0,OnPrem-SQLServer
TE-00004967,TS-0000985,EMP-0114,2026-07-13,PRJ-002,WBS-00084,CC-00014,2026-07-13 06:15:00,2026-07-13 14:45:00,8.0,0.0,OnPrem-SQLServer
TE-00004968,TS-0000985,EMP-0114,2026-07-14,PRJ-002,WBS-00062,CC-00018,2026-07-14 06:30:00,2026-07-14 16:52:48,9.88,1.88,OnPrem-SQLServer
TE-00004969,TS-0000985,EMP-0114,2026-07-15,PRJ-002,WBS-00064,CC-00012,2026-07-15 06:15:00,2026-07-15 14:45:00,8.0,0.0,OnPrem-SQLServer
TE-00004970,TS-0000985,EMP-0114,2026-07-16,PRJ-002,WBS-00074,CC-00010,2026-07-16 06:30:00,2026-07-16 15:00:00,8.0,0.0,OnPrem-SQLServer
TE-00004971,TS-0000985,EMP-0114,2026-07-17,PRJ-002,WBS-00064,CC-00016,2026-07-17 06:15:00,2026-07-17 16:42:00,9.95,1.95,OnPrem-SQLServer
TE-00004972,TS-0000986,EMP-0114,2026-07-20,PRJ-011,WBS-00495,CC-00091,2026-07-20 06:30:00,2026-07-20 15:00:00,8.0,0.0,OnPrem-SQLServer
TE-00004973,TS-0000986,EMP-0114,2026-07-21,PRJ-011,WBS-00533,CC-00093,2026-07-21 06:30:00,2026-07-21 15:00:00,8.0,0.0,OnPrem-SQLServer
TE-00004974,TS-0000986,EMP-0114,2026-07-22,PRJ-011,WBS-00536,CC-00097,2026-07-22 06:15:00,2026-07-22 14:45:00,8.0,0.0,OnPrem-SQLServer
TE-00004975,TS-0000986,EMP-0114,2026-07-23,PRJ-011,WBS-00508,CC-00093,2026-07-23 06:30:00,2026-07-23 15:00:00,8.0,0.0,OnPrem-SQLServer
TE-00004976,TS-0000986,EMP-0114,2026-07-24,PRJ-011,WBS-00494,CC-00098,2026-07-24 06:30:00,2026-07-24 15:00:00,8.0,0.0,OnPrem-SQLServer
TE-00004977,TS-0000987,EMP-0114,2026-07-27,PRJ-002,WBS-00074,CC-00010,2026-07-27 06:15:00,2026-07-27 14:45:00,8.0,0.0,OnPrem-SQLServer
TE-00004978,TS-0000987,EMP-0114,2026-07-28,PRJ-002,WBS-00052,CC-00012,2026-07-28 06:00:00,2026-07-28 16:01:48,9.53,1.53,OnPrem-SQLServer
TE-00004979,TS-0000987,EMP-0114,2026-07-29,PRJ-002,WBS-00078,CC-00010,2026-07-29 06:00:00,2026-07-29 14:30:00,8.0,0.0,OnPrem-SQLServer
TE-00004980,TS-0000987,EMP-0114,2026-07-30,PRJ-002,WBS-00063,CC-00015,2026-07-30 06:00:00,2026-07-30 15:38:24,9.14,1.14,OnPrem-SQLServer
TE-00004981,TS-0000987,EMP-0114,2026-07-31,PRJ-002,WBS-00054,CC-00017,2026-07-31 06:15:00,2026-07-31 14:45:00,8.0,0.0,OnPrem-SQLServer
TE-00004982,TS-0000988,EMP-0116,2026-05-11,PRJ-002,WBS-00075,CC-00014,2026-05-11 06:00:00,2026-05-11 14:30:00,8.0,0.0,OnPrem-SQLServer
TE-00004983,TS-0000988,EMP-0116,2026-05-12,PRJ-002,WBS-00082,CC-00018,2026-05-12 06:00:00,2026-05-12 14:30:00,8.0,0.0,OnPrem-SQLServer
TE-00004984,TS-0000988,EMP-0116,2026-05-13,PRJ-002,WBS-00076,CC-00013,2026-05-13 06:00:00,2026-05-13 14:30:00,8.0,0.0,OnPrem-SQLServer
TE-00004985,TS-0000988,EMP-0116,2026-05-14,PRJ-002,WBS-00076,CC-00013,2026-05-14 06:15:00,2026-05-14 14:45:00,8.0,0.0,OnPrem-SQLServer
TE-00004986,TS-0000988,EMP-0116,2026-05-15,PRJ-002,WBS-00056,CC-00016,2026-05-15 06:00:00,2026-05-15 14:30:00,8.0,0.0,OnPrem-SQLServer
TE-00004987,TS-0000989,EMP-0116,2026-05-18,PRJ-002,WBS-00057,CC-00011,2026-05-18 06:15:00,2026-05-18 14:45:00,8.0,0.0,OnPrem-SQLServer
TE-00004988,TS-0000989,EMP-0116,2026-05-19,PRJ-002,WBS-00061,CC-00017,2026-05-19 06:15:00,2026-05-19 14:45:00,8.0,0.0,OnPrem-SQLServer
TE-00004989,TS-0000989,EMP-0116,2026-05-20,PRJ-002,WBS-00063,CC-00014,2026-05-20 06:30:00,2026-05-20 15:00:00,8.0,0.0,OnPrem-SQLServer
TE-00004990,TS-0000989,EMP-0116,2026-05-21,PRJ-002,WBS-00087,CC-00018,2026-05-21 06:00:00,2026-05-21 14:30:00,8.0,0.0,OnPrem-SQLServer
TE-00004991,TS-0000989,EMP-0116,2026-05-22,PRJ-002,WBS-00082,CC-00013,2026-05-22 06:00:00,2026-05-22 14:30:00,8.0,0.0,OnPrem-SQLServer
TE-00004992,TS-0000990,EMP-0116,2026-05-25,PRJ-002,WBS-00069,CC-00016,2026-05-25 06:15:00,2026-05-25 14:45:00,8.0,0.0,OnPrem-SQLServer
TE-00004993,TS-0000990,EMP-0116,2026-05-26,PRJ-002,WBS-00073,CC-00018,2026-05-26 06:15:00,2026-05-26 15:21:00,8.6,0.6,OnPrem-SQLServer
TE-00004994,TS-0000990,EMP-0116,2026-05-27,PRJ-002,WBS-00069,CC-00014,2026-05-27 06:15:00,2026-05-27 14:45:00,8.0,0.0,OnPrem-SQLServer
TE-00004995,TS-0000990,EMP-0116,2026-05-28,PRJ-002,WBS-00085,CC-00010,2026-05-28 06:00:00,2026-05-28 16:27:36,9.96,1.96,OnPrem-SQLServer
TE-00004996,TS-0000990,EMP-0116,2026-05-29,PRJ-002,WBS-00076,CC-00013,2026-05-29 06:00:00,2026-05-29 14:30:00,8.0,0.0,OnPrem-SQLServer
TE-00004997,TS-0000991,EMP-0116,2026-06-01,PRJ-002,WBS-00061,CC-00010,2026-06-01 06:30:00,2026-06-01 15:00:00,8.0,0.0,OnPrem-SQLServer
TE-00004998,TS-0000991,EMP-0116,2026-06-02,PRJ-002,WBS-00077,CC-00014,2026-06-02 06:00:00,2026-06-02 14:30:00,8.0,0.0,OnPrem-SQLServer
TE-00004999,TS-0000991,EMP-0116,2026-06-03,PRJ-002,WBS-00060,CC-00017,2026-06-03 06:30:00,2026-06-03 15:00:00,8.0,0.0,OnPrem-SQLServer
TE-00005000,TS-0000991,EMP-0116,2026-06-04,PRJ-002,WBS-00070,CC-00018,2026-06-04 06:00:00,2026-06-04 14:30:00,8.0,0.0,OnPrem-SQLServer
TE-00005001,TS-0000991,EMP-0116,2026-06-05,PRJ-002,WBS-00077,CC-00013,2026-06-05 06:00:00,2026-06-05 14:30:00,8.0,0.0,OnPrem-SQLServer
TE-00005002,TS-0000992,EMP-0116,2026-06-08,PRJ-002,WBS-00074,CC-00016,2026-06-08 06:00:00,2026-06-08 14:30:00,8.0,0.0,OnPrem-SQLServer
TE-00005003,TS-0000992,EMP-0116,2026-06-09,PRJ-002,WBS-00060,CC-00013,2026-06-09 06:15:00,2026-06-09 14:45:00,8.0,0.0,OnPrem-SQLServer
TE-00005004,TS-0000992,EMP-0116,2026-06-10,PRJ-002,WBS-00081,CC-00015,2026-06-10 06:00:00,2026-06-10 14:30:00,8.0,0.0,OnPrem-SQLServer
TE-00005005,TS-0000992,EMP-0116,2026-06-11,PRJ-002,WBS-00080,CC-00017,2026-06-11 06:15:00,2026-06-11 15:48:36,9.06,1.06,OnPrem-SQLServer
TE-00005006,TS-0000992,EMP-0116,2026-06-12,PRJ-002,WBS-00061,CC-00012,2026-06-12 06:30:00,2026-06-12 15:00:00,8.0,0.0,OnPrem-SQLServer
TE-00005007,TS-0000993,EMP-0116,2026-06-15,PRJ-012,WBS-00578,CC-00108,2026-06-15 06:15:00,2026-06-15 14:45:00,8.0,0.0,OnPrem-SQLServer
TE-00005008,TS-0000993,EMP-0116,2026-06-16,PRJ-012,WBS-00565,CC-00107,2026-06-16 06:15:00,2026-06-16 14:45:00,8.0,0.0,OnPrem-SQLServer
TE-00005009,TS-0000993,EMP-0116,2026-06-17,PRJ-012,WBS-00550,CC-00108,2026-06-17 06:00:00,2026-06-17 15:19:12,8.82,0.82,OnPrem-SQLServer
TE-00005010,TS-0000993,EMP-0116,2026-06-18,PRJ-012,WBS-00577,CC-00107,2026-06-18 06:15:00,2026-06-18 14:45:00,8.0,0.0,OnPrem-SQLServer
TE-00005011,TS-0000993,EMP-0116,2026-06-19,PRJ-012,WBS-00575,CC-00107,2026-06-19 06:30:00,2026-06-19 15:00:00,8.0,0.0,OnPrem-SQLServer
TE-00005012,TS-0000994,EMP-0116,2026-06-22,PRJ-002,WBS-00073,CC-00012,2026-06-22 06:30:00,2026-06-22 15:41:24,8.69,0.69,OnPrem-SQLServer
TE-00005013,TS-0000994,EMP-0116,2026-06-23,PRJ-002,WBS-00068,CC-00013,2026-06-23 06:15:00,2026-06-23 16:42:00,9.95,1.95,OnPrem-SQLServer
TE-00005014,TS-0000994,EMP-0116,2026-06-24,PRJ-002,WBS-00056,CC-00016,2026-06-24 06:30:00,2026-06-24 15:00:00,8.0,0.0,OnPrem-SQLServer
TE-00005015,TS-0000994,EMP-0116,2026-06-25,PRJ-002,WBS-00086,CC-00011,2026-06-25 06:15:00,2026-06-25 14:45:00,8.0,0.0,OnPrem-SQLServer
TE-00005016,TS-0000994,EMP-0116,2026-06-26,PRJ-002,WBS-00075,CC-00018,2026-06-26 06:00:00,2026-06-26 14:30:00,8.0,0.0,OnPrem-SQLServer
TE-00005017,TS-0000995,EMP-0116,2026-06-29,PRJ-002,WBS-00056,CC-00012,2026-06-29 06:15:00,2026-06-29 14:45:00,8.0,0.0,OnPrem-SQLServer
TE-00005018,TS-0000995,EMP-0116,2026-06-30,PRJ-002,WBS-00056,CC-00018,2026-06-30 06:15:00,2026-06-30 16:25:12,9.67,1.67,OnPrem-SQLServer
TE-00005019,TS-0000995,EMP-0116,2026-07-01,PRJ-002,WBS-00081,CC-00013,2026-07-01 06:30:00,2026-07-01 15:00:00,8.0,0.0,OnPrem-SQLServer
TE-00005020,TS-0000995,EMP-0116,2026-07-02,PRJ-002,WBS-00054,CC-00016,2026-07-02 06:15:00,2026-07-02 14:45:00,8.0,0.0,OnPrem-SQLServer
TE-00005021,TS-0000995,EMP-0116,2026-07-03,PRJ-002,WBS-00068,CC-00015,2026-07-03 06:00:00,2026-07-03 14:30:00,8.0,0.0,OnPrem-SQLServer
TE-00005022,TS-0000996,EMP-0116,2026-07-06,PRJ-002,WBS-00058,CC-00011,2026-07-06 06:30:00,2026-07-06 15:00:00,8.0,0.0,OnPrem-SQLServer
TE-00005023,TS-0000996,EMP-0116,2026-07-07,PRJ-002,WBS-00065,CC-00013,2026-07-07 06:15:00,2026-07-07 14:45:00,8.0,0.0,OnPrem-SQLServer
TE-00005024,TS-0000996,EMP-0116,2026-07-08,PRJ-002,WBS-00060,CC-00012,2026-07-08 06:30:00,2026-07-08 15:00:00,8.0,0.0,OnPrem-SQLServer
TE-00005025,TS-0000996,EMP-0116,2026-07-09,PRJ-002,WBS-00057,CC-00013,2026-07-09 06:00:00,2026-07-09 14:30:00,8.0,0.0,OnPrem-SQLServer
TE-00005026,TS-0000996,EMP-0116,2026-07-10,PRJ-002,WBS-00074,CC-00012,2026-07-10 06:00:00,2026-07-10 14:30:00,8.0,0.0,OnPrem-SQLServer
TE-00005027,TS-0000997,EMP-0116,2026-07-13,PRJ-007,WBS-00274,CC-00060,2026-07-13 06:00:00,2026-07-13 14:30:00,8.0,0.0,OnPrem-SQLServer
TE-00005028,TS-0000997,EMP-0116,2026-07-14,PRJ-007,WBS-00297,CC-00061,2026-07-14 06:00:00,2026-07-14 16:11:24,9.69,1.69,OnPrem-SQLServer
TE-00005029,TS-0000997,EMP-0116,2026-07-15,PRJ-007,WBS-00286,CC-00055,2026-07-15 06:30:00,2026-07-15 15:00:00,8.0,0.0,OnPrem-SQLServer
TE-00005030,TS-0000997,EMP-0116,2026-07-16,PRJ-007,WBS-00301,CC-00062,2026-07-16 06:00:00,2026-07-16 14:30:00,8.0,0.0,OnPrem-SQLServer
TE-00005031,TS-0000997,EMP-0116,2026-07-17,PRJ-007,WBS-00292,CC-00058,2026-07-17 06:30:00,2026-07-17 15:00:00,8.0,0.0,OnPrem-SQLServer
TE-00005032,TS-0000998,EMP-0116,2026-07-27,PRJ-011,WBS-00525,CC-00096,2026-07-27 06:30:00,2026-07-27 15:00:00,8.0,0.0,OnPrem-SQLServer
TE-00005033,TS-0000998,EMP-0116,2026-07-28,PRJ-011,WBS-00514,CC-00099,2026-07-28 06:00:00,2026-07-28 14:30:00,8.0,0.0,OnPrem-SQLServer
TE-00005034,TS-0000998,EMP-0116,2026-07-29,PRJ-011,WBS-00534,CC-00098,2026-07-29 06:15:00,2026-07-29 14:45:00,8.0,0.0,OnPrem-SQLServer
TE-00005035,TS-0000998,EMP-0116,2026-07-30,PRJ-011,WBS-00488,CC-00094,2026-07-30 06:00:00,2026-07-30 14:30:00,8.0,0.0,OnPrem-SQLServer
TE-00005036,TS-0000998,EMP-0116,2026-07-31,PRJ-011,WBS-00538,CC-00096,2026-07-31 06:15:00,2026-07-31 14:45:00,8.0,0.0,OnPrem-SQLServer
TE-00005037,TS-0000999,EMP-0117,2026-06-08,PRJ-003,WBS-00111,CC-00023,2026-06-08 06:00:00,2026-06-08 14:30:00,8.0,0.0,OnPrem-SQLServer
TE-00005038,TS-0000999,EMP-0117,2026-06-09,PRJ-003,WBS-00116,CC-00025,2026-06-09 06:30:00,2026-06-09 15:00:00,8.0,0.0,OnPrem-SQLServer
TE-00005039,TS-0000999,EMP-0117,2026-06-10,PRJ-003,WBS-00114,CC-00020,2026-06-10 06:00:00,2026-06-10 14:30:00,8.0,0.0,OnPrem-SQLServer
TE-00005040,TS-0000999,EMP-0117,2026-06-11,PRJ-003,WBS-00088,CC-00024,2026-06-11 06:15:00,2026-06-11 14:45:00,8.0,0.0,OnPrem-SQLServer
TE-00005041,TS-0000999,EMP-0117,2026-06-12,PRJ-003,WBS-00107,CC-00020,2026-06-12 06:15:00,2026-06-12 15:46:12,9.02,1.02,OnPrem-SQLServer
TE-00005042,TS-0001000,EMP-0117,2026-06-15,PRJ-005,WBS-00169,CC-00042,2026-06-15 06:15:00,2026-06-15 14:45:00,8.0,0.0,OnPrem-SQLServer
TE-00005043,TS-0001000,EMP-0117,2026-06-16,PRJ-005,WBS-00185,CC-00040,2026-06-16 06:15:00,2026-06-16 14:45:00,8.0,0.0,OnPrem-SQLServer
TE-00005044,TS-0001000,EMP-0117,2026-06-17,PRJ-005,WBS-00206,CC-00038,2026-06-17 06:00:00,2026-06-17 14:30:00,8.0,0.0,OnPrem-SQLServer
TE-00005045,TS-0001000,EMP-0117,2026-06-18,PRJ-005,WBS-00195,CC-00040,2026-06-18 06:15:00,2026-06-18 14:45:00,8.0,0.0,OnPrem-SQLServer
TE-00005046,TS-0001000,EMP-0117,2026-06-19,PRJ-005,WBS-00168,CC-00043,2026-06-19 06:15:00,2026-06-19 14:45:00,8.0,0.0,OnPrem-SQLServer
TE-00005047,TS-0001001,EMP-0117,2026-06-22,PRJ-005,WBS-00181,CC-00040,2026-06-22 06:00:00,2026-06-22 14:30:00,8.0,0.0,OnPrem-SQLServer
TE-00005048,TS-0001001,EMP-0117,2026-06-23,PRJ-005,WBS-00201,CC-00045,2026-06-23 06:15:00,2026-06-23 14:45:00,8.0,0.0,OnPrem-SQLServer
TE-00005049,TS-0001001,EMP-0117,2026-06-24,PRJ-005,WBS-00204,CC-00039,2026-06-24 06:15:00,2026-06-24 15:56:24,9.19,1.19,OnPrem-SQLServer
TE-00005050,TS-0001001,EMP-0117,2026-06-25,PRJ-005,WBS-00193,CC-00045,2026-06-25 06:15:00,2026-06-25 14:45:00,8.0,0.0,OnPrem-SQLServer
TE-00005051,TS-0001001,EMP-0117,2026-06-26,PRJ-005,WBS-00168,CC-00041,2026-06-26 06:15:00,2026-06-26 14:45:00,8.0,0.0,OnPrem-SQLServer
TE-00005052,TS-0001002,EMP-0117,2026-06-29,PRJ-005,WBS-00205,CC-00044,2026-06-29 06:30:00,2026-06-29 16:01:48,9.03,1.03,OnPrem-SQLServer
TE-00005053,TS-0001002,EMP-0117,2026-06-30,PRJ-005,WBS-00180,CC-00042,2026-06-30 06:30:00,2026-06-30 15:53:24,8.89,0.89,OnPrem-SQLServer
TE-00005054,TS-0001002,EMP-0117,2026-07-01,PRJ-005,WBS-00174,CC-00043,2026-07-01 06:00:00,2026-07-01 16:21:36,9.86,1.86,OnPrem-SQLServer
TE-00005055,TS-0001002,EMP-0117,2026-07-02,PRJ-005,WBS-00178,CC-00045,2026-07-02 06:00:00,2026-07-02 14:30:00,8.0,0.0,OnPrem-SQLServer
TE-00005056,TS-0001002,EMP-0117,2026-07-03,PRJ-005,WBS-00187,CC-00039,2026-07-03 06:00:00,2026-07-03 14:30:00,8.0,0.0,OnPrem-SQLServer
TE-00005057,TS-0001003,EMP-0117,2026-07-06,PRJ-005,WBS-00182,CC-00038,2026-07-06 06:30:00,2026-07-06 15:00:00,8.0,0.0,OnPrem-SQLServer
TE-00005058,TS-0001003,EMP-0117,2026-07-07,PRJ-005,WBS-00188,CC-00037,2026-07-07 06:30:00,2026-07-07 15:00:00,8.0,0.0,OnPrem-SQLServer
TE-00005059,TS-0001003,EMP-0117,2026-07-08,PRJ-005,WBS-00184,CC-00043,2026-07-08 06:30:00,2026-07-08 15:00:00,8.0,0.0,OnPrem-SQLServer
TE-00005060,TS-0001003,EMP-0117,2026-07-09,PRJ-005,WBS-00169,CC-00043,2026-07-09 06:00:00,2026-07-09 14:30:00,8.0,0.0,OnPrem-SQLServer
TE-00005061,TS-0001003,EMP-0117,2026-07-10,PRJ-005,WBS-00209,CC-00037,2026-07-10 06:15:00,2026-07-10 15:46:48,9.03,1.03,OnPrem-SQLServer
TE-00005062,TS-0001004,EMP-0117,2026-07-13,PRJ-005,WBS-00195,CC-00037,2026-07-13 06:30:00,2026-07-13 15:00:00,8.0,0.0,OnPrem-SQLServer
TE-00005063,TS-0001004,EMP-0117,2026-07-14,PRJ-005,WBS-00192,CC-00041,2026-07-14 06:00:00,2026-07-14 14:30:00,8.0,0.0,OnPrem-SQLServer
TE-00005064,TS-0001004,EMP-0117,2026-07-15,PRJ-005,WBS-00180,CC-00042,2026-07-15 06:30:00,2026-07-15 15:00:00,8.0,0.0,OnPrem-SQLServer
TE-00005065,TS-0001004,EMP-0117,2026-07-16,PRJ-005,WBS-00184,CC-00043,2026-07-16 06:30:00,2026-07-16 15:00:00,8.0,0.0,OnPrem-SQLServer
TE-00005066,TS-0001004,EMP-0117,2026-07-17,PRJ-005,WBS-00182,CC-00044,2026-07-17 06:30:00,2026-07-17 15:00:00,8.0,0.0,OnPrem-SQLServer
TE-00005067,TS-0001005,EMP-0117,2026-07-20,PRJ-005,WBS-00192,CC-00044,2026-07-20 06:00:00,2026-07-20 14:30:00,8.0,0.0,OnPrem-SQLServer
TE-00005068,TS-0001005,EMP-0117,2026-07-21,PRJ-005,WBS-00176,CC-00039,2026-07-21 06:15:00,2026-07-21 14:45:00,8.0,0.0,OnPrem-SQLServer
TE-00005069,TS-0001005,EMP-0117,2026-07-22,PRJ-005,WBS-00180,CC-00044,2026-07-22 06:00:00,2026-07-22 14:30:00,8.0,0.0,OnPrem-SQLServer
TE-00005070,TS-0001005,EMP-0117,2026-07-23,PRJ-005,WBS-00171,CC-00038,2026-07-23 06:00:00,2026-07-23 14:30:00,8.0,0.0,OnPrem-SQLServer
TE-00005071,TS-0001005,EMP-0117,2026-07-24,PRJ-005,WBS-00195,CC-00043,2026-07-24 06:00:00,2026-07-24 15:40:48,9.18,1.18,OnPrem-SQLServer
TE-00005072,TS-0001006,EMP-0117,2026-07-27,PRJ-005,WBS-00197,CC-00044,2026-07-27 06:15:00,2026-07-27 14:45:00,8.0,0.0,OnPrem-SQLServer
TE-00005073,TS-0001006,EMP-0117,2026-07-28,PRJ-005,WBS-00191,CC-00042,2026-07-28 06:00:00,2026-07-28 14:30:00,8.0,0.0,OnPrem-SQLServer
TE-00005074,TS-0001006,EMP-0117,2026-07-29,PRJ-005,WBS-00194,CC-00042,2026-07-29 06:00:00,2026-07-29 14:30:00,8.0,0.0,OnPrem-SQLServer
TE-00005075,TS-0001006,EMP-0117,2026-07-30,PRJ-005,WBS-00186,CC-00040,2026-07-30 06:30:00,2026-07-30 15:00:00,8.0,0.0,OnPrem-SQLServer
TE-00005076,TS-0001006,EMP-0117,2026-07-31,PRJ-005,WBS-00208,CC-00043,2026-07-31 06:30:00,2026-07-31 15:00:00,8.0,0.0,OnPrem-SQLServer
TE-00005077,TS-0001007,EMP-0118,2026-04-27,PRJ-005,WBS-00172,CC-00041,2026-04-27 06:15:00,2026-04-27 14:45:00,8.0,0.0,OnPrem-SQLServer
TE-00005078,TS-0001007,EMP-0118,2026-04-28,PRJ-005,WBS-00196,CC-00042,2026-04-28 06:15:00,2026-04-28 14:45:00,8.0,0.0,OnPrem-SQLServer
TE-00005079,TS-0001007,EMP-0118,2026-04-29,PRJ-005,WBS-00192,CC-00045,2026-04-29 06:00:00,2026-04-29 14:30:00,8.0,0.0,OnPrem-SQLServer
TE-00005080,TS-0001007,EMP-0118,2026-04-30,PRJ-005,WBS-00205,CC-00039,2026-04-30 06:15:00,2026-04-30 14:45:00,8.0,0.0,OnPrem-SQLServer
TE-00005081,TS-0001007,EMP-0118,2026-05-01,PRJ-005,WBS-00185,CC-00045,2026-05-01 06:00:00,2026-05-01 14:30:00,8.0,0.0,OnPrem-SQLServer
TE-00005082,TS-0001008,EMP-0118,2026-05-04,PRJ-005,WBS-00211,CC-00041,2026-05-04 06:00:00,2026-05-04 14:30:00,8.0,0.0,OnPrem-SQLServer
TE-00005083,TS-0001008,EMP-0118,2026-05-05,PRJ-005,WBS-00206,CC-00043,2026-05-05 06:30:00,2026-05-05 15:46:48,8.78,0.78,OnPrem-SQLServer
TE-00005084,TS-0001008,EMP-0118,2026-05-06,PRJ-005,WBS-00200,CC-00043,2026-05-06 06:15:00,2026-05-06 14:45:00,8.0,0.0,OnPrem-SQLServer
TE-00005085,TS-0001008,EMP-0118,2026-05-07,PRJ-005,WBS-00188,CC-00039,2026-05-07 06:30:00,2026-05-07 15:00:00,8.0,0.0,OnPrem-SQLServer
TE-00005086,TS-0001008,EMP-0118,2026-05-08,PRJ-005,WBS-00187,CC-00041,2026-05-08 06:30:00,2026-05-08 15:00:00,8.0,0.0,OnPrem-SQLServer
TE-00005087,TS-0001009,EMP-0118,2026-05-11,PRJ-005,WBS-00187,CC-00039,2026-05-11 06:30:00,2026-05-11 15:00:00,8.0,0.0,OnPrem-SQLServer
TE-00005088,TS-0001009,EMP-0118,2026-05-12,PRJ-005,WBS-00185,CC-00042,2026-05-12 06:00:00,2026-05-12 14:30:00,8.0,0.0,OnPrem-SQLServer
TE-00005089,TS-0001009,EMP-0118,2026-05-13,PRJ-005,WBS-00184,CC-00044,2026-05-13 06:15:00,2026-05-13 14:45:00,8.0,0.0,OnPrem-SQLServer
TE-00005090,TS-0001009,EMP-0118,2026-05-14,PRJ-005,WBS-00168,CC-00043,2026-05-14 06:30:00,2026-05-14 15:00:00,8.0,0.0,OnPrem-SQLServer
TE-00005091,TS-0001009,EMP-0118,2026-05-15,PRJ-005,WBS-00209,CC-00038,2026-05-15 06:15:00,2026-05-15 14:45:00,8.0,0.0,OnPrem-SQLServer
TE-00005092,TS-0001010,EMP-0118,2026-05-18,PRJ-005,WBS-00191,CC-00037,2026-05-18 06:15:00,2026-05-18 16:06:36,9.36,1.36,OnPrem-SQLServer
TE-00005093,TS-0001010,EMP-0118,2026-05-19,PRJ-005,WBS-00184,CC-00037,2026-05-19 06:30:00,2026-05-19 15:00:00,8.0,0.0,OnPrem-SQLServer
TE-00005094,TS-0001010,EMP-0118,2026-05-20,PRJ-005,WBS-00184,CC-00045,2026-05-20 06:00:00,2026-05-20 14:30:00,8.0,0.0,OnPrem-SQLServer
TE-00005095,TS-0001010,EMP-0118,2026-05-21,PRJ-005,WBS-00209,CC-00042,2026-05-21 06:00:00,2026-05-21 16:22:48,9.88,1.88,OnPrem-SQLServer
TE-00005096,TS-0001010,EMP-0118,2026-05-22,PRJ-005,WBS-00209,CC-00039,2026-05-22 06:15:00,2026-05-22 14:45:00,8.0,0.0,OnPrem-SQLServer
TE-00005097,TS-0001011,EMP-0118,2026-05-25,PRJ-005,WBS-00169,CC-00037,2026-05-25 06:30:00,2026-05-25 15:00:00,8.0,0.0,OnPrem-SQLServer
TE-00005098,TS-0001011,EMP-0118,2026-05-26,PRJ-005,WBS-00183,CC-00042,2026-05-26 06:15:00,2026-05-26 14:45:00,8.0,0.0,OnPrem-SQLServer
TE-00005099,TS-0001011,EMP-0118,2026-05-27,PRJ-005,WBS-00200,CC-00045,2026-05-27 06:15:00,2026-05-27 14:45:00,8.0,0.0,OnPrem-SQLServer
TE-00005100,TS-0001011,EMP-0118,2026-05-28,PRJ-005,WBS-00184,CC-00038,2026-05-28 06:30:00,2026-05-28 15:00:00,8.0,0.0,OnPrem-SQLServer
TE-00005101,TS-0001011,EMP-0118,2026-05-29,PRJ-005,WBS-00203,CC-00040,2026-05-29 06:15:00,2026-05-29 14:45:00,8.0,0.0,OnPrem-SQLServer
TE-00005102,TS-0001012,EMP-0118,2026-06-01,PRJ-005,WBS-00176,CC-00039,2026-06-01 06:30:00,2026-06-01 15:00:00,8.0,0.0,OnPrem-SQLServer
TE-00005103,TS-0001012,EMP-0118,2026-06-02,PRJ-005,WBS-00183,CC-00037,2026-06-02 06:15:00,2026-06-02 14:45:00,8.0,0.0,OnPrem-SQLServer
TE-00005104,TS-0001012,EMP-0118,2026-06-03,PRJ-005,WBS-00211,CC-00040,2026-06-03 06:00:00,2026-06-03 14:30:00,8.0,0.0,OnPrem-SQLServer
TE-00005105,TS-0001012,EMP-0118,2026-06-04,PRJ-005,WBS-00173,CC-00038,2026-06-04 06:30:00,2026-06-04 15:00:00,8.0,0.0,OnPrem-SQLServer
TE-00005106,TS-0001012,EMP-0118,2026-06-05,PRJ-005,WBS-00213,CC-00038,2026-06-05 06:30:00,2026-06-05 15:00:00,8.0,0.0,OnPrem-SQLServer
TE-00005107,TS-0001013,EMP-0118,2026-06-08,PRJ-005,WBS-00192,CC-00039,2026-06-08 06:15:00,2026-06-08 14:45:00,8.0,0.0,OnPrem-SQLServer
TE-00005108,TS-0001013,EMP-0118,2026-06-09,PRJ-005,WBS-00201,CC-00040,2026-06-09 06:30:00,2026-06-09 15:00:00,8.0,0.0,OnPrem-SQLServer
TE-00005109,TS-0001013,EMP-0118,2026-06-10,PRJ-005,WBS-00191,CC-00044,2026-06-10 06:15:00,2026-06-10 14:45:00,8.0,0.0,OnPrem-SQLServer
TE-00005110,TS-0001013,EMP-0118,2026-06-11,PRJ-005,WBS-00171,CC-00037,2026-06-11 06:30:00,2026-06-11 15:00:00,8.0,0.0,OnPrem-SQLServer
TE-00005111,TS-0001013,EMP-0118,2026-06-12,PRJ-005,WBS-00171,CC-00039,2026-06-12 06:30:00,2026-06-12 15:00:00,8.0,0.0,OnPrem-SQLServer
TE-00005112,TS-0001014,EMP-0118,2026-06-15,PRJ-005,WBS-00200,CC-00043,2026-06-15 06:30:00,2026-06-15 15:00:00,8.0,0.0,OnPrem-SQLServer
TE-00005113,TS-0001014,EMP-0118,2026-06-16,PRJ-005,WBS-00210,CC-00044,2026-06-16 06:15:00,2026-06-16 14:45:00,8.0,0.0,OnPrem-SQLServer
TE-00005114,TS-0001014,EMP-0118,2026-06-17,PRJ-005,WBS-00200,CC-00045,2026-06-17 06:00:00,2026-06-17 14:30:00,8.0,0.0,OnPrem-SQLServer
TE-00005115,TS-0001014,EMP-0118,2026-06-18,PRJ-005,WBS-00204,CC-00041,2026-06-18 06:15:00,2026-06-18 14:45:00,8.0,0.0,OnPrem-SQLServer
TE-00005116,TS-0001014,EMP-0118,2026-06-19,PRJ-005,WBS-00184,CC-00042,2026-06-19 06:00:00,2026-06-19 15:16:12,8.77,0.77,OnPrem-SQLServer
TE-00005117,TS-0001015,EMP-0118,2026-06-29,PRJ-003,WBS-00128,CC-00024,2026-06-29 06:00:00,2026-06-29 15:51:36,9.36,1.36,OnPrem-SQLServer
TE-00005118,TS-0001015,EMP-0118,2026-06-30,PRJ-003,WBS-00094,CC-00019,2026-06-30 06:00:00,2026-06-30 14:30:00,8.0,0.0,OnPrem-SQLServer
TE-00005119,TS-0001015,EMP-0118,2026-07-01,PRJ-003,WBS-00105,CC-00020,2026-07-01 06:00:00,2026-07-01 14:30:00,8.0,0.0,OnPrem-SQLServer
TE-00005120,TS-0001015,EMP-0118,2026-07-02,PRJ-003,WBS-00102,CC-00024,2026-07-02 06:30:00,2026-07-02 15:00:00,8.0,0.0,OnPrem-SQLServer
TE-00005121,TS-0001015,EMP-0118,2026-07-03,PRJ-003,WBS-00093,CC-00019,2026-07-03 06:15:00,2026-07-03 14:45:00,8.0,0.0,OnPrem-SQLServer
TE-00005122,TS-0001016,EMP-0118,2026-07-06,PRJ-005,WBS-00204,CC-00042,2026-07-06 06:30:00,2026-07-06 16:43:12,9.72,1.72,OnPrem-SQLServer
TE-00005123,TS-0001016,EMP-0118,2026-07-07,PRJ-005,WBS-00208,CC-00043,2026-07-07 06:15:00,2026-07-07 14:45:00,8.0,0.0,OnPrem-SQLServer
TE-00005124,TS-0001016,EMP-0118,2026-07-08,PRJ-005,WBS-00191,CC-00037,2026-07-08 06:15:00,2026-07-08 14:45:00,8.0,0.0,OnPrem-SQLServer
TE-00005125,TS-0001016,EMP-0118,2026-07-09,PRJ-005,WBS-00177,CC-00038,2026-07-09 06:00:00,2026-07-09 15:29:24,8.99,0.99,OnPrem-SQLServer
TE-00005126,TS-0001016,EMP-0118,2026-07-10,PRJ-005,WBS-00185,CC-00043,2026-07-10 06:15:00,2026-07-10 14:45:00,8.0,0.0,OnPrem-SQLServer
TE-00005127,TS-0001017,EMP-0118,2026-07-13,PRJ-005,WBS-00203,CC-00042,2026-07-13 06:00:00,2026-07-13 14:30:00,8.0,0.0,OnPrem-SQLServer
TE-00005128,TS-0001017,EMP-0118,2026-07-14,PRJ-005,WBS-00187,CC-00043,2026-07-14 06:30:00,2026-07-14 15:00:00,8.0,0.0,OnPrem-SQLServer
TE-00005129,TS-0001017,EMP-0118,2026-07-15,PRJ-005,WBS-00168,CC-00045,2026-07-15 06:15:00,2026-07-15 15:36:00,8.85,0.85,OnPrem-SQLServer
TE-00005130,TS-0001017,EMP-0118,2026-07-16,PRJ-005,WBS-00203,CC-00042,2026-07-16 06:30:00,2026-07-16 16:10:12,9.17,1.17,OnPrem-SQLServer
TE-00005131,TS-0001017,EMP-0118,2026-07-17,PRJ-005,WBS-00184,CC-00043,2026-07-17 06:00:00,2026-07-17 14:30:00,8.0,0.0,OnPrem-SQLServer
TE-00005132,TS-0001018,EMP-0118,2026-07-20,PRJ-005,WBS-00199,CC-00037,2026-07-20 06:30:00,2026-07-20 15:00:00,8.0,0.0,OnPrem-SQLServer
TE-00005133,TS-0001018,EMP-0118,2026-07-21,PRJ-005,WBS-00210,CC-00045,2026-07-21 06:15:00,2026-07-21 14:45:00,8.0,0.0,OnPrem-SQLServer
TE-00005134,TS-0001018,EMP-0118,2026-07-22,PRJ-005,WBS-00205,CC-00044,2026-07-22 06:00:00,2026-07-22 14:30:00,8.0,0.0,OnPrem-SQLServer
TE-00005135,TS-0001018,EMP-0118,2026-07-23,PRJ-005,WBS-00186,CC-00041,2026-07-23 06:15:00,2026-07-23 14:45:00,8.0,0.0,OnPrem-SQLServer
TE-00005136,TS-0001018,EMP-0118,2026-07-24,PRJ-005,WBS-00200,CC-00045,2026-07-24 06:30:00,2026-07-24 15:00:00,8.0,0.0,OnPrem-SQLServer
TE-00005137,TS-0001019,EMP-0118,2026-07-27,PRJ-005,WBS-00176,CC-00038,2026-07-27 06:15:00,2026-07-27 14:45:00,8.0,0.0,OnPrem-SQLServer
TE-00005138,TS-0001019,EMP-0118,2026-07-28,PRJ-005,WBS-00197,CC-00041,2026-07-28 06:00:00,2026-07-28 14:30:00,8.0,0.0,OnPrem-SQLServer
TE-00005139,TS-0001019,EMP-0118,2026-07-29,PRJ-005,WBS-00173,CC-00043,2026-07-29 06:00:00,2026-07-29 14:30:00,8.0,0.0,OnPrem-SQLServer
TE-00005140,TS-0001019,EMP-0118,2026-07-30,PRJ-005,WBS-00201,CC-00045,2026-07-30 06:15:00,2026-07-30 15:22:48,8.63,0.63,OnPrem-SQLServer
TE-00005141,TS-0001019,EMP-0118,2026-07-31,PRJ-005,WBS-00204,CC-00038,2026-07-31 06:30:00,2026-07-31 15:00:00,8.0,0.0,OnPrem-SQLServer
TE-00005142,TS-0001020,EMP-0119,2026-04-20,PRJ-012,WBS-00576,CC-00100,2026-04-20 06:00:00,2026-04-20 14:30:00,8.0,0.0,OnPrem-SQLServer
TE-00005143,TS-0001020,EMP-0119,2026-04-21,PRJ-012,WBS-00567,CC-00106,2026-04-21 06:15:00,2026-04-21 14:45:00,8.0,0.0,OnPrem-SQLServer
TE-00005144,TS-0001020,EMP-0119,2026-04-22,PRJ-012,WBS-00560,CC-00103,2026-04-22 06:15:00,2026-04-22 14:45:00,8.0,0.0,OnPrem-SQLServer
TE-00005145,TS-0001020,EMP-0119,2026-04-23,PRJ-012,WBS-00555,CC-00103,2026-04-23 06:15:00,2026-04-23 14:45:00,8.0,0.0,OnPrem-SQLServer
TE-00005146,TS-0001020,EMP-0119,2026-04-24,PRJ-012,WBS-00545,CC-00101,2026-04-24 06:00:00,2026-04-24 14:30:00,8.0,0.0,OnPrem-SQLServer
TE-00005147,TS-0001021,EMP-0119,2026-04-27,PRJ-012,WBS-00550,CC-00104,2026-04-27 06:15:00,2026-04-27 14:45:00,8.0,0.0,OnPrem-SQLServer
TE-00005148,TS-0001021,EMP-0119,2026-04-28,PRJ-012,WBS-00545,CC-00104,2026-04-28 06:15:00,2026-04-28 15:48:36,9.06,1.06,OnPrem-SQLServer
TE-00005149,TS-0001021,EMP-0119,2026-04-29,PRJ-012,WBS-00567,CC-00103,2026-04-29 06:15:00,2026-04-29 14:45:00,8.0,0.0,OnPrem-SQLServer
TE-00005150,TS-0001021,EMP-0119,2026-04-30,PRJ-012,WBS-00553,CC-00107,2026-04-30 06:30:00,2026-04-30 15:00:00,8.0,0.0,OnPrem-SQLServer
TE-00005151,TS-0001021,EMP-0119,2026-05-01,PRJ-012,WBS-00543,CC-00104,2026-05-01 06:15:00,2026-05-01 16:44:24,9.99,1.99,OnPrem-SQLServer
TE-00005152,TS-0001022,EMP-0119,2026-05-04,PRJ-005,WBS-00206,CC-00043,2026-05-04 06:15:00,2026-05-04 14:45:00,8.0,0.0,OnPrem-SQLServer
TE-00005153,TS-0001022,EMP-0119,2026-05-05,PRJ-005,WBS-00210,CC-00038,2026-05-05 06:00:00,2026-05-05 14:30:00,8.0,0.0,OnPrem-SQLServer
TE-00005154,TS-0001022,EMP-0119,2026-05-06,PRJ-005,WBS-00199,CC-00045,2026-05-06 06:00:00,2026-05-06 14:30:00,8.0,0.0,OnPrem-SQLServer
TE-00005155,TS-0001022,EMP-0119,2026-05-07,PRJ-005,WBS-00208,CC-00043,2026-05-07 06:00:00,2026-05-07 14:30:00,8.0,0.0,OnPrem-SQLServer
TE-00005156,TS-0001022,EMP-0119,2026-05-08,PRJ-005,WBS-00196,CC-00040,2026-05-08 06:00:00,2026-05-08 14:30:00,8.0,0.0,OnPrem-SQLServer
TE-00005157,TS-0001023,EMP-0119,2026-05-11,PRJ-012,WBS-00553,CC-00101,2026-05-11 06:15:00,2026-05-11 14:45:00,8.0,0.0,OnPrem-SQLServer
TE-00005158,TS-0001023,EMP-0119,2026-05-12,PRJ-012,WBS-00560,CC-00105,2026-05-12 06:15:00,2026-05-12 14:45:00,8.0,0.0,OnPrem-SQLServer
TE-00005159,TS-0001023,EMP-0119,2026-05-13,PRJ-012,WBS-00579,CC-00100,2026-05-13 06:15:00,2026-05-13 15:53:24,9.14,1.14,OnPrem-SQLServer
TE-00005160,TS-0001023,EMP-0119,2026-05-14,PRJ-012,WBS-00544,CC-00102,2026-05-14 06:30:00,2026-05-14 15:00:00,8.0,0.0,OnPrem-SQLServer
TE-00005161,TS-0001023,EMP-0119,2026-05-15,PRJ-012,WBS-00561,CC-00103,2026-05-15 06:30:00,2026-05-15 15:00:00,8.0,0.0,OnPrem-SQLServer
TE-00005162,TS-0001024,EMP-0119,2026-05-18,PRJ-012,WBS-00566,CC-00107,2026-05-18 06:00:00,2026-05-18 14:30:00,8.0,0.0,OnPrem-SQLServer
TE-00005163,TS-0001024,EMP-0119,2026-05-19,PRJ-012,WBS-00550,CC-00100,2026-05-19 06:15:00,2026-05-19 14:45:00,8.0,0.0,OnPrem-SQLServer
TE-00005164,TS-0001024,EMP-0119,2026-05-20,PRJ-012,WBS-00551,CC-00106,2026-05-20 06:30:00,2026-05-20 15:00:00,8.0,0.0,OnPrem-SQLServer
TE-00005165,TS-0001024,EMP-0119,2026-05-21,PRJ-012,WBS-00574,CC-00107,2026-05-21 06:15:00,2026-05-21 16:03:36,9.31,1.31,OnPrem-SQLServer
TE-00005166,TS-0001024,EMP-0119,2026-05-22,PRJ-012,WBS-00578,CC-00106,2026-05-22 06:00:00,2026-05-22 14:30:00,8.0,0.0,OnPrem-SQLServer
TE-00005167,TS-0001025,EMP-0119,2026-05-25,PRJ-012,WBS-00550,CC-00102,2026-05-25 06:15:00,2026-05-25 14:45:00,8.0,0.0,OnPrem-SQLServer
TE-00005168,TS-0001025,EMP-0119,2026-05-26,PRJ-012,WBS-00544,CC-00100,2026-05-26 06:15:00,2026-05-26 14:45:00,8.0,0.0,OnPrem-SQLServer
TE-00005169,TS-0001025,EMP-0119,2026-05-27,PRJ-012,WBS-00579,CC-00102,2026-05-27 06:00:00,2026-05-27 14:30:00,8.0,0.0,OnPrem-SQLServer
TE-00005170,TS-0001025,EMP-0119,2026-05-28,PRJ-012,WBS-00575,CC-00102,2026-05-28 06:15:00,2026-05-28 14:45:00,8.0,0.0,OnPrem-SQLServer
TE-00005171,TS-0001025,EMP-0119,2026-05-29,PRJ-012,WBS-00559,CC-00103,2026-05-29 06:15:00,2026-05-29 14:45:00,8.0,0.0,OnPrem-SQLServer
TE-00005172,TS-0001026,EMP-0119,2026-06-01,PRJ-012,WBS-00574,CC-00102,2026-06-01 06:30:00,2026-06-01 15:00:00,8.0,0.0,OnPrem-SQLServer
TE-00005173,TS-0001026,EMP-0119,2026-06-02,PRJ-012,WBS-00553,CC-00108,2026-06-02 06:15:00,2026-06-02 14:45:00,8.0,0.0,OnPrem-SQLServer
TE-00005174,TS-0001026,EMP-0119,2026-06-03,PRJ-012,WBS-00557,CC-00107,2026-06-03 06:15:00,2026-06-03 14:45:00,8.0,0.0,OnPrem-SQLServer
TE-00005175,TS-0001026,EMP-0119,2026-06-04,PRJ-012,WBS-00576,CC-00102,2026-06-04 06:30:00,2026-06-04 15:00:00,8.0,0.0,OnPrem-SQLServer
TE-00005176,TS-0001026,EMP-0119,2026-06-05,PRJ-012,WBS-00561,CC-00105,2026-06-05 06:15:00,2026-06-05 14:45:00,8.0,0.0,OnPrem-SQLServer
TE-00005177,TS-0001027,EMP-0119,2026-06-08,PRJ-012,WBS-00577,CC-00101,2026-06-08 06:30:00,2026-06-08 15:00:00,8.0,0.0,OnPrem-SQLServer
TE-00005178,TS-0001027,EMP-0119,2026-06-09,PRJ-012,WBS-00579,CC-00107,2026-06-09 06:15:00,2026-06-09 14:45:00,8.0,0.0,OnPrem-SQLServer
TE-00005179,TS-0001027,EMP-0119,2026-06-10,PRJ-012,WBS-00574,CC-00105,2026-06-10 06:00:00,2026-06-10 14:30:00,8.0,0.0,OnPrem-SQLServer
TE-00005180,TS-0001027,EMP-0119,2026-06-11,PRJ-012,WBS-00552,CC-00107,2026-06-11 06:15:00,2026-06-11 16:17:24,9.54,1.54,OnPrem-SQLServer
TE-00005181,TS-0001027,EMP-0119,2026-06-12,PRJ-012,WBS-00549,CC-00102,2026-06-12 06:00:00,2026-06-12 14:30:00,8.0,0.0,OnPrem-SQLServer
TE-00005182,TS-0001028,EMP-0119,2026-06-15,PRJ-012,WBS-00575,CC-00104,2026-06-15 06:15:00,2026-06-15 14:45:00,8.0,0.0,OnPrem-SQLServer
TE-00005183,TS-0001028,EMP-0119,2026-06-16,PRJ-012,WBS-00574,CC-00101,2026-06-16 06:00:00,2026-06-16 14:30:00,8.0,0.0,OnPrem-SQLServer
TE-00005184,TS-0001028,EMP-0119,2026-06-17,PRJ-012,WBS-00578,CC-00107,2026-06-17 06:00:00,2026-06-17 14:30:00,8.0,0.0,OnPrem-SQLServer
TE-00005185,TS-0001028,EMP-0119,2026-06-18,PRJ-012,WBS-00571,CC-00104,2026-06-18 06:30:00,2026-06-18 15:00:00,8.0,0.0,OnPrem-SQLServer
TE-00005186,TS-0001028,EMP-0119,2026-06-19,PRJ-012,WBS-00551,CC-00106,2026-06-19 06:00:00,2026-06-19 14:30:00,8.0,0.0,OnPrem-SQLServer
TE-00005187,TS-0001029,EMP-0119,2026-06-22,PRJ-012,WBS-00563,CC-00100,2026-06-22 06:15:00,2026-06-22 16:30:36,9.76,1.76,OnPrem-SQLServer
TE-00005188,TS-0001029,EMP-0119,2026-06-23,PRJ-012,WBS-00564,CC-00101,2026-06-23 06:00:00,2026-06-23 14:30:00,8.0,0.0,OnPrem-SQLServer
TE-00005189,TS-0001029,EMP-0119,2026-06-24,PRJ-012,WBS-00563,CC-00106,2026-06-24 06:15:00,2026-06-24 16:37:48,9.88,1.88,OnPrem-SQLServer
TE-00005190,TS-0001029,EMP-0119,2026-06-25,PRJ-012,WBS-00568,CC-00108,2026-06-25 06:00:00,2026-06-25 14:30:00,8.0,0.0,OnPrem-SQLServer
TE-00005191,TS-0001029,EMP-0119,2026-06-26,PRJ-012,WBS-00570,CC-00102,2026-06-26 06:00:00,2026-06-26 14:30:00,8.0,0.0,OnPrem-SQLServer
TE-00005192,TS-0001030,EMP-0119,2026-06-29,PRJ-012,WBS-00555,CC-00101,2026-06-29 06:30:00,2026-06-29 15:33:00,8.55,0.55,OnPrem-SQLServer
TE-00005193,TS-0001030,EMP-0119,2026-06-30,PRJ-012,WBS-00576,CC-00107,2026-06-30 06:30:00,2026-06-30 15:00:00,8.0,0.0,OnPrem-SQLServer
TE-00005194,TS-0001030,EMP-0119,2026-07-01,PRJ-012,WBS-00543,CC-00106,2026-07-01 06:00:00,2026-07-01 14:30:00,8.0,0.0,OnPrem-SQLServer
TE-00005195,TS-0001030,EMP-0119,2026-07-02,PRJ-012,WBS-00544,CC-00107,2026-07-02 06:00:00,2026-07-02 16:06:00,9.6,1.6,OnPrem-SQLServer
TE-00005196,TS-0001030,EMP-0119,2026-07-03,PRJ-012,WBS-00579,CC-00108,2026-07-03 06:00:00,2026-07-03 14:30:00,8.0,0.0,OnPrem-SQLServer
TE-00005197,TS-0001031,EMP-0119,2026-07-06,PRJ-012,WBS-00576,CC-00100,2026-07-06 06:00:00,2026-07-06 14:30:00,8.0,0.0,OnPrem-SQLServer
TE-00005198,TS-0001031,EMP-0119,2026-07-07,PRJ-012,WBS-00573,CC-00105,2026-07-07 06:15:00,2026-07-07 14:45:00,8.0,0.0,OnPrem-SQLServer
TE-00005199,TS-0001031,EMP-0119,2026-07-08,PRJ-012,WBS-00564,CC-00102,2026-07-08 06:00:00,2026-07-08 14:30:00,8.0,0.0,OnPrem-SQLServer
TE-00005200,TS-0001031,EMP-0119,2026-07-09,PRJ-012,WBS-00561,CC-00102,2026-07-09 06:00:00,2026-07-09 14:30:00,8.0,0.0,OnPrem-SQLServer
TE-00005201,TS-0001031,EMP-0119,2026-07-10,PRJ-012,WBS-00577,CC-00102,2026-07-10 06:00:00,2026-07-10 14:30:00,8.0,0.0,OnPrem-SQLServer
TE-00005202,TS-0001032,EMP-0119,2026-07-13,PRJ-011,WBS-00501,CC-00095,2026-07-13 06:15:00,2026-07-13 16:09:36,9.41,1.41,OnPrem-SQLServer
TE-00005203,TS-0001032,EMP-0119,2026-07-14,PRJ-011,WBS-00524,CC-00092,2026-07-14 06:30:00,2026-07-14 16:40:48,9.68,1.68,OnPrem-SQLServer
TE-00005204,TS-0001032,EMP-0119,2026-07-15,PRJ-011,WBS-00532,CC-00091,2026-07-15 06:30:00,2026-07-15 15:00:00,8.0,0.0,OnPrem-SQLServer
TE-00005205,TS-0001032,EMP-0119,2026-07-16,PRJ-011,WBS-00535,CC-00092,2026-07-16 06:00:00,2026-07-16 14:30:00,8.0,0.0,OnPrem-SQLServer
TE-00005206,TS-0001032,EMP-0119,2026-07-17,PRJ-011,WBS-00528,CC-00091,2026-07-17 06:00:00,2026-07-17 14:30:00,8.0,0.0,OnPrem-SQLServer
TE-00005207,TS-0001033,EMP-0119,2026-07-20,PRJ-012,WBS-00572,CC-00103,2026-07-20 06:00:00,2026-07-20 14:30:00,8.0,0.0,OnPrem-SQLServer
TE-00005208,TS-0001033,EMP-0119,2026-07-21,PRJ-012,WBS-00549,CC-00101,2026-07-21 06:30:00,2026-07-21 15:00:00,8.0,0.0,OnPrem-SQLServer
TE-00005209,TS-0001033,EMP-0119,2026-07-22,PRJ-012,WBS-00573,CC-00102,2026-07-22 06:30:00,2026-07-22 15:00:00,8.0,0.0,OnPrem-SQLServer
TE-00005210,TS-0001033,EMP-0119,2026-07-23,PRJ-012,WBS-00562,CC-00100,2026-07-23 06:30:00,2026-07-23 16:37:48,9.63,1.63,OnPrem-SQLServer
TE-00005211,TS-0001033,EMP-0119,2026-07-24,PRJ-012,WBS-00564,CC-00108,2026-07-24 06:00:00,2026-07-24 14:30:00,8.0,0.0,OnPrem-SQLServer
TE-00005212,TS-0001034,EMP-0119,2026-07-27,PRJ-012,WBS-00556,CC-00100,2026-07-27 06:00:00,2026-07-27 14:30:00,8.0,0.0,OnPrem-SQLServer
TE-00005213,TS-0001034,EMP-0119,2026-07-28,PRJ-012,WBS-00547,CC-00104,2026-07-28 06:15:00,2026-07-28 14:45:00,8.0,0.0,OnPrem-SQLServer
TE-00005214,TS-0001034,EMP-0119,2026-07-29,PRJ-012,WBS-00570,CC-00101,2026-07-29 06:30:00,2026-07-29 15:00:00,8.0,0.0,OnPrem-SQLServer
TE-00005215,TS-0001034,EMP-0119,2026-07-30,PRJ-012,WBS-00556,CC-00104,2026-07-30 06:00:00,2026-07-30 14:30:00,8.0,0.0,OnPrem-SQLServer
TE-00005216,TS-0001034,EMP-0119,2026-07-31,PRJ-012,WBS-00577,CC-00103,2026-07-31 06:00:00,2026-07-31 14:30:00,8.0,0.0,OnPrem-SQLServer
TE-00005217,TS-0001035,EMP-0120,2026-04-20,PRJ-002,WBS-00054,CC-00017,2026-04-20 06:15:00,2026-04-20 15:16:12,8.52,0.52,OnPrem-SQLServer
TE-00005218,TS-0001035,EMP-0120,2026-04-21,PRJ-002,WBS-00087,CC-00015,2026-04-21 06:00:00,2026-04-21 15:27:36,8.96,0.96,OnPrem-SQLServer
TE-00005219,TS-0001035,EMP-0120,2026-04-22,PRJ-002,WBS-00073,CC-00016,2026-04-22 06:15:00,2026-04-22 14:45:00,8.0,0.0,OnPrem-SQLServer
TE-00005220,TS-0001035,EMP-0120,2026-04-23,PRJ-002,WBS-00071,CC-00016,2026-04-23 06:00:00,2026-04-23 14:30:00,8.0,0.0,OnPrem-SQLServer
TE-00005221,TS-0001035,EMP-0120,2026-04-24,PRJ-002,WBS-00066,CC-00010,2026-04-24 06:00:00,2026-04-24 14:30:00,8.0,0.0,OnPrem-SQLServer
TE-00005222,TS-0001036,EMP-0120,2026-04-27,PRJ-003,WBS-00123,CC-00023,2026-04-27 06:00:00,2026-04-27 14:30:00,8.0,0.0,OnPrem-SQLServer
TE-00005223,TS-0001036,EMP-0120,2026-04-28,PRJ-003,WBS-00090,CC-00020,2026-04-28 06:15:00,2026-04-28 14:45:00,8.0,0.0,OnPrem-SQLServer
TE-00005224,TS-0001036,EMP-0120,2026-04-29,PRJ-003,WBS-00127,CC-00020,2026-04-29 06:15:00,2026-04-29 14:45:00,8.0,0.0,OnPrem-SQLServer
TE-00005225,TS-0001036,EMP-0120,2026-04-30,PRJ-003,WBS-00088,CC-00026,2026-04-30 06:15:00,2026-04-30 14:45:00,8.0,0.0,OnPrem-SQLServer
TE-00005226,TS-0001036,EMP-0120,2026-05-01,PRJ-003,WBS-00119,CC-00021,2026-05-01 06:15:00,2026-05-01 15:28:48,8.73,0.73,OnPrem-SQLServer
TE-00005227,TS-0001037,EMP-0120,2026-05-04,PRJ-003,WBS-00106,CC-00025,2026-05-04 06:00:00,2026-05-04 14:30:00,8.0,0.0,OnPrem-SQLServer
TE-00005228,TS-0001037,EMP-0120,2026-05-05,PRJ-003,WBS-00118,CC-00021,2026-05-05 06:15:00,2026-05-05 14:45:00,8.0,0.0,OnPrem-SQLServer
TE-00005229,TS-0001037,EMP-0120,2026-05-06,PRJ-003,WBS-00126,CC-00027,2026-05-06 06:00:00,2026-05-06 14:30:00,8.0,0.0,OnPrem-SQLServer
TE-00005230,TS-0001037,EMP-0120,2026-05-07,PRJ-003,WBS-00097,CC-00019,2026-05-07 06:15:00,2026-05-07 14:45:00,8.0,0.0,OnPrem-SQLServer
TE-00005231,TS-0001037,EMP-0120,2026-05-08,PRJ-003,WBS-00095,CC-00023,2026-05-08 06:30:00,2026-05-08 15:00:00,8.0,0.0,OnPrem-SQLServer
TE-00005232,TS-0001038,EMP-0120,2026-05-11,PRJ-003,WBS-00120,CC-00022,2026-05-11 06:30:00,2026-05-11 15:00:00,8.0,0.0,OnPrem-SQLServer
TE-00005233,TS-0001038,EMP-0120,2026-05-12,PRJ-003,WBS-00127,CC-00026,2026-05-12 06:15:00,2026-05-12 15:22:12,8.62,0.62,OnPrem-SQLServer
TE-00005234,TS-0001038,EMP-0120,2026-05-13,PRJ-003,WBS-00093,CC-00021,2026-05-13 06:30:00,2026-05-13 15:00:00,8.0,0.0,OnPrem-SQLServer
TE-00005235,TS-0001038,EMP-0120,2026-05-14,PRJ-003,WBS-00104,CC-00026,2026-05-14 06:15:00,2026-05-14 14:45:00,8.0,0.0,OnPrem-SQLServer
TE-00005236,TS-0001038,EMP-0120,2026-05-15,PRJ-003,WBS-00118,CC-00019,2026-05-15 06:30:00,2026-05-15 15:00:00,8.0,0.0,OnPrem-SQLServer
TE-00005237,TS-0001039,EMP-0120,2026-05-18,PRJ-003,WBS-00120,CC-00020,2026-05-18 06:00:00,2026-05-18 14:30:00,8.0,0.0,OnPrem-SQLServer
TE-00005238,TS-0001039,EMP-0120,2026-05-19,PRJ-003,WBS-00125,CC-00023,2026-05-19 06:30:00,2026-05-19 15:00:00,8.0,0.0,OnPrem-SQLServer
TE-00005239,TS-0001039,EMP-0120,2026-05-20,PRJ-003,WBS-00130,CC-00019,2026-05-20 06:00:00,2026-05-20 14:30:00,8.0,0.0,OnPrem-SQLServer
TE-00005240,TS-0001039,EMP-0120,2026-05-21,PRJ-003,WBS-00113,CC-00026,2026-05-21 06:30:00,2026-05-21 15:00:00,8.0,0.0,OnPrem-SQLServer
TE-00005241,TS-0001039,EMP-0120,2026-05-22,PRJ-003,WBS-00104,CC-00021,2026-05-22 06:00:00,2026-05-22 14:30:00,8.0,0.0,OnPrem-SQLServer
TE-00005242,TS-0001040,EMP-0120,2026-05-25,PRJ-003,WBS-00099,CC-00019,2026-05-25 06:00:00,2026-05-25 16:16:12,9.77,1.77,OnPrem-SQLServer
TE-00005243,TS-0001040,EMP-0120,2026-05-26,PRJ-003,WBS-00111,CC-00021,2026-05-26 06:00:00,2026-05-26 14:30:00,8.0,0.0,OnPrem-SQLServer
TE-00005244,TS-0001040,EMP-0120,2026-05-27,PRJ-003,WBS-00098,CC-00020,2026-05-27 06:00:00,2026-05-27 14:30:00,8.0,0.0,OnPrem-SQLServer
TE-00005245,TS-0001040,EMP-0120,2026-05-28,PRJ-003,WBS-00107,CC-00023,2026-05-28 06:30:00,2026-05-28 15:00:00,8.0,0.0,OnPrem-SQLServer
TE-00005246,TS-0001040,EMP-0120,2026-05-29,PRJ-003,WBS-00097,CC-00023,2026-05-29 06:15:00,2026-05-29 14:45:00,8.0,0.0,OnPrem-SQLServer
TE-00005247,TS-0001041,EMP-0120,2026-06-01,PRJ-003,WBS-00122,CC-00023,2026-06-01 06:00:00,2026-06-01 14:30:00,8.0,0.0,OnPrem-SQLServer
TE-00005248,TS-0001041,EMP-0120,2026-06-02,PRJ-003,WBS-00117,CC-00026,2026-06-02 06:15:00,2026-06-02 14:45:00,8.0,0.0,OnPrem-SQLServer
TE-00005249,TS-0001041,EMP-0120,2026-06-03,PRJ-003,WBS-00092,CC-00021,2026-06-03 06:00:00,2026-06-03 14:30:00,8.0,0.0,OnPrem-SQLServer
TE-00005250,TS-0001041,EMP-0120,2026-06-04,PRJ-003,WBS-00120,CC-00021,2026-06-04 06:00:00,2026-06-04 14:30:00,8.0,0.0,OnPrem-SQLServer
TE-00005251,TS-0001041,EMP-0120,2026-06-05,PRJ-003,WBS-00127,CC-00027,2026-06-05 06:15:00,2026-06-05 14:45:00,8.0,0.0,OnPrem-SQLServer
TE-00005252,TS-0001042,EMP-0120,2026-06-08,PRJ-004,WBS-00149,CC-00034,2026-06-08 06:15:00,2026-06-08 14:45:00,8.0,0.0,OnPrem-SQLServer
TE-00005253,TS-0001042,EMP-0120,2026-06-09,PRJ-004,WBS-00152,CC-00028,2026-06-09 06:00:00,2026-06-09 14:30:00,8.0,0.0,OnPrem-SQLServer
TE-00005254,TS-0001042,EMP-0120,2026-06-10,PRJ-004,WBS-00165,CC-00034,2026-06-10 06:15:00,2026-06-10 14:45:00,8.0,0.0,OnPrem-SQLServer
TE-00005255,TS-0001042,EMP-0120,2026-06-11,PRJ-004,WBS-00152,CC-00028,2026-06-11 06:00:00,2026-06-11 15:53:24,9.39,1.39,OnPrem-SQLServer
TE-00005256,TS-0001042,EMP-0120,2026-06-12,PRJ-004,WBS-00143,CC-00033,2026-06-12 06:15:00,2026-06-12 14:45:00,8.0,0.0,OnPrem-SQLServer
TE-00005257,TS-0001043,EMP-0120,2026-06-15,PRJ-003,WBS-00110,CC-00025,2026-06-15 06:30:00,2026-06-15 15:00:00,8.0,0.0,OnPrem-SQLServer
TE-00005258,TS-0001043,EMP-0120,2026-06-16,PRJ-003,WBS-00117,CC-00022,2026-06-16 06:30:00,2026-06-16 15:00:00,8.0,0.0,OnPrem-SQLServer
TE-00005259,TS-0001043,EMP-0120,2026-06-17,PRJ-003,WBS-00130,CC-00019,2026-06-17 06:00:00,2026-06-17 14:30:00,8.0,0.0,OnPrem-SQLServer
TE-00005260,TS-0001043,EMP-0120,2026-06-18,PRJ-003,WBS-00095,CC-00024,2026-06-18 06:00:00,2026-06-18 14:30:00,8.0,0.0,OnPrem-SQLServer
TE-00005261,TS-0001043,EMP-0120,2026-06-19,PRJ-003,WBS-00104,CC-00023,2026-06-19 06:15:00,2026-06-19 14:45:00,8.0,0.0,OnPrem-SQLServer
TE-00005262,TS-0001044,EMP-0120,2026-06-22,PRJ-003,WBS-00098,CC-00020,2026-06-22 06:00:00,2026-06-22 14:30:00,8.0,0.0,OnPrem-SQLServer
TE-00005263,TS-0001044,EMP-0120,2026-06-23,PRJ-003,WBS-00120,CC-00026,2026-06-23 06:30:00,2026-06-23 15:00:00,8.0,0.0,OnPrem-SQLServer
TE-00005264,TS-0001044,EMP-0120,2026-06-24,PRJ-003,WBS-00096,CC-00023,2026-06-24 06:00:00,2026-06-24 14:30:00,8.0,0.0,OnPrem-SQLServer
TE-00005265,TS-0001044,EMP-0120,2026-06-25,PRJ-003,WBS-00091,CC-00019,2026-06-25 06:30:00,2026-06-25 16:36:36,9.61,1.61,OnPrem-SQLServer
TE-00005266,TS-0001044,EMP-0120,2026-06-26,PRJ-003,WBS-00096,CC-00021,2026-06-26 06:30:00,2026-06-26 15:00:00,8.0,0.0,OnPrem-SQLServer
TE-00005267,TS-0001045,EMP-0120,2026-06-29,PRJ-003,WBS-00114,CC-00025,2026-06-29 06:15:00,2026-06-29 14:45:00,8.0,0.0,OnPrem-SQLServer
TE-00005268,TS-0001045,EMP-0120,2026-06-30,PRJ-003,WBS-00089,CC-00027,2026-06-30 06:30:00,2026-06-30 15:00:00,8.0,0.0,OnPrem-SQLServer
TE-00005269,TS-0001045,EMP-0120,2026-07-01,PRJ-003,WBS-00096,CC-00020,2026-07-01 06:30:00,2026-07-01 15:00:00,8.0,0.0,OnPrem-SQLServer
TE-00005270,TS-0001045,EMP-0120,2026-07-02,PRJ-003,WBS-00113,CC-00021,2026-07-02 06:30:00,2026-07-02 16:56:24,9.94,1.94,OnPrem-SQLServer
TE-00005271,TS-0001045,EMP-0120,2026-07-03,PRJ-003,WBS-00106,CC-00022,2026-07-03 06:15:00,2026-07-03 14:45:00,8.0,0.0,OnPrem-SQLServer
TE-00005272,TS-0001046,EMP-0120,2026-07-06,PRJ-003,WBS-00117,CC-00024,2026-07-06 06:00:00,2026-07-06 14:30:00,8.0,0.0,OnPrem-SQLServer
TE-00005273,TS-0001046,EMP-0120,2026-07-07,PRJ-003,WBS-00130,CC-00023,2026-07-07 06:30:00,2026-07-07 15:00:00,8.0,0.0,OnPrem-SQLServer
TE-00005274,TS-0001046,EMP-0120,2026-07-08,PRJ-003,WBS-00099,CC-00020,2026-07-08 06:00:00,2026-07-08 14:30:00,8.0,0.0,OnPrem-SQLServer
TE-00005275,TS-0001046,EMP-0120,2026-07-09,PRJ-003,WBS-00097,CC-00019,2026-07-09 06:30:00,2026-07-09 15:00:00,8.0,0.0,OnPrem-SQLServer
TE-00005276,TS-0001046,EMP-0120,2026-07-10,PRJ-003,WBS-00092,CC-00024,2026-07-10 06:15:00,2026-07-10 14:45:00,8.0,0.0,OnPrem-SQLServer
TE-00005277,TS-0001047,EMP-0120,2026-07-13,PRJ-003,WBS-00106,CC-00019,2026-07-13 06:30:00,2026-07-13 16:37:48,9.63,1.63,OnPrem-SQLServer
TE-00005278,TS-0001047,EMP-0120,2026-07-14,PRJ-003,WBS-00104,CC-00025,2026-07-14 06:30:00,2026-07-14 15:00:00,8.0,0.0,OnPrem-SQLServer
TE-00005279,TS-0001047,EMP-0120,2026-07-15,PRJ-003,WBS-00103,CC-00027,2026-07-15 06:30:00,2026-07-15 15:00:00,8.0,0.0,OnPrem-SQLServer
TE-00005280,TS-0001047,EMP-0120,2026-07-16,PRJ-003,WBS-00118,CC-00023,2026-07-16 06:15:00,2026-07-16 14:45:00,8.0,0.0,OnPrem-SQLServer
TE-00005281,TS-0001047,EMP-0120,2026-07-17,PRJ-003,WBS-00090,CC-00024,2026-07-17 06:30:00,2026-07-17 15:00:00,8.0,0.0,OnPrem-SQLServer
TE-00005282,TS-0001048,EMP-0120,2026-07-20,PRJ-003,WBS-00089,CC-00019,2026-07-20 06:30:00,2026-07-20 15:00:00,8.0,0.0,OnPrem-SQLServer
TE-00005283,TS-0001048,EMP-0120,2026-07-21,PRJ-003,WBS-00109,CC-00021,2026-07-21 06:00:00,2026-07-21 14:30:00,8.0,0.0,OnPrem-SQLServer
TE-00005284,TS-0001048,EMP-0120,2026-07-22,PRJ-003,WBS-00118,CC-00027,2026-07-22 06:15:00,2026-07-22 14:45:00,8.0,0.0,OnPrem-SQLServer
TE-00005285,TS-0001048,EMP-0120,2026-07-23,PRJ-003,WBS-00094,CC-00019,2026-07-23 06:15:00,2026-07-23 14:45:00,8.0,0.0,OnPrem-SQLServer
TE-00005286,TS-0001048,EMP-0120,2026-07-24,PRJ-003,WBS-00113,CC-00026,2026-07-24 06:00:00,2026-07-24 14:30:00,8.0,0.0,OnPrem-SQLServer
TE-00005287,TS-0001049,EMP-0120,2026-07-27,PRJ-003,WBS-00123,CC-00020,2026-07-27 06:30:00,2026-07-27 15:36:36,8.61,0.61,OnPrem-SQLServer
TE-00005288,TS-0001049,EMP-0120,2026-07-28,PRJ-003,WBS-00096,CC-00019,2026-07-28 06:15:00,2026-07-28 14:45:00,8.0,0.0,OnPrem-SQLServer
TE-00005289,TS-0001049,EMP-0120,2026-07-29,PRJ-003,WBS-00130,CC-00026,2026-07-29 06:15:00,2026-07-29 14:45:00,8.0,0.0,OnPrem-SQLServer
TE-00005290,TS-0001049,EMP-0120,2026-07-30,PRJ-003,WBS-00097,CC-00025,2026-07-30 06:00:00,2026-07-30 14:30:00,8.0,0.0,OnPrem-SQLServer
TE-00005291,TS-0001049,EMP-0120,2026-07-31,PRJ-003,WBS-00108,CC-00025,2026-07-31 06:00:00,2026-07-31 14:30:00,8.0,0.0,OnPrem-SQLServer
